Date,Close,High,Low,Open,Volume,Year,Month,Day,DayOfWeek,Quarter,Close_Scaled
2020-01-02,72.33386993408203,72.39407791515757,71.09117632272992,71.34404690340438,135480400,2020,1,2,3,1,0.08941488253953289
2020-01-03,71.63065338134766,72.38927264137095,71.40668140593664,71.56322072155912,146322800,2020,1,3,4,1,0.0859543734055751
2020-01-06,72.20142364501953,72.23995764322866,70.5035611498287,70.75402846338375,118387200,2020,1,6,0,1,0.08876311802790776
2020-01-07,71.86185455322266,72.46633779595872,71.6426965801033,72.21105649751387,108872000,2020,1,7,1,1,0.0870921079539787
2020-01-08,73.01783752441406,73.31887745373415,71.56562119935828,71.56562119935828,132079200,2020,1,8,2,1,0.09278066806388058
2020-01-09,74.56880187988281,74.76146451044018,73.74275001069596,73.99320996049889,170108400,2020,1,9,3,1,0.10041292060070311
2020-01-10,74.73736572265625,75.30091887725054,74.23643856809193,74.80239504412852,140644800,2020,1,10,4,1,0.10124241859147759
2020-01-13,76.33409881591797,76.36059415429726,74.93486566437117,75.05287832688332,121532000,2020,1,13,0,1,0.1090998978163899
2020-01-14,75.30332946777344,76.48100118582082,75.18051017572739,76.27147857331117,161954400,2020,1,14,1,1,0.10402751046943681
2020-01-15,74.98059844970703,75.98245997667709,74.54950731619692,75.10342506334987,121923600,2020,1,15,2,1,0.10243936008889232
2020-01-16,75.91988372802734,76.03067174908531,75.16126433399904,75.52251236445157,108829200,2020,1,16,3,1,0.10706155686793667
2020-01-17,76.7603759765625,76.76277929851412,75.86207008807327,76.16792404225187,137816400,2020,1,17,4,1,0.11119759589000905
2020-01-21,76.24016571044922,76.83019952815127,76.10288974668396,76.3894803308505,110843200,2020,1,21,1,1,0.10863765561206229
2020-01-22,76.51231384277344,77.06381371935198,76.41838585398544,76.72423978617735,101832400,2020,1,22,2,1,0.1099768890161048
2020-01-23,76.88078308105469,76.96025438766408,76.01860061750638,76.56529382668359,104472000,2020,1,23,3,1,0.11179011590858434
2020-01-24,76.65921020507812,77.86818383448923,76.46895092458591,77.12642473209515,146537600,2020,1,24,4,1,0.11069976193700509
2020-01-27,74.40502166748047,75.08416206919466,73.42483402812097,74.67234156024762,161940000,2020,1,27,0,1,0.09960696272218611
2020-01-28,76.5098876953125,76.68087628820244,75.18531223152581,75.28405419350632,162234000,2020,1,28,1,1,0.10996495001180201
2020-01-29,78.1114273071289,78.95674973344263,77.39856685210137,78.13792264122904,216229200,2020,1,29,2,1,0.11784608198108781
2020-01-30,77.99823760986328,78.05122092954578,76.76517927864235,77.19627050016777,126743200,2020,1,30,3,1,0.11728907862311144
2020-01-31,74.5398941040039,77.71164655303768,74.24607885109228,77.29019066933044,199588400,2020,1,31,4,1,0.10027066623811398
2020-02-03,74.33518981933594,75.4984048922783,72.78423148900761,73.28515870612867,173788400,2020,2,3,0,1,0.09926332213607414
2020-02-04,76.78926849365234,76.97952779146334,75.53212542449515,75.93672133535755,136616400,2020,2,4,1,1,0.11133977516452082
2020-02-05,77.4154281616211,78.21258127557842,76.81334832632962,77.91394467954083,118826800,2020,2,5,2,1,0.11442108950772895
2020-02-06,78.3209457397461,78.32335641079244,77.12883215929374,77.68515330009288,105425600,2020,2,6,3,1,0.11887711637153991
2020-02-07,77.25634765625,78.06987612347613,76.76629893571341,77.82123085871221,117684000,2020,2,7,4,1,0.11363825875704381
2020-02-10,77.62330627441406,77.62330627441406,75.76450341427329,75.84416334192943,109348800,2020,2,10,0,1,0.11544405192986312
2020-02-11,77.15497589111328,78.19059906005786,76.9377141953968,78.11818095050265,94323200,2020,2,11,1,1,0.11313941111499526
2020-02-12,78.98722839355469,78.9920538114317,77.60398368209574,77.60398368209574,113730400,2020,2,12,2,1,0.12215587481420864
2020-02-13,78.42474365234375,78.75063980830953,78.05781303227035,78.2605910618148,94747600,2020,2,13,3,1,0.1193879030178912
2020-02-14,78.4440689086914,78.69271421468866,77.93712009409066,78.3933688702963,80113600,2020,2,14,4,1,0.11948300206788814
2020-02-18,77.0076904296875,77.18874299339366,75.94792588727789,76.12897845098405,152531200,2020,2,18,1,1,0.11241462344812186
2020-02-19,78.12300872802734,78.35234502696264,77.24912913343354,77.24912913343354,93984000,2020,2,19,2,1,0.11790307383181631
2020-02-20,77.3215560913086,78.37166303401608,76.81702354297988,77.88403050271104,100566000,2020,2,20,3,1,0.1139591476557108
2020-02-21,75.57134246826172,77.35773378298828,74.95576665511149,76.91596137087494,129554000,2020,2,21,4,1,0.10534639500451037
2020-02-24,71.981689453125,73.43011036441114,69.82113268068633,71.75960237227564,222195200,2020,2,24,0,1,0.08768181216965237
2020-02-25,69.54351806640625,73.03180163978591,69.07278565467855,72.65038734565039,230673600,2020,2,25,1,1,0.07568363846187032
2020-02-26,70.64673614501953,71.90927916190874,69.16210602316792,69.16934783382864,198054800,2020,2,26,2,1,0.08111254400020546
2020-02-27,66.02867889404297,69.04139705399142,65.8934935311334,67.85852144500781,320605600,2020,2,27,3,1,0.05838721247038764
2020-02-28,65.99005889892578,67.20915102510166,61.88861568726967,62.10346834390764,426510000,2020,2,28,4,1,0.05819716454654855
2020-03-02,72.1337661743164,72.76865844299596,67.04256816593558,68.14336733709636,341397200,2020,3,2,0,1,0.0884301774928219
2020-03-03,69.84288787841797,73.38669078369585,68.99314253337712,73.30703084112471,319475600,2020,3,3,1,1,0.07715682899595189
2020-03-04,73.08248901367188,73.24181619852034,70.76260504877715,71.56164999828624,219178400,2020,3,4,2,1,0.09309881624772343
2020-03-05,70.71192932128906,72.31242862903635,70.3474076125405,71.33957264179317,187572800,2020,3,5,3,1,0.08143335781079514
2020-03-06,69.77288055419922,70.20499505069894,67.88993546579478,68.07581358123565,226176800,2020,3,6,4,1,0.07681232489695006
2020-03-09,64.25437927246094,67.1319051551366,63.48912685930832,63.670179502443226,286744800,2020,3,9,0,1,0.04965593328904894
2020-03-10,68.882080078125,69.14762542571471,65.0268655374001,66.90257561810807,285290000,2020,3,10,1,1,0.07242872048376847
2020-03-11,66.48976135253906,67.88748961967876,65.627949126833,66.96291749628936,255598800,2020,3,11,2,1,0.06065618644850179
2020-03-12,59.923587799072266,65.17894285229022,59.86806602728879,61.78481034349421,418474000,2020,3,12,3,1,0.028344228675934058
2020-03-13,67.1029281616211,67.57366791219874,61.06301183278901,63.94537376560975,370732000,2020,3,13,4,1,0.06367356329382412
2020-03-16,58.47034454345703,62.5428168089279,57.93684117686896,58.40757727472599,322423600,2020,3,16,0,1,0.021192858958647753
2020-03-17,61.041282653808594,62.1879454731144,57.550586794967394,59.74977259300015,324056000,2020,3,17,1,1,0.03384437402767981
2020-03-18,59.547000885009766,60.35087498179023,57.24159672400037,57.8813182089224,300233600,2020,3,18,2,1,0.02649105492629039
2020-03-19,59.09074401855469,61.03645549375763,58.56689890473273,59.72080725380135,271857200,2020,3,19,3,1,0.024245827552646426
2020-03-20,55.33933639526367,60.7926402539027,55.03999474688709,59.67011183513416,401693200,2020,3,20,4,1,0.00578525478154307
2020-03-23,54.16370391845703,55.16070158535809,51.32479999006741,55.05931255400759,336752800,2020,3,23,0,1,0.0
2020-03-24,59.59770584106445,59.793242114858536,56.56084893172045,57.05813962396852,287531200,2020,3,24,1,1,0.02674057260741136
2020-03-25,59.26937484741211,62.342439670855896,58.97486234983203,60.53191383336734,303602000,2020,3,25,2,1,0.02512486490246979
2020-03-26,62.38833236694336,62.446266859922645,59.47217711965345,59.51080257065681,252087200,2020,3,26,3,1,0.04047316827046665
2020-03-27,59.80530548095703,61.767913466106,59.63873647362711,61.01473571142301,204216800,2020,3,27,4,1,0.027762164672133383
2020-03-30,61.51202392578125,61.68342202785463,60.20603013475776,60.52951361729588,167976400,2020,3,30,0,1,0.03616087875877305
2020-03-31,61.38649368286133,63.366001623216455,60.83368129501873,61.70273535835759,197002000,2020,3,31,1,1,0.03554314791821872
2020-04-01,58.15651321411133,60.04187380235648,57.726815314664734,59.505957782413006,176218400,2020,4,1,2,2,0.019648503699232933
2020-04-02,59.12695693969727,59.18006600388776,57.18848714731951,58.01891576899804,165934000,2020,4,2,3,2,0.02442403033227941
2020-04-03,58.277225494384766,59.31284498948773,57.68820030765842,58.61277624472143,129880000,2020,4,3,4,2,0.020242525479355733
2020-04-06,63.36116027832031,63.5156546468286,60.201190178307634,60.56812074968202,201820400,2020,4,6,0,2,0.045260427415603155
2020-04-07,62.6273193359375,65.5893455207901,62.52351758063344,65.3720764386448,202887200,2020,4,7,1,2,0.04164921651035147
2020-04-08,64.23021697998047,64.54403851459621,63.06182517929843,63.42633937506472,168895200,2020,4,8,2,2,0.04953703131852377
2020-04-09,64.6937255859375,65.19584902236409,63.89951332637289,64.86512738575412,161834800,2020,4,9,3,2,0.05181794430094072
2020-04-13,65.9635009765625,66.07213548949194,64.17228391165321,64.77096719479518,131022800,2020,4,13,0,2,0.05806647374787538
2020-04-14,69.29486846923828,69.58455560243435,67.12223707141726,67.59297682109842,194994800,2020,4,14,1,2,0.07446004069698708
2020-04-15,68.66239929199219,69.12106449233013,67.7450688913163,68.17235045630129,131154400,2020,4,15,2,2,0.0713476774337839
2020-04-16,69.20797729492188,69.57249897577765,68.16028687860133,69.37454631683273,157125200,2020,4,16,3,2,0.07403245164036854
2020-04-17,68.26890563964844,69.27073604048029,66.83496828577375,68.72516178272222,215250000,2020,4,17,4,2,0.06941130609440743
2020-04-20,66.85186767578125,67.99853426971617,66.83255863780644,67.09810395402242,130015200,2020,4,20,0,2,0.06243810161271546
2020-04-21,64.78544616699219,66.92911009651182,64.07571939662287,66.69494844279068,180991600,2020,4,21,1,2,0.05226929873404884
2020-04-22,66.65150451660156,67.08602784822331,65.71003238672124,66.05040482183006,116862400,2020,4,22,2,2,0.06145212006868911
2020-04-23,66.3932113647461,68.0154433517939,66.35458591659604,66.59598944224571,124814400,2020,4,23,3,2,0.0601810666389041
2020-04-24,68.3099365234375,68.31959472449138,66.86875759043463,66.91704122865521,126161200,2020,4,24,4,2,0.06961321793447195
2020-04-27,68.35823822021484,68.68895986495261,67.58091858862758,68.02750920842628,117087600,2020,4,27,0,2,0.06985090924340615
2020-04-28,67.25020599365234,69.00038194653797,67.15847882168735,68.81932926175669,112004800,2020,4,28,1,2,0.06439831341665886
2020-04-29,69.45904541015625,69.92736888191205,68.53205667132409,68.73483476728254,137280800,2020,4,29,2,2,0.07526795086551591
2020-04-30,70.92434692382812,71.10057413486881,69.60870223992275,69.99735834734561,183064000,2020,4,30,3,2,0.08247865893594863
2020-05-01,69.78250885009766,72.17964374552773,69.0051893150792,69.10174923798432,240616800,2020,5,1,4,2,0.07685970547377446
2020-05-04,70.76985931396484,70.89780288941466,69.11866006272429,69.80666159250394,133568000,2020,5,4,0,2,0.08171842969655368
2020-05-05,71.83203887939453,72.66246767070962,71.08368641004002,71.2285300116976,147751200,2020,5,5,1,2,0.08694538585078565
2020-05-06,72.57312774658203,73.2031872790944,72.14825527383692,72.53208591439893,142333600,2020,5,6,2,2,0.0905922635927911
2020-05-07,73.32392120361328,73.66913392278244,72.89663951815068,73.19839399385799,115215200,2020,5,7,3,2,0.09428689735200774
2020-05-08,75.06910705566406,75.12235986877249,73.6554956559562,73.98227394607653,133838400,2020,5,8,4,2,0.10287490848171271
2020-05-11,76.25037384033203,76.74416477518758,74.36958632362644,74.57775917368724,145946400,2020,5,11,0,2,0.10868788953582692
2020-05-12,75.37895965576172,77.38319101183461,75.25793117438776,76.93296121988755,162301200,2020,5,12,1,2,0.10439968452495174
2020-05-13,74.46882629394531,76.4779036027934,73.39409274246334,75.55808267285332,200622400,2020,5,13,2,2,0.0999209435177345
2020-05-14,74.92630767822266,74.98682191354754,72.98742921457588,73.70876155896555,158929200,2020,5,14,3,2,0.10217219670958794
2020-05-15,74.48336791992188,74.5293593473761,72.66794016355354,72.70183169409641,166348400,2020,5,15,4,2,0.09999250245547403
2020-05-18,76.23827362060547,76.61104348348049,75.11513293810333,75.80499689236754,135178400,2020,5,18,0,2,0.10862834469046762
2020-05-19,75.79771423339844,77.09997437404789,75.76624564907384,76.25519801175672,101729600,2020,5,19,1,2,0.1064603641764244
2020-05-20,77.27183532714844,77.34202651721908,76.61585573751951,76.6545857322091,111504800,2020,5,20,2,2,0.11371447315558059
2020-05-21,76.69577026367188,77.67368271832201,76.45855171857032,77.13389289033314,102688800,2020,5,21,3,2,0.11087967297039841
2020-05-22,77.18956756591797,77.27186606725144,76.3326836366315,76.43434344951643,81803200,2020,5,22,4,2,0.11330963578640701
2020-05-26,76.66670227050781,78.48454498542678,76.6110265113562,78.3054252019707,125522000,2020,5,26,1,2,0.11073663018299679
2020-05-27,77.00074005126953,77.1459757123096,75.7856167074525,76.52389490649263,112945200,2020,5,27,2,2,0.11238042082887706
2020-05-28,77.0346450805664,78.29092158030248,76.40045688271769,76.6763980387844,133560800,2020,5,28,3,2,0.11254726653680686
2020-05-29,76.95960998535156,77.736610955793,76.60378586836536,77.2767040924692,153532400,2020,5,29,4,2,0.11217802091630957
2020-06-01,77.90604400634766,78.02707250180976,76.78289602270274,76.91360886615988,80791200,2020,6,1,0,2,0.11683539645960467
2020-06-02,78.2667236328125,78.29093081458433,77.19925118352937,77.63979677599443,87642800,2020,6,2,1,2,0.11861029088858371
2020-06-03,78.69755554199219,78.95898118849432,78.01495316022684,78.58621141173712,104491200,2020,6,3,2,2,0.1207304027532996
2020-06-04,78.01980590820312,78.81859097042819,77.6470360985682,78.5208656190316,87560400,2020,6,4,3,2,0.11739521562048266
2020-06-05,80.24188232421875,80.30239656428226,78.24007392223491,78.26911957554665,137250400,2020,6,5,4,2,0.1283299919764635
2020-06-08,80.71630859375,80.75020011255444,79.2300827598663,79.93930785149966,95654400,2020,6,8,0,2,0.13066463047824312
2020-06-09,83.26517486572266,83.65730597576551,80.36533708864444,80.3968056767083,147712400,2020,6,9,1,2,0.14320753064335057
2020-06-10,85.40740203857422,85.87457033611071,83.77351707727777,84.21163971297698,166651600,2020,6,10,2,2,0.15374937109042197
2020-06-11,81.30693054199219,84.97651490391192,81.20527075656385,84.55291522831224,201662400,2020,6,11,3,2,0.13357106468924218
2020-06-12,82.00890350341797,84.18741636682982,80.90028576320306,83.44188410385023,200146000,2020,6,12,4,2,0.1370254541448938
2020-06-15,83.02312469482422,83.67425858934295,80.50331054070764,80.665491974399,138808800,2020,6,15,0,2,0.14201640847193248
2020-06-16,85.22343444824219,85.49454452238783,83.44189828296469,85.07336027406866,165428800,2020,6,16,1,2,0.15284407168553626
2020-06-17,85.10481262207031,86.02704912393895,84.98378413219785,85.96653487900272,114406400,2020,6,17,2,2,0.15226033697201397
2020-06-18,85.13871002197266,85.55504835135272,84.53114459703605,85.06125001022909,96820400,2020,6,18,3,2,0.1524271451359051
2020-06-19,84.65219116210938,86.3078604847737,83.54598867934699,85.84311508911084,264476000,2020,6,19,4,2,0.1500329993328049
2020-06-22,86.86698913574219,87.00980187063504,84.99830891368086,85.0443003318489,135445200,2020,6,22,0,2,0.16093195867587734
2020-06-23,88.72113037109375,90.13716495464834,87.68996543764521,88.10872660527849,212155600,2020,6,23,1,2,0.17005613622208682
2020-06-24,87.15503692626953,89.26819705246864,86.78226710315806,88.35079901624333,192623200,2020,6,24,2,2,0.16234943385654582
2020-06-25,88.31204986572266,88.35077986114183,86.55229863575047,87.30993801209478,137522400,2020,6,25,3,2,0.16804306241167066
2020-06-26,85.59859466552734,88.42824081207692,85.45093609470156,88.20796811592135,205256800,2020,6,26,4,2,0.15469022469994526
2020-06-29,87.57138061523438,87.66578639039905,85.02978213117639,85.5066347136651,130646000,2020,6,29,0,2,0.16439824959179306
2020-06-30,88.30238342285156,88.58801627360432,87.14051287267962,87.15987418081895,140223200,2020,6,30,1,2,0.16799549411465287
2020-07-01,88.1353759765625,88.92206127344404,88.08696900587378,88.37985592496987,110737200,2020,7,1,2,3,0.16717365510777077
2020-07-02,88.1353759765625,89.67486242954287,88.02161627129679,89.04067423366814,114041600,2020,7,2,3,3,0.16717365510777077
2020-07-06,90.49300384521484,90.9601720457748,89.52961440129422,89.56108299075036,118655600,2020,7,6,0,3,0.17877547639912272
2020-07-07,90.21219635009766,91.64759214853022,90.10085223248504,90.87059148435712,112424400,2020,7,7,1,3,0.17739363051116924
2020-07-08,92.31327056884766,92.34473915860562,91.10056271828748,91.18770707353976,117092000,2020,7,8,2,3,0.18773295841355714
2020-07-09,92.71024322509766,93.2572869587544,91.66455533300416,93.20403412942578,125642800,2020,7,9,3,3,0.1896864498345754
2020-07-10,92.87242889404295,92.93052759776585,91.69603540831204,92.30601639495104,90257200,2020,7,10,4,3,0.19048456100900651
2020-07-13,92.44397735595705,96.77921853086478,92.23096604261151,94.17468319640058,191649200,2020,7,13,0,3,0.18837616288436143
2020-07-14,93.97376251220705,94.16498216403885,90.89479813530976,91.82671138557993,170989200,2020,7,14,1,3,0.19590419316978586
2020-07-15,94.6200714111328,96.09419752364778,93.42430934647336,95.84487913129124,153198000,2020,7,15,2,3,0.19908466131916908
2020-07-16,93.45575714111328,94.31021778955152,92.85787624181572,93.49448713549184,110577600,2020,7,16,3,3,0.19335510311901988
2020-07-17,93.26698303222656,94.06092970486094,92.79496892260524,93.90601706451432,92186800,2020,7,17,4,3,0.19242615096976068
2020-07-20,95.23247528076172,95.37044953138845,93.01039399095431,93.35411815070974,90318000,2020,7,20,0,3,0.20209828376062272
2020-07-21,93.9180908203125,96.0966032362476,93.66877247263514,96.02156617732469,103433200,2020,7,21,1,3,0.19563023431947885
2020-07-22,94.18193817138672,94.86211761268852,93.53322731563136,93.620364272229,89001600,2020,7,22,2,3,0.19692861980942872
2020-07-23,89.89513397216797,93.99315739757402,89.08666444146189,93.91569738113668,197004400,2020,7,23,3,3,0.17583337535137
2020-07-24,89.67242431640625,90.01614846898383,86.31267234298356,88.09663844239333,185438800,2020,7,24,4,3,0.17473742731802622
2020-07-27,91.79768371582033,91.88966654711751,90.50994623863684,90.7326345162056,121214000,2020,7,27,0,3,0.1851957698230554
2020-07-28,90.2896728515625,91.54594911832494,90.2848269844815,91.36924487069622,103625600,2020,7,28,1,3,0.1777748902240467
2020-07-29,92.02037048339844,92.20433612820618,90.73504867705178,90.7713557419502,90329200,2020,7,29,2,3,0.18629160522428306
2020-07-30,93.13385009765624,93.23793283077006,90.7883172670131,91.1949712384762,158130000,2020,7,30,3,3,0.1917710074946536
2020-07-31,102.88390350341795,103.03397765297316,97.62157959922048,99.61613418906327,374336800,2020,7,31,4,3,0.23975074963243448
2020-08-03,105.47633361816406,108.09054616095987,104.4645371706777,104.76226254133908,308151200,2020,8,3,0,3,0.2525080262584509
2020-08-04,106.18071746826172,107.26997389606046,104.94380243901392,105.6651349105181,173071600,2020,8,4,1,3,0.2559742796303279
2020-08-05,106.56558227539062,106.8850992523654,105.43759589570148,105.90234853375506,121776800,2020,8,5,2,3,0.25786818866194816
2020-08-06,110.2835693359375,110.77736760867772,106.30899814130088,106.8971947883488,202428800,2020,8,6,3,3,0.2761642997715783
2020-08-07,107.77620697021484,110.26176460572712,106.98082882286342,109.80587577731004,198045600,2020,8,7,4,3,0.26382563917693413
2020-08-10,109.34270477294922,110.35875275642206,106.69710077257368,109.21903076531764,212403600,2020,8,10,0,3,0.2715343313765256
2020-08-11,106.0908660888672,109.10505737675729,105.83139636601508,108.60794885006548,187902400,2020,8,11,1,3,0.2555321234866985
2020-08-12,109.6167221069336,109.8737645271132,106.98566715289093,107.17965891895842,165598000,2020,8,12,2,3,0.27288276307004666
2020-08-13,111.5566635131836,112.55816241863091,110.5066629686095,110.9940770606822,210082000,2020,8,13,3,3,0.2824291608753423
2020-08-14,111.45724487304688,111.54696624880587,109.65066604650144,111.3820725095563,165565200,2020,8,14,4,3,0.28193992450719796
2020-08-17,111.1662368774414,112.60180092329254,110.54060722184435,112.57755010556632,119561600,2020,8,17,0,3,0.2805078822395185
2020-08-18,112.09256744384766,112.5169308684593,110.58425829007268,110.91890034610188,105633600,2020,8,18,1,3,0.2850663292408705
2020-08-19,112.23322296142578,113.64453639963617,112.13865437862,112.4999671955,145538000,2020,8,19,2,3,0.2857584911381239
2020-08-20,114.7236328125,114.83760501028006,112.25747159683876,112.27444791147464,126907200,2020,8,20,3,3,0.2980137288788033
2020-08-21,120.6356201171875,121.11817961837232,115.6693525872738,115.6814742972318,338054800,2020,8,21,4,3,0.3271064542820422
2020-08-24,122.07846069335938,124.91806397068724,120.2161130032418,124.83318239328597,345937600,2020,8,24,0,3,0.3342066327025772
2020-08-25,121.07695770263672,121.42130160395936,119.35768029886763,120.9532910946764,211495600,2020,8,25,1,3,0.32927826428803164
2020-08-26,122.72348022460938,123.17936898693924,121.32671591454528,122.39126546065717,163022400,2020,8,26,2,3,0.3373807559094223
2020-08-27,121.25640106201172,123.65708422717836,120.11425182681508,123.32486945527224,155552400,2020,8,27,3,3,0.3301613000779753
2020-08-28,121.05998229980467,122.64588380173387,120.8368851164902,122.2287948592591,187630000,2020,8,28,4,3,0.32919472880195055
2020-08-31,125.16541290283205,127.06656806710367,122.21669905690888,123.7492594402055,225702700,2020,8,31,0,3,0.3493974388282777
2020-09-01,130.1510772705078,130.75247109042868,126.61067882372832,128.77371625173845,151948100,2020,9,1,1,3,0.37393175477420326
2020-09-02,127.45451354980467,133.8369410345014,123.1866360174791,133.45865195686625,200119000,2020,9,2,2,3,0.36066203956413323
2020-09-03,117.25040435791016,124.97139321089942,116.88181705951084,123.09935129507484,257599600,2020,9,3,3,3,0.31044790150787005
2020-09-04,117.32801818847656,119.98574406174012,107.56038329847304,116.46474218511382,332607200,2020,9,4,4,3,0.3108298370134438
2020-09-08,109.43242645263672,115.41716207276087,109.29663073421304,110.52849400857392,231366600,2020,9,8,1,3,0.2719758492714974
2020-09-09,113.7973175048828,115.56266939432574,111.799173992742,113.7391214492864,176940500,2020,9,9,2,3,0.2934553569655286
2020-09-10,110.08231353759766,116.8818312711873,109.12204164322466,116.74603554472291,182274400,2020,9,10,3,3,0.2751739255750255
2020-09-11,108.63705444335938,111.77007275174712,106.6971070425851,111.12988655734183,180860300,2020,9,11,4,3,0.2680618456942263
2020-09-14,111.89617919921876,112.44906397434094,109.41304861625773,111.27539655347849,140150100,2020,9,14,0,3,0.2840999081410006
2020-09-15,112.07076263427734,115.26197700807842,110.1987130897774,114.77699015613864,184642000,2020,9,15,1,3,0.2849590283782999
2020-09-16,108.7631378173828,112.51693833812011,108.67584374495958,111.7700619173575,154679000,2020,9,16,2,3,0.2686822984775854
2020-09-17,107.0269012451172,108.83105303274591,105.44584667867372,106.42552224944929,178011000,2020,9,17,3,3,0.2601383265052617
2020-09-18,103.63198852539062,107.5506832359034,102.90450823656477,107.08509999522968,287104900,2020,9,18,4,3,0.2434320552579169
2020-09-21,106.77471160888672,106.88140931284494,100.0042916137138,101.40105617439414,195713800,2020,9,21,0,3,0.2588973083064271
2020-09-22,108.45275115966795,109.47122644967509,105.8823269140235,109.29663089711131,183055400,2020,9,22,1,3,0.2671548943516383
2020-09-23,103.90357208251952,108.74373815268274,103.56407541081022,108.26845317272524,150718700,2020,9,23,2,3,0.24476851040309644
2020-09-24,104.97052764892578,106.93957256285896,101.8472119646276,102.01210567459113,167743300,2020,9,24,3,3,0.2500189691255472
2020-09-25,108.90863800048828,109.0638373334494,104.43705897382922,105.17424100477152,149981400,2020,9,25,4,3,0.26939830083940586
2020-09-28,111.5081787109375,111.85736984450416,109.39363569114488,111.55668035738763,137672400,2020,9,28,0,3,0.28219056850947954
2020-09-29,110.66429138183594,111.84766043177646,110.15990833447874,111.11048577797068,99382200,2020,9,29,1,3,0.2780378223901909
2020-09-30,112.33263397216795,113.73910005377913,110.20839693905523,110.37329066576837,142675200,2020,9,30,2,3,0.2862476899622295
2020-10-01,113.28321075439452,114.18528644364022,112.35203704296524,114.10768678427674,116120400,2020,10,1,3,4,0.29092545191853225
2020-10-02,109.6264190673828,111.90586307346008,108.8504445847348,109.50032515653432,144712000,2020,10,2,4,4,0.2729304815432192
2020-10-05,113.00191497802734,113.14741248595816,110.14049605673377,110.48968711564348,106243800,2020,10,5,0,4,0.28954120321210275
2020-10-06,109.76221466064452,112.63333559022072,108.8795351442964,112.22594105943094,161498200,2020,10,6,1,4,0.27359872788782824
2020-10-07,111.62458801269533,112.08047688818796,110.70310845150664,111.17840094740608,96849000,2020,10,7,2,4,0.2827634154517824
2020-10-08,111.51786041259766,112.90492288741171,111.14926572678704,112.75942537460811,83477200,2020,10,8,3,4,0.28223821189457476
2020-10-09,113.4578094482422,113.48690747123634,111.46936067345082,111.81855175000258,100506900,2020,10,9,4,4,0.2917846472439092
2020-10-12,120.66471862792967,121.42129686008032,115.69845107798898,116.4550293101396,240226800,2020,10,12,0,4,0.32724964724559846
2020-10-13,117.46381378173828,121.62500184957032,116.05735487456656,121.50860234126792,262330500,2020,10,13,1,4,0.31149808335805296
2020-10-14,117.55110168457033,119.33584953717632,116.02824344500344,117.36680433445795,150712000,2020,10,14,2,4,0.3119276247046834
2020-10-15,117.08553314208984,117.56081821833106,114.60240265361524,115.15528740769942,112559200,2020,10,15,3,4,0.3096365748318206
2020-10-16,115.4462432861328,117.90028246955836,115.24254973816036,117.63838547908624,115393800,2020,10,16,4,4,0.301569674959106
2020-10-19,112.49754333496094,116.80422116143151,112.18715207359088,116.35803418573154,120639300,2020,10,19,0,4,0.28705920435847243
2020-10-20,113.98162078857422,115.4074834270812,112.15806534871491,112.71095010647144,124423700,2020,10,20,1,4,0.2943623083081166
2020-10-21,113.36080932617188,115.14555707254408,112.95341481857756,113.1668101796244,89946000,2020,10,21,2,4,0.2913073123360288
2020-10-22,112.2744598388672,114.49570058030427,111.14928675399084,113.92341222842757,101988000,2020,10,22,3,4,0.28596141666723307
2020-10-23,111.58576965332033,113.05043193781697,110.84858760677534,112.895232601571,82572600,2020,10,23,4,4,0.28257239138293744
2020-10-26,111.59546661376952,113.05042702646372,109.49061825916864,110.58669317293084,111850700,2020,10,26,0,4,0.28262010985610986
2020-10-27,113.09889221191406,113.75847439223642,111.10074945989756,112.0222211910892,92276800,2020,10,27,1,4,0.29001842548786694
2020-10-28,107.86107635498048,111.96406850952522,107.76408046155812,111.5954811543954,143937800,2020,10,28,2,4,0.26424327906330036
2020-10-29,111.85736083984376,113.41901900582576,108.83104039265947,108.99594153712782,146129200,2020,10,29,3,4,0.28390888407215564
2020-10-30,105.5913314819336,108.6273463236584,104.48556211975593,107.72527053869118,190272600,2020,10,30,4,4,0.25307392755359626
2020-11-02,105.5040283203125,107.35668150297612,104.09756951905206,105.83382320217856,122866900,2020,11,2,0,4,0.25264431111888863
2020-11-03,107.12390899658205,108.14237704788208,105.46525468419668,106.3673306155269,107624400,2020,11,3,1,4,0.2606156989571806
2020-11-04,111.49846649169922,112.1192490266788,108.97653651830576,110.71279021468384,138235500,2020,11,4,2,4,0.2821427749482296
2020-11-05,115.45596313476562,116.02825144019144,113.36082388514863,114.40838980980128,126387100,2020,11,5,3,4,0.30161750606439475
2020-11-06,115.32481384277344,115.82034860014043,112.8373918555085,114.96530169353449,114457900,2020,11,6,4,4,0.3009721240393466
2020-11-09,113.0219955444336,118.53123307425452,112.75965407719043,117.08348090470506,154515300,2020,11,9,0,4,0.2896400191219298
2020-11-10,112.68191528320312,114.25597883957684,110.8940807658282,112.27382528066764,138023400,2020,11,10,1,4,0.28796649359740867
2020-11-11,116.10210418701172,116.23813418126792,113.138585125769,113.86732041488948,112295000,2020,11,11,2,4,0.304797148244927
2020-11-12,115.8300552368164,117.1126291713714,115.2082016572188,116.22843412444456,103162300,2020,11,12,3,4,0.30345840291338744
2020-11-13,115.8786163330078,116.27698772427064,114.52802767720522,116.05351307902214,81581900,2020,11,13,4,4,0.303697370719637
2020-11-16,116.88916015625,117.559591677798,114.80011721095168,115.54828228699444,91183000,2020,11,16,0,4,0.30867022882002804
2020-11-17,116.00493621826172,117.24864320805052,115.58712770640344,116.16040329852451,74271000,2020,11,17,1,4,0.3043189873681956
2020-11-18,114.68350219726562,116.42275133775613,114.65435397133162,115.24705927558566,76322100,2020,11,18,2,4,0.297816247235304
2020-11-19,115.27620697021484,115.68429695756758,113.498091065648,114.2559745887542,74113000,2020,11,19,3,4,0.3007329309688649
2020-11-20,114.0130844116211,115.40254027143864,113.96450649711626,115.27622879802983,73604300,2020,11,20,4,4,0.29451713992366624
2020-11-23,110.6220245361328,114.28513837643996,110.52486130551306,113.85761126601786,127959300,2020,11,23,0,4,0.2778298284158589
2020-11-24,111.90459442138672,112.56531474410036,109.39774313111327,110.68032441615657,113874200,2020,11,24,1,4,0.28414131921567354
2020-11-25,112.7402114868164,113.43979858279867,111.90459439029078,112.27382503154756,76499200,2020,11,25,2,4,0.28825336759702425
2020-11-27,113.28433227539062,114.158816151439,112.92482759135008,113.26490259506916,46691300,2020,11,27,4,4,0.29093097089221953
2020-11-30,115.67459869384766,117.5401594833683,113.49810369299398,113.6535707986605,169410200,2020,11,30,0,4,0.30269340558107904
2020-12-01,119.24053955078124,119.9692749139944,116.60737666127396,117.57902381222485,127728200,2020,12,1,1,4,0.32024130154369446
2020-12-02,119.59032440185548,119.87210294466338,117.4624149241799,118.56037345602128,89004200,2020,12,2,2,4,0.321962583085427
2020-12-03,119.45430755615234,120.270487635051,118.745001847803,120.01785729073868,78967600,2020,12,3,3,4,0.32129324796369585
2020-12-04,118.78385925292967,119.3765645833526,118.07455360054388,119.12393425897255,78260400,2020,12,4,4,4,0.3179939904759034
2020-12-07,120.24132537841795,121.03807568238211,118.78385476777048,118.84215122001116,86712000,2020,12,7,0,4,0.3251661408186034
2020-12-08,120.85346221923828,121.43645640289948,119.6000365852931,120.84375108576852,82225500,2020,12,8,1,4,0.328178449218703
2020-12-09,118.3271713256836,122.37893756571138,117.56928784632052,120.99920059491816,115089200,2020,12,9,2,4,0.31574664186407353
2020-12-10,119.74577331542967,120.35791566525567,116.74338766599487,117.08346263085474,81312200,2020,12,10,3,4,0.32272754287369654
2020-12-11,118.93931579589844,119.2793907717679,117.13205173775964,118.95874547462876,86939800,2020,12,11,4,4,0.31875898780821177
2020-12-14,118.3271713256836,119.85265683014164,118.09397811966689,119.12392157489586,79184500,2020,12,14,0,4,0.31574664186407353
2020-12-15,124.25424194335938,124.27367903878984,120.6105649235341,120.81460994707471,157243700,2020,12,15,1,4,0.3449135918317988
2020-12-16,124.18621063232422,124.73033062366706,122.9716517851633,123.79755773169585,98208600,2020,12,16,2,4,0.3445788116388172
2020-12-17,125.05099487304688,125.90604917528668,124.40970414636703,125.245321352785,94359800,2020,12,17,3,4,0.3488343908800725
2020-12-18,123.06881713867188,125.43963827870924,122.54412684965976,125.30360828671483,192541500,2020,12,18,4,4,0.3390801492765996
2020-12-21,124.59429931640624,124.67203286094654,119.94982751976666,121.47531311924553,121251600,2020,12,21,0,4,0.3465870047242039
2020-12-22,128.1408233642578,130.59908932336018,125.97403967211778,127.87847449783372,168904800,2020,12,22,1,4,0.3640393511083583
2020-12-23,127.24691009521484,128.67521768491736,127.0720059084982,128.4128836440795,88223700,2020,12,23,2,4,0.3596404287273919
2020-12-24,128.228271484375,129.67603102914552,127.3829432351903,127.5967067874694,54930100,2020,12,24,3,4,0.36446968087980103
2020-12-28,132.81443786621094,133.44600251933943,129.72459253226933,130.19099379190865,124486200,2020,12,28,0,4,0.3870380783279027
2020-12-29,131.04608154296875,134.85493761395435,130.5311096013663,134.1359280187464,121047300,2020,12,29,1,4,0.378336045952702
2020-12-30,129.9286651611328,132.13430846309575,129.61773093964035,131.73592955161843,96452100,2020,12,30,2,4,0.37283727095836827
2020-12-31,128.92784118652344,130.9197204767935,127.98534242224186,130.27842990655225,99116600,2020,12,31,3,4,0.36791224396326594
2021-01-04,125.74085998535156,129.82177500940742,123.16599358092328,129.73433032505793,143301900,2021,1,4,0,1,0.3522291979463261
2021-01-05,127.2955093383789,128.0048225528177,124.78865748776748,125.23562177595956,97664900,2021,1,5,1,1,0.35987958425383504
2021-01-06,123.0105209350586,127.33435496235823,122.7967573877346,124.0987683518539,155088000,2021,1,6,2,1,0.338793275276984
2021-01-07,127.20803833007812,127.89791430422592,124.23480053472449,124.72062409151188,109578200,2021,1,7,3,1,0.3594491418502761
2021-01-08,128.30601501464844,128.8695721666665,126.53761000388556,128.67523086681507,105158200,2021,1,8,4,1,0.3648522546340326
2021-01-11,125.3230438232422,126.47930629071162,124.85665734789744,125.5270962459198,100384500,2021,1,11,0,1,0.35017313621161217
2021-01-12,125.1481704711914,126.01293594243306,123.26317240831035,124.85667332698576,91951100,2021,1,12,1,1,0.3493125893008425
2021-01-13,127.1789093017578,127.72302939531502,124.84696180760956,125.10929589304284,88636800,2021,1,13,2,1,0.359305798710565
2021-01-14,125.2550277709961,127.28576659581172,125.10927181431389,127.09144014639318,90221800,2021,1,14,3,1,0.34983843110670787
2021-01-15,123.53521728515624,126.52789226757407,123.39918727805356,125.12871800814143,111598500,2021,1,15,4,1,0.34137529144967926
2021-01-19,124.20565032958984,125.0607045202907,123.34088500532488,124.15706500945308,90757300,2021,1,19,1,1,0.3446744738493944
2021-01-20,128.28656005859375,128.73352422939956,124.90523244341398,125.0121142129877,104319500,2021,1,20,2,1,0.36475651733537795
2021-01-21,132.98931884765625,135.70993338633443,129.80231790485385,130.00637029637122,120150900,2021,1,21,3,1,0.3878986627827109
2021-01-22,135.12696838378906,135.88485193048166,131.19179469063414,132.4160646907934,114459400,2021,1,22,4,1,0.39841797680656943
2021-01-25,138.86782836914062,140.97630120112478,132.66871393860882,139.013584357772,157611700,2021,1,25,0,1,0.41682664494418653
2021-01-26,139.1009979248047,140.20867499016745,137.36174136904043,139.52852500725305,98390600,2021,1,26,1,1,0.41797406585457164
2021-01-27,138.03221130371094,140.20870656534407,136.42899920964183,139.363363343346,140843800,2021,1,27,2,1,0.4127145965628358
2021-01-28,133.2030792236328,137.96415826033868,132.8241374993332,135.564189064389,142621100,2021,1,28,3,1,0.3889505716586735
2021-01-29,128.2185821533203,132.8630549859489,126.51819940588042,131.97885239900157,177523800,2021,1,29,4,1,0.36442199995066715
2021-02-01,130.33673095703125,131.54157860190338,127.21773749244758,129.9577892114423,106239800,2021,2,1,0,1,0.374845351411639
2021-02-02,131.16261291503906,132.44517904055598,130.7933823696511,131.88162209144176,83305400,2021,2,2,1,1,0.3789094935996238
2021-02-03,130.1423797607422,131.92049525214782,129.82173452529324,131.91076929503612,89880900,2021,2,3,2,1,0.37388895457009885
2021-02-04,133.49459838867188,133.5043095225396,130.7739834636992,132.43550657690793,84183100,2021,2,4,3,1,0.39038512937694514
2021-02-05,133.08099365234375,133.72324245824956,132.20521062487953,133.65513325973174,75693800,2021,2,5,4,1,0.3883497919515868
2021-02-08,133.22695922851562,133.27561713779653,131.29048728628555,132.37062753976116,71297200,2021,2,8,0,1,0.38906808449976726
2021-02-09,132.3511505126953,134.17085520152048,132.19546600344356,132.9447413211224,76774200,2021,2,9,1,1,0.38475825412260767
2021-02-10,131.7479248046875,133.30488975603777,130.78455107060373,132.80859956803178,73046600,2021,2,10,2,1,0.38178979715969585
2021-02-11,131.494873046875,132.72097244544923,130.17145780866096,132.24414858851415,64280000,2021,2,11,3,1,0.3805445364844896
2021-02-12,131.7283935546875,131.88409294253404,130.09359452723146,130.7358433658653,60145100,2021,2,12,4,1,0.38169368442065443
2021-02-16,129.60707092285156,132.3512026514084,129.21782237561078,131.84520181246612,80576300,2021,2,16,1,1,0.37125471463958837
2021-02-17,127.32025909423828,128.66314035492906,125.987118325664,127.7192332149234,97918500,2021,2,17,2,1,0.3600013771153391
2021-02-18,126.22068786621094,126.50288006540656,123.98255701846796,125.7243978338029,96856700,2021,2,18,3,1,0.3545904176274969
2021-02-19,126.37637329101562,127.19378780631595,125.33516499223074,126.7364300489586,87668800,2021,2,19,4,1,0.35535654128096583
2021-02-22,122.61048126220705,126.23041094448013,122.22124015432108,124.56640502266376,103916400,2021,2,22,0,1,0.3368246911524132
2021-02-23,122.4742431640625,123.3013758456432,115.20519230196524,120.43073670834654,158273000,2021,2,23,1,1,0.3361542672535601
2021-02-24,121.97796630859376,122.1823162213377,118.94190197736168,121.57899955251936,111039900,2021,2,24,2,1,0.33371210262497797
2021-02-25,117.7352294921875,123.0580814668372,117.29733797299156,121.32596667655264,148199500,2021,2,25,3,1,0.3128337125343814
2021-02-26,117.99798583984376,121.49140765726708,117.93959485190196,119.29220185674814,164560400,2021,2,26,4,1,0.3141267292267991
2021-03-01,124.35232543945312,124.48855870917816,119.48683030882653,120.42100448300808,116307900,2021,3,1,0,1,0.34539625799317286
2021-03-02,121.75414276123048,125.2572974809927,121.64710128326875,124.95563918354922,102260900,2021,3,2,1,1,0.33261067316198567
2021-03-03,118.77647399902344,122.32828720569532,118.56239100874602,121.45249652917722,112966300,2021,3,3,2,1,0.3179576478464533
2021-03-04,116.89838409423828,120.27503892466773,115.42900990064756,118.47480719948628,178155000,2021,3,4,3,1,0.3087156195628019
2021-03-05,118.15367126464844,118.65968686991202,114.40724183835442,117.7255127803743,153766600,2021,3,5,4,1,0.3148928528802679
2021-03-08,113.22979736328124,117.74497601487798,113.0838310321506,117.67685938357114,154376600,2021,3,8,0,1,0.290662606103677
2021-03-09,117.83255767822266,118.77646492277744,115.5944343694315,115.82797605727136,129525800,2021,3,9,1,1,0.3133126618359253
2021-03-10,116.75241088867188,118.88349246045178,116.2366622283132,118.41640913957764,111943300,2021,3,10,2,1,0.3079972894705829
2021-03-11,118.6791534423828,119.89552719538874,117.997987110362,119.24355264557504,103026500,2021,3,11,3,1,0.31747873608894805
2021-03-12,117.77418518066406,117.91041846338685,115.95449457965704,117.16113540841164,88105100,2021,3,12,4,1,0.31302541239592285
2021-03-15,120.654541015625,120.6642740842342,117.18057793774676,118.14395127784393,92403800,2021,3,15,0,1,0.3271995634979886
2021-03-16,122.1920394897461,123.79765430298438,121.36490683570096,122.31853968534864,115227900,2021,3,16,1,1,0.3347655508065267
2021-03-17,121.4038543701172,122.47426197089396,119.04894873941927,120.71295485121438,111932600,2021,3,17,2,1,0.3308869137136998
2021-03-18,117.28762817382812,119.8663421601818,117.08327826271947,119.57440947336566,121229700,2021,3,18,3,1,0.3106310788726292
2021-03-19,116.76215362548828,118.16341864155612,116.46049529392349,116.67457827406234,185549500,2021,3,19,4,1,0.3080452332079876
2021-03-22,120.07067108154295,120.53776181396456,117.02487423771213,117.09299086284076,111912300,2021,3,22,0,1,0.3243263557612285
2021-03-23,119.24356079101562,120.89782623844285,118.8543196786337,120.0123099463268,95467100,2021,3,23,1,1,0.320256168983015
2021-03-24,116.85945129394533,119.59386443754735,116.83999258124882,119.51601473844956,88530500,2021,3,24,2,1,0.3085240323333768
2021-03-25,117.34603118896484,118.387254479895,115.7988069952294,116.32428146408988,98844700,2021,3,25,3,1,0.3109184784887864
2021-03-26,117.94933319091795,118.21207408800578,115.72093550893464,117.11246742653448,94071200,2021,3,26,4,1,0.313887310892085
2021-03-29,118.12449645996094,119.28248673827066,117.4822549291758,118.3775042989523,80819200,2021,3,29,0,1,0.31474928447632466
2021-03-30,116.6745834350586,117.16113298447571,115.66255948137214,116.87893335491496,85671900,2021,3,30,1,1,0.3076143027319258
2021-03-31,118.8640594482422,120.19720049628938,117.8909603245139,118.37750988637804,118323800,2021,3,31,2,1,0.3183886534105925
2021-04-01,119.6911849975586,120.8394421912494,119.19490239563412,120.33343394406754,75089100,2021,4,1,3,2,0.3224589152768834
2021-04-05,122.5131607055664,122.76616851425374,119.75928886344587,120.53777100210417,88651200,2021,4,5,0,2,0.33634577939490806
2021-04-06,122.81483459472656,123.71008397089405,122.26990148299974,123.09703422020137,80171300,2021,4,6,1,2,0.33783030822867344
2021-04-07,124.45936584472656,124.47882455845117,121.7736104771957,122.4450511751175,83466700,2021,4,7,2,2,0.3459230008559666
2021-04-08,126.85318756103516,126.88237934347556,125.06268894589844,125.48111439308596,88844600,2021,4,8,3,2,0.3577029310668548
2021-04-09,129.4221954345703,129.46111286986317,125.9871563977436,126.3082809200934,106686700,2021,4,9,4,2,0.37034494749409874
2021-04-12,127.70953369140624,129.2762238665418,127.11594263503032,128.95509937555343,91420000,2021,4,12,0,2,0.361916986601321
2021-04-13,130.81369018554688,131.0375136441806,128.38094270892825,128.87723269707828,91266500,2021,4,13,1,2,0.3771924545342631
2021-04-14,128.47828674316406,131.36839256751463,128.11824478906962,131.31000899099288,87222800,2021,4,14,2,2,0.3656999990276094
2021-04-15,130.88180541992188,131.36835488244947,130.04493975044198,130.22010527807376,89347100,2021,4,15,3,2,0.37752764771167024
2021-04-16,130.55096435546875,131.04723949609195,129.69463249088383,130.6871976204425,84922400,2021,4,16,4,2,0.3758995880180003
2021-04-19,131.21267700195312,131.82573417670255,129.75302837507442,129.91845343765638,94264200,2021,4,19,0,2,0.37915585758149495
2021-04-20,129.5292205810547,131.88411859918818,128.2641887932471,131.38784340823202,94812300,2021,4,20,1,2,0.3708716152688152
2021-04-21,129.90872192382812,130.15199668398512,127.76790700410928,128.7993896114448,68847100,2021,4,21,2,2,0.37273913084123766
2021-04-22,128.3906707763672,130.5412110225183,127.8749295491014,129.46107065350094,84566500,2021,4,22,3,2,0.36526884328731557
2021-04-23,130.7066650390625,131.4851323617936,128.60476763173878,128.60476763173878,78657500,2021,4,23,4,2,0.37666578675954665
2021-04-26,131.09591674804688,131.42676689058607,129.9671181870508,131.20295824690538,66905100,2021,4,26,0,2,0.3785812836134125
2021-04-27,130.7747344970703,131.76729933465325,130.5022680472723,131.37805094329332,66015800,2021,4,27,1,2,0.37700075467272176
2021-04-28,129.98655700683594,131.38782184344353,129.50000754125335,130.69691506905932,107760100,2021,4,28,2,2,0.37312215512393343
2021-04-29,129.88925170898438,133.38268843991688,128.886960916459,132.79882309453924,151101000,2021,4,29,3,2,0.3726433184545057
2021-04-30,127.92359924316406,129.96709820494203,127.54409123252586,128.23498319758693,109839500,2021,4,30,4,2,0.3629703972388312
2021-05-03,128.9745330810547,130.46338819019584,128.28364111599663,128.48798358801744,75135100,2021,5,3,0,2,0.36814201348003694
2021-05-04,124.41070556640624,127.95279275381807,123.29164023246338,127.66086008438737,137564700,2021,5,4,1,2,0.345683544977214
2021-05-05,124.65399169921876,126.94076551104096,124.5274840738415,125.72439172337612,84000900,2021,5,5,2,2,0.3468807492828996
2021-05-06,126.2498779296875,126.2596035749363,123.71008135413716,124.44963872166365,78128300,2021,5,6,3,2,0.35473406111951744
2021-05-07,126.9224624633789,127.9459401484153,126.21088280565188,127.54630313860244,78973300,2021,5,7,4,2,0.3580438309381426
2021-05-10,123.64730072021484,126.26937877664058,123.6083097443316,126.14267111936448,88071200,2021,5,10,0,2,0.341926850922046
2021-05-11,122.7310028076172,123.08190661407824,119.67027531129932,120.381847398056,126142800,2021,5,11,1,2,0.33741777433156883
2021-05-12,119.67028045654295,121.49306907963458,119.1634127705143,120.28437887697672,112172300,2021,5,12,2,2,0.32235604461087797
2021-05-13,121.8147430419922,122.96495055227784,121.12267010296466,121.4345904055794,105861300,2021,5,13,3,2,0.33290888546128516
2021-05-14,124.23212432861328,124.66101753625983,122.67252280548946,123.06242504546208,81918000,2021,5,14,4,2,0.3448047516636421
2021-05-17,123.0819091796875,123.72524895126948,122.00968366381709,123.61802565600584,74244600,2021,5,17,0,2,0.33914457484698834
2021-05-18,121.6977767944336,123.783745326629,121.62954445690448,123.36460169987382,63342900,2021,5,18,1,2,0.3323332978041581
2021-05-19,121.54182434082033,121.76601312715728,119.75802646818856,120.05045503106064,92612000,2021,5,19,2,2,0.3315658601093351
2021-05-20,124.0956573486328,124.49530918227134,121.94145662294912,122.06817912472064,76857100,2021,5,20,3,2,0.34413320144362836
2021-05-21,122.26313018798828,124.76824225453444,122.0486835817306,124.59278661639333,79295400,2021,5,21,4,2,0.33511538615902225
2021-05-24,123.8909683227539,124.70976380781524,122.7602599555712,122.82849229292908,63092900,2021,5,24,0,2,0.34312593242966594
2021-05-25,123.6960220336914,125.08017543327662,123.1306641265909,124.59279202902988,72009500,2021,5,25,1,2,0.3421666071531081
2021-05-26,123.64730072021484,124.17366773948622,123.22815702543032,123.7545240447017,56575900,2021,5,26,2,2,0.341926850922046
2021-05-27,122.1169204711914,124.41733561849657,121.92197306010468,123.24763627844212,94625600,2021,5,27,3,2,0.3343958922016038
2021-05-28,121.46383666992188,122.62379382802952,121.4053539348129,122.39959761550024,71311100,2021,5,28,4,2,0.33118208494586543
2021-06-01,121.14217376708984,122.18515807859856,120.81076166659518,121.92197831860382,67637100,2021,6,1,1,2,0.3295991907307373
2021-06-02,121.9024658203125,122.07792145343016,120.9179717914318,121.1421605557248,59278900,2021,6,2,2,2,0.33334056681812063
2021-06-03,120.42083740234376,121.69775987143738,120.02118559755706,121.5320538514475,76229200,2021,6,3,3,2,0.3260495145048954
2021-06-04,122.71153259277344,122.9747198057444,120.72303755703824,120.93748419375008,75169300,2021,6,4,4,2,0.33732196194483677
2021-06-07,122.72126770019533,123.1306617200527,121.67828344764422,122.98444744531308,71057600,2021,6,7,0,2,0.3373698681382029
2021-06-08,123.54005432128906,125.21663622404849,123.0234370016728,123.4035896495703,74403800,2021,6,8,1,2,0.34139909437020766
2021-06-09,123.9202117919922,124.524560673672,123.32561251203369,123.9981937322284,56877900,2021,6,9,2,2,0.3432698387299574
2021-06-10,122.9259796142578,124.95346562999302,122.76027355328648,123.81300009816206,71186400,2021,6,10,3,2,0.3383772497842813
2021-06-11,124.1346435546875,124.2223750861466,122.91620377217826,123.33534735483208,53522400,2021,6,11,4,2,0.34432505148132453
2021-06-14,127.18563079833984,127.24411353581664,123.86173050218788,124.59279446771669,96906500,2021,6,14,0,2,0.35933887500864925
2021-06-15,126.3668441772461,127.30261260822044,126.12315618593904,126.65927274152148,62746300,2021,6,15,1,2,0.3553096487766444
2021-06-16,126.8639678955078,127.58528973592168,125.21664949570912,127.07841452715692,91815000,2021,6,16,2,2,0.357755980793521
2021-06-17,128.4625701904297,129.20339129093645,126.3766013323592,126.52282306860803,96721700,2021,6,17,3,2,0.36562265830791196
2021-06-18,127.1661605834961,128.18963835001367,126.95171393992158,127.40984859905475,108953300,2021,6,18,4,2,0.3592430626219173
2021-06-21,128.95968627929688,129.06690958900398,125.9477063159808,127.0101823744656,79663300,2021,6,21,0,2,0.3680689527807499
2021-06-22,130.59725952148438,130.69474066397615,128.29684436989922,128.7939773736595,74783600,2021,6,22,1,2,0.3761274052447596
2021-06-23,130.32431030273438,130.9286665216875,129.8661757752273,130.39255006678223,60214200,2021,6,23,2,2,0.3747842297166548
2021-06-24,130.04164123535156,131.24058178501798,129.57374966230876,131.0553765632134,68711000,2021,6,24,3,2,0.3733932230832614
2021-06-25,129.7491912841797,130.50949637284592,129.4567628177243,130.09036030729925,70783700,2021,6,25,4,2,0.3719540849922699
2021-06-28,131.3770751953125,131.8352098315601,129.98318695524438,130.04166969629122,62111300,2021,6,28,0,2,0.37996485652714573
2021-06-29,132.887939453125,133.04390333984907,130.95793469390316,131.39657011097157,64556100,2021,6,29,1,2,0.3873997775966237
2021-06-30,133.50198364257812,133.940618881177,132.4394931109139,132.7319215611561,63261400,2021,6,30,2,2,0.3904214720063951
2021-07-01,133.80421447753906,133.86269721920397,132.33232940247316,133.15113240638843,52485800,2021,7,1,3,3,0.3919087415549848
2021-07-02,136.42630004882812,136.4652835854969,134.27209152787285,134.41829838230024,78852600,2021,7,2,4,3,0.4048119518593817
2021-07-06,138.43429565429688,139.5357553993497,136.53353205806397,136.53353205806397,108181800,2021,7,6,1,3,0.414693242489775
2021-07-07,140.91990661621094,141.2318195282519,139.0581266890823,139.91589835234652,104911600,2021,7,7,2,3,0.4269248650301196
2021-07-08,139.62347412109375,140.42276298269945,137.11835448019005,138.0053823208354,105575500,2021,7,8,3,3,0.42054515671200876
2021-07-09,141.4462432861328,141.97260274724476,139.04834716131978,139.1458282969305,99890800,2021,7,9,4,3,0.42951495317113286
2021-07-12,140.85165405273438,142.62570970674338,140.364278087154,142.51848639937432,76299700,2021,7,12,0,3,0.426588996060016
2021-07-13,141.962890625,143.73694652851253,140.00364432229037,140.39353920017592,100827100,2021,7,13,1,3,0.43205736038301235
2021-07-14,145.3842315673828,145.79364043052715,143.95134516697595,144.3607540301203,127050800,2021,7,14,2,3,0.44889368418037257
2021-07-15,144.7311553955078,146.21278242197317,143.37625087333885,145.47197634550716,106820300,2021,7,15,3,3,0.44567991446867283
2021-07-16,142.69393920898438,145.97884856339024,142.1968210625346,144.7116829108476,93251400,2021,7,16,4,3,0.4356548301701042
2021-07-19,138.8533935546875,140.43250161447835,138.09308832622733,140.1205738932986,121434600,2021,7,19,0,3,0.4167556116229887
2021-07-20,142.45997619628906,143.3860023478585,139.35053030452949,139.83790622702588,96350000,2021,7,20,1,3,0.43450350467969556
2021-07-21,141.7289581298828,142.44053791570667,140.97840967554887,141.8556806702285,74993500,2021,7,21,2,3,0.43090618506875844
2021-07-22,143.09356689453125,144.45821346206498,142.1285572602189,142.25527975346566,77338200,2021,7,22,3,3,0.4376213869165859
2021-07-23,144.80914306640625,144.9651069434816,143.2105505102186,143.82464898024415,71447400,2021,7,23,4,3,0.4460636896321424
2021-07-26,145.22828674316406,146.04707474588002,143.97084849928373,144.5264642055409,72434100,2021,7,26,0,3,0.4481262840295882
2021-07-27,143.06431579589844,145.44271240050767,141.8751174935938,145.35497344078965,104818600,2021,7,27,1,3,0.4374774430722558
2021-07-28,141.3195343017578,143.25929604709813,138.94113715127986,141.15382825419624,118931200,2021,7,28,2,3,0.4288914217766012
2021-07-29,141.962890625,142.84991857675627,140.92965581242072,141.03687913486968,56699500,2021,7,29,3,3,0.43205736038301235
2021-07-30,142.1773223876953,142.63545700170118,140.47150644681145,140.73469364228038,70440600,2021,7,30,4,3,0.43311257313437956
2021-08-02,141.8458709716797,143.23975875771586,141.58268384916155,142.6646588267022,62880000,2021,8,2,0,3,0.4314815099176146
2021-08-03,143.6394500732422,144.30227426975748,141.51448305654833,142.12858155366985,64786600,2021,8,3,1,3,0.440307662884718
2021-08-04,143.23980712890625,144.05859526042843,142.58672505684436,143.55173491626834,56368300,2021,8,4,2,3,0.438341031050159
2021-08-05,143.34703063964844,144.10733603044793,142.4795019309908,143.2690486927029,46397700,2021,8,5,3,3,0.43886867496988125
2021-08-06,142.6636505126953,143.6105775396916,142.16578765248929,142.86866162914254,54126800,2021,8,6,4,3,0.43550578033651255
2021-08-09,142.6148681640625,143.21035833317768,142.05843483321482,142.72225212556916,48908700,2021,8,9,0,3,0.435265723753141
2021-08-10,142.13650512695312,144.19631350606738,141.84363848192044,142.9565198163916,69023100,2021,8,10,1,3,0.43291171252739824
2021-08-11,142.3903350830078,143.2298783064216,142.06818321748432,142.57581781429272,48493500,2021,8,11,2,3,0.4341608026945507
2021-08-12,145.3481903076172,145.50438778780742,142.37074101066642,142.71242113660614,72282600,2021,8,12,3,3,0.44871632614161006
2021-08-13,145.5532684326172,145.88517705910473,144.7430103885552,145.42635605950554,59375000,2021,8,13,4,3,0.4497255099015457
2021-08-16,147.52520751953125,147.59354953492934,142.98582599022765,145.00657783567002,103296000,2021,8,16,0,3,0.4594293674050991
2021-08-17,146.61732482910156,148.07187159409528,145.5434853619502,146.65636676617194,92229700,2021,8,17,1,3,0.45496170188929497
2021-08-18,142.8784637451172,147.13475089008148,142.67345256358962,146.23663716721276,86326000,2021,8,18,2,3,0.4365628702898141
2021-08-19,143.2103271484375,144.4794059910355,141.06266328178802,141.58005455752308,86960300,2021,8,19,3,3,0.4381959608846683
2021-08-20,144.6649169921875,144.96754045087513,143.28845394220284,143.93275769698107,60549600,2021,8,20,4,3,0.445353957124783
2021-08-23,146.1487579345703,146.61733569322217,144.37204430196212,144.7820517027598,60131800,2021,8,23,0,3,0.4526558972092277
2021-08-24,146.06085205078125,147.2713604372929,145.60203116452846,145.89489777853456,48606400,2021,8,24,1,3,0.45222331479546374
2021-08-25,144.8308563232422,146.74423897086186,144.28417982272728,146.24636116832204,58991300,2021,8,25,2,3,0.44617053996624867
2021-08-26,144.0303955078125,145.57281315038713,144.00111032248313,144.82114019917077,48597200,2021,8,26,3,3,0.44223149451517263
2021-08-27,145.06515502929688,145.21158091727293,143.33725507209095,143.97178711441077,55802400,2021,8,27,4,3,0.4473235173943597
2021-08-30,149.47763061523438,149.83883931473636,145.07491826892314,145.45564049048158,90956700,2021,8,30,0,3,0.4690371872576885
2021-08-31,148.21829223632812,149.1652192116683,147.69112933468762,149.0285501067643,86453100,2021,8,31,1,3,0.4628400180556791
2021-09-01,148.8821258544922,151.293371319359,148.71617155840954,149.1945209265185,80313700,2021,9,1,2,3,0.46610672486192906
2021-09-02,149.99502563476562,151.0395800272227,148.77476016459727,150.20979354918074,71115500,2021,9,2,3,3,0.47158327378535936
2021-09-03,150.6295623779297,150.9517142276546,149.44833892893834,150.1023993889916,57808700,2021,9,3,4,3,0.474705811483047
2021-09-07,152.96273803710938,153.5191714127496,150.7174463222015,151.2836513561049,82278300,2021,9,7,1,3,0.4861873041304037
2021-09-08,151.42030334472656,153.3043860941943,150.31717858511598,153.24581573453693,74420200,2021,9,8,2,3,0.47859702582883445
2021-09-09,150.40505981445312,152.3965266648195,150.28790419091163,151.79127971049817,57305700,2021,9,9,3,3,0.4736010406006116
2021-09-10,145.4263458251953,151.78148246152148,145.16276433644302,151.3129047338198,140893200,2021,9,10,4,3,0.4491009272739308
2021-09-13,145.99253845214844,147.8180505115286,145.21156570783384,147.04684942260073,102404300,2021,9,13,0,3,0.45188714547305064
2021-09-14,144.5965576171875,147.4763957492906,143.4153491043727,146.7735217186003,109296300,2021,9,14,1,3,0.44501756253813773
2021-09-15,145.4849090576172,145.88515965134906,142.88818092204215,145.02608811276684,83281300,2021,9,15,2,3,0.44938911531490044
2021-09-16,145.2506103515625,145.4263362978241,143.71796490468603,144.90894501042473,68034100,2021,9,16,3,3,0.4482361378867895
2021-09-17,142.58560180664062,145.27995796165817,142.29273506424897,145.27995796165817,129868800,2021,9,17,4,3,0.4351217048207334
2021-09-20,139.539794921875,141.3945924183066,137.9095220938746,140.37933813407227,123478900,2021,9,20,0,3,0.42013337369567794
2021-09-21,140.0181427001953,141.16032435989862,139.38361057442205,140.50624891873463,75834000,2021,9,21,1,3,0.42248730983334315
2021-09-22,142.38058471679688,142.94677480134484,140.28171911608493,141.01387841720836,76404300,2021,9,22,2,3,0.43411282141310736
2021-09-23,143.33729553222656,143.58134867828787,142.17560017364323,143.16156952123504,64838200,2021,9,23,3,3,0.4388207687765153
2021-09-24,143.4251251220703,143.96204492535793,142.09747565204063,142.1951028511181,53477900,2021,9,24,4,3,0.4392529757498925
2021-09-27,141.91195678710938,142.48793328173883,140.39883985731234,142.0095839613355,74150700,2021,9,27,0,3,0.43180671638073065
2021-09-28,138.5343017578125,141.30674132874793,138.31953384357482,139.8424227657557,108972300,2021,9,28,1,3,0.4151853697488984
2021-09-29,139.43240356445312,141.0138627120859,138.6514307510702,139.08096654322168,74602000,2021,9,29,2,3,0.41960490380710447
2021-09-30,138.13406372070312,140.9455603850025,137.91929578685694,140.24268621892764,89056700,2021,9,30,3,3,0.4132158094793217
2021-10-01,139.25668334960938,139.5202648503588,135.80089824481317,138.52452409983053,94639600,2021,10,1,4,4,0.4187401895080406
2021-10-04,135.8301544189453,138.82713279141288,134.980854637217,138.38782541869764,98322000,2021,10,4,0,4,0.4018783357643725
2021-10-05,137.75331115722656,138.8564357660988,136.04493972017434,136.17185207930245,80861100,2021,10,5,1,4,0.4113421366845543
2021-10-06,138.6221466064453,138.76857249312508,135.07849119061893,136.15233067899587,83221100,2021,10,6,2,4,0.41561765181035293
2021-10-07,139.88148498535156,140.7893703718494,139.32505159657362,139.6569602773058,61732700,2021,10,7,3,4,0.42181482101236234
2021-10-08,139.50076293945312,140.75031377150447,139.16885425815033,140.6038878520535,58773200,2021,10,8,4,4,0.4199412983937497
2021-10-11,139.41290283203125,141.3653278052875,138.43669034540312,138.88575464341304,64452200,2021,10,11,0,4,0.4195089412442178
2021-10-12,138.143798828125,139.84241361250955,137.68497785008697,139.82288519545196,73035900,2021,10,12,1,4,0.4132637156726877
2021-10-13,137.55810546875,138.03644005527403,135.88877555756454,137.8802573777795,78762700,2021,10,13,2,4,0.4103815349106811
2021-10-14,140.3402862548828,140.45744186952987,138.1438084019397,138.72954178771872,69907100,2021,10,14,3,4,0.4240725693229087
2021-10-15,141.39454650878906,141.45311684711749,140.09618272452653,140.35000738503422,67940300,2021,10,15,4,4,0.4292605547649825
2021-10-18,143.0639190673828,143.34701408719482,139.7545598847163,140.03765490452832,85589200,2021,10,18,0,4,0.437475490782244
2021-10-19,145.2213592529297,145.62160993395176,143.06393807186709,143.51298745891924,76378900,2021,10,19,1,4,0.4480921940424595
2021-10-20,145.7094268798828,146.1877762179813,144.5965455732881,145.1627504339508,58418800,2021,10,20,2,4,0.4504939612854133
2021-10-21,145.9241943359375,146.08039186170322,144.35249211048287,145.2701339545865,61421000,2021,10,21,3,4,0.4515508259744828
2021-10-22,145.15301513671875,146.6075619891813,145.1042015405824,146.12922747617256,58883400,2021,10,22,4,4,0.44775587454389165
2021-10-25,145.10418701171875,145.8168177773373,144.10844635434742,145.14322894722775,50720600,2021,10,25,0,4,0.44751559269628793
2021-10-26,145.7680206298828,147.25185252804923,145.4653823192533,145.77777738990952,60893400,2021,10,26,1,4,0.4507822995025378
2021-10-27,145.3092041015625,146.16826078037482,144.95776708428832,145.80706700277705,56094900,2021,10,27,2,4,0.448524476103914
2021-10-28,148.9407196044922,149.52643805425132,146.1585085567286,146.256135746264,100077900,2021,10,28,3,4,0.46639506307905354
2021-10-29,146.23660278320312,146.37327190681347,142.92724374395107,143.7179733088264,124953200,2021,10,29,4,4,0.45308817927068235
2021-11-01,145.4165802001953,146.13896771640327,144.2841704394488,145.44586537540286,74588300,2021,11,1,0,4,0.44905287090441004
2021-11-02,146.4513702392578,147.96450225059075,145.11394928812004,145.12372094423125,69122000,2021,11,2,1,4,0.45414504395975175
2021-11-03,147.88641357421875,148.35499132920407,146.25614074482093,146.81257403590004,54511500,2021,11,3,2,4,0.4612068523727476
2021-11-04,147.36904907226562,148.8040677773685,147.056653914814,147.9742960700519,60394600,2021,11,4,3,4,0.4586609160212315
2021-11-05,147.89694213867188,148.79636649786093,146.70422366033108,148.49330137784227,65463900,2021,11,5,4,4,0.46125866314613717
2021-11-08,147.07574462890625,148.18047945260236,146.80200740282297,148.02405391839477,55020900,2021,11,8,0,4,0.4572175729979069
2021-11-09,147.4374542236328,148.0435844748696,146.70422637098488,146.8410949734435,56787900,2021,11,9,1,4,0.4589975358721088
2021-11-10,144.61204528808594,146.77262935345158,144.54361846371455,146.6650887001066,65187100,2021,11,10,2,4,0.4450937769366745
2021-11-11,144.56320190429688,146.0883134852804,144.37744845730748,145.62883774477925,41000000,2021,11,11,3,4,0.4448534200009935
2021-11-12,146.63577270507812,147.03659252052734,144.18189439318962,145.11064651980587,63804000,2021,11,12,4,4,0.4550524833748427
2021-11-15,146.6455535888672,148.48351596746593,146.08829332480207,147.00727451410145,59222800,2021,11,15,0,4,0.4551006148324408
2021-11-16,147.6232147216797,148.1022623119589,146.0003334167105,146.5869216938867,59256200,2021,11,16,1,4,0.45991165812608625
2021-11-17,150.05752563476562,151.53375230300938,147.61343285568483,147.6232038564801,88807000,2021,11,17,2,4,0.4718908345502921
2021-11-18,154.339599609375,155.12171245230584,149.62739546351074,150.2726396777458,137827700,2021,11,18,3,4,0.49296280170436424
2021-11-19,156.9596405029297,157.41913113659675,153.02953515610952,154.12448394226502,117305600,2021,11,19,4,4,0.5058559502063927
2021-11-22,157.4191131591797,161.9944471367291,157.39955624235793,158.06434223873077,117467900,2021,11,22,0,4,0.5081170023923437
2021-11-23,157.8004150390625,158.18169292863084,155.502961782972,157.51689191338718,96041900,2021,11,23,1,4,0.5099933783578966
2021-11-24,158.3185577392578,158.51408217991855,156.06998937776268,157.15516717862224,69463600,2021,11,24,2,4,0.5125431442013589
2021-11-26,153.3032684326172,156.8618668141861,152.8633347292546,156.001556326016,76959800,2021,11,26,4,4,0.4878630447532075
2021-11-29,156.6565704345703,157.58532267329434,155.2389847402696,155.8060160344783,88748200,2021,11,29,0,4,0.5043645508135475
2021-11-30,161.6033935546875,161.81847488073362,156.3437019010155,156.41214364910118,174048100,2021,11,30,1,4,0.528707730058512
2021-12-01,161.08526611328125,166.49159798116264,160.85062784337472,163.7346542506034,152052500,2021,12,1,2,4,0.5261580393031271
2021-12-02,160.09786987304688,160.52803264766237,154.27116024660182,155.19014164372396,136739200,2021,12,2,3,4,0.5212990898161157
2021-12-03,158.22076416015625,161.27100166043388,156.14817855062066,160.35202051883033,118023100,2021,12,3,4,4,0.5120619047134551
2021-12-06,161.62295532226562,164.12570364495514,160.60620449270007,160.61597549233863,107497000,2021,12,6,0,4,0.5288039929737083
2021-12-07,167.3519287109375,167.74299254141582,164.57544264356054,165.2988995417756,120405400,2021,12,7,1,4,0.5569961119768976
2021-12-08,171.1647186279297,172.02504411674911,166.882663021836,168.28069194116756,116998900,2021,12,8,2,4,0.5757587453112658
2021-12-09,170.65634155273438,172.7973693361273,170.03065436230736,170.9985205283445,108923700,2021,12,9,3,4,0.5732570358373243
2021-12-10,175.4369659423828,175.61294836881706,170.78341894665584,171.29179439045112,115402700,2021,12,10,4,4,0.5967823557435078
2021-12-13,171.80995178222656,178.05705234389498,171.60464142456377,177.06962931153166,153237000,2021,12,13,0,4,0.5789339197511942
2021-12-14,170.43150329589844,173.76524989300478,168.35891710300444,171.3309277742781,139380400,2021,12,14,1,4,0.5721506130171865
2021-12-15,175.29029846191406,175.48582285763158,168.45661118755606,171.19399748026692,131063300,2021,12,15,2,4,0.5960606091437681
2021-12-16,168.4077606201172,177.08918279763162,166.93153397693786,175.27077720416733,150185800,2021,12,16,3,4,0.562191831490941
2021-12-17,167.3127899169922,169.59068583995457,165.89521929851176,166.12984262332955,195432700,2021,12,17,4,4,0.5568035110584277
2021-12-20,165.95388793945312,166.76532847471316,163.71510567618958,164.51676029378936,107499100,2021,12,20,0,4,0.550116392151539
2021-12-21,169.1215057373047,169.32680124540954,165.3380387090317,167.7234764441015,91185900,2021,12,21,1,4,0.5657041513982883
2021-12-22,171.7122039794922,171.92728536537462,168.30024464668514,169.1703411922784,92135300,2021,12,22,2,4,0.5784529055275225
2021-12-23,172.33786010742188,172.89512039322665,171.35045204505695,171.9174833311616,68356600,2021,12,23,3,4,0.5815317419641772
2021-12-27,176.29730224609375,176.3852860059842,173.1102106304085,173.12975263201184,74919600,2021,12,27,0,4,0.6010160468102078
2021-12-28,175.280517578125,177.27490525734726,174.5375188860444,176.13107184612667,79144300,2021,12,28,1,4,0.5960124776861699
2021-12-29,175.3685302734375,176.59057652650236,174.1562550200767,175.31964543980357,62348900,2021,12,29,2,4,0.5964455857164757
2021-12-30,174.2149200439453,176.53193000592643,174.10737937130014,175.45652327947462,59773000,2021,12,30,3,4,0.5907687018026058
2021-12-31,173.5989990234375,175.22186501048878,173.29591904054473,174.10735949284833,64062300,2021,12,31,4,4,0.587737771559317
2022-01-03,177.93968200683594,178.79023623086843,173.7358553840875,173.85316703531066,104487900,2022,1,3,0,1,0.609098152018591
2022-01-04,175.68136596679688,178.84891521802436,175.11433471652768,178.54585013474667,99310400,2022,1,4,1,1,0.5979850414788417
2022-01-05,171.00828552246094,176.14088047095728,170.7345483186125,175.5934060632604,94537600,2022,1,5,2,1,0.5749889423420055
2022-01-06,168.15357971191406,171.3797850968752,167.80162976232634,168.83792269234627,96904000,2022,1,6,3,1,0.5609410142980089
2022-01-07,168.3197784423828,170.24572473108867,167.2052727402814,169.02367835082143,86709100,2022,1,7,4,1,0.5617588736367901
2022-01-10,168.33929443359375,168.64235947540746,164.40919005325154,165.2988431820016,106765600,2022,1,10,0,1,0.5618549112877542
2022-01-11,171.1647186279297,171.26247339503044,166.9999896269401,168.46644539148625,76138300,2022,1,11,1,1,0.5757587453112658
2022-01-12,171.60462951660156,173.21772467571947,170.91051556767007,172.1814317936139,74805200,2022,1,12,2,1,0.5779235345820206
2022-01-13,168.33929443359375,172.67021859186923,167.94823073645128,171.84900720420214,84505800,2022,1,13,3,1,0.5618549112877542
2022-01-14,169.19969177246094,169.89380588973404,167.26395921098248,167.5083685317949,80440800,2022,1,14,4,1,0.5660889027067638
2022-01-18,166.0027618408203,168.68147761318977,165.62148401611884,167.6745127192973,90956700,2022,1,18,1,1,0.5503568992633747
2022-01-19,162.51260375976562,167.25414945182573,162.22909557704548,166.19829964047344,94815000,2022,1,19,2,1,0.533181928237048
2022-01-20,160.8310546875,165.8854360990158,160.50843269303434,163.24581922868165,91420500,2022,1,20,3,1,0.5249070719340403
2022-01-21,158.77804565429688,162.6103813121943,158.67050497614542,160.74309086318223,122848900,2022,1,21,4,1,0.5148042714753873
2022-01-24,158.00572204589844,158.67052310978175,151.24047430258736,156.44151145113543,162294600,2022,1,24,0,1,0.5110036884389929
2022-01-25,156.20684814453125,159.1202024043847,153.5085752311325,155.4247355135648,115798400,2022,1,25,1,1,0.5021514799090399
2022-01-26,156.11886596679688,160.7137572085088,154.29068942101793,159.84366081362626,108275300,2022,1,26,2,1,0.5017185220548889
2022-01-27,155.6593475341797,160.1760252131081,154.7403664665498,158.81711052646853,121954600,2022,1,27,3,1,0.49945724460470586
2022-01-28,166.52090454101562,166.5404614570555,159.15929945417386,162.00422657695262,179935700,2022,1,28,4,1,0.5529066651068371
2022-01-31,170.8714141845703,171.0864955438015,165.71926239899202,166.35473547583268,115541600,2022,1,31,0,1,0.5743154022879413
2022-02-01,170.70521545410156,170.93006781127377,168.45664712970438,170.1186272242385,86213900,2022,2,1,1,1,0.5734975429491601
2022-02-02,171.90769958496094,171.94681342176997,169.45383589849953,170.84207875406224,84914300,2022,2,2,2,1,0.5794149339748659
2022-02-03,169.03343200683594,172.2987509371964,168.27087633720052,170.57810026310062,89418100,2022,2,3,3,1,0.5652707430156731
2022-02-04,168.74957275390625,170.42346859121156,167.0756769166009,168.05455952783922,82465400,2022,2,4,4,1,0.5638738795122444
2022-02-07,168.03497314453125,170.27660749223818,167.33995999905824,169.20962915449093,77251200,2022,2,7,0,1,0.5603573546725641
2022-02-08,171.1380157470703,171.6470387890935,167.80980654806993,168.10347426218178,74829200,2022,2,8,1,1,0.5756273411758576
2022-02-09,172.5574493408203,172.91963117728815,171.20658637108463,172.33231049138615,71285000,2022,2,9,2,1,0.5826123344856976
2022-02-10,168.4852752685547,171.7743215374217,167.92731993059743,170.4626223841964,90865900,2022,2,10,3,1,0.562573278924012
2022-02-11,165.07875061035156,169.4249914689082,164.4914151129285,168.69082956541044,98670700,2022,2,11,4,1,0.545809865649784
2022-02-14,165.313720703125,165.9989356288058,163.04270559336564,163.83559821712237,86185500,2022,2,14,0,1,0.5469661469532995
2022-02-15,169.14112854003906,169.29775335068365,166.65477315145358,167.35956986279012,62527400,2022,2,15,1,1,0.5658007146657941
2022-02-16,168.9062042236328,169.67951494494773,166.45899759893967,168.2209893560315,61177400,2022,2,16,2,1,0.5646446586265107
2022-02-17,165.313720703125,168.2797341887302,164.91237519788157,167.41831260412283,69589300,2022,2,17,3,1,0.5469661469532995
2022-02-18,163.76705932617188,166.93862933962222,162.68049906023276,166.23384762062662,82772700,2022,2,18,4,1,0.539355069254297
2022-02-22,160.85003662109375,163.16998418925112,158.72584769849567,161.49608794845346,91162800,2022,2,22,1,1,0.5250004815022963
2022-02-23,156.68975830078125,162.6413518716535,156.37650867254357,162.04423283731927,90009200,2022,2,23,2,1,0.5045278673818406
2022-02-24,159.3033447265625,159.41102239990326,148.79014121364656,149.357894860665,141147500,2022,2,24,3,1,0.5173892536271391
2022-02-25,161.36883544921875,161.63312305071847,157.472871153436,160.3801542624622,91974200,2022,2,25,4,1,0.5275534761330857
2022-02-28,161.63308715820312,161.92675492011216,158.99989062280463,159.61659142915732,95056600,2022,2,28,0,1,0.5288538514570861
2022-03-01,159.75364685058594,163.0818568508139,158.5496253630897,161.22197083806662,83474400,2022,3,1,1,1,0.519605177878587
2022-03-02,163.0426788330078,163.82578787806702,159.50891214996344,160.91850544375748,79724800,2022,3,2,2,1,0.5357904129570185
2022-03-03,162.71966552734375,165.34307890598984,162.0540324670775,164.91236813214016,76678400,2022,3,3,3,1,0.5342008734470425
2022-03-04,159.72434997558594,162.05409647991786,158.6769528495969,161.01648280753923,83737200,2022,3,4,4,1,0.5194610087700247
2022-03-07,155.93597412109375,161.5351828168675,155.68145512983824,159.91023439793054,96418800,2022,3,7,0,1,0.5008185163594583
2022-03-08,154.11524963378906,159.44037235523825,152.50988307246044,155.46611214466617,131148300,2022,3,8,1,1,0.4918587817027026
2022-03-09,159.5089111328125,159.959203685233,156.04367342146804,158.06995256595388,91454900,2022,3,9,2,1,0.5184008402055507
2022-03-10,155.17247009277344,157.00297572975708,152.68609998585092,156.81698565051138,105342000,2022,3,10,3,1,0.4970613342317872
2022-03-11,151.46255493164062,155.91647534911107,151.23741603499275,155.5738603413947,96970100,2022,3,11,4,1,0.47880494471508905
2022-03-14,147.4393310546875,150.865421052167,146.93032272367594,148.2518056179064,108732100,2022,3,14,0,1,0.4590067717056261
2022-03-15,151.81491088867188,152.28478532825997,147.20438184151632,147.713390079557,92964300,2022,3,15,1,1,0.4805388785978594
2022-03-16,156.2198944091797,156.6212399212536,151.19823606106897,153.73353879751855,102300200,2022,3,16,2,1,0.5022156802151965
2022-03-17,157.22811889648438,157.60009906528276,154.30126947324382,155.2605702418383,75615400,2022,3,17,3,1,0.5071771249278263
2022-03-18,160.51718139648438,161.00662274780382,156.38629519642316,157.1204572234023,123511700,2022,3,18,4,1,0.5233625101824126
2022-03-21,161.8876190185547,162.83713639325782,159.56765695852218,160.05709828830467,95811400,2022,3,21,0,1,0.5301063956757979
2022-03-22,165.25498962402344,165.84231029999864,161.42755456550665,162.01487524148183,81532000,2022,3,22,1,1,0.5466771329434786
2022-03-23,166.61561584472656,168.9942934206818,164.1096638130363,164.4424952526729,98062700,2022,3,23,2,1,0.5533727368031109
2022-03-24,170.39413452148438,170.4626485498089,166.6156463524789,167.44768776251115,90131400,2022,3,24,3,1,0.5719667223156923
2022-03-25,171.03038024902344,171.57855215101324,169.1019802060181,170.20812239603873,80546200,2022,3,25,4,1,0.5750976698780461
2022-03-28,171.8917694091797,172.01901397467847,168.36778650765086,168.53419473681177,90371900,2022,3,28,0,1,0.5793365420220852
2022-03-29,175.18081665039062,175.2297488255487,172.6161343745908,172.95874922006587,100589400,2022,3,29,1,1,0.5955218521885941
2022-03-30,174.01596069335938,175.8171010585222,172.96854916161706,174.77948791199498,92633200,2022,3,30,2,1,0.589789628361698
2022-03-31,170.92271423339844,174.27049138056103,170.7171422878286,174.0845012718467,103049300,2022,3,31,3,1,0.5745678484040799
2022-04-01,170.62904357910156,171.18701389593227,168.30909632537671,170.35495761395958,78751300,2022,4,1,4,2,0.5731227032668983
2022-04-04,174.67184448242188,174.720791608407,170.75631338866327,170.88357292891146,76468400,2022,4,4,0,2,0.5930172142796349
2022-04-05,171.36318969726562,174.53477477488693,170.73670541562527,173.7516656886956,73401800,2022,4,5,1,2,0.5767354159336976
2022-04-06,168.20135498046875,169.96334618717503,166.53725798279694,168.72016142792123,89058800,2022,4,6,2,2,0.5611761150682737
2022-04-07,168.5048370361328,169.69907490999924,166.2632026288955,167.5455363451221,77594700,2022,4,7,3,2,0.5626695418392081
2022-04-08,166.49815368652344,168.15246782773184,165.62694868711696,168.15246782773184,76575500,2022,4,8,4,2,0.5527947087834693
2022-04-11,162.24981689453125,165.46055114101816,162.0050962053992,165.14731642594322,72246700,2022,4,11,0,2,0.5318887613684757
2022-04-12,164.11949157714844,166.2828141709391,163.12102695263263,164.4718899777678,79265200,2022,4,12,1,2,0.5410893785774542
2022-04-13,166.80160522460938,167.42808955183875,163.24827119923606,163.85517369033073,70618900,2022,4,13,2,2,0.554287985378249
2022-04-14,161.79949951171875,167.65322825491936,161.55477886000992,167.01694559853848,75329400,2022,4,14,3,2,0.5296727620289505
2022-04-18,161.58419799804688,163.08188755230427,160.1158737341422,160.45847376711322,69023900,2022,4,18,0,2,0.5286132692571729
2022-04-19,163.86495971679688,164.27610359926777,160.44866861751814,161.53522902332887,67723800,2022,4,19,1,2,0.5398368343587424
2022-04-20,163.6985321044922,165.31369734743882,162.59240492951264,165.19622127922986,67929800,2022,4,20,2,2,0.5390178486988007
2022-04-21,162.9056396484375,167.90773030576432,162.40641490220864,165.34306268686478,87227800,2022,4,21,3,2,0.5351160469341032
2022-04-22,158.3734588623047,164.32506872590315,158.08958939152427,162.94485517960146,84882400,2022,4,22,4,2,0.5128133111037584
2022-04-25,159.44041442871094,159.7242838315626,155.11375480994548,157.71757136622622,96046400,2022,4,25,0,2,0.518063769826209
2022-04-26,153.48878479003906,158.91178747297153,153.41047239469103,158.8236916294158,95623200,2022,4,26,1,2,0.4887759655979469
2022-04-27,153.26364135742188,156.4156292897006,152.09876878373368,152.61757531774515,88063200,2022,4,27,2,2,0.4876680410162616
2022-04-28,160.18435668945312,161.04577820352466,155.57381282317428,155.88706244158715,130216800,2022,4,28,3,2,0.5217246890386839
2022-04-29,154.32081604003906,162.69026417943107,153.92926902509257,158.4223359956449,131747600,2022,4,29,4,2,0.4928703682811142
2022-05-02,154.62432861328125,154.8886162063275,150.03336604127583,153.40072515321864,123055300,2022,5,2,0,2,0.49436394522820337
2022-05-03,156.11221313476562,157.31624964341847,153.01895506893698,154.81029731534235,88966500,2022,5,3,1,2,0.5016857836531529
2022-05-04,162.51409912109375,162.964376768375,155.8968429541357,156.29818841895514,108256500,2022,5,4,2,2,0.5331892868686309
2022-05-05,153.45945739746094,160.6150881198339,151.67788357069364,160.38994926297363,130525300,2022,5,5,3,2,0.48863164631322986
2022-05-06,154.18487548828125,156.3023722983105,151.14587460582203,152.93986371222095,116124600,2022,5,6,4,2,0.49220140859977
2022-05-09,149.06761169433594,152.76342612282588,148.5088364921623,151.88112823098254,131577900,2022,5,9,0,2,0.4670194955305137
2022-05-10,151.46937561035156,153.65550196924158,149.92046680625165,152.45950928453797,115366700,2022,5,10,1,2,0.47883850908567616
2022-05-11,143.61700439453125,152.39087300235883,142.9405806152843,150.47925033829725,142689800,2022,5,11,2,2,0.44019720832289766
2022-05-12,139.75453186035156,143.3228989996902,136.06853101088905,139.96040581157675,182602000,2022,5,12,3,2,0.4211900882085926
2022-05-13,144.21498107910156,145.18550397266762,140.29369821646105,141.74456868725608,113990900,2022,5,13,4,2,0.4431398349871921
2022-05-16,142.6759033203125,144.616949555646,141.3426662408205,142.68571610317943,86643800,2022,5,16,0,2,0.43556607606264564
2022-05-17,146.30311584472656,146.82268479374127,143.79348144376362,145.9305890667493,78336300,2022,5,17,1,2,0.453415488199965
2022-05-18,138.0487823486328,144.46007380411618,137.14687404841018,143.96011558077154,109742900,2022,5,18,2,2,0.41279614221486627
2022-05-19,134.64707946777344,138.87226008655338,133.91183880440775,137.12729010884627,136095600,2022,5,19,3,2,0.3960564567730892
2022-05-20,134.88235473632812,137.93115346240322,130.00036063657,136.3528361484188,137426100,2022,5,20,4,2,0.3972142398381522
2022-05-23,140.2937469482422,140.4407891232643,134.9411873997547,135.0784317492794,117726300,2022,5,23,0,2,0.4238435506869114
2022-05-24,137.5978546142578,139.17617200488684,134.62748321427134,138.03899606760518,104132700,2022,5,24,1,2,0.41057713935224605
2022-05-25,137.7546844482422,138.99968110716551,135.61757730341805,135.70580258630076,92482700,2022,5,25,2,2,0.41134889461151813
2022-05-26,140.9505615234375,141.4995389264538,134.44123025043575,134.68631051667606,90601500,2022,5,26,3,2,0.4270757169775683
2022-05-27,146.69520568847656,146.73441193920726,142.4013957458045,142.5288422380691,90978500,2022,5,27,4,2,0.4553449514362229
2022-05-31,145.9109344482422,147.69512536408004,143.95029298038023,146.13641898717157,103718400,2022,5,31,1,2,0.45148557443524295
2022-06-01,145.7835235595703,148.75389460714223,144.7737792988703,146.95009283292427,74286600,2022,6,1,2,2,0.450858588989152
2022-06-02,148.2343292236328,148.2931460840145,143.96992734384497,144.9208398093746,72348100,2022,6,2,3,2,0.4629189356250015
2022-06-03,142.51902770996094,145.05805472503135,141.61713446378366,144.00910439920688,88570300,2022,6,3,4,2,0.4347940955391413
2022-06-06,143.2640838623047,145.6462712304333,142.0484806619193,144.13656879270374,71598400,2022,6,6,0,2,0.4384604961812645
2022-06-07,145.7835235595703,146.06781003090646,141.26424373812603,141.50932395629872,67808200,2022,6,7,1,2,0.450858588989152
2022-06-08,145.04827880859375,146.9206802540853,144.55811838609154,145.6560729457736,53950200,2022,6,8,2,2,0.4472404699807816
2022-06-09,139.83299255371094,145.0384948829892,139.72515664096548,144.18562036487367,69473000,2022,6,9,3,2,0.4215761911024608
2022-06-10,134.431396484375,137.98995082700978,134.36276684809005,137.51940103001422,91437900,2022,6,10,4,2,0.3949950867993771
2022-06-13,129.2847442626953,132.53940235521404,128.85340060932865,130.2552525242583,122207100,2022,6,13,0,2,0.3696685540930943
2022-06-14,130.1474151611328,131.25518271689248,128.89260543359612,130.51014411570253,84784300,2022,6,14,1,2,0.37391373363563296
2022-06-15,132.7648468017578,134.63726323315953,129.5592083618082,131.64728162043858,91533000,2022,6,15,2,2,0.3867940420764302
2022-06-16,127.5005340576172,129.7846835531672,126.50060254968962,129.4807864670593,108123900,2022,6,16,3,2,0.36088850520549987
2022-06-17,128.97103881835938,130.46113104749855,127.25547692933144,127.51036998343508,134520300,2022,6,17,4,2,0.36812481831031785
2022-06-21,133.1962127685547,134.36279718069025,130.69640612370614,130.79442925101708,81000500,2022,6,21,1,2,0.38891678202385427
2022-06-22,132.68643188476562,135.04899374439103,131.27476747959807,132.1374396483602,73409200,2022,6,22,2,2,0.38640816444679404
2022-06-23,135.54898071289062,135.86267563561398,132.96093402675356,134.1275183400123,72433800,2022,6,23,3,2,0.4004946877625619
2022-06-24,138.87222290039062,139.1173030558868,137.0194175231798,137.14684903225404,89116800,2022,6,24,4,2,0.4168482703104709
2022-06-27,138.87222290039062,140.66621143364327,138.19579927786032,139.89174976551223,70207900,2022,6,27,0,2,0.4168482703104709
2022-06-28,134.73529052734375,140.59760460905184,134.61765682035212,139.33299738336785,67083400,2022,6,28,1,2,0.39649054094840075
2022-06-29,136.49009704589844,137.90176176618252,133.9804775247322,134.75493953918553,66242400,2022,6,29,2,2,0.4051258951108915
2022-06-30,134.0294647216797,135.64698810352084,131.1375212724895,134.5490335635321,98964500,2022,6,30,3,2,0.3930171917532117
2022-07-01,136.19595336914062,136.3037892489926,132.99031531614665,133.36282702594735,71051600,2022,7,1,4,3,0.4036784222433112
2022-07-05,138.7742156982422,138.82323473193733,134.2353254229341,135.05880629688934,73353800,2022,7,5,1,3,0.41636597958948374
2022-07-06,140.1074981689453,141.2838805673682,138.3037108274626,138.56840172862474,74064300,2022,7,6,2,3,0.42292702561445794
2022-07-07,143.46998596191406,143.66604717243726,140.4603932776671,140.47019110271424,66253700,2022,7,7,3,3,0.4394737346973784
2022-07-08,144.14637756347656,144.64635079248632,142.1465295229667,142.40140757015126,64547800,2022,7,8,4,3,0.4428022389913089
2022-07-11,142.01910400390625,143.75427642973983,140.95055766241197,142.80336382609462,63141600,2022,7,11,0,3,0.43233398486006613
2022-07-12,142.98959350585938,145.5286208059207,142.19553604555907,142.89155544175705,77588800,2022,7,12,1,3,0.43710973675734466
2022-07-13,142.62689208984375,143.56799177024092,139.3232005090592,140.17608985764943,71185600,2022,7,13,2,3,0.4353248931581134
2022-07-14,145.54824829101562,146.01879814456234,140.4309718883509,141.244640047542,78140700,2022,7,14,3,3,0.4497008059240889
2022-07-15,147.21478271484375,147.8912065060331,145.2835494113212,146.83245817528143,76259900,2022,7,15,4,3,0.4579017755589585
2022-07-18,144.17581176757812,148.58725611818477,143.8130828380742,147.77358792071823,81420900,2022,7,18,0,3,0.44294708389256743
2022-07-19,148.02847290039062,148.25394254490203,144.01896354895925,145.0090823866063,82982400,2022,7,19,1,3,0.46190592237311967
2022-07-20,150.02830505371094,150.6949310490213,147.41085002655058,148.14609070693865,64823400,2022,7,20,2,3,0.4717470408821167
2022-07-21,152.2928466796875,152.50851845862235,148.94994906470606,151.45956799212024,65086600,2022,7,21,3,3,0.4828907873574355
2022-07-22,151.05763244628906,153.2045374479934,150.3910214648786,152.3320525114364,66675400,2022,7,22,4,3,0.4768123324057578
2022-07-25,149.94007873535156,151.9889458272938,149.28326552705713,150.97921649648936,53623900,2022,7,25,0,3,0.47131288161872775
2022-07-26,148.61666870117188,150.07733740905363,147.8324089141252,149.26366918886245,55138700,2022,7,26,1,3,0.46480041757981594
2022-07-27,153.7045135498047,154.2338952339947,149.1656377708993,149.5773707705413,78620700,2022,7,27,2,3,0.48983756083589103
2022-07-28,154.25347900390625,154.53776544520662,151.37133354934207,153.89075014754778,81378700,2022,7,28,3,3,0.49253900459565325
2022-07-29,159.3119354248047,160.409904944982,156.36117506106663,158.0669387195233,101786900,2022,7,29,4,3,0.5174315282147018
2022-08-01,158.3316192626953,160.3706884793457,157.72382510643268,157.84145882480365,67829400,2022,8,1,0,3,0.512607419595593
2022-08-02,156.8611602783203,159.21393969022574,156.48864846428177,156.94940053816907,59907000,2022,8,2,1,3,0.505371331755007
2022-08-03,162.86073303222656,163.31167231688755,157.58660124880873,157.67482654904526,82507500,2022,8,3,2,3,0.5348950627223852
2022-08-04,162.54701232910156,163.89986001020398,161.19416464799912,162.74307352499065,55474100,2022,8,4,3,3,0.5333512518515312
2022-08-05,162.32122802734375,162.81206933981915,160.01426786699392,160.22042780912037,56697000,2022,8,5,4,3,0.5322401735705962
2022-08-08,161.85000610351562,164.73615535552312,161.1922805564501,163.32253000929188,60276900,2022,8,8,0,3,0.5299213035650656
2022-08-09,161.89910888671875,162.78263230320212,160.25970057725633,161.0156004495246,63135500,2022,8,9,1,3,0.530162936998062
2022-08-10,166.13995361328125,166.23811287684435,163.8428051524665,164.60851631297595,70170500,2022,8,10,2,3,0.5510320161670639
2022-08-11,165.40370178222656,167.85790820975464,165.10919401506573,166.9449356294848,57149200,2022,8,11,3,3,0.5474089413455867
2022-08-12,168.94757080078125,169.01628078921996,166.29701596444957,166.70933581222894,68039400,2022,8,12,4,3,0.5648482224042775
2022-08-15,170.01760864257812,170.21394216296972,168.21131628811554,168.3782005294128,54091700,2022,8,15,0,3,0.5701138489183581
2022-08-16,169.86056518554688,170.52811724537264,168.51566461022102,169.61514449782814,56377100,2022,8,16,1,3,0.5693410424260027
2022-08-17,171.35272216796875,172.9234055360259,169.40899457207655,169.6053281206725,79542000,2022,8,17,2,3,0.5766839055126175
2022-08-18,170.9600372314453,171.69629926083016,169.9489052427666,170.56737014082248,62290100,2022,8,18,3,3,0.574751513841342
2022-08-19,168.37818908691406,170.5575254675204,168.1720291679761,169.8605242913159,70346300,2022,8,19,4,3,0.5620463107969861
2022-08-22,164.5005645751953,166.74861119438174,164.07843325743647,166.58172694573366,69026800,2022,8,22,0,3,0.5429646282218464
2022-08-23,164.16676330566406,165.61966421752064,163.59738564765863,164.01951691966545,54147100,2022,8,23,1,3,0.5413220014411655
2022-08-24,164.46127319335938,165.03065085876125,163.20472075222654,164.2551282502834,53841500,2022,8,24,2,3,0.5427712764226028
2022-08-25,166.9154815673828,167.02346724627097,165.2662620854037,165.688378388784,51218200,2022,8,25,3,3,0.5548483676997072
2022-08-26,160.6228790283203,167.91678748247466,160.56398047750997,167.44558409670634,78961000,2022,8,26,4,3,0.5238826452943973
2022-08-29,158.42393493652344,159.91608162954805,156.89251255304256,158.19813716461735,73314000,2022,8,29,0,3,0.5130617024637187
2022-08-30,155.99917602539062,159.58231130465205,154.8309714061125,159.16019500251252,77906200,2022,8,30,1,3,0.5011295311759503
2022-08-31,154.34011840820312,157.63857209111154,154.261582013457,157.37351363125413,87991100,2022,8,31,2,3,0.49296535469899505
2022-09-01,155.0666046142578,155.51817026416148,151.836860169279,153.77077627080038,74229900,2022,9,1,3,3,0.49654037315095145
2022-09-02,152.9559326171875,157.42259054092534,152.1313229947609,156.82376367669738,76957800,2022,9,2,4,3,0.486153814847894
2022-09-06,151.6994171142578,154.21252227519972,150.87480729194033,153.60388383195894,73714800,2022,9,6,1,3,0.4799705369401992
2022-09-07,153.10321044921875,153.80019664109167,150.7962505650505,151.98409298992328,87449600,2022,9,7,2,3,0.4868785649707287
2022-09-08,151.63067626953125,153.49586691377095,149.88326774543208,151.80737191866996,84923800,2022,9,8,3,3,0.4796322651516196
2022-09-09,154.48739624023438,154.92916542303703,151.91539245059826,152.62220516793604,68028800,2022,9,9,4,3,0.49369010482182973
2022-09-12,160.43637084960938,161.2511691580026,156.38203213199495,156.6667134786447,104956000,2022,9,12,0,3,0.5229648437246285
2022-09-13,151.02206420898438,157.59933535695706,150.56067213786503,156.97105902298662,122656600,2022,9,13,1,3,0.47663730209739397
2022-09-14,152.46510314941406,154.22232317214238,150.79624593389804,151.95462406702927,87965400,2022,9,14,2,3,0.4837384566629349
2022-09-15,149.57899475097656,152.3964344091801,148.6071384221947,151.8172302065752,90481100,2022,9,15,3,3,0.4695359973556983
2022-09-16,147.93955993652344,148.57766259301448,145.65223775657734,148.44022763272653,162278800,2022,9,16,4,3,0.4614683841462488
2022-09-19,151.6503143310547,151.7288507316376,146.36887246061372,146.57501740526791,81474200,2022,9,19,0,3,0.47972890350720265
2022-09-20,154.02597045898438,155.1843635395565,150.2759512881002,150.59008188296497,107689800,2022,9,20,1,3,0.4914194413619747
2022-09-21,150.90423583984375,155.83228620825895,150.78643873263653,154.45792171393398,101696800,2022,9,21,2,3,0.47605747196389525
2022-09-22,149.94219970703125,151.6405063427645,148.14571882351763,149.58879338602387,86652500,2022,9,22,3,3,0.47132331886148304
2022-09-23,147.6745147705078,148.69547312127722,145.83877299693037,148.4206031759059,96029900,2022,9,23,4,3,0.46016410424222487
2022-09-26,148.00828552246094,150.95333323742267,146.8989794231201,146.91861726875362,93339400,2022,9,26,0,3,0.4618065808467511
2022-09-27,148.98016357421875,151.88595100420483,147.20332025510484,149.94222342090066,84442700,2022,9,27,1,3,0.46658916575907083
2022-09-28,147.0952911376953,147.88064007446383,142.18687900699845,144.9355927960457,146691400,2022,9,28,2,3,0.45731376082502584
2022-09-29,139.87014770507812,144.0324877695267,138.10311583907216,143.42384928540386,128138200,2022,9,29,3,3,0.42175903057087183
2022-09-30,135.6685333251953,140.4787870882612,135.47219979960417,138.69211755301987,124925300,2022,9,30,4,3,0.40108300284880416
2022-10-03,139.84066772460938,140.44932105441077,135.16786446408517,135.67834355315813,114311700,2022,10,3,0,4,0.421613960405381
2022-10-04,143.423828125,143.54162523892447,141.61752082886468,142.3734205948832,87830100,2022,10,4,1,4,0.4392465932633155
2022-10-05,143.7183074951172,144.6803670999918,140.39040452379436,141.43100052371705,79471000,2022,10,5,2,4,0.4406957180685981
2022-10-06,142.76611328125,144.83746445591814,142.55996829483985,143.13915751475955,68402200,2022,10,6,3,4,0.4360099967760934
2022-10-07,137.52391052246094,140.47878470691822,136.8956342636469,139.9290298735793,85925600,2022,10,7,4,4,0.41021326252928114
2022-10-10,137.84788513183594,139.2909599221613,136.03178109548642,137.84788513183594,74899000,2022,10,10,0,4,0.41180753258813174
2022-10-11,136.43426513671875,138.76086345268553,135.6881916352389,137.33741147407548,77033700,2022,10,11,1,4,0.40485114783577203
2022-10-12,135.80593872070312,137.78894134975735,135.6292430799311,136.58147619996143,70433700,2022,10,12,2,4,0.40175917098557645
2022-10-13,140.3708038330078,140.9598044199806,131.90868942611982,132.5173428390662,113224000,2022,10,13,3,4,0.42422274547766103
2022-10-14,135.8452606201172,141.8727919675868,135.65873850521228,141.66663200393148,88598000,2022,10,14,4,4,0.4019526729609748
2022-10-17,139.80145263671875,140.282467627112,137.70065202144465,138.48600126569377,85250900,2022,10,17,0,4,0.4214209840465243
2022-10-18,141.11685180664062,144.01281203046764,138.03436952113134,142.8249846575733,99136600,2022,10,18,1,4,0.4278940268448137
2022-10-19,141.22483825683594,142.2948685353432,138.9080670690917,139.09458913180654,61758300,2022,10,19,2,4,0.42842542516840476
2022-10-20,140.76345825195312,143.21766459219867,140.0370077826972,140.40024050696854,64522000,2022,10,20,3,4,0.42615498697278176
2022-10-21,144.57237243652344,145.14175003074126,140.0369895251427,140.25296085326963,86548600,2022,10,21,4,4,0.44489854793549655
2022-10-24,146.71246337890625,147.47817461798252,143.3256613631015,144.49386606815804,75981900,2022,10,24,0,4,0.45542987605173524
2022-10-25,149.54954528808594,149.6968066869272,146.62413491177583,147.34075911907576,74732300,2022,10,25,1,4,0.4693910773663623
2022-10-26,146.61428833007812,149.20592954793565,145.32827166402765,148.19479776463467,88194300,2022,10,26,2,4,0.4549467593618971
2022-10-27,142.1476287841797,146.3197794029668,141.48990330767347,145.35773474859954,109180200,2022,10,27,3,4,0.4329664517358055
2022-10-28,152.88726806640625,154.6150242142885,145.11234293200243,145.48537216958695,164762400,2022,10,28,4,4,0.4858159184997012
2022-10-31,150.5312042236328,151.4147275390832,149.13721674827332,150.35450854811523,97943200,2022,10,31,0,4,0.47422179373628026
2022-11-01,147.89047241210938,152.60255171953904,146.3983256985316,152.2393339638939,80379300,2022,11,1,1,4,0.4612268258013297
2022-11-02,142.3734130859375,149.38262560122348,142.34396380900958,146.22160672381153,93604600,2022,11,2,2,4,0.43407753001674054
2022-11-03,136.3360595703125,140.18425286730874,136.20843606207234,139.45780248243508,97918500,2022,11,3,3,4,0.40436788096977905
2022-11-04,136.0706024169922,140.28900066971147,132.13735779737468,139.71867839937045,140814800,2022,11,4,4,4,0.40306157368766604
2022-11-07,136.60157775878906,136.8277351131925,133.40581664759068,134.82178704829124,83374600,2022,11,7,0,4,0.40567448860420163
2022-11-08,137.171875,139.06965789658196,135.19542542837,138.06669154902085,89908500,2022,11,8,1,4,0.4084809054961357
2022-11-09,132.6191864013672,136.23777968306217,132.34386044564616,136.18861111865357,74917800,2022,11,9,2,4,0.3860772512897973
2022-11-10,144.41888427734375,144.41888427734375,137.17188688278108,138.88285345399055,118854000,2022,11,10,3,4,0.4441432369651698
2022-11-11,147.20166015625,147.50648417895965,141.96061049585242,143.38642351170455,93979700,2022,11,11,4,4,0.457837199812415
2022-11-14,145.80535888671875,147.77198095425382,144.96953850636208,146.48384590068005,73374100,2022,11,14,0,4,0.4509660400278772
2022-11-15,147.5359649658203,151.0267217594032,146.0806689942232,149.6795905900005,89868300,2022,11,15,1,4,0.45948230449964933
2022-11-16,146.30682373046875,147.36880131400713,144.83185736513215,146.6411608430867,64218300,2022,11,16,2,4,0.45343373460276737
2022-11-17,148.20465087890625,148.95196191687904,143.71091192910288,143.98623783804743,80389400,2022,11,17,3,4,0.4627728893145049
2022-11-18,148.76512145996094,150.15159363499748,147.4671586821555,149.76810292744864,74829600,2022,11,18,4,4,0.4655309494846086
2022-11-21,145.5398712158203,147.8604860232478,145.2547175972566,147.65399909356225,58724100,2022,11,21,0,4,0.4496595825696095
2022-11-22,147.67364501953125,147.9096450709946,144.47788413446048,145.65786938764137,51804100,2022,11,22,1,4,0.46015982422181445
2022-11-23,148.54881286621094,149.29612388958984,146.84767388557262,146.9558387051269,58301400,2022,11,23,2,4,0.4644665008997242
2022-11-25,145.6382293701172,146.39538323134536,144.6647458342524,145.83488861865806,35195900,2022,11,25,4,4,0.4501436003163761
2022-11-28,141.81314086914062,144.19275214587688,140.98716307142482,142.7177853624681,69246000,2022,11,28,0,4,0.43132044599164265
2022-11-29,138.81402587890625,142.39327767480953,138.007718580844,141.8819517027843,83763800,2022,11,29,1,4,0.41656188438335817
2022-11-30,145.55955505371094,146.23804217919428,138.20439151332914,139.04019702693043,111380900,2022,11,30,2,4,0.4497564461894247
2022-12-01,145.8348846435547,146.64120704597445,144.16325857031342,145.73656252403373,71250400,2022,12,1,3,4,0.45111133545760007
2022-12-02,145.34320068359375,145.53003217962117,143.21924526160134,143.52408428382984,65447400,2022,12,2,4,4,0.4486917723403081
2022-12-05,144.18289184570312,148.40128929094377,143.3372438141924,145.30386574755366,68826400,2022,12,5,0,4,0.44298192476047005
2022-12-06,140.52496337890625,144.84169760083205,139.5514801929375,144.615540296504,64727200,2022,12,6,1,4,0.4249813603233924
2022-12-07,138.5878448486328,140.97728320609625,137.6635301739463,139.8169835109002,69721100,2022,12,7,2,4,0.41544885381241137
2022-12-08,140.26930236816406,141.1247931057231,138.7451823842777,139.98414879173407,62128300,2022,12,8,3,4,0.4237232595869548
2022-12-09,139.78753662109375,143.1406317217956,138.54855479274573,139.96452545134943,76097000,2022,12,9,4,4,0.42135250371995725
2022-12-12,142.07864379882812,142.08847150955347,138.70587850686456,140.31850830999085,70462700,2022,12,12,0,4,0.4326269785379879
2022-12-13,143.0422821044922,147.46718252429508,141.8328135242381,147.00502505789572,93886200,2022,12,13,1,4,0.4373690158885246
2022-12-14,140.82000732421875,144.2124280542218,138.80421630941913,142.9242927483946,82291200,2022,12,14,2,4,0.42643326338753784
2022-12-15,134.2219696044922,139.43352160827794,133.7598121718234,138.75503452609877,98931900,2022,12,15,3,4,0.39396450293738927
2022-12-16,132.26516723632812,135.35276341025192,131.49818579850947,134.40879318099954,160156900,2022,12,16,4,4,0.38433513280659304
2022-12-19,130.16087341308594,132.94364536804903,129.12840885731634,132.8551509782634,79592600,2022,12,19,0,4,0.37397996131987876
2022-12-20,130.09205627441406,131.0261987808424,127.72227301817315,129.19723960857664,77432800,2022,12,20,1,4,0.3736413140909123
2022-12-21,133.1894989013672,134.52680273214906,130.53456166494178,130.7607190395491,85928000,2022,12,21,2,4,0.3888837432698088
2022-12-22,130.02322387695312,132.31434056379908,128.12544063659777,132.10785363301125,77852100,2022,12,22,3,4,0.3733025917738684
2022-12-23,129.65939331054688,130.21004508793624,127.47644161865644,128.73507853958515,63814900,2022,12,23,4,4,0.3715121916569112
2022-12-27,127.85993957519533,129.21691367798962,126.57180445054809,129.18741554567987,69007800,2022,12,27,1,4,0.36265712978001796
2022-12-28,123.9365234375,128.8432433891337,123.76936236247,127.505939784758,85438400,2022,12,28,2,4,0.34335010788467246
2022-12-29,127.44696044921876,128.30243635978945,125.59833816334044,125.8539936642562,75703700,2022,12,29,3,4,0.3606248709658322
2022-12-30,127.76161193847656,127.78128236285382,125.30334153820444,126.26698977683236,77034200,2022,12,30,4,4,0.36217326220940593
2023-01-03,122.98272705078124,128.7154254385632,122.0977455022682,128.1057773178633,112117500,2023,1,3,1,1,0.3386565023440432
2023-01-04,124.25119018554688,126.51280869797894,122.99255318811517,124.77234386397704,89113600,2023,1,4,2,1,0.34489857421632364
2023-01-05,122.93354034423828,125.637645647583,122.67788488068354,125.00832719533364,80962700,2023,1,5,3,1,0.3384144559266212
2023-01-06,127.45679473876952,128.11561145155684,122.80573689838651,123.90704815865084,87754700,2023,1,6,4,1,0.36067326523170096
2023-01-09,127.97794342041016,131.18354745345354,127.72228791640812,128.292610198386,70790800,2023,1,9,0,1,0.3632378234264064
2023-01-10,128.54823303222656,129.06938662217885,125.9817909176488,128.0860756971166,63896200,2023,1,10,1,1,0.3660442027743017
2023-01-11,131.26220703125,131.28186245070447,128.28277553296553,129.0595847172529,69458900,2023,1,11,2,1,0.379399593480658
2023-01-12,131.1835479736328,132.019353473187,129.2464237509339,131.6457054280313,71379600,2023,1,12,3,1,0.37901251444178385
2023-01-13,132.51097106933594,132.66830441383743,129.4627162913207,129.82653652186357,57809700,2023,1,13,4,1,0.3855447266450456
2023-01-17,133.6713104248047,134.99877137842552,131.89151977321038,132.5798345273993,63646600,2023,1,17,1,1,0.39125472440103837
2023-01-18,132.95350646972656,136.2967583598761,132.77650266153844,134.53663801277594,69672800,2023,1,18,2,1,0.38772243106510906
2023-01-19,133.01251220703125,133.9761529962307,131.5375453850544,131.84236946093412,58280400,2023,1,19,3,1,0.3880127966603226
2023-01-20,135.56910705566406,135.71661273457056,131.98002726434026,133.02233471040634,80223600,2023,1,20,4,1,0.40059372893662104
2023-01-23,138.75503540039062,140.92815961902411,135.59860004292767,135.81492969380113,81760300,2023,1,23,0,1,0.4162715938762219
2023-01-24,140.15133666992188,140.77082749424633,137.95855701188813,137.96838472187488,66435100,2023,1,24,1,1,0.4231427536607597
2023-01-25,139.4925537109375,140.0530333983735,136.49345098511384,138.53874046691914,65799300,2023,1,25,2,1,0.4199009010081213
2023-01-26,141.55746459960938,141.8426182007582,139.53183124401357,140.78064047196506,54105100,2023,1,26,3,1,0.4300622701671277
2023-01-27,143.49456787109375,144.77287517943125,140.69214050710963,140.77080718806803,70555800,2023,1,27,4,1,0.43959470159003133
2023-01-30,140.6134796142578,143.12092578303154,140.46598895897412,142.54077586673455,64015300,2023,1,30,0,1,0.4254169462602515
2023-01-31,141.88197326660156,141.93114182979278,139.90552306108117,140.31851198443744,65874500,2023,1,31,1,1,0.43165916830868656
2023-02-01,143.00294494628906,144.16325999959267,138.96155019582764,141.56731895311415,77663600,2023,2,1,2,1,0.43717543882504883
2023-02-02,148.30299377441406,148.65697138188685,145.6972102432423,146.41502317640206,118339000,2023,2,2,3,1,0.4632568319731942
2023-02-03,151.92153930664062,154.7534795979514,145.36285717719954,145.55951636317744,154357300,2023,2,3,4,1,0.48106359408256394
2023-02-06,149.1977996826172,150.5449461888697,148.2636570715711,150.02379246889225,69858300,2023,2,6,0,1,0.467660147006687
2023-02-07,152.06906127929688,152.63938353904294,148.12598902287087,148.12598902287087,83322600,2023,2,7,1,1,0.4817895456146367
2023-02-08,149.38462829589844,152.00023955919008,148.64714493246836,151.3119247541495,64120100,2023,2,8,2,1,0.4685795254260807
2023-02-09,148.35214233398438,151.75440537570756,147.9096553354024,151.213581264491,56007100,2023,2,9,3,1,0.4634986906704228
2023-02-10,148.71649169921875,149.04148154329528,146.9536843926681,147.1900447411898,57450700,2023,2,10,4,1,0.4652916437820108
2023-02-13,151.51341247558594,151.91717418893083,148.6279039729175,148.65744714640496,62199000,2023,2,13,0,1,0.47905521327698375
2023-02-14,150.87326049804688,151.43461079325414,148.56880303013764,149.8096612758476,61707600,2023,2,14,1,1,0.4759050431668217
2023-02-15,152.97093200683594,153.13834833360136,150.55814431502776,150.7846469892343,65573800,2023,2,15,2,1,0.4862276264279547
2023-02-16,151.37554931640625,153.9557534849536,151.02101618410566,151.17857477742453,68167900,2023,2,16,3,1,0.4783767924978902
2023-02-17,150.23313903808594,150.67630162569367,148.55896091432058,150.03617955770974,59144100,2023,2,17,4,1,0.4727550232328144
2023-02-21,146.2249298095703,149.0021077790729,146.15600076088242,147.91880821074704,58867200,2023,2,21,1,1,0.45303073689148954
2023-02-22,146.6483917236328,147.67258982358598,144.92497033349784,146.60899081957194,51011300,2023,2,22,2,1,0.45511458121483284
2023-02-23,147.13096618652344,148.05669224456878,145.00378282832062,147.81048914517564,48394200,2023,2,23,3,1,0.4574893167499312
2023-02-24,144.48182678222656,144.95453250364176,143.50685714395402,144.87574571223192,55469600,2023,2,24,4,1,0.44445297528434635
2023-02-27,145.67344665527344,146.9044621404894,145.21058363066865,145.46664446890208,44998500,2023,2,27,0,1,0.45031690359896037
2023-02-28,145.17120361328125,146.8158385647427,144.6000106018143,144.8166705381309,50547000,2023,2,28,1,1,0.447845379532124
2023-03-01,143.1030731201172,144.99391093566584,142.80762642427203,144.59999202590106,55479000,2023,3,1,2,1,0.43766816678879117
2023-03-02,143.69398498535156,144.481837933212,141.71450238763347,142.1872231725768,52238100,2023,3,2,3,1,0.44057602767326043
2023-03-03,148.7362518310547,148.8150386455079,145.09244806812092,145.79165662743975,70732300,2023,3,3,4,1,0.4653888828422129
2023-03-06,151.49366760253906,153.92615502016272,151.12929188498998,151.45426669807628,87558000,2023,3,6,0,1,0.4789580493048591
2023-03-07,149.29754638671875,151.69063299374776,148.83468341689917,151.3656431408717,56182000,2023,3,7,1,1,0.468150997768495
2023-03-08,150.5482940673828,151.1391876253047,149.52409559763862,150.4892077170001,47204800,2023,3,8,2,1,0.47430589238294163
2023-03-09,148.3029022216797,152.1929083670859,147.9483691410299,151.2277963802791,53833600,2023,3,9,3,1,0.4632563814447299
2023-03-10,146.24462890625,148.64757336129242,145.3681465462101,147.92866457828163,68572400,2023,3,10,4,1,0.45312767559938216
2023-03-13,148.18470764160156,150.81415467329558,145.4567733693173,145.56510332314932,84457100,2023,3,13,0,1,0.46267474919737417
2023-03-14,150.2725372314453,151.07023295988367,147.82036369988242,148.98243524821328,73695900,2023,3,14,1,1,0.4729489006485996
2023-03-15,150.66648864746094,150.92253451978002,147.6431066809658,148.89382292012243,77167900,2023,3,15,2,1,0.4748875246302974
2023-03-16,153.48304748535156,154.0837837636838,149.33697988783769,149.84908663995225,76161100,2023,3,16,3,1,0.48874773248085346
2023-03-17,152.6459197998047,154.35949876084172,151.93685367986137,153.70951897971963,98944600,2023,3,17,4,1,0.4846282503798425
2023-03-20,155.0094757080078,155.42311016638172,151.80883520237765,152.71487589238697,73641400,2023,3,20,0,1,0.4962592433892551
2023-03-21,156.86090087890625,156.97907354545168,154.1625097854557,154.93067719913012,73938300,2023,3,21,1,1,0.5053700552576916
2023-03-22,155.43292236328125,159.67746084227036,155.41322191031108,156.8805976022137,75701800,2023,3,22,2,1,0.49834301262452096
2023-03-23,156.51625061035156,159.09646969740976,155.28523492873595,156.41777837205046,67622100,2023,3,23,3,1,0.5036740408539963
2023-03-24,157.81619262695312,157.9048221395663,155.45264879499626,156.44730394409444,59196500,2023,3,24,4,1,0.5100710194299036
2023-03-27,155.87611389160156,158.32830230982592,155.47233717929535,157.5109061704178,52390300,2023,3,27,0,1,0.5005239458319115
2023-03-28,155.2556610107422,156.08291480553032,153.61102618902072,155.57080817581272,45992200,2023,3,28,1,1,0.4974707144296421
2023-03-29,158.3282928466797,158.60403911493316,156.92986104995282,156.94954647836764,51305700,2023,3,29,2,1,0.512591050394725
2023-03-30,159.8941650390625,160.0024950198449,158.8207229739758,159.07676882534926,49501700,2023,3,30,3,1,0.520296663983144
2023-03-31,162.3955535888672,162.4940408365555,159.45097422374334,159.9729235769942,68749800,2023,3,31,4,1,0.5326059275954955
2023-04-03,163.64627075195312,163.76444342844442,161.725889623748,161.7751332479675,56976200,2023,4,3,0,2,0.5387606720337873
2023-04-04,163.11448669433594,164.30610131295074,162.60238002597387,164.06975594835677,46278300,2023,4,4,1,2,0.5361437774491506
2023-04-05,161.2729034423828,162.54332009164784,159.34267919173706,162.23803059475318,51511700,2023,4,5,2,2,0.5270813973906218
2023-04-06,162.1592254638672,162.45467221127325,159.53962067833683,159.96308282888376,45390100,2023,4,6,3,2,0.5314429634530935
2023-04-10,159.56915283203125,159.56915283203125,157.64877164706385,158.96841666370352,47716900,2023,4,10,0,2,0.5186972879350318
2023-04-11,158.35781860351562,159.89412336543904,158.0722146254148,159.88428065231392,47644200,2023,4,11,1,2,0.5127363458244478
2023-04-12,157.66845703125,159.59868074602483,157.35330987869057,158.77144201112134,50133100,2023,4,12,2,2,0.5093440166647476
2023-04-13,163.04556274414062,163.28192316496492,158.9684394039646,159.17525665056672,68445600,2023,4,13,3,2,0.5358046046036425
2023-04-14,162.7008819580078,163.79402444901268,161.3319931654023,162.09028798128088,49386500,2023,4,14,4,2,0.5341084400237924
2023-04-17,162.72055053710938,162.8781241294329,161.53877864877254,162.5826774005875,41516200,2023,4,17,0,2,0.5342052285555303
2023-04-18,163.94171142578125,164.86743742961687,163.13415809407996,163.57733566867122,49923000,2023,4,18,1,2,0.5402145273879445
2023-04-19,165.08412170410156,165.60607111909823,163.02585218946157,163.2819130529251,47720200,2023,4,19,2,2,0.5458362966530204
2023-04-20,164.11900329589844,165.3204757933169,163.04556123695718,163.56751067945328,52456400,2023,4,20,3,2,0.5410869757589781
2023-04-21,162.5137939453125,163.9220688758568,161.9918444229521,162.54333712378204,58337300,2023,4,21,4,2,0.5331877851070833
2023-04-24,162.81906127929688,163.08496487632468,161.400928797878,162.49407133338445,41949600,2023,4,24,0,2,0.5346899971830709
2023-04-25,161.28274536132812,163.78416246885476,161.24334444666383,162.68117729099055,48714100,2023,4,25,1,2,0.5271298292005294
2023-04-26,161.2729034423828,162.76982277852977,160.327491776325,160.58353763858076,45498800,2023,4,26,2,2,0.5270813973906218
2023-04-27,165.85226440429688,165.9999802574992,162.6811671878293,162.6811671878293,64902300,2023,4,27,3,2,0.5496163055562137
2023-04-28,167.1029510498047,167.2703823718156,165.33030085507357,165.93103698503495,55275900,2023,4,28,4,2,0.5557708998183507
2023-05-01,167.01434326171875,167.86128258741087,166.07877442017465,166.70905380019818,52472900,2023,5,1,0,2,0.5553348633530274
2023-05-02,165.98028564453125,167.76280882251325,164.9954731830596,167.50674796522142,48425700,2023,5,2,1,2,0.5502462945253996
2023-05-03,164.90684509277344,168.32414556576836,164.6212560883793,166.925713661642,65136000,2023,5,3,2,2,0.544963923370064
2023-05-04,163.27203369140625,164.50304913491388,161.8145156138655,162.38570858289833,81235400,2023,5,4,3,2,0.5369190618480596
2023-05-05,170.9338836669922,171.65279246173276,168.16654839153733,168.38320830672657,113453200,2023,5,5,4,2,0.5746228128767192
2023-05-08,170.86492919921875,171.2096195052504,169.49604074216262,169.86041647416434,55962800,2023,5,8,0,2,0.5742834898550564
2023-05-09,169.16123962402344,170.9043468501181,168.993823309898,170.421798364417,45326900,2023,5,9,1,2,0.5658996807517759
2023-05-10,170.92404174804688,171.38690478906514,169.28924951921832,170.39224965147537,53724500,2023,5,10,2,2,0.5745743810668117
2023-05-11,171.11111450195312,171.93835311809138,169.55510947043143,171.20960172974912,49514700,2023,5,11,3,2,0.5754949608954434
2023-05-12,170.18414306640625,171.6535334613317,168.63584185680983,171.2196142676148,45533100,2023,5,12,4,2,0.5709333601948416
2023-05-15,169.69105529785156,170.81529363826058,169.09934457223466,170.76598190315437,37266700,2023,5,15,0,2,0.5685068889744309
2023-05-16,169.69105529785156,170.74625419954612,169.42478396654107,169.6121595312474,42110300,2023,5,16,1,2,0.5685068889744309
2023-05-17,170.30250549316406,170.53917778241149,168.06388478776768,169.3360585337975,57951600,2023,5,17,2,2,0.5715158184110485
2023-05-18,172.62986755371094,172.81724313624747,170.19401507639674,170.60820660461047,65496700,2023,5,18,3,2,0.5829687025009249
2023-05-19,172.73834228515625,173.9513327998332,172.5213826746833,173.9513327998332,55809500,2023,5,19,4,2,0.5835025036429919
2023-05-22,171.79161071777344,172.2945693897219,171.05197977463047,171.57465110395842,43570900,2023,5,22,0,2,0.5788436638821881
2023-05-23,169.18812561035156,170.9829707500323,168.9119979039132,170.73642708015296,50747300,2023,5,23,1,2,0.5660319859441126
2023-05-24,169.46424865722656,170.03623176135926,168.16250594092847,168.72461766792532,45143500,2023,5,24,2,2,0.5673907797923117
2023-05-25,170.5983428955078,171.4957503105663,169.3163129553576,170.02635984381527,56058300,2023,5,25,3,2,0.5729716260552175
2023-05-26,173.00460815429688,173.33991896491864,170.71669083708804,170.92379413047703,54835000,2023,5,26,4,2,0.584812790593206
2023-05-30,174.84877014160156,176.51540772383512,174.1288668535482,174.51347436884586,55964400,2023,5,30,1,2,0.5938878605368115
2023-05-31,174.79946899414062,176.8704419237823,174.31623796446905,174.87836477742368,99625300,2023,5,31,2,2,0.5936452509588092
2023-06-01,177.60015869140625,177.62974272201325,174.4838437196236,175.24320228346932,68901800,2023,6,1,3,2,0.607427367208894
2023-06-02,178.44830322265625,179.26683000310032,176.7816656255451,178.52719900186148,61996900,2023,6,2,4,2,0.6116010629017705
2023-06-05,177.0972442626953,182.3929972823034,175.57852688511534,180.10507993454968,121946500,2023,6,5,0,2,0.6049525392666532
2023-06-06,176.73233032226562,177.6297376380402,174.97692595213158,177.4818174892389,64848400,2023,6,6,1,2,0.6031568078962022
2023-06-07,175.361572265625,178.70470351330488,174.8684849721747,175.97299569419778,61944600,2023,6,7,2,2,0.5964113455531921
2023-06-08,178.07354736328125,178.3398036598064,175.00654388250445,175.44044804834044,50214900,2023,6,8,3,2,0.609756899721412
2023-06-09,178.4581756591797,179.71060666093933,178.13273621096323,178.99070336218668,48900000,2023,6,9,4,2,0.6116496448878329
2023-06-12,181.2490234375,181.34764691680863,178.468018885392,178.7638742754878,54274900,2023,6,12,0,2,0.6253833293280102
2023-06-13,180.77569580078125,181.60407900123244,179.91772856087343,180.27275208218575,54929100,2023,6,13,1,2,0.6230540971678017
2023-06-14,181.4068298339844,181.84074910193183,179.50351991974284,180.8348467124019,57462900,2023,6,14,2,2,0.6261598902242346
2023-06-15,183.43832397460935,183.94128262941163,181.23915892536104,181.41667817053525,65433200,2023,6,15,3,2,0.636156816493787
2023-06-16,182.3634033203125,184.4047919439357,181.722395856144,184.14837692000424,101256200,2023,6,16,4,2,0.6308671617949461
2023-06-20,182.4521484375,183.5270901354668,181.8604527350327,181.8604527350327,49799100,2023,6,20,1,2,0.6313038740529657
2023-06-21,181.4166717529297,182.8466218007744,180.06560242478363,182.34366316376423,49515700,2023,6,21,2,2,0.6262083220341421
2023-06-22,184.4146728515625,184.4639845971855,181.13070922445527,181.19974867789384,51245300,2023,6,22,3,2,0.6409614022127781
2023-06-23,184.0990753173828,184.96691381940127,182.45216546765664,182.98470820219737,53117000,2023,6,23,4,2,0.639408355508407
2023-06-26,182.7085876464844,185.45015206010265,182.66913223239737,184.2470177435845,48088700,2023,6,26,0,2,0.6325658042813497
2023-06-27,185.45999145507807,185.78543087633776,183.10303478095216,183.3199943951253,50730800,2023,6,27,1,2,0.6461053860415091
2023-06-28,186.63357543945312,187.27458302156515,185.00639308619472,185.33181751858012,51216800,2023,6,28,2,2,0.6518805602486647
2023-06-29,186.9688720703125,187.44224679697888,186.32786448538863,186.46592835204143,46347300,2023,6,29,3,2,0.6535305456609285
2023-06-30,191.28829956054688,191.79124321876165,188.61575961709715,188.98065447297637,85213200,2023,6,30,4,2,0.6747863284284175
2023-07-03,189.79917907714844,191.19954526937025,189.10884478636748,191.10092178559267,31458200,2023,7,3,0,3,0.6674584078692005
2023-07-05,188.68479919433597,190.31198136153697,187.98460856583768,188.9214865295673,46920300,2023,7,5,2,3,0.6619745754022649
2023-07-06,189.1581573486328,189.36526064633148,186.5842409083175,187.21539208287064,45094300,2023,7,6,3,3,0.664303957738628
2023-07-07,188.04373168945312,190.00622420776023,187.60982758365876,188.7636498524292,46815000,2023,7,7,4,3,0.65881990000746
2023-07-10,186.0023956298828,187.36332142042107,184.4540942539423,186.6434031135775,59922200,2023,7,10,0,3,0.6487745419279999
2023-07-11,185.47972106933597,186.68285528837708,184.02018687082852,186.5447914459214,46638100,2023,7,11,1,3,0.6462024749255569
2023-07-12,187.14637756347656,189.0496875169185,185.86434744027207,187.05761040387253,60750200,2023,7,12,2,3,0.6544040452650454
2023-07-13,187.9056854248047,188.5467078881079,187.1561982107916,187.86624506525828,41342300,2023,7,13,3,3,0.6581405781714379
2023-07-14,188.05364990234372,188.53686585918996,187.00830716161784,187.6000029338883,41616200,2023,7,14,4,3,0.6588687072577545
2023-07-17,191.3080139160156,191.63345333608896,189.15814548736356,189.2468975888844,50520200,2023,7,17,0,3,0.6748833422243874
2023-07-18,191.05162048339844,191.6433313227349,189.75973403360663,190.67688432979497,48288200,2023,7,18,1,3,0.6736216372602358
2023-07-19,192.4026641845703,195.4893803490621,189.9865244553515,190.4303150490968,80507300,2023,7,19,2,3,0.6802700858072759
2023-07-20,190.4599151611328,193.7537348839622,189.8386203157028,192.3928090502892,59581200,2023,7,20,3,3,0.670709871795743
2023-07-21,189.286376953125,192.2744851317762,188.58618628535973,191.41651794617292,71951700,2023,7,21,4,3,0.6649349228528199
2023-07-24,190.08514404296875,192.21528467718613,189.59205676918677,190.73602285584008,45377800,2023,7,24,0,3,0.6688656335273072
2023-07-25,190.94314575195312,191.7518162507371,190.25282645288885,190.6571617022808,37283200,2023,7,25,1,3,0.6730878361181687
2023-07-26,191.8109588623047,192.9351972994816,190.6472800623453,190.99243214213985,47471900,2023,7,26,2,3,0.6773583203427831
2023-07-27,190.5486602783203,194.47363103189025,189.8879250921341,193.3099522093675,47460200,2023,7,27,3,3,0.6711465840537628
2023-07-28,193.12255859375,193.91150122150717,191.45592124266815,191.9785925358936,48291400,2023,7,28,4,3,0.6838126662098059
2023-07-31,193.7340240478516,193.7734794641123,192.5604737033273,193.34941650238693,38824100,2023,7,31,0,3,0.6868216707345008
2023-08-01,192.90562438964844,194.0101351852124,192.5801849485631,193.52691923606864,35175100,2023,8,1,1,3,0.682745139013749
2023-08-02,189.91749572753903,192.48154051645844,189.19759252290805,192.3434766820384,50389300,2023,8,2,2,3,0.6680406408211752
2023-08-03,188.52700805664065,189.710414639766,188.0536484329567,188.92148694956984,61235200,2023,8,3,3,3,0.661198089594118
2023-08-04,179.4739227294922,184.78940327661547,179.40488328381886,182.95511789971007,115956800,2023,8,4,4,3,0.6166481080226093
2023-08-07,176.37734985351562,180.59817633552169,174.8980878140883,179.61200164257014,97576100,2023,8,7,0,3,0.6014099588641232
2023-08-08,177.31422424316406,177.77772758258462,175.12491507972354,177.20574441802663,67823000,2023,8,8,1,3,0.6060202917269422
2023-08-09,175.72647094726562,178.42857997538025,174.5627769846933,178.36941190145535,60378500,2023,8,9,2,3,0.5982070018355656
2023-08-10,175.50950622558594,178.25107058876787,175.14462641506705,176.9986245515979,54686900,2023,8,10,3,3,0.597139324463354
2023-08-11,175.5687255859375,176.38835756307438,174.34422750725284,175.10461152163393,52036700,2023,8,11,4,3,0.5974307412916509
2023-08-14,177.21788024902344,177.44500246999712,175.09473274674426,175.74649049543365,43675600,2023,8,14,0,3,0.6055461856063891
2023-08-15,175.23300170898438,177.23763842738072,174.8380051896738,176.64514364841483,43622600,2023,8,15,1,3,0.5957786534132206
2023-08-16,174.36399841308594,176.30937200366554,174.29486573787133,174.91699954220002,46964900,2023,8,16,2,3,0.5915023123185709
2023-08-17,171.82608032226562,175.2922216904398,171.3125728746346,174.92684921501044,66062900,2023,8,17,3,3,0.5790132878489808
2023-08-18,172.30999755859375,172.9123770667114,169.8116075662743,170.14735612669347,61172200,2023,8,18,4,3,0.5813946311348884
2023-08-21,173.64312744140625,173.92951274494206,171.56937297444222,172.88275833759562,46311900,2023,8,21,0,3,0.5879549262790889
2023-08-22,175.01571655273438,175.46009132134986,174.0479647127042,174.84784230984178,42038900,2023,8,22,1,3,0.5947093991913841
2023-08-23,178.8571319580078,179.28176749229362,176.1019960768648,176.28962468028294,52722800,2023,8,23,2,3,0.61361289775891
2023-08-24,174.1763916015625,178.8374232276998,173.8110039705464,178.4127876208845,54945800,2023,8,24,3,3,0.5905791044072309
2023-08-25,176.37852478027344,176.91177162464882,173.62338845938783,175.16389608553052,51449600,2023,8,25,4,3,0.6014157406460812
2023-08-28,177.9387664794922,178.33376298082638,176.31925671498092,177.8400098200833,43820700,2023,8,28,0,3,0.6090936467339484
2023-08-29,181.81964111328125,182.5898947624316,177.25736718090633,177.4548654120463,53003900,2023,8,29,1,3,0.6281913230695692
2023-08-30,185.3055419921875,185.50305529692773,182.43191025327192,182.62940848986256,60813900,2023,8,30,2,3,0.645345344522308
2023-08-31,185.52281188964844,186.75719481874472,185.13768501849643,185.4931879048022,60794500,2023,8,31,3,3,0.6464145236560671
2023-09-01,187.0929718017578,187.54721631397277,185.9277063979524,187.12259578872167,45766500,2023,9,1,4,3,0.6541412369942289
2023-09-05,187.3299560546875,187.6064566338381,185.26607135025952,185.92769881238064,45280000,2023,9,5,1,3,0.655307429923958
2023-09-06,180.62478637695312,186.4905763861184,179.20277485131902,186.04618648324464,81755800,2023,9,6,2,3,0.6223114760825514
2023-09-07,175.3416290283203,175.98351721110967,171.3718491931888,172.99135904079122,112488800,2023,9,7,3,3,0.5963132054360615
2023-09-08,175.95388793945312,177.9881638364286,175.56876103562882,176.121777292026,65551300,2023,9,8,4,3,0.59932611454078
2023-09-11,177.119140625,178.0473990105972,175.12437356668377,177.82027676778657,58953100,2023,9,11,0,3,0.6050602906576878
2023-09-12,174.0973663330078,177.87951732730735,172.6358612060169,177.24751388848827,90370200,2023,9,12,1,3,0.5901902232544998
2023-09-13,172.03346252441406,175.08485308011382,171.80632524830068,174.30471474035696,84267900,2023,9,13,2,3,0.5800338099086002
2023-09-14,173.54434204101562,173.8998448696545,171.41132506918257,171.8260758579031,60895800,2023,9,14,3,3,0.5874688060661556
2023-09-15,172.823486328125,174.29487626046748,171.64836639188815,174.27512191376346,109259500,2023,9,15,4,3,0.583921495114751
2023-09-18,175.74649047851562,177.13887792290447,173.9689761950564,174.2751007250675,67257600,2023,9,18,0,3,0.5983055173930831
2023-09-19,176.83274841308594,177.38574949277796,174.91698390976052,175.30211073798526,51826900,2023,9,19,1,3,0.6036509625334148
2023-09-20,173.29751586914062,177.45490967025808,173.20862883503193,177.02040441249267,58436200,2023,9,20,2,3,0.5862541813265189
2023-09-21,171.75694274902344,174.09734264324985,171.6878251518227,172.36920682730067,63149100,2023,9,21,3,3,0.5786730637703894
2023-09-22,172.60621643066406,174.86761425499944,171.87547142547365,172.48772049861157,56725400,2023,9,22,4,3,0.5828523159809919
2023-09-25,173.88014221191406,174.7590223733822,171.97424687659256,172.0236252140543,46172700,2023,9,25,0,3,0.5891212693849728
2023-09-26,169.81158447265625,173.01109513731117,169.51532957863083,172.63585300181884,64588900,2023,9,26,1,3,0.5691000096976252
2023-09-27,168.3007049560547,170.8780972082127,166.93795639924983,170.4633463371719,66921800,2023,9,27,2,3,0.5616650135400699
2023-09-28,168.55746459960938,169.8807195182162,165.5258128129139,167.2243249736919,56294400,2023,9,28,3,3,0.5629285206180785
2023-09-29,169.07095336914062,170.90771561508154,168.21181267677895,169.870831028669,51861100,2023,9,29,4,3,0.5654553845979411
2023-10-02,171.57920837402344,172.12233981703872,168.79443355791753,169.08081880430257,52164500,2023,10,2,0,4,0.5777984378451119
2023-10-03,170.24609375,171.46073744550782,168.6858469308082,170.1078434596355,49594600,2023,10,3,1,4,0.5712382177889889
2023-10-04,171.49034118652344,172.03347264460572,168.83394692911625,168.95244285882518,53020300,2023,10,4,2,4,0.5773611248824732
2023-10-05,172.7247314453125,173.2579782200924,170.52258153582127,171.61871413723316,48527900,2023,10,5,3,4,0.5834355250779725
2023-10-06,175.2725067138672,175.76625988669193,171.0163417068709,171.6286058875163,57266700,2023,10,6,4,4,0.5959730564455474
2023-10-09,176.75375366210938,176.81300162773064,173.60360623261292,174.60098214625398,42390800,2023,10,9,0,4,0.6032622315568383
2023-10-10,176.16123962402344,177.4746247468579,175.72673446240606,175.87486944103904,43698000,2023,10,10,1,4,0.6003464864242446
2023-10-11,177.55364990234375,177.60302823490863,175.38113888285298,175.9736336691769,47551100,2023,10,11,2,4,0.6071984987490515
2023-10-12,178.4522705078125,180.06189553412176,176.80312172309905,177.82026707710477,56743100,2023,10,12,3,4,0.6116205858018884
2023-10-13,176.6155242919922,179.65703072033497,175.91438812346496,179.15340788479125,51427100,2023,10,13,4,4,0.6025820086638877
2023-10-16,176.48712158203125,176.84262444155877,174.3047260977915,174.5417330268598,52517000,2023,10,16,0,4,0.6019501424927673
2023-10-17,174.93673706054688,176.19087429527403,172.61610626933813,174.44298390478113,57549400,2023,10,17,1,4,0.5943207433028851
2023-10-18,173.64312744140625,175.36139405816417,172.92225196490105,173.38638119353993,54764400,2023,10,18,2,4,0.5879549262790889
2023-10-19,173.2678680419922,175.6181228712257,173.00123711265553,173.84060845589931,59302900,2023,10,19,3,4,0.586108285192177
2023-10-20,170.72010803222656,173.2283676109075,170.48310107616433,173.11974130623128,64244000,2023,10,20,4,4,0.5735708289126793
2023-10-23,170.838623046875,171.83599917885627,167.80697088494813,168.7747380957869,55980100,2023,10,23,0,4,0.5741540380096599
2023-10-24,171.2731170654297,171.50023932449824,169.30797385167378,170.88799016172553,43816600,2023,10,24,1,4,0.576292171012946
2023-10-25,168.96234130859375,170.89784530264086,168.51795139973865,169.73259505065448,57157000,2023,10,25,2,4,0.5649209076631776
2023-10-26,164.804931640625,169.2388405091802,163.600172706508,168.2414494672427,70625300,2023,10,26,3,4,0.5444624101012687
2023-10-27,166.11834716796875,166.8491074136446,164.74571371476873,164.82471604415156,58499100,2023,10,27,4,4,0.5509256914494992
2023-10-30,168.16244506835938,169.03145545417337,166.7601878982554,166.90832288755587,51131000,2023,10,30,0,4,0.5609846404709645
2023-10-31,168.63645935058594,168.76482492650203,165.80230595130433,167.23420217717043,44846000,2023,10,31,1,4,0.563317251594655
2023-11-01,171.79649353027344,172.05323977559237,167.9945877763323,168.86359824995364,56934900,2023,11,1,2,4,0.5788676920669484
2023-11-02,175.35150146484375,175.5588693503195,173.26786256268767,173.32711052996643,77334800,2023,11,2,3,4,0.5963617874221239
2023-11-03,174.44296264648438,174.61085195895754,171.18420427007575,172.06308417750907,79829200,2023,11,3,4,4,0.5918908931189925
2023-11-06,176.9907684326172,177.1882666996337,174.0085099439187,174.1763842242903,63841300,2023,11,6,0,4,0.6044285746627223
2023-11-07,179.5484161376953,180.1606652677133,176.7340169447808,176.94138484513783,70530000,2023,11,7,1,4,0.6170146880163596
2023-11-08,180.6050262451172,181.15802736111343,179.32126504404005,180.07177947416378,49340300,2023,11,8,2,4,0.6222142370223493
2023-11-09,180.1310577392578,181.8196853547634,179.53854783351557,180.67418930816277,53763500,2023,11,9,3,4,0.619881851162891
2023-11-10,184.31369018554688,184.48180071812672,181.47581782404296,181.9108954867133,66133400,2023,11,10,4,4,0.6404644693167026
2023-11-13,182.7315826416016,183.9478113332898,182.14818998578377,183.7401702602705,43627500,2023,11,13,0,4,0.6326789620139556
2023-11-14,185.34202575683597,186.0045247766197,184.214786141562,185.5991101996175,60108400,2023,11,14,1,4,0.6455248801153145
2023-11-15,185.90565490722656,187.3789832148446,185.6782334530312,185.7474572062222,53790500,2023,11,15,2,4,0.648298483517435
2023-11-16,187.58663940429688,188.8226485285232,186.5384909930313,187.4482069859036,54412900,2023,11,16,3,4,0.6565705615615798
2023-11-17,187.5668487548828,188.24912816814668,186.4593894684262,188.12057839811112,50922700,2023,11,17,4,4,0.6564731723252228
2023-11-20,189.30714416503903,189.7620021367657,187.75472463510505,187.76460727588125,46505100,2023,11,20,0,4,0.6650371177261287
2023-11-21,188.5062255859375,189.37638084971888,187.61630503925363,189.2676114417462,38134500,2023,11,21,1,4,0.6610958196327316
2023-11-22,189.16873168945312,190.77059476808083,188.69410838615653,189.34672485819107,39617700,2023,11,22,2,4,0.6643559937762497
2023-11-24,187.84371948242188,188.76330300712377,187.13177703645837,188.73363999587545,24048300,2023,11,24,4,4,0.6578356454892134
2023-11-27,187.6657257080078,188.53588093642716,186.78568783853885,187.79427548166112,40552600,2023,11,27,0,4,0.6569597430666204
2023-11-28,188.26889038085935,188.9412871423915,187.28008315178343,187.6558347269926,38415400,2023,11,28,1,4,0.6599278996772225
2023-11-29,187.25042724609372,189.9399842182602,186.8549103746581,188.7633011569372,43014200,2023,11,29,2,4,0.6549160708646733
2023-11-30,187.82395935058597,188.1898283420745,186.08366378848976,187.7151899349547,48794400,2023,11,30,3,4,0.6577384064290114
2023-12-01,189.0995178222656,189.4159283197641,187.11200544734405,188.19969953750024,45704800,2023,12,1,4,4,0.6640153942572713
2023-12-04,187.30975341796875,187.92282418358675,185.3519192531924,187.8536004326293,43389500,2023,12,4,0,4,0.655208013309512
2023-12-05,191.25511169433597,192.22413865175915,188.0513705178724,188.08104861869373,66628400,2023,12,5,1,4,0.6746230118601245
2023-12-06,190.16741943359372,192.5800964734148,189.95976327032972,192.27356863697855,41089700,2023,12,6,2,4,0.6692705084405193
2023-12-07,192.0955810546875,192.817406093886,191.42318430562543,191.4627450433353,47477700,2023,12,7,3,4,0.6787589382500807
2023-12-08,193.5194854736328,193.79635031367133,191.50231010992096,192.02637677770835,53406400,2023,12,8,4,4,0.6857659323665919
2023-12-11,191.0177764892578,191.3243194093573,189.2774811684409,190.9485678278168,60943700,2023,12,11,0,4,0.6734550919046155
2023-12-12,192.5306701660156,192.54055280703432,189.57413099725628,190.9189094878757,52696900,2023,12,12,1,4,0.6808999996883844
2023-12-13,195.74432373046875,195.7838693885932,192.6691320471581,192.90643617191267,70404200,2023,12,13,2,4,0.6967142996645779
2023-12-14,195.89260864257807,197.38570218691584,193.96443748585023,195.80361960949875,66831600,2023,12,14,3,4,0.6974440056005191
2023-12-15,195.3586578369141,196.17935458626624,194.79503045579116,195.3190970971854,128538400,2023,12,15,4,4,0.6948164485088956
2023-12-18,193.6974639892578,194.4291868327445,192.21425301938103,193.8952224343076,55751900,2023,12,18,0,4,0.6866417597011075
2023-12-19,194.73573303222656,194.74561567460933,193.6974822378966,193.964464462268,40714100,2023,12,19,1,4,0.691751052838091
2023-12-20,192.64935302734372,195.46744514462725,192.64935302734372,194.6961765577493,52242800,2023,12,20,2,4,0.6814840347542162
2023-12-21,192.50100708007807,194.8741537657828,191.3342216528088,193.9051267903215,46482500,2023,12,21,3,4,0.680754028465965
2023-12-22,191.4330902099609,193.22282892375424,190.81013681243016,192.9953923922105,37149600,2023,12,22,4,4,0.6754988391946397
2023-12-26,190.8892364501953,191.71983089218512,190.67169765519787,191.4429660781885,28919300,2023,12,26,1,4,0.6728225499407987
2023-12-27,190.9881134033203,191.3342019743918,188.9511728919884,190.33551208827305,48087700,2023,12,27,2,4,0.6733091206821963
2023-12-28,191.413330078125,192.4812438348005,191.00791544042357,191.9670597842524,34049900,2023,12,28,3,4,0.6754016001344377
2023-12-29,190.3750457763672,192.2241103808097,189.5839970121992,191.7297067892047,42672100,2023,12,29,4,4,0.6702922319093768
2024-01-02,183.56216430664065,186.3308274284663,181.8317517414996,185.05525771688224,82488700,2024,1,2,1,1,0.6367662313297722
2024-01-03,182.18772888183597,183.7994894661828,181.37689972544035,182.1580658725045,58414500,2024,1,3,2,1,0.6300026727601145
2024-01-04,179.8739471435547,181.04073256447916,178.85547678867908,180.1112512492328,71983600,2024,1,4,3,1,0.6186166170591026
2024-01-05,179.152099609375,180.7144169560074,178.15340966673114,179.953046197359,62379700,2024,1,5,4,1,0.6150644253826686
2024-01-08,183.48306274414065,183.5226234816637,179.46850790157933,180.0519005320401,59144500,2024,1,8,0,1,0.6363769747366541
2024-01-09,183.0677947998047,183.07767744176536,180.68476543102267,181.8614486084712,42841800,2024,1,9,1,1,0.6343334527108617
2024-01-10,184.1060333251953,184.31367440860305,181.8614365329183,182.2866315170422,46792900,2024,1,10,2,1,0.6394425956716905
2024-01-11,183.5127716064453,184.95643712674624,181.56481971672645,184.45213566932392,49128400,2024,1,11,3,1,0.6365231712233054
2024-01-12,183.83905029296875,184.64987951630312,183.1172251929773,183.97748271061096,40477800,2024,1,12,4,1,0.6381287795818398
2024-01-16,181.5746917724609,182.1976301200088,178.90489995610474,180.12114381484557,65603000,2024,1,16,1,1,0.6269859341634495
2024-01-17,180.63531494140625,180.8825167727283,178.281963767062,179.24110807963172,47317400,2024,1,17,2,1,0.622363286855941
2024-01-18,186.51873779296875,187.0230241166397,183.7500741577492,184.00715864056133,78005800,2024,1,18,3,1,0.6513154473783318
2024-01-19,189.4159240722656,189.80155831594575,186.70660172518024,187.2108880167613,68903000,2024,1,19,4,1,0.6655724206297433
2024-01-22,191.7198486328125,193.14373357255337,190.10808789018887,190.14764863184956,60133900,2024,1,22,0,1,0.67690996943277
2024-01-23,192.9954071044922,193.55903452389103,191.66052626402544,192.83720939883852,42355600,2024,1,23,1,1,0.6831869572610303
2024-01-24,192.32302856445312,194.18199120084623,192.16481576816375,193.23272951111284,53631300,2024,1,24,2,1,0.6798782011314497
2024-01-25,191.9967193603516,194.07322080915367,190.94858599423333,193.03497008475264,54822100,2024,1,25,3,1,0.6782724425967607
2024-01-26,190.26629638671875,192.5801018175765,189.7916731135176,192.09559590318423,44594000,2024,1,26,4,1,0.669757079181917
2024-01-29,189.58399963378903,190.04874022336423,187.45807019569023,189.86086444187637,47145600,2024,1,29,0,1,0.6663995158020418
2024-01-30,185.935302734375,189.65322753238257,185.37169046557116,188.80285272092348,55859400,2024,1,30,1,1,0.6484443796517768
2024-01-31,182.3360595703125,185.0058513431809,182.2866312758536,184.94651023142663,55467800,2024,1,31,2,1,0.630732603960288
2024-02-01,184.7685546875,184.85754373397813,181.7625867762094,181.93068222666932,64885400,2024,2,1,3,1,0.6427028449032861
2024-02-02,183.7698211669922,185.2332515745558,177.24368771791086,177.84686070362292,102551700,2024,2,2,4,1,0.6377881049747842
2024-02-05,185.5793609619141,187.13179578344227,183.75995901240583,186.04410163536497,69668800,2024,2,5,0,1,0.6466928000708233
2024-02-06,187.1812286376953,187.19111127921155,184.67954732588265,184.76853636353556,43490800,2024,2,6,1,1,0.6545755464337726
2024-02-07,187.2899932861328,188.91163664571195,186.49894443287428,188.50622203381667,53439000,2024,2,7,2,1,0.6551107742493099
2024-02-08,186.2121734619141,187.41850432812907,185.2530293001529,187.27018928785677,40962000,2024,2,8,3,1,0.6498068528157674
2024-02-09,186.9745178222656,188.10319576406224,186.1329532143,186.7764919564484,45155200,2024,2,9,4,1,0.6535583282495575
2024-02-12,185.2914123535156,186.796321504533,184.9349868995182,186.54880424779185,41781900,2024,2,12,0,1,0.6452758129626575
2024-02-13,183.20237731933597,184.3607714461939,181.68757282391297,183.9251386304961,56529500,2024,2,13,1,1,0.6349957295533196
2024-02-14,182.32122802734372,183.68752828939827,180.62821823999963,183.47962222785037,54630500,2024,2,14,2,1,0.6306596183490781
2024-02-15,182.0341033935547,182.6578517542401,179.54903541760635,181.727184392981,65434500,2024,2,15,3,1,0.6292466859970911
2024-02-16,180.49948120117188,183.0142649801448,179.86583763061847,181.5984584212064,49752500,2024,2,16,4,1,0.6216948527911385
2024-02-20,179.7569122314453,180.6182673648721,178.21240712023044,179.984623854957,53665600,2024,2,20,1,1,0.6180406915056276
2024-02-21,180.5094146728516,181.07374623255757,178.8658962581704,180.13318356154335,41371400,2024,2,21,2,1,0.6217437351295104
2024-02-22,182.53903198242188,183.1231842228548,180.64801151557128,181.6578711029192,52292200,2024,2,22,3,1,0.6317314255655456
2024-02-23,180.70741271972656,183.20237592421452,180.42028422645075,183.17267506039363,45119700,2024,2,23,4,1,0.6227180780215433
2024-02-26,179.36093139648438,180.94503297704767,178.85598645977296,180.4302078946742,40867400,2024,2,26,0,1,0.6160920808096387
2024-02-27,180.8163146972656,182.0934971193568,177.77679547469845,179.30151026553332,54318900,2024,2,27,1,1,0.6232539816297769
2024-02-28,179.61831665039062,181.30143093346825,178.34113428414614,180.6974882375532,48953900,2024,2,28,2,1,0.6173586664988199
2024-02-29,178.9549560546875,180.75688872813024,177.74707077204522,179.46979611956436,136682600,2024,2,29,3,1,0.6140942874229686
2024-03-01,177.8758087158203,178.73716395290236,175.61845249589473,177.76690051629518,73563100,2024,3,1,4,1,0.6087838333266944
2024-03-04,173.36109924316406,175.14321147352493,172.06409607852763,174.4006596751229,81510100,2024,3,4,0,1,0.5865670733449453
2024-03-05,168.4305419921875,170.33147275577412,167.93550746706842,169.0641855800497,95132400,2024,3,5,1,1,0.5623039379904636
2024-03-06,167.4404754638672,169.53943215491887,167.00484265804033,169.36121186741923,68587700,2024,3,6,2,1,0.5574318480899114
2024-03-07,167.32167053222656,169.0344857697736,166.81674075207243,167.47017484778516,71765100,2024,3,7,3,1,0.5568472123194607
2024-03-08,169.03448486328125,171.9749911536114,167.26226790901475,167.32166963491963,76267000,2024,3,8,4,1,0.5652759240930121
2024-03-11,171.03443908691406,172.6482565736913,170.34139373001014,171.2225546353428,60139500,2024,3,11,0,1,0.5751176433066282
2024-03-12,171.50965881347656,172.3017170819102,169.31170429451927,171.43045147590772,59825400,2024,3,12,1,1,0.5774561863884313
2024-03-13,169.4305419921875,171.4700820663792,169.06420612614593,171.05425482761498,52488700,2024,3,13,2,1,0.5672249102293877
2024-03-14,171.2819366455078,172.57892461566286,170.34137411890524,171.1928340614332,72913500,2024,3,14,3,1,0.5763355719216695
2024-03-15,170.90570068359375,170.90570068359375,168.5988381717502,169.47010369924573,121752700,2024,3,15,4,1,0.5744841251978056
2024-03-18,171.99478149414062,175.94516209588443,171.79677072295308,173.82641511894556,75604200,2024,3,18,0,1,0.5798434616324517
2024-03-19,174.33139038085938,174.85612585981306,171.31167623303145,172.60866449637948,55215200,2024,3,19,1,1,0.591341849097218
2024-03-20,176.89561462402344,176.89561462402344,173.35116602745083,173.97491429018868,53423100,2024,3,20,2,1,0.6039603254122045
2024-03-21,169.66810607910156,175.7273381457555,169.1433707597941,175.29170540355622,106181300,2024,3,21,3,1,0.5683939565060572
2024-03-22,170.56910705566406,171.33146450930536,168.37115239719608,170.05426688241553,71160100,2024,3,22,4,1,0.5728277572989647
2024-03-25,169.15330505371094,170.2324767040703,167.76719930445816,168.87608692531137,54288300,2024,3,25,0,1,0.5658606349515403
2024-03-26,168.024658203125,169.71766815187948,167.89594436696248,168.31177163695932,57388400,2024,3,26,1,1,0.5603065951322578
2024-03-27,171.58885192871094,171.87598039200594,168.42063422483255,168.7176579392829,60273300,2024,3,27,2,1,0.5778458935100136
2024-03-28,169.7770538330078,170.51960569647457,168.81668554767697,170.04437673388762,65672700,2024,3,28,3,1,0.568930085378523
2024-04-01,168.34144592285156,169.54933141950085,167.79690490268092,169.48992969134684,46240500,2024,4,1,0,2,0.5618654987066642
2024-04-02,167.1632537841797,167.65828830624176,166.55931106297376,167.40087579338118,49329500,2024,4,2,1,2,0.5560676479001413
2024-04-03,167.96519470214844,168.98496453257434,166.90582876011774,167.11373478373662,47691700,2024,4,3,2,2,0.5600139768947229
2024-04-04,167.14346313476562,170.2126681045212,167.14346313476562,168.59885072968464,53704400,2024,4,4,3,2,0.5559702586637845
2024-04-05,167.8959197998047,168.69787335368648,167.2721714324497,167.90581505219322,42104800,2024,4,5,4,2,0.559673077023435
2024-04-08,166.7771453857422,167.5196972486415,166.56923932419392,167.35138730592178,37425500,2024,4,8,0,2,0.554167619190215
2024-04-09,167.9850311279297,168.3909631058002,166.6781477036779,167.02466284236104,42373800,2024,4,9,1,2,0.5601115913953119
2024-04-10,166.11378479003906,167.4107728345435,165.45044033625643,167.12365945587084,49709300,2024,4,10,2,2,0.5509032401143638
2024-04-11,173.30166625976562,173.71750852250418,166.49000200344838,166.6682071669761,91070300,2024,4,11,3,2,0.5862746052835651
2024-04-12,174.7967071533203,176.58872985356905,172.47994902506244,172.52944039553972,101670900,2024,4,12,4,2,0.593631660016804
2024-04-15,170.97499084472656,174.87586450170738,170.78687534747343,173.61847284158247,73531800,2024,4,15,0,2,0.5748251001571707
2024-04-16,167.6978759765625,172.03436750787574,166.59889888763496,170.04433444727837,73711200,2024,4,16,1,2,0.5586985088671699
2024-04-17,166.3315887451172,168.9552655008738,166.3315887451172,167.9256004082147,50901200,2024,4,17,2,2,0.551975047330831
2024-04-18,165.38111877441406,166.96523521407434,164.8959946340493,166.36129252101995,43122900,2024,4,18,3,2,0.54729781099107
2024-04-19,163.3614044189453,164.7474951408098,162.4505426435407,164.55939469854349,68149400,2024,4,19,4,2,0.5373588527172517
2024-04-22,164.1930389404297,165.59893510418706,163.13367296874276,163.8762247169617,48116400,2024,4,22,0,2,0.5414513031104072
2024-04-23,165.24252319335938,165.39104261951863,163.28219064755024,163.70792820716713,49537800,2024,4,23,1,2,0.5466157859842623
2024-04-24,167.3414764404297,167.6186945681344,164.55938480415762,164.88609429896647,48251800,2024,4,24,2,2,0.5569446766438949
2024-04-25,168.2028350830078,168.9156860278579,166.4801094484109,167.84640961058278,50558300,2024,4,25,3,2,0.5611833986117792
2024-04-26,167.61868286132812,169.63841695172266,167.49986430971396,168.19292468782604,44838400,2024,4,26,4,2,0.5583088017455876
2024-04-29,171.7769775390625,174.28185098854456,171.38095596804143,171.64826373021612,68169400,2024,4,29,0,2,0.5787716544159843
2024-04-30,168.6384735107422,173.2521991943247,168.31174889120035,171.60868084411632,65934800,2024,4,30,1,2,0.5633271632208686
2024-05-01,167.61868286132812,170.9948217396029,167.43056733625505,167.8959009696714,50383100,2024,5,1,2,2,0.5583088017455876
2024-05-02,171.3116455078125,171.69777183075684,169.19289835753364,170.79680537480178,94214900,2024,5,2,3,2,0.5764817684083209
2024-05-03,181.5588836669922,185.14292911827533,180.84603267784937,184.7963988764884,163224100,2024,5,3,4,2,0.626908142915288
2024-05-06,179.90545654296875,182.3707188474722,178.62825898838415,180.53910014061185,78569700,2024,5,6,0,2,0.6187716739388844
2024-05-07,180.58860778808597,183.06378067502385,179.5193463953144,181.62818342205117,77305800,2024,5,7,1,2,0.6221334422510927
2024-05-08,180.9252166748047,181.25194126160503,179.64801918938014,181.0341248704048,45057100,2024,5,8,2,2,0.6237898852380107
2024-05-09,182.737060546875,182.826163139894,180.3014839202349,180.7470119925852,48983000,2024,5,9,3,2,0.6327059186337335
2024-05-10,181.4779510498047,183.5004246665796,180.56585391849484,183.3120539854214,50759500,2024,5,10,4,2,0.6265098757528847
2024-05-13,184.6802215576172,185.4931866387208,183.0344740478803,183.84743912898392,72044800,2024,5,13,0,2,0.6422681600233554
2024-05-14,185.8203582763672,186.68289706997305,184.6901491140281,185.8996730578337,52393600,2024,5,14,1,2,0.6478787411649022
2024-05-15,188.09068298339844,189.01268886802717,185.76085876781028,186.2962297111884,70400000,2024,5,15,2,2,0.6590509460215466
2024-05-16,188.20962524414065,189.458813878606,188.03117836935675,188.8342195613733,52845200,2024,5,16,3,2,0.6596362575846938
2024-05-17,188.2393951416016,189.17132485957904,187.55531842828847,187.88248620977504,41282900,2024,5,17,4,2,0.6597827544236547
2024-05-20,189.3993225097656,190.27176982167657,187.38675756521695,187.7040166341828,44361300,2024,5,20,0,2,0.6654907248015581
2024-05-21,190.69808959960935,191.07481584379752,189.28036268210627,189.44890089382773,42309400,2024,5,21,1,2,0.6718819215955074
2024-05-22,189.26055908203125,191.1640835786065,188.6359797615981,190.6188039117619,34648500,2024,5,22,2,2,0.6648078738258995
2024-05-23,185.27505493164065,189.35966699130785,185.0272019643745,189.33983451815809,51005900,2024,5,23,3,2,0.6451953185437105
2024-05-24,188.34841918945312,188.9432723510632,186.4250777783575,187.19839293954828,36327000,2024,5,24,4,2,0.6603192587365072
2024-05-28,188.35836791992188,191.3425125399711,187.4760118609873,189.86530324069457,52280100,2024,5,28,1,2,0.6603682161629565
2024-05-29,188.65576171875,190.5989356775744,187.8824616554793,187.98160889548623,53068000,2024,5,29,2,2,0.6618316827910179
2024-05-30,189.6471710205078,190.52952698465035,188.99285067972127,189.12172393667825,49889100,2024,5,30,3,2,0.6667103804423792
2024-05-31,190.59893798828125,190.9161970579539,188.2790377703441,189.79589676882185,75158300,2024,5,31,4,2,0.6713939992687172
2024-06-03,192.36366271972656,193.31542486412093,190.86663609575575,191.24336235629545,50080500,2024,6,3,0,2,0.6800781606815025
2024-06-04,192.680908203125,193.64257895328527,191.37223723797064,192.9684109970025,47471400,2024,6,4,1,2,0.6816393168982302
2024-06-05,194.18788146972656,195.2090347134809,193.1964693784895,193.7219165766253,54156800,2024,6,5,2,2,0.6890550905079773
2024-06-06,192.80978393554688,194.81244022862765,192.5024486640224,194.0093990023229,41181800,2024,6,6,3,2,0.6822735107997493
2024-06-07,195.1990966796875,195.24867030234284,192.4727138388465,192.97832848334124,53103900,2024,6,7,4,2,0.6940312524837728
2024-06-10,191.4614715576172,195.60558138834557,190.49980075281104,195.20900753042525,97010200,2024,6,10,0,2,0.6756385030185595
2024-06-11,205.37095642089844,205.3808802210458,191.96707924808356,191.98689659289,172373300,2024,6,11,1,2,0.7440866918885017
2024-06-12,211.2401428222656,218.30889945026047,205.1231180281253,205.58908283581823,198134300,2024,6,12,2,2,0.7729687952347003
2024-06-13,212.40011596679688,214.8885546834631,209.7827888470424,212.8958219752939,97862700,2024,6,13,3,2,0.7786769908768362
2024-06-14,210.6651306152344,213.3221073788285,209.4853479747781,212.01345147179217,70122700,2024,6,14,4,2,0.7701391761268573
2024-06-17,214.8092193603516,217.0696373326701,210.8931452933454,211.5375569916551,93728300,2024,6,17,0,2,0.7905321217972169
2024-06-18,212.4496612548828,216.75240063817128,211.1707464886947,215.72132373307372,79943300,2024,6,18,1,2,0.7789208018640766
2024-06-20,207.87924194335935,212.4000929584359,207.05638337080816,212.0927425591543,86172500,2024,6,20,3,2,0.756429895311827
2024-06-21,205.7080993652344,210.07030649667257,205.3313579313177,208.5831883662621,241805100,2024,6,21,4,2,0.745745762958128
2024-06-24,206.35247802734372,210.87331399723783,204.8157865138524,205.93608683303725,80727000,2024,6,24,0,2,0.748916732465723
2024-06-25,207.2744903564453,209.56464939365068,206.8184342324815,207.35378999494392,55549700,2024,6,25,1,2,0.7534539295411778
2024-06-26,211.4185943603516,213.01476817493463,208.8310086144187,209.68362348048936,66213200,2024,6,26,2,2,0.7738469502996147
2024-06-27,212.2613067626953,213.88722177256452,210.5263358320774,212.8462361886446,49772700,2024,6,27,3,2,0.7779939146369453
2024-06-28,208.81118774414065,214.2143951724623,208.4939437749064,213.9169685509796,82542700,2024,6,28,4,2,0.7610159747256536
2024-07-01,214.8885498046875,215.6420174745076,210.100028055994,210.26856627972688,60402900,2024,7,1,0,3,0.7909225047114953
2024-07-02,218.37831115722656,218.4873670751859,213.2527132686293,214.2936836981781,58046200,2024,7,2,1,3,0.8080955234478103
2024-07-03,219.6472930908203,219.6472930908203,217.1489310533617,218.1106017348668,37369800,2024,7,3,2,3,0.8143401483147213
2024-07-05,224.3961639404297,224.5052198536283,219.7464397478406,219.7464397478406,60412400,2024,7,5,4,3,0.8377092099318851
2024-07-08,225.8634796142578,225.89322076278884,221.3327197032473,225.13973799267995,59085900,2024,7,8,0,3,0.8449298296285316
2024-07-09,226.7160797119141,227.4298975332092,224.4259205051531,225.97252074204383,48076100,2024,7,9,1,3,0.849125451040002
2024-07-10,230.9791717529297,231.07831900756045,227.28120909695772,227.33078272427315,62627700,2024,7,10,2,3,0.8701040086258182
2024-07-11,225.6156311035156,230.39422897123265,223.83108651749723,229.40281699319425,64710600,2024,7,11,3,3,0.8437101739877103
2024-07-12,228.56011962890625,230.642090914666,226.71609267309665,226.9540370030468,53046500,2024,7,12,4,3,0.8581999202789884
2024-07-15,232.38694763183597,235.1926451763578,231.08820043911544,234.44908623752588,62631300,2024,7,15,0,3,0.8770316346445429
2024-07-16,232.8033599853516,234.24090427881208,230.33473879844303,232.98180687397965,43234300,2024,7,16,1,3,0.8790807882761383
2024-07-17,226.91439819335935,229.4722431354341,224.69362972259935,227.47949520376963,57345900,2024,7,17,2,3,0.8501013707816597
2024-07-18,222.25473022460935,228.46097889584823,220.36114484151932,228.3023493485251,66034600,2024,7,18,3,3,0.827171274064837
2024-07-19,222.38360595703125,224.8522270905052,221.3624528868853,222.88923571935769,49151500,2024,7,19,4,3,0.8278054679663563
2024-07-22,222.03663635253903,225.82382229500527,221.17409763275572,225.06043082550624,48201800,2024,7,22,0,3,0.8260980401748995
2024-07-23,223.0775909423828,224.9910238167192,220.76759935066607,222.44308791792704,39960300,2024,7,23,1,3,0.8312205488135015
2024-07-24,216.6631317138672,222.86937936668875,215.265252549738,222.0762468879687,61777600,2024,7,24,2,3,0.7996551730222655
2024-07-25,215.6221923828125,218.9533371697593,212.77682977395943,217.0498128962932,51391200,2024,7,25,3,3,0.7945327394717411
2024-07-26,216.08816528320312,217.60502442671483,214.15489978899527,216.82180047841348,41601300,2024,7,26,4,3,0.7968257791786545
2024-07-29,216.36575317382807,217.41664743865044,213.8971319294418,215.096747065996,36311800,2024,7,29,0,3,0.7981917814822813
2024-07-30,216.92095947265625,218.4378186982869,214.26396731336547,217.3076095668808,41643800,2024,7,30,1,3,0.8009239362656905
2024-07-31,220.17274475097656,221.8978068103832,218.73520059867647,219.5382417741392,50036300,2024,7,31,2,3,0.816925881347247
2024-08-01,216.48472595214844,222.5521625800544,215.15623749650504,222.4431066544272,62501000,2024,8,1,3,3,0.7987772432215835
2024-08-02,217.97183227539065,223.6625423233413,215.84030263063204,217.2679231335739,105568600,2024,8,2,4,3,0.8060952521545869
2024-08-05,207.4727935791016,211.6664621054212,194.3167520967801,197.3802115476467,119548600,2024,8,5,0,3,0.7544297741947584
2024-08-06,205.4502868652344,208.18659343179937,199.343200967242,203.5368691310161,69660500,2024,8,6,1,3,0.7444770748027804
2024-08-07,208.0180511474609,211.80523672133984,204.61750047992084,205.1231151005704,63516400,2024,8,7,2,3,0.7571129715517179
2024-08-08,211.47808837890625,212.36044444161047,207.0365669160157,211.27980900719396,47161100,2024,8,8,3,3,0.7741397187133042
2024-08-09,214.3829040527344,214.9182597959333,210.1495712142523,210.2784595957283,42201600,2024,8,9,4,3,0.7884342360034043
2024-08-12,215.9114532470703,217.8767166928247,213.9958208022464,214.46232494953352,38028100,2024,8,12,0,3,0.7959561841545612
2024-08-13,219.6236572265625,220.2390393048837,217.380462936734,217.380462936734,44155300,2024,8,13,1,3,0.8142238368828657
2024-08-14,220.0703125,221.37056313371252,218.06533789669703,218.92887503482297,41960600,2024,8,14,2,3,0.8164218150838206
2024-08-15,223.0479736328125,223.6732909687273,221.10255033510867,222.9288713384501,46414000,2024,8,15,3,3,0.8310748028553144
2024-08-16,224.3680877685547,225.1422830006272,221.98593577772976,222.25393109506464,44340200,2024,8,16,4,3,0.837571047869513
2024-08-19,224.20925903320312,224.30852103873067,221.38045847347976,224.0405257400108,40687800,2024,8,19,0,3,0.8367894560721044
2024-08-20,224.82464599609372,225.47973889834265,223.7725353535306,224.0901616619868,30299000,2024,8,20,1,3,0.839817758232685
2024-08-21,224.7154693603516,226.2837152200136,223.375523094966,224.8345868015738,34765500,2024,8,21,2,3,0.8392805030390588
2024-08-22,222.859375,226.64102413052157,222.2340576918725,226.09511339685903,43695300,2024,8,22,3,3,0.830146714218945
2024-08-23,225.15219116210935,226.52192810531065,222.66087229355688,223.98097823318813,38677300,2024,8,23,4,3,0.8414295989016415
2024-08-26,225.4896697998047,225.58893181224727,222.22415556593285,225.07279660900764,30602200,2024,8,26,0,3,0.8430903219089704
2024-08-27,226.33334350585935,227.1472495725316,223.21670725505916,224.31844891527624,35934600,2024,8,27,1,3,0.8472420167951754
2024-08-28,224.80479431152344,228.14971479709,224.0008084384826,226.22414704916855,38052200,2024,8,28,2,3,0.8397200686440186
2024-08-29,228.08026123046875,231.1869775896776,227.1770435151196,228.38796742499144,51906300,2024,8,29,3,3,0.8558385504216629
2024-08-30,227.29611206054688,228.68568922028223,225.7874174690805,228.4772602189495,52990800,2024,8,30,4,3,0.8519797741253018
2024-09-03,221.11248779296875,227.2961293418145,219.52438650802387,226.84948058831637,50190600,2024,9,3,1,3,0.8215503307686126
2024-09-04,219.20675659179688,220.1298295937355,215.86182100754212,220.01072730838987,43840200,2024,9,4,2,3,0.8121722804327943
2024-09-05,220.72537231445312,223.8022974801588,219.8717705933337,219.9809527371486,36615400,2024,9,5,3,3,0.8196453462455794
2024-09-06,219.17697143554688,223.5640821152314,218.13478104858405,222.28367202274,48423000,2024,9,6,4,3,0.812025708505756
2024-09-09,219.26632690429688,219.6236489368284,215.09757995493325,219.17700018247805,67180000,2024,9,9,0,3,0.8124654242868709
2024-09-10,218.4722595214844,219.83206111139577,215.1174037589381,217.29111136152255,51591000,2024,9,10,1,3,0.8085578407402155
2024-09-11,221.00328063964844,221.43007391385896,216.2687680395375,219.8122123833057,44587100,2024,9,11,2,3,0.8210129253988313
2024-09-12,221.11248779296875,221.8866830044339,218.1844402475294,220.84449248276732,37455600,2024,9,12,3,3,0.8215503307686126
2024-09-13,220.844482421875,222.37301734416337,220.2588759685165,221.91644846858935,36766600,2024,9,13,4,3,0.8202314837775776
2024-09-16,214.71046447753903,215.6037619118882,212.3283127438496,214.9288136198369,59357400,2024,9,16,0,3,0.7900461517604381
2024-09-17,215.17697143554688,215.28615358843467,212.904016801209,214.14471619981745,45519300,2024,9,17,1,3,0.7923418195500594
2024-09-18,219.04795837402344,221.0529328037412,215.92138686335736,215.9313221513165,59894900,2024,9,18,2,3,0.8113908388115406
2024-09-19,227.1670837402344,228.11002736409569,222.9586412306041,223.31596324984213,66781300,2024,9,19,3,3,0.8513448293430091
2024-09-20,226.50205993652344,231.35567496568984,225.9263736470506,228.25889437635817,318679900,2024,9,20,4,3,0.8480722656667238
2024-09-23,224.7849578857422,227.74278104335215,224.12986496132828,225.6484798300337,54146000,2024,9,23,0,3,0.8396224541434297
2024-09-24,225.67825317382807,227.64353192764617,224.050456167142,226.94872814757065,43556100,2024,9,24,1,3,0.844018335457262
2024-09-25,224.6856689453125,225.59882178569197,222.35316341740716,223.25638097071695,42308700,2024,9,25,2,3,0.8391338560239429
2024-09-26,225.8271484375,226.799852535932,223.73284722402752,225.608784129346,36636700,2024,9,26,3,3,0.8447510449162988
2024-09-27,226.09510803222656,227.81224676693589,225.60876359989413,226.76013618443497,34026000,2024,9,27,4,3,0.8460696666431017
2024-09-30,231.266357421875,231.266357421875,227.9412771261621,228.3283747151782,54541900,2024,9,30,0,3,0.8715172413301148
2024-10-01,224.5269012451172,227.9412933564836,222.0752779583648,227.8122709144617,63285000,2024,10,1,1,4,0.838352564578844
2024-10-02,225.0926513671875,225.67825786117984,221.3606329474616,224.2092739820147,32880600,2024,10,2,2,4,0.84113660522372
2024-10-03,223.99087524414065,225.12239234050705,221.6583697697889,223.46481998018768,34044200,2024,10,3,3,4,0.8357147955086969
2024-10-04,225.11248779296875,226.3035561118749,222.4623558611945,226.20429410810965,37245100,2024,10,4,4,4,0.8412342197243089
2024-10-07,220.0405120849609,224.0107499786272,219.68319006872076,222.8296017820206,39505400,2024,10,7,0,4,0.8162751680687049
2024-10-08,224.0901641845703,224.298593199742,221.58890998571715,222.631100497344,31855700,2024,10,8,1,4,0.8362033936281835
2024-10-09,227.83209228515625,228.0405364361267,223.15714569962597,223.55416342639623,33591100,2024,10,9,2,4,0.854617317931217
2024-10-10,227.33580017089844,227.7923841625437,225.47971892420364,226.0851807689644,28183500,2024,10,10,3,4,0.8521750782145573
2024-10-11,225.8569183349609,227.70307961960657,225.6484741750507,227.5938974682738,31759200,2024,10,11,4,4,0.8448975417552597
2024-10-14,229.5790252685547,230.00581860221664,226.89911753216435,226.99836439928595,39882100,2024,10,14,0,4,0.8632139266457816
2024-10-15,232.11004638671875,235.7229623804217,230.6410474142004,231.87182665313995,64751400,2024,10,15,1,4,0.8756690113043976
2024-10-16,230.0554351806641,230.3929017691756,228.12986736523644,229.8767817438953,34082200,2024,10,16,2,4,0.8655583265976202
2024-10-17,230.4226837158203,232.11004699556463,228.8048220166126,231.69315867439417,32993800,2024,10,17,3,4,0.8673655464439095
2024-10-18,233.25148010253903,234.4226930307779,232.26884075534687,234.4226930307779,46431500,2024,10,18,4,4,0.8812859749325211
2024-10-21,234.720458984375,235.0877162866724,232.7055644739604,232.7055644739604,36254500,2024,10,21,0,4,0.8885147792296016
2024-10-22,234.1051025390625,234.46242459274853,230.86936376892484,232.1497589598997,38846600,2024,10,22,1,4,0.8854866272451759
2024-10-23,229.04302978515625,233.39044533687328,226.0653512199268,232.33833466706656,52287000,2024,10,23,2,4,0.8605763077517891
2024-10-24,228.85446166992188,229.10260155629064,226.710529416834,228.26884002769643,31109500,2024,10,24,3,4,0.8596483692915745
2024-10-25,229.68820190429688,231.484732210271,227.8618960243761,228.03062932515897,38802300,2024,10,25,4,4,0.863751181839408
2024-10-28,231.66336059570312,232.983466430484,230.8196941830456,231.58396917060392,36087100,2024,10,28,0,4,0.8734708829272878
2024-10-29,231.93136596679688,232.5864588417728,230.5914197900792,231.36561495313973,35417200,2024,10,29,1,4,0.8747897299183226
2024-10-30,228.38792419433597,231.7328445287285,227.842013494816,230.8792428381849,47070900,2024,10,30,2,4,0.8573525513257986
2024-10-31,224.22911071777344,228.11994197442104,223.693120129287,227.63358238786927,64370100,2024,10,31,3,4,0.8368871456607708
2024-11-01,221.25143432617188,223.67328184782377,218.6310779402587,219.3258665378009,65276700,2024,11,1,4,4,0.8222340828011999
2024-11-04,220.3581085205078,221.13230364643437,218.07523400035527,219.34570882983752,44944500,2024,11,4,0,4,0.8178380513112126
2024-11-05,221.78741455078125,222.2836942947505,219.49460455688447,220.14969745378525,28111300,2024,11,5,1,4,0.8248716266071149
2024-11-06,221.06285095214844,224.387931303672,219.54423614319148,220.95366880237512,54561100,2024,11,6,2,4,0.8213060692529078
2024-11-07,225.7874298095703,226.18446269494837,222.899093187882,222.95864433437472,42137700,2024,11,7,3,4,0.8445555906508887
2024-11-08,225.51914978027344,227.20835428792037,224.9726384261151,225.72780810336752,38328800,2024,11,8,4,4,0.843235392074461
2024-11-11,222.8064727783203,224.26714170400084,220.0938084143074,223.57158868270503,42005600,2024,11,11,0,4,0.8298863838546818
2024-11-12,222.8064727783203,224.15783943194583,221.9420008205612,223.12444853772337,40398300,2024,11,12,1,4,0.8298863838546818
2024-11-13,223.6908264160156,225.2111120360391,221.34580821096,222.5878726169869,48566200,2024,11,13,2,4,0.8342382635551718
2024-11-14,226.77114868164065,227.4170160979644,223.571589608512,223.59146688403663,44923900,2024,11,14,3,4,0.8493964439112526
2024-11-15,223.57159423828125,225.47940335635096,222.8462328667566,224.96270031544069,47923700,2024,11,15,4,4,0.8336515253185547
2024-11-18,226.57241821289065,228.28149999782983,223.74050538640265,223.8199993254601,44633700,2024,11,18,0,4,0.8484184967915055
2024-11-19,226.8307647705078,228.6988344551977,225.22105418122663,225.5390147792205,36211800,2024,11,19,1,4,0.849689813029561
2024-11-20,227.5461883544922,228.4702769508748,224.45593165289552,226.61215353970655,35169600,2024,11,20,2,4,0.8532103926254199
2024-11-21,227.0692443847656,228.69883223369172,224.2770861035494,227.42695953023323,42108300,2024,11,21,3,4,0.8508633645908731
2024-11-22,228.41067504882807,229.25528492407807,226.61216818417896,226.61216818417896,38168300,2024,11,22,4,4,0.8574645076491659
2024-11-25,231.39161682128903,231.7692092379923,228.2814979784893,229.99057974831032,90152800,2024,11,25,0,4,0.8721336393572955
2024-11-26,233.56771850585935,234.07449047305911,231.84870566104107,231.84870566104107,45986200,2024,11,26,1,4,0.8828421753361421
2024-11-27,233.43853759765625,234.1937224347506,232.32565277909848,232.9814664022851,33498400,2024,11,27,2,4,0.8822064796730756
2024-11-29,235.8233337402344,236.30028225823045,232.4846637904217,233.31932748739487,28481400,2024,11,29,4,4,0.8939419952861959
2024-12-02,238.0689697265625,239.26134854667043,235.65440375298792,235.7637060292764,48137100,2024,12,2,0,4,0.9049927076336456
2024-12-03,241.10952758789065,241.21882985808796,237.3833345065081,238.28756099978403,38861000,2024,12,3,1,4,0.9199552084600838
2024-12-04,241.46725463867188,242.56027739454964,239.7184333911867,241.32814402991647,44383900,2024,12,4,2,4,0.9217155733460903
2024-12-05,241.4970550537109,242.98753231090083,240.59284370740727,242.4410361127995,40033900,2024,12,5,3,4,0.9218622203612058
2024-12-06,241.29830932617188,243.07695387436263,240.5431396985891,241.36787220390693,36870600,2024,12,6,4,4,0.9208841981533816
2024-12-09,245.1835021972656,245.6703968797777,240.2152448072501,240.29473874492052,44649200,2024,12,9,0,4,0.9400031244148995
2024-12-10,246.1970367431641,246.63424582967983,243.7824557106041,245.32261857013248,36914800,2024,12,10,1,4,0.9449906997784566
2024-12-11,244.92518615722656,249.20782208911243,244.69663537468304,246.38585520914904,45205800,2024,12,11,2,4,0.9387319583529986
2024-12-12,246.3858337402344,247.1608807008323,244.12029436088807,245.3226193526416,32777500,2024,12,12,3,4,0.945919764559832
2024-12-13,246.5547332763672,247.7073574078961,244.6767326870094,246.24670376010008,33155300,2024,12,13,4,4,0.9467509144883085
2024-12-16,249.44625854492188,249.78411156803347,246.07778066556844,246.41563368868003,51694800,2024,12,16,0,4,0.9609800300630137
2024-12-17,251.8707733154297,252.2185573987637,248.19426586582333,248.49236434269267,51356400,2024,12,17,1,4,0.9729109999415441
2024-12-18,246.47525024414065,252.66569465886903,246.1672207142497,250.559158393614,56774100,2024,12,18,2,4,0.9463597806932561
2024-12-19,248.2041778564453,250.4001541333824,245.5213220945425,245.92872280957204,60882300,2024,12,19,3,4,0.9548677854765167
2024-12-20,252.8743896484375,253.3811464831127,244.13025293349912,246.4653249902114,147495300,2024,12,20,4,4,0.9778497680548063
2024-12-23,253.64942932128903,254.02700659111463,251.840976266006,253.15260355822255,40858800,2024,12,23,0,4,0.9816637167689736
2024-12-24,256.5608215332031,256.5707374276886,253.66927695641888,253.868019379837,23234700,2024,12,24,1,4,0.9959905970204225
2024-12-26,257.3755798339844,258.4487403486908,255.9944201288889,256.55086249805703,27237100,2024,12,26,3,4,1.0
2024-12-27,253.96739196777344,257.0576640072936,251.4534547993944,256.19316170058187,42355300,2024,12,27,4,4,0.983228402125338
2024-12-30,250.59890747070312,251.890657464443,249.15811581542044,250.6287158030117,35557500,2024,12,30,0,4,0.966652183428009
2024-12-31,248.8302001953125,251.6720440162376,247.84647977817443,250.837380417288,39480700,2024,12,31,1,4,0.9579484240270285
