ds,trend,yhat_lower,yhat_upper,trend_lower,trend_upper,additive_terms,additive_terms_lower,additive_terms_upper,weekly,weekly_lower,weekly_upper,yearly,yearly_lower,yearly_upper,multiplicative_terms,multiplicative_terms_lower,multiplicative_terms_upper,yhat
2023-03-15,317.1134423860016,272.3967260558781,297.604465069923,317.1134423860016,317.1134423860016,-31.29558585437076,-31.29558585437076,-31.29558585437076,10.654020379549918,10.654020379549918,10.654020379549918,-41.94960623392068,-41.94960623392068,-41.94960623392068,0.0,0.0,0.0,285.81785653163087
2023-03-16,316.94269310758995,272.7554076742008,298.18184595242633,316.94269310758995,316.94269310758995,-31.615842148049563,-31.615842148049563,-31.615842148049563,10.51362618729353,10.51362618729353,10.51362618729353,-42.12946833534309,-42.12946833534309,-42.12946833534309,0.0,0.0,0.0,285.32685095954037
2023-03-17,316.7719438291782,273.7137512202542,299.2922043056719,316.7719438291782,316.7719438291782,-31.12691455305455,-31.12691455305455,-31.12691455305455,11.096092542677061,11.096092542677061,11.096092542677061,-42.22300709573161,-42.22300709573161,-42.22300709573161,0.0,0.0,0.0,285.64502927612364
2023-03-20,316.2596959939432,272.49589850899434,296.92818144772957,316.2596959939432,316.2596959939432,-31.425158769035516,-31.425158769035516,-31.425158769035516,10.605585704795866,10.605585704795866,10.605585704795866,-42.03074447383138,-42.03074447383138,-42.03074447383138,0.0,0.0,0.0,284.83453722490765
2023-03-21,316.08894671553156,272.234581428863,297.03511020467954,316.08894671553156,316.08894671553156,-31.277081919825285,-31.277081919825285,-31.277081919825285,10.55600872270455,10.55600872270455,10.55600872270455,-41.83309064252984,-41.83309064252984,-41.83309064252984,0.0,0.0,0.0,284.8118647957063
2023-03-22,315.9181974371199,271.65132496458995,297.787796741647,315.9181974371199,315.9181974371199,-30.93061968268895,-30.93061968268895,-30.93061968268895,10.654020379550161,10.654020379550161,10.654020379550161,-41.58464006223911,-41.58464006223911,-41.58464006223911,0.0,0.0,0.0,284.98757775443096
2023-03-23,315.74744815870815,273.1035319412875,297.0081076809107,315.74744815870815,315.74744815870815,-30.783252458064,-30.783252458064,-30.783252458064,10.513626187289638,10.513626187289638,10.513626187289638,-41.29687864535364,-41.29687864535364,-41.29687864535364,0.0,0.0,0.0,284.96419570064415
2023-03-24,315.5766988802965,273.84353131220814,298.1404208120225,315.5766988802965,315.5766988802965,-29.88606175091902,-29.88606175091902,-29.88606175091902,11.096092542678154,11.096092542678154,11.096092542678154,-40.98215429359717,-40.98215429359717,-40.98215429359717,0.0,0.0,0.0,285.6906371293775
2023-03-27,315.06445104506145,273.1437182050542,298.1522000913467,315.06445104506145,315.06445104506145,-29.39991699430026,-29.39991699430026,-29.39991699430026,10.605585704683437,10.605585704683437,10.605585704683437,-40.0055026989837,-40.0055026989837,-40.0055026989837,0.0,0.0,0.0,285.6645340507612
2023-03-28,314.8937017666498,273.64475348605794,297.74882833254253,314.8937017666498,314.8937017666498,-29.155627071093488,-29.155627071093488,-29.155627071093488,10.556008722693583,10.556008722693583,10.556008722693583,-39.71163579378707,-39.71163579378707,-39.71163579378707,0.0,0.0,0.0,285.73807469555635
2023-03-29,314.72295248823815,273.06284285894634,298.93584166538585,314.72295248823815,314.72295248823815,-28.799265370405237,-28.799265370405237,-28.799265370405237,10.654020379549504,10.654020379549504,10.654020379549504,-39.45328574995474,-39.45328574995474,-39.45328574995474,0.0,0.0,0.0,285.9236871178329
2023-03-30,314.5522032098264,273.48753677524104,298.59519668624125,314.5522032098264,314.5522032098264,-28.72693757114592,-28.72693757114592,-28.72693757114592,10.513626187274141,10.513626187274141,10.513626187274141,-39.24056375842006,-39.24056375842006,-39.24056375842006,0.0,0.0,0.0,285.8252656386805
2023-03-31,314.38145393141474,274.7273211912959,298.0762959746042,314.38145393141474,314.38145393141474,-27.98590290186486,-27.98590290186486,-27.98590290186486,11.096092542624737,11.096092542624737,11.096092542624737,-39.0819954444896,-39.0819954444896,-39.0819954444896,0.0,0.0,0.0,286.3955510295499
2023-04-03,313.8692060961797,273.3730464164173,297.1083601865227,313.8692060961797,313.8692060961797,-28.38153325359108,-28.38153325359108,-28.38153325359108,10.605585704709975,10.605585704709975,10.605585704709975,-38.98711895830105,-38.98711895830105,-38.98711895830105,0.0,0.0,0.0,285.4876728425886
2023-04-04,313.6984568177681,273.1299160438453,297.4796155197202,313.6984568177681,313.6984568177681,-28.533881229447264,-28.533881229447264,-28.533881229447264,10.55600872269879,10.55600872269879,10.55600872269879,-39.08988995214605,-39.08988995214605,-39.08988995214605,0.0,0.0,0.0,285.1645755883208
2023-04-05,313.52770753935636,272.45001949100634,297.1999282834399,313.52770753935636,313.52770753935636,-28.60354015524476,-28.60354015524476,-28.60354015524476,10.65402037954968,10.65402037954968,10.65402037954968,-39.257560534794436,-39.257560534794436,-39.257560534794436,0.0,0.0,0.0,284.92416738411157
2023-04-06,313.3569582609447,271.1446338399156,297.9086632152032,313.3569582609447,313.3569582609447,-28.971422984046512,-28.971422984046512,-28.971422984046512,10.513626187270251,10.513626187270251,10.513626187270251,-39.48504917131677,-39.48504917131677,-39.48504917131677,0.0,0.0,0.0,284.38553527689817
2023-04-10,312.673961147298,270.18908142704197,295.4211383419416,312.673961147298,312.673961147298,-30.20495207056084,-30.20495207056084,-30.20495207056084,10.60558570470821,10.60558570470821,10.60558570470821,-40.81053777526905,-40.81053777526905,-40.81053777526905,0.0,0.0,0.0,282.4690090767371
2023-04-11,312.50321186888624,268.4120528369672,293.7764094612883,312.50321186888624,312.50321186888624,-30.626536674878402,-30.626536674878402,-30.626536674878402,10.55600872267166,10.55600872267166,10.55600872267166,-41.18254539755006,-41.18254539755006,-41.18254539755006,0.0,0.0,0.0,281.8766751940078
2023-04-12,312.3324625904746,268.4362174801866,293.92684358092765,312.3324625904746,312.3324625904746,-30.885981895183388,-30.885981895183388,-30.885981895183388,10.654020379549861,10.654020379549861,10.654020379549861,-41.54000227473325,-41.54000227473325,-41.54000227473325,0.0,0.0,0.0,281.44648069529126
2023-04-13,312.16171331206294,268.54535078749706,293.1729478079249,312.16171331206294,312.16171331206294,-31.352082622366297,-31.352082622366297,-31.352082622366297,10.51362618729568,10.51362618729568,10.51362618729568,-41.865708809661974,-41.865708809661974,-41.865708809661974,0.0,0.0,0.0,280.80963068969663
2023-04-14,311.9909640336512,268.8600591262209,293.78433263427706,311.9909640336512,311.9909640336512,-31.0459727996023,-31.0459727996023,-31.0459727996023,11.096092542709583,11.096092542709583,11.096092542709583,-42.14206534231189,-42.14206534231189,-42.14206534231189,0.0,0.0,0.0,280.9449912340489
2023-04-17,311.4787161984162,267.35085444753696,292.17856894097275,311.4787161984162,311.4787161984162,-31.896327063941886,-31.896327063941886,-31.896327063941886,10.60558570470645,10.60558570470645,10.60558570470645,-42.50191276864833,-42.50191276864833,-42.50191276864833,0.0,0.0,0.0,279.5823891344743
2023-04-18,311.2930942142847,266.9950073325881,293.0157665311157,311.2930942142847,311.2930942142847,-31.85564209855663,-31.85564209855663,-31.85564209855663,10.556008722716976,10.556008722716976,10.556008722716976,-42.411650821273604,-42.411650821273604,-42.411650821273604,0.0,0.0,0.0,279.43745211572804
2023-04-19,311.1074722301532,267.3042672932567,292.4934491074751,311.1074722301532,311.1074722301532,-31.538714937954243,-31.538714937954243,-31.538714937954243,10.654020379550037,10.654020379550037,10.654020379550037,-42.19273531750428,-42.19273531750428,-42.19273531750428,0.0,0.0,0.0,279.56875729219894
2023-04-20,310.9218502460216,266.668200433797,290.9528378248367,310.9218502460216,310.9218502460216,-31.320185441496847,-31.320185441496847,-31.320185441496847,10.513626187291786,10.513626187291786,10.513626187291786,-41.83381162878863,-41.83381162878863,-41.83381162878863,0.0,0.0,0.0,279.6016648045248
2023-04-21,310.73622826189006,268.3567244499568,293.5866678271649,310.73622826189006,310.73622826189006,-30.229714656041562,-30.229714656041562,-30.229714656041562,11.096092542710677,11.096092542710677,11.096092542710677,-41.325807198752244,-41.325807198752244,-41.325807198752244,0.0,0.0,0.0,280.5065136058485
2023-04-24,310.1793623094955,270.22462587332717,295.1269780601719,310.1793623094955,310.1793623094955,-28.24988113538461,-28.24988113538461,-28.24988113538461,10.605585704761284,10.605585704761284,10.605585704761284,-38.855466840145894,-38.855466840145894,-38.855466840145894,0.0,0.0,0.0,281.9294811741109
2023-04-25,309.99374032536394,271.3868273207674,295.64313709867224,309.99374032536394,309.99374032536394,-27.157226073824106,-27.157226073824106,-27.157226073824106,10.556008722706013,10.556008722706013,10.556008722706013,-37.71323479653012,-37.71323479653012,-37.71323479653012,0.0,0.0,0.0,282.8365142515398
2023-04-26,309.80811834123244,270.66117330794174,295.7416427435516,309.80811834123244,309.80811834123244,-25.763068874864874,-25.763068874864874,-25.763068874864874,10.654020379550282,10.654020379550282,10.654020379550282,-36.41708925441516,-36.41708925441516,-36.41708925441516,0.0,0.0,0.0,284.0450494663676
2023-04-27,309.6224963571009,272.9704743998092,297.68399813297907,309.6224963571009,309.6224963571009,-24.460902255393353,-24.460902255393353,-24.460902255393353,10.513626187302554,10.513626187302554,10.513626187302554,-34.97452844269591,-34.97452844269591,-34.97452844269591,0.0,0.0,0.0,285.1615941017075
2023-04-28,309.4368743729694,273.1607439046142,299.08574170120215,309.4368743729694,309.4368743729694,-22.299588683510745,-22.299588683510745,-22.299588683510745,11.09609254271177,11.09609254271177,11.09609254271177,-33.395681226222514,-33.395681226222514,-33.395681226222514,0.0,0.0,0.0,287.1372856894586
2023-05-01,308.88000842057477,279.7724788881922,303.4712308851256,308.88000842057477,308.88000842057477,-17.371809504307002,-17.371809504307002,-17.371809504307002,10.605585704759525,10.605585704759525,10.605585704759525,-27.977395209066522,-27.977395209066522,-27.977395209066522,0.0,0.0,0.0,291.50819891626776
2023-05-02,308.69438643644327,279.99175274916485,306.1759284529308,308.69438643644327,308.69438643644327,-15.4428549410477,-15.4428549410477,-15.4428549410477,10.556008722711217,10.556008722711217,10.556008722711217,-25.998863663758918,-25.998863663758918,-25.998863663758918,0.0,0.0,0.0,293.25153149539557
2023-05-03,308.5087644523117,282.86693043681424,308.0396580574896,308.5087644523117,308.5087644523117,-13.311010207204058,-13.311010207204058,-13.311010207204058,10.65402037955046,10.65402037955046,10.65402037955046,-23.96503058675452,-23.96503058675452,-23.96503058675452,0.0,0.0,0.0,295.19775424510766
2023-05-04,308.3231424681802,284.62722056432426,308.6021553405739,308.3231424681802,308.3231424681802,-11.382100875530842,-11.382100875530842,-11.382100875530842,10.513626187272397,10.513626187272397,10.513626187272397,-21.89572706280324,-21.89572706280324,-21.89572706280324,0.0,0.0,0.0,296.94104159264936
2023-05-05,308.13752048404865,286.6745089805228,312.11671900813536,308.13752048404865,308.13752048404865,-8.714962060350016,-8.714962060350016,-8.714962060350016,11.09609254265835,11.09609254265835,11.09609254265835,-19.81105460300837,-19.81105460300837,-19.81105460300837,0.0,0.0,0.0,299.42255842369866
2023-05-08,307.5806545316541,292.4115373897701,317.0643999002049,307.5806545316541,307.5806545316541,-3.0554893306075264,-3.0554893306075264,-3.0554893306075264,10.605585704786055,10.605585704786055,10.605585704786055,-13.661075035393582,-13.661075035393582,-13.661075035393582,0.0,0.0,0.0,304.52516520104655
2023-05-09,307.3950325475225,293.4769104919368,319.2430327562889,307.3950325475225,307.3950325475225,-1.1507729810269463,-1.1507729810269463,-1.1507729810269463,10.55600872271642,10.55600872271642,10.55600872271642,-11.706781703743365,-11.706781703743365,-11.706781703743365,0.0,0.0,0.0,306.24425956649554
2023-05-10,307.209410563391,295.0489023927569,320.5860009312923,307.209410563391,307.209410563391,0.8266519124574517,0.8266519124574517,0.8266519124574517,10.654020379549802,10.654020379549802,10.654020379549802,-9.82736846709235,-9.82736846709235,-9.82736846709235,0.0,0.0,0.0,308.03606247584844
2023-05-11,307.0237885792595,297.1410520701555,321.52195037393255,307.0237885792595,307.0237885792595,2.4773259758943613,2.4773259758943613,2.4773259758943613,10.513626187283167,10.513626187283167,10.513626187283167,-8.036300211388806,-8.036300211388806,-8.036300211388806,0.0,0.0,0.0,309.50111455515383
2023-05-12,306.8381665951279,299.1539276190052,323.67950711209363,306.8381665951279,306.8381665951279,4.751243147933157,4.751243147933157,4.751243147933157,11.096092542659447,11.096092542659447,11.096092542659447,-6.344849394726289,-6.344849394726289,-6.344849394726289,0.0,0.0,0.0,311.5894097430611
2023-05-15,306.28130064273336,303.17258026079116,327.81342686608036,306.28130064273336,306.28130064273336,8.660992366623212,8.660992366623212,8.660992366623212,10.605585704701925,10.605585704701925,10.605585704701925,-1.9445933380787122,-1.9445933380787122,-1.9445933380787122,0.0,0.0,0.0,314.94229300935655
2023-05-16,306.0956786586018,303.23749554174555,329.06077195188163,306.0956786586018,306.0956786586018,9.84071130163955,9.84071130163955,9.84071130163955,10.556008722689288,10.556008722689288,10.556008722689288,-0.7152974210497365,-0.7152974210497365,-0.7152974210497365,0.0,0.0,0.0,315.93638996024134
2023-05-17,305.9100563759423,304.59237573196157,330.0173688901017,305.9100563759423,305.9100563759423,11.04928244591694,11.04928244591694,11.04928244591694,10.654020379550817,10.654020379550817,10.654020379550817,0.3952620663661253,0.3952620663661253,0.3952620663661253,0.0,0.0,0.0,316.95933882185926
2023-05-18,305.72443409328287,305.0267276546751,329.13159090200116,305.72443409328287,305.72443409328287,11.904374421136025,11.904374421136025,11.904374421136025,10.513626187279272,10.513626187279272,10.513626187279272,1.390748233856754,1.390748233856754,1.390748233856754,0.0,0.0,0.0,317.6288085144189
2023-05-19,305.5388118106234,305.5510823187216,331.44861586055515,305.5388118106234,305.5388118106234,13.373157260655583,13.373157260655583,13.373157260655583,11.096092542633285,11.096092542633285,11.096092542633285,2.2770647180223,2.2770647180223,2.2770647180223,0.0,0.0,0.0,318.911969071279
2023-05-22,304.98194496264495,306.4232456606732,332.321350071299,304.98194496264495,304.98194496264495,14.974509415183505,14.974509415183505,14.974509415183505,10.60558570472846,10.60558570472846,10.60558570472846,4.368923710455044,4.368923710455044,4.368923710455044,0.0,0.0,0.0,319.95645437782844
2023-05-23,304.79632267998545,306.69485239679574,332.30258037107694,304.79632267998545,304.79632267998545,15.470214247164913,15.470214247164913,15.470214247164913,10.556008722694491,10.556008722694491,10.556008722694491,4.914205524470423,4.914205524470423,4.914205524470423,0.0,0.0,0.0,320.26653692715036
2023-05-24,304.61070039732596,308.01546952057896,333.4215220773047,304.61070039732596,304.61070039732596,16.0587951097505,16.0587951097505,16.0587951097505,10.654020379550161,10.654020379550161,10.654020379550161,5.404774730200337,5.404774730200337,5.404774730200337,0.0,0.0,0.0,320.6694955070765
2023-05-25,304.4250781146665,306.9457528910297,333.0010749368766,304.4250781146665,304.4250781146665,16.368003975888488,16.368003975888488,16.368003975888488,10.513626187290042,10.513626187290042,10.513626187290042,5.854377788598447,5.854377788598447,5.854377788598447,0.0,0.0,0.0,320.793082090555
2023-05-26,304.239455832007,309.56594011479183,333.9888765260327,304.239455832007,304.239455832007,17.3730307095968,17.3730307095968,17.3730307095968,11.096092542717038,11.096092542717038,11.096092542717038,6.276938166879759,6.276938166879759,6.276938166879759,0.0,0.0,0.0,321.6124865416038
2023-05-30,303.4969667013691,309.34134301655445,334.3828023795883,303.4969667013691,303.4969667013691,18.519525161224045,18.519525161224045,18.519525161224045,10.556008722707475,10.556008722707475,10.556008722707475,7.963516438516569,7.963516438516569,7.963516438516569,0.0,0.0,0.0,322.01649186259317
2023-05-31,303.3113444187096,309.5906924656688,335.70102459416967,303.3113444187096,303.3113444187096,19.098019663983695,19.098019663983695,19.098019663983695,10.654020379550404,10.654020379550404,10.654020379550404,8.443999284433291,8.443999284433291,8.443999284433291,0.0,0.0,0.0,322.4093640826933
2023-06-01,303.1257221360501,309.71567470570284,334.91592898225974,303.1257221360501,303.1257221360501,19.48142666219528,19.48142666219528,19.48142666219528,10.513626187286146,10.513626187286146,10.513626187286146,8.967800474909133,8.967800474909133,8.967800474909133,0.0,0.0,0.0,322.6071487982454
2023-06-02,302.9400998533906,310.2122320583588,335.85080889403275,302.9400998533906,302.9400998533906,20.638331699348786,20.638331699348786,20.638331699348786,11.096092542690874,11.096092542690874,11.096092542690874,9.542239156657915,9.542239156657915,9.542239156657915,0.0,0.0,0.0,323.5784315527394
2023-06-05,302.3832330054122,312.0236356056976,336.7169559437823,302.3832330054122,302.3832330054122,22.22296512895222,22.22296512895222,22.22296512895222,10.605585704753237,10.605585704753237,10.605585704753237,11.617379424198985,11.617379424198985,11.617379424198985,0.0,0.0,0.0,324.60619813436443
2023-06-06,302.1976107227527,313.1217210694761,338.69695619519,302.1976107227527,302.1976107227527,22.98981441782427,22.98981441782427,22.98981441782427,10.556008722712676,10.556008722712676,10.556008722712676,12.433805695111591,12.433805695111591,12.433805695111591,0.0,0.0,0.0,325.187425140577
2023-06-07,302.0119884400932,314.0732212840429,338.84968652015056,302.0119884400932,302.0119884400932,23.966163411830273,23.966163411830273,23.966163411830273,10.654020379550584,10.654020379550584,10.654020379550584,13.312143032279689,13.312143032279689,13.312143032279689,0.0,0.0,0.0,325.9781518519235
2023-06-08,301.82636615743377,313.60369604337086,339.08374159371544,301.82636615743377,301.82636615743377,24.76343044705341,24.76343044705341,24.76343044705341,10.513626187311582,10.513626187311582,10.513626187311582,14.249804259741829,14.249804259741829,14.249804259741829,0.0,0.0,0.0,326.58979660448716
2023-06-09,301.6407438747743,314.4297050466998,340.42684291744104,301.6407438747743,301.6407438747743,26.338930103086557,26.338930103086557,26.338930103086557,11.096092542664715,11.096092542664715,11.096092542664715,15.24283756042184,15.24283756042184,15.24283756042184,0.0,0.0,0.0,327.97967397786084
2023-06-12,301.08387702679585,317.6066166001838,343.8106425633732,301.08387702679585,301.08387702679585,29.103394806955013,29.103394806955013,29.103394806955013,10.605585704751476,10.605585704751476,10.605585704751476,18.497809102203536,18.497809102203536,18.497809102203536,0.0,0.0,0.0,330.18727183375086
2023-06-13,300.89825474413635,319.1236592788543,344.114286773928,300.89825474413635,300.89825474413635,30.207726841134356,30.207726841134356,30.207726841134356,10.556008722701714,10.556008722701714,10.556008722701714,19.65171811843264,19.65171811843264,19.65171811843264,0.0,0.0,0.0,331.1059815852707
2023-06-14,300.71263246147686,319.22064808412404,345.0555165280104,300.71263246147686,300.71263246147686,31.48118241978361,31.48118241978361,31.48118241978361,10.654020379550762,10.654020379550762,10.654020379550762,20.827162040232846,20.827162040232846,20.827162040232846,0.0,0.0,0.0,332.1938148812605
2023-06-15,300.5270101788174,320.3504785885977,346.46977890466377,300.5270101788174,300.5270101788174,32.52960380606762,32.52960380606762,32.52960380606762,10.513626187307688,10.513626187307688,10.513626187307688,22.01597761875993,22.01597761875993,22.01597761875993,0.0,0.0,0.0,333.056613984885
2023-06-16,300.3413878961579,322.3090816441356,347.1480312315952,300.3413878961579,300.3413878961579,34.306098627715826,34.306098627715826,34.306098627715826,11.09609254274847,11.09609254274847,11.09609254274847,23.21000608496736,23.21000608496736,23.21000608496736,0.0,0.0,0.0,334.64748652387374
2023-06-20,299.5988987322074,325.25517060915826,350.56299654181475,299.5988987322074,299.5988987322074,38.440746130753425,38.440746130753425,38.440746130753425,10.556008722690752,10.556008722690752,10.556008722690752,27.88473740806268,27.88473740806268,27.88473740806268,0.0,0.0,0.0,338.0396448629608
2023-06-21,299.41327644121975,326.46214368607116,352.1545508796713,299.41327644121975,299.41327644121975,39.6480512127645,39.6480512127645,39.6480512127645,10.654020379550103,10.654020379550103,10.654020379550103,28.994030833214396,28.994030833214396,28.994030833214396,0.0,0.0,0.0,339.0613276539842
2023-06-22,299.22765415023207,326.91189669477706,352.74655937412246,299.22765415023207,299.22765415023207,40.58186486833569,40.58186486833569,40.58186486833569,10.513626187277527,10.513626187277527,10.513626187277527,30.068238681058162,30.068238681058162,30.068238681058162,0.0,0.0,0.0,339.80951901856776
2023-06-23,299.04203185924445,328.7243788350553,354.44491675402287,299.04203185924445,299.04203185924445,42.1990954601216,42.1990954601216,42.1990954601216,11.096092542749563,11.096092542749563,11.096092542749563,31.103002917372038,31.103002917372038,31.103002917372038,0.0,0.0,0.0,341.24112731936606
2023-06-26,298.4851649862815,330.63130718771055,356.1453999008243,298.4851649862815,298.4851649862815,44.54411561142865,44.54411561142865,44.54411561142865,10.605585704722175,10.605585704722175,10.605585704722175,33.938529906706485,33.938529906706485,33.938529906706485,0.0,0.0,0.0,343.02928059771017
2023-06-27,298.2995426952939,331.59058103672356,356.72984586528815,298.2995426952939,298.2995426952939,45.34300470520101,45.34300470520101,45.34300470520101,10.556008722719898,10.556008722719898,10.556008722719898,34.78699598248111,34.78699598248111,34.78699598248111,0.0,0.0,0.0,343.6425474004949
2023-06-28,298.11392040430627,330.7013713125918,356.96752809102554,298.11392040430627,298.11392040430627,46.23914394056005,46.23914394056005,46.23914394056005,10.654020379549449,10.654020379549449,10.654020379549449,35.5851235610106,35.5851235610106,35.5851235610106,0.0,0.0,0.0,344.3530643448663
2023-06-29,297.92829811331865,331.8487242722332,356.7052105285312,297.92829811331865,297.92829811331865,46.84612499487254,46.84612499487254,46.84612499487254,10.513626187288299,10.513626187288299,10.513626187288299,36.332498807584244,36.332498807584244,36.332498807584244,0.0,0.0,0.0,344.7744231081912
2023-06-30,297.74267582233097,333.93344509552696,358.1652983835754,297.74267582233097,297.74267582233097,48.1251866253136,48.1251866253136,48.1251866253136,11.096092542696145,11.096092542696145,11.096092542696145,37.02909408261746,37.02909408261746,37.02909408261746,0.0,0.0,0.0,345.8678624476446
2023-07-03,297.1858089493681,334.3202880656867,359.7783049120895,297.1858089493681,297.1858089493681,49.42321676261853,49.42321676261853,49.42321676261853,10.605585704748712,10.605585704748712,10.605585704748712,38.81763105786981,38.81763105786981,38.81763105786981,0.0,0.0,0.0,346.60902571198665
2023-07-05,296.8145643673928,334.55898778357295,359.47595141457776,296.8145643673928,296.8145643673928,50.41809330288033,50.41809330288033,50.41809330288033,10.654020379549623,10.654020379549623,10.654020379549623,39.76407292333071,39.76407292333071,39.76407292333071,0.0,0.0,0.0,347.2326576702731
2023-07-06,296.62894207640517,335.0493966733762,358.298192067326,296.62894207640517,296.62894207640517,50.67850872676548,50.67850872676548,50.67850872676548,10.513626187299067,10.513626187299067,10.513626187299067,40.16488253946641,40.16488253946641,40.16488253946641,0.0,0.0,0.0,347.30745080317064
2023-07-07,296.44331978541754,335.84709470923156,360.083036590134,296.44331978541754,296.44331978541754,51.6138066864696,51.6138066864696,51.6138066864696,11.096092542697239,11.096092542697239,11.096092542697239,40.51771414377237,40.51771414377237,40.51771414377237,0.0,0.0,0.0,348.05712647188716
2023-07-10,295.8864529124546,334.76913015747385,359.4805392443301,295.8864529124546,295.8864529124546,51.89265972521013,51.89265972521013,51.89265972521013,10.605585704746952,10.605585704746952,10.605585704746952,41.28707402046318,41.28707402046318,41.28707402046318,0.0,0.0,0.0,347.77911263766475
2023-07-11,295.700830621467,335.6549542529185,360.24135811489487,295.700830621467,295.700830621467,52.00172485560063,52.00172485560063,52.00172485560063,10.556008722697975,10.556008722697975,10.556008722697975,41.445716132902646,41.445716132902646,41.445716132902646,0.0,0.0,0.0,347.7025554770676
2023-07-12,295.51520833047937,335.8287243966153,360.5545757449498,295.51520833047937,295.51520833047937,52.20833291577656,52.20833291577656,52.20833291577656,10.6540203795498,10.6540203795498,10.6540203795498,41.55431253622675,41.55431253622675,41.55431253622675,0.0,0.0,0.0,347.72354124625593
2023-07-13,295.3295860394917,334.947023771969,360.13697647884504,295.3295860394917,295.3295860394917,52.12564154833006,52.12564154833006,52.12564154833006,10.513626187268908,10.513626187268908,10.513626187268908,41.61201536106115,41.61201536106115,41.61201536106115,0.0,0.0,0.0,347.45522758782175
2023-07-14,295.14396374850406,335.5875384951038,360.6622739837232,295.14396374850406,295.14396374850406,52.714042990046515,52.714042990046515,52.714042990046515,11.096092542671075,11.096092542671075,11.096092542671075,41.61795044737544,41.61795044737544,41.61795044737544,0.0,0.0,0.0,347.85800673855056
2023-07-17,294.5870968755411,334.17644693126647,359.6648235373965,294.5870968755411,294.5870968755411,51.923118221923694,51.923118221923694,51.923118221923694,10.605585704773489,10.605585704773489,10.605585704773489,41.317532517150205,41.317532517150205,41.317532517150205,0.0,0.0,0.0,346.51021509746477
2023-07-18,294.40147458455345,333.2532805078641,359.3429575537105,294.40147458455345,294.40147458455345,51.6656980242985,51.6656980242985,51.6656980242985,10.556008722703176,10.556008722703176,10.556008722703176,41.109689301595324,41.109689301595324,41.109689301595324,0.0,0.0,0.0,346.06717260885193
2023-07-19,294.21585229356583,333.0680459650357,358.2062160830085,294.21585229356583,294.21585229356583,51.501916288864045,51.501916288864045,51.501916288864045,10.654020379550046,10.654020379550046,10.654020379550046,40.847895909314,40.847895909314,40.847895909314,0.0,0.0,0.0,345.71776858242987
2023-07-20,294.03164231547754,332.995617318102,357.411886382304,294.03164231547754,294.03164231547754,51.046292039039415,51.046292039039415,51.046292039039415,10.513626187279677,10.513626187279677,10.513626187279677,40.53266585175974,40.53266585175974,40.53266585175974,0.0,0.0,0.0,345.07793435451697
2023-07-21,293.8474323373892,332.4051117454023,358.0247012406202,293.8474323373892,293.8474323373892,51.26106520784981,51.26106520784981,51.26106520784981,11.096092542672165,11.096092542672165,11.096092542672165,40.16497266517765,40.16497266517765,40.16497266517765,0.0,0.0,0.0,345.108497545239
2023-07-24,293.29480240312415,329.8622745977184,354.31406252718847,293.29480240312415,293.29480240312415,49.370070878177415,49.370070878177415,49.370070878177415,10.605585704689355,10.605585704689355,10.605585704689355,38.76448517348806,38.76448517348806,38.76448517348806,0.0,0.0,0.0,342.66487328130154
2023-07-25,293.1105924250358,328.7579353474359,354.0720665174016,293.1105924250358,293.1105924250358,48.76296759188081,48.76296759188081,48.76296759188081,10.55600872269221,10.55600872269221,10.55600872269221,38.206958869188604,38.206958869188604,38.206958869188604,0.0,0.0,0.0,341.8735600169166
2023-07-26,292.92638244694746,328.7253132987985,353.1922478323773,292.92638244694746,292.92638244694746,48.26362403762875,48.26362403762875,48.26362403762875,10.65402037954939,10.65402037954939,10.65402037954939,37.609603658079365,37.609603658079365,37.609603658079365,0.0,0.0,0.0,341.1900064845762
2023-07-27,292.7421724688591,327.6147305095796,352.5128521561861,292.7421724688591,292.7421724688591,47.49007751809592,47.49007751809592,47.49007751809592,10.513626187275785,10.513626187275785,10.513626187275785,36.97645133082014,36.97645133082014,36.97645133082014,0.0,0.0,0.0,340.232249986955
2023-07-28,292.5579624907708,327.91849833074554,351.97773882963776,292.5579624907708,292.5579624907708,47.40803718801721,47.40803718801721,47.40803718801721,11.096092542646003,11.096092542646003,11.096092542646003,36.31194464537121,36.31194464537121,36.31194464537121,0.0,0.0,0.0,339.965999678788
2023-07-31,292.0053325565058,324.4947500077522,349.7959502912303,292.0053325565058,292.0053325565058,44.78497920730996,44.78497920730996,44.78497920730996,10.605585704715889,10.605585704715889,10.605585704715889,34.17939350259407,34.17939350259407,34.17939350259407,0.0,0.0,0.0,336.79031176381574
2023-08-01,291.8211225784174,322.561526106757,348.58611837987456,291.8211225784174,291.8211225784174,43.99553860497391,43.99553860497391,43.99553860497391,10.556008722697413,10.556008722697413,10.556008722697413,33.439529882276496,33.439529882276496,33.439529882276496,0.0,0.0,0.0,335.81666118339126
2023-08-02,291.636912600329,322.5777218407689,348.3022160631651,291.636912600329,291.636912600329,43.34800320231318,43.34800320231318,43.34800320231318,10.654020379550403,10.654020379550403,10.654020379550403,32.69398282276278,32.69398282276278,32.69398282276278,0.0,0.0,0.0,334.9849158026422
2023-08-03,291.4527026222407,321.58493135218947,347.0308871697423,291.4527026222407,291.4527026222407,42.46156522242152,42.46156522242152,42.46156522242152,10.513626187301215,10.513626187301215,10.513626187301215,31.947939035120303,31.947939035120303,31.947939035120303,0.0,0.0,0.0,333.9142678446622
2023-08-04,291.26849264415233,321.2695191517124,346.5913614411149,291.26849264415233,291.26849264415233,42.30247426289607,42.30247426289607,42.30247426289607,11.09609254272976,11.09609254272976,11.09609254272976,31.206381720166313,31.206381720166313,31.206381720166313,0.0,0.0,0.0,333.5709669070484
2023-08-07,290.71586270988735,317.44462585348055,343.4021426153194,290.71586270988735,290.71586270988735,39.659224041074395,39.659224041074395,39.659224041074395,10.60558570471413,10.60558570471413,10.60558570471413,29.05363833636027,29.05363833636027,29.05363833636027,0.0,0.0,0.0,330.3750867509617
2023-08-08,290.531652731799,316.86164961843593,341.4248420702915,290.531652731799,290.531652731799,38.92894275533105,38.92894275533105,38.92894275533105,10.55600872268645,10.55600872268645,10.55600872268645,28.372934032644597,28.372934032644597,28.372934032644597,0.0,0.0,0.0,329.46059548713004
2023-08-09,290.34744275371065,315.5616864079077,341.99108483724456,290.34744275371065,290.34744275371065,38.36989983317089,38.36989983317089,38.36989983317089,10.654020379549813,10.654020379549813,10.654020379549813,27.715879453621074,27.715879453621074,27.715879453621074,0.0,0.0,0.0,328.71734258688156
2023-08-10,290.1632327756223,314.6495912183768,340.6777863004703,290.1632327756223,290.1632327756223,37.598412924769086,37.598412924769086,37.598412924769086,10.513626187297321,10.513626187297321,10.513626187297321,27.08478673747177,27.08478673747177,27.08478673747177,0.0,0.0,0.0,327.7616457003914
2023-08-11,289.97902279753396,314.6690917959467,339.79288618511777,289.97902279753396,289.97902279753396,37.57749960923568,37.57749960923568,37.57749960923568,11.096092542703596,11.096092542703596,11.096092542703596,26.48140706653208,26.48140706653208,26.48140706653208,0.0,0.0,0.0,327.55652240676966
2023-08-14,289.4263928632689,312.322690685416,337.7845708683174,289.4263928632689,289.4263928632689,35.452518215534056,35.452518215534056,35.452518215534056,10.605585704768963,10.605585704768963,10.605585704768963,24.846932510765093,24.846932510765093,24.846932510765093,0.0,0.0,0.0,324.87891107880296
2023-08-15,289.24218288518057,311.3968107998859,336.89952053032863,289.24218288518057,289.24218288518057,34.91732394351442,34.91732394351442,34.91732394351442,10.556008722715603,10.556008722715603,10.556008722715603,24.361315220798815,24.361315220798815,24.361315220798815,0.0,0.0,0.0,324.159506828695
2023-08-16,289.0579729070922,311.3346829669153,335.87410473620815,289.0579729070922,289.0579729070922,34.55858532862866,34.55858532862866,34.55858532862866,10.654020379550825,10.654020379550825,10.654020379550825,23.904564949077837,23.904564949077837,23.904564949077837,0.0,0.0,0.0,323.6165582357209
2023-08-17,288.8737629290039,309.57648735888085,334.658372424124,288.8737629290039,288.8737629290039,33.98936029747884,33.98936029747884,33.98936029747884,10.51362618729343,10.51362618729343,10.51362618729343,23.475734110185417,23.475734110185417,23.475734110185417,0.0,0.0,0.0,322.8631232264827
2023-08-18,288.6895529509155,309.3393625991875,336.40185724213626,288.6895529509155,288.6895529509155,34.16973101026521,34.16973101026521,34.16973101026521,11.096092542704689,11.096092542704689,11.096092542704689,23.07363846756052,23.07363846756052,23.07363846756052,0.0,0.0,0.0,322.8592839611807
2023-08-21,289.4498184807521,308.71243600827034,333.2405789151163,289.4498184807521,289.4498184807521,32.619531351993245,32.619531351993245,32.619531351993245,10.605585704767199,10.605585704767199,10.605585704767199,22.013945647226045,22.013945647226045,22.013945647226045,0.0,0.0,0.0,322.0693498327454
2023-08-22,289.703240324031,309.32945067192463,333.9565935051445,289.703240324031,289.703240324031,32.260824523454474,32.260824523454474,32.260824523454474,10.55600872270464,10.55600872270464,10.55600872270464,21.70481580074983,21.70481580074983,21.70481580074983,0.0,0.0,0.0,321.9640648474855
2023-08-23,289.9566621673099,309.3532011380577,334.92072489946264,289.9566621673099,289.9566621673099,32.0695171709363,32.0695171709363,32.0695171709363,10.654020379550174,10.654020379550174,10.654020379550174,21.415496791386133,21.415496791386133,21.415496791386133,0.0,0.0,0.0,322.0261793382462
2023-08-24,290.2100840105888,308.45728561002807,333.58239169204086,290.2100840105888,290.2100840105888,31.658462507552418,31.658462507552418,31.658462507552418,10.5136261873042,10.5136261873042,10.5136261873042,21.14483632024822,21.14483632024822,21.14483632024822,0.0,0.0,0.0,321.8685465181412
2023-08-25,290.4635058538677,310.41528117293734,334.98029320702454,290.4635058538677,290.4635058538677,31.98795076481655,31.98795076481655,31.98795076481655,11.096092542651272,11.096092542651272,11.096092542651272,20.891858222165276,20.891858222165276,20.891858222165276,0.0,0.0,0.0,322.45145661868423
2023-08-28,291.2237713837043,309.73637488486804,335.54260472637736,291.2237713837043,291.2237713837043,30.837720039080196,30.837720039080196,30.837720039080196,10.605585704765437,10.605585704765437,10.605585704765437,20.232134334314757,20.232134334314757,20.232134334314757,0.0,0.0,0.0,322.06149142278446
2023-08-29,291.47719322698316,309.42576912211996,335.42904652065073,291.47719322698316,291.47719322698316,30.59991087239203,30.59991087239203,30.59991087239203,10.55600872270984,10.55600872270984,10.55600872270984,20.043902149682186,20.043902149682186,20.043902149682186,0.0,0.0,0.0,322.0771040993752
2023-08-30,291.73061507026205,309.40384058624227,334.70601654415475,291.73061507026205,291.73061507026205,30.52518543776697,30.52518543776697,30.52518543776697,10.654020379550346,10.654020379550346,10.654020379550346,19.871165058216626,19.871165058216626,19.871165058216626,0.0,0.0,0.0,322.25580050802904
2023-08-31,291.98403691354093,309.66362754935994,334.90842349696595,291.98403691354093,291.98403691354093,30.22746319699347,30.22746319699347,30.22746319699347,10.513626187259378,10.513626187259378,10.513626187259378,19.71383700973409,19.71383700973409,19.71383700973409,0.0,0.0,0.0,322.2115001105344
2023-09-01,292.2374587568198,310.9991546923981,335.55691886882613,292.2374587568198,292.2374587568198,30.6679229662448,30.6679229662448,30.6679229662448,11.096092542652364,11.096092542652364,11.096092542652364,19.571830423592438,19.571830423592438,19.571830423592438,0.0,0.0,0.0,322.90538172306464
2023-09-05,293.25114612993536,309.91784442296705,334.639687289088,293.25114612993536,293.25114612993536,29.707362679886867,29.707362679886867,29.707362679886867,10.556008722722826,10.556008722722826,10.556008722722826,19.151353957164048,19.151353957164048,19.151353957164048,0.0,0.0,0.0,322.9585088098222
2023-09-06,293.5045679732142,310.5703127195532,335.78240667614745,293.5045679732142,293.5045679732142,29.733769472805324,29.733769472805324,29.733769472805324,10.654020379550527,10.654020379550527,10.654020379550527,19.0797490932548,19.0797490932548,19.0797490932548,0.0,0.0,0.0,323.2383374460195
2023-09-07,293.7579898164931,311.69466288012234,336.6497005173729,293.7579898164931,293.7579898164931,29.532686603074605,29.532686603074605,29.532686603074605,10.513626187284808,10.513626187284808,10.513626187284808,19.019060415789802,19.019060415789802,19.019060415789802,0.0,0.0,0.0,323.29067641956766
2023-09-08,294.0114116597719,310.9882929268882,336.6022895053211,294.0114116597719,294.0114116597719,30.06342338945504,30.06342338945504,30.06342338945504,11.096092542653457,11.096092542653457,11.096092542653457,18.967330846801584,18.967330846801584,18.967330846801584,0.0,0.0,0.0,324.074835049227
2023-09-11,294.77167718960857,311.45102221843297,336.71130567286565,294.77167718960857,294.77167718960857,29.445030896190485,29.445030896190485,29.445030896190485,10.605585704679546,10.605585704679546,10.605585704679546,18.83944519151094,18.83944519151094,18.83944519151094,0.0,0.0,0.0,324.21670808579904
2023-09-12,295.02509903288745,311.98033540380015,336.9731350171477,295.02509903288745,295.02509903288745,29.35085792351023,29.35085792351023,29.35085792351023,10.556008722728027,10.556008722728027,10.556008722728027,18.7948492007822,18.7948492007822,18.7948492007822,0.0,0.0,0.0,324.37595695639766
2023-09-13,295.27852087616634,311.5305071590235,337.527040591272,295.27852087616634,295.27852087616634,29.396742833659143,29.396742833659143,29.396742833659143,10.654020379550703,10.654020379550703,10.654020379550703,18.74272245410844,18.74272245410844,18.74272245410844,0.0,0.0,0.0,324.67526370982546
2023-09-14,295.5319427194452,311.4838406937995,337.26376120129873,295.5319427194452,295.5319427194452,29.192278736197498,29.192278736197498,29.192278736197498,10.513626187280916,10.513626187280916,10.513626187280916,18.67865254891658,18.67865254891658,18.67865254891658,0.0,0.0,0.0,324.72422145564275
2023-09-15,295.7853645627241,312.928390199049,338.5623469135012,295.7853645627241,295.7853645627241,29.694114754223225,29.694114754223225,29.694114754223225,11.096092542627295,11.096092542627295,11.096092542627295,18.598022211595932,18.598022211595932,18.598022211595932,0.0,0.0,0.0,325.47947931694733
2023-09-18,296.5456300925607,312.6202932264618,337.66956654492463,296.5456300925607,296.5456300925607,28.815447175728398,28.815447175728398,28.815447175728398,10.605585704734377,10.605585704734377,10.605585704734377,18.20986147099402,18.20986147099402,18.20986147099402,0.0,0.0,0.0,325.36107726828914
2023-09-19,296.7990519358396,313.7145807101275,337.8824905259743,296.7990519358396,296.7990519358396,28.572736948870283,28.572736948870283,28.572736948870283,10.556008722700897,10.556008722700897,10.556008722700897,18.016728226169388,18.016728226169388,18.016728226169388,0.0,0.0,0.0,325.3717888847099
2023-09-20,297.6032556858393,313.6641825843566,338.18526686835224,297.6032556858393,297.6032556858393,28.43904940513569,28.43904940513569,28.43904940513569,10.65402037955005,10.65402037955005,10.65402037955005,17.785029025585636,17.785029025585636,17.785029025585636,0.0,0.0,0.0,326.042305090975
2023-09-21,298.40745943583903,314.1434257505944,338.747378571115,298.40745943583903,298.40745943583903,28.02514826541582,28.02514826541582,28.02514826541582,10.513626187291683,10.513626187291683,10.513626187291683,17.511522078124134,17.511522078124134,17.511522078124134,0.0,0.0,0.0,326.4326077012548
2023-09-22,299.21166318583874,315.4955548265868,339.90191952719044,299.21166318583874,299.21166318583874,28.289761694090835,28.289761694090835,28.289761694090835,11.09609254271105,11.09609254271105,11.09609254271105,17.193669151379787,17.193669151379787,17.193669151379787,0.0,0.0,0.0,327.5014248799296
2023-09-25,301.62427443583783,315.1048983675957,341.29283021096273,301.62427443583783,301.62427443583783,26.56721016059013,26.56721016059013,26.56721016059013,10.605585704732617,10.605585704732617,10.605585704732617,15.961624455857512,15.961624455857512,15.961624455857512,0.0,0.0,0.0,328.191484596428
2023-09-26,302.42847818583755,315.36298002010454,340.7245293270514,302.42847818583755,302.42847818583755,26.01494605917101,26.01494605917101,26.01494605917101,10.556008722706098,10.556008722706098,10.556008722706098,15.45893733646491,15.45893733646491,15.45893733646491,0.0,0.0,0.0,328.44342424500854
2023-09-27,303.23268193583726,316.498229525578,340.80851543905766,303.23268193583726,303.23268193583726,25.567368373048545,25.567368373048545,25.567368373048545,10.65402037955029,10.65402037955029,10.65402037955029,14.913347993498254,14.913347993498254,14.913347993498254,0.0,0.0,0.0,328.80005030888583
2023-09-28,304.036885685837,316.95085012827013,341.55874301689016,304.036885685837,304.036885685837,24.84200512909194,24.84200512909194,24.84200512909194,10.513626187302457,10.513626187302457,10.513626187302457,14.328378941789486,14.328378941789486,14.328378941789486,0.0,0.0,0.0,328.8788908149289
2023-09-29,304.8410894358367,317.4935138821928,342.6471500452792,304.8410894358367,304.8410894358367,24.804729251578454,24.804729251578454,24.804729251578454,11.096092542657631,11.096092542657631,11.096092542657631,13.708636708920825,13.708636708920825,13.708636708920825,0.0,0.0,0.0,329.64581868741516
2023-10-02,307.2537006858358,317.62086072458254,342.7853361771311,307.2537006858358,307.2537006858358,22.307203880842643,22.307203880842643,22.307203880842643,10.605585704759156,10.605585704759156,10.605585704759156,11.701618176083489,11.701618176083489,11.701618176083489,0.0,0.0,0.0,329.5609045666784
2023-10-03,308.0579044358355,316.46445057426325,342.28772210334813,308.0579044358355,308.0579044358355,21.563782348278284,21.563782348278284,21.563782348278284,10.556008722711303,10.556008722711303,10.556008722711303,11.007773625566982,11.007773625566982,11.007773625566982,0.0,0.0,0.0,329.62168678411376
2023-10-04,308.8621081858352,317.28758257744636,342.2721849054971,308.8621081858352,308.8621081858352,20.969288293616554,20.969288293616554,20.969288293616554,10.654020379549632,10.654020379549632,10.654020379549632,10.31526791406692,10.31526791406692,10.31526791406692,0.0,0.0,0.0,329.83139647945177
2023-10-05,309.6663119358349,317.6263468985474,342.6713551724789,309.6663119358349,309.6663119358349,20.146524033849,20.146524033849,20.146524033849,10.513626187313223,10.513626187313223,10.513626187313223,9.632897846535775,9.632897846535775,9.632897846535775,0.0,0.0,0.0,329.81283596968393
2023-10-06,310.47051568583464,317.5072527666561,342.75194887655,310.47051568583464,310.47051568583464,20.065621216280018,20.065621216280018,20.065621216280018,11.096092542658722,11.096092542658722,11.096092542658722,8.969528673621296,8.969528673621296,8.969528673621296,0.0,0.0,0.0,330.53613690211466
2023-10-09,312.88312693583373,317.84362064872823,343.8865586582001,312.88312693583373,312.88312693583373,17.7839140538422,17.7839140538422,17.7839140538422,10.605585704675022,10.605585704675022,10.605585704675022,7.178328349167175,7.178328349167175,7.178328349167175,0.0,0.0,0.0,330.6670409896759
2023-10-10,313.68733068583344,317.5555596477083,344.0257825872677,313.68733068583344,313.68733068583344,17.22901818207307,17.22901818207307,17.22901818207307,10.556008722684169,10.556008722684169,10.556008722684169,6.6730094593889016,6.6730094593889016,6.6730094593889016,0.0,0.0,0.0,330.9163488679065
2023-10-11,314.49153443583316,318.3558196533947,344.4260364797649,314.49153443583316,314.49153443583316,16.878110922498596,16.878110922498596,16.878110922498596,10.654020379550646,10.654020379550646,10.654020379550646,6.224090542947949,6.224090542947949,6.224090542947949,0.0,0.0,0.0,331.36964535833175
2023-10-12,315.2957381858329,318.7525242056381,345.0196727828074,315.2957381858329,315.2957381858329,16.349777707814212,16.349777707814212,16.349777707814212,10.513626187309328,10.513626187309328,10.513626187309328,5.836151520504884,5.836151520504884,5.836151520504884,0.0,0.0,0.0,331.6455158936471
2023-10-13,316.0999419358326,319.4206384245251,345.5600822202314,316.0999419358326,316.0999419358326,16.608473751595252,16.608473751595252,16.608473751595252,11.09609254274248,11.09609254274248,11.09609254274248,5.512381208852772,5.512381208852772,5.512381208852772,0.0,0.0,0.0,332.7084156874278
2023-10-16,318.5125531858317,321.80019821479715,346.0153370836322,318.5125531858317,318.5125531858317,15.540323190107486,15.540323190107486,15.540323190107486,10.605585704701557,10.605585704701557,10.605585704701557,4.93473748540593,4.93473748540593,4.93473748540593,0.0,0.0,0.0,334.05287637593915
2023-10-17,319.3167569358314,322.0447474808315,348.1343980104102,319.3167569358314,319.3167569358314,15.424142935406259,15.424142935406259,15.424142935406259,10.556008722689372,10.556008722689372,10.556008722689372,4.868134212716888,4.868134212716888,4.868134212716888,0.0,0.0,0.0,334.7408998712377
2023-10-18,320.1209606858311,322.92705155676697,347.87597159786907,320.1209606858311,320.1209606858311,15.511797525440224,15.511797525440224,15.511797525440224,10.654020379549989,10.654020379549989,10.654020379549989,4.857777145890234,4.857777145890234,4.857777145890234,0.0,0.0,0.0,335.6327582112713
2023-10-19,320.9251644358308,323.5816949183742,349.4796810060068,320.9251644358308,320.9251644358308,15.410928547419012,15.410928547419012,15.410928547419012,10.513626187293836,10.513626187293836,10.513626187293836,4.897302360125179,4.897302360125179,4.897302360125179,0.0,0.0,0.0,336.33609298324984
2023-10-20,321.740017488744,325.2396351237913,349.77477479456036,321.740017488744,321.740017488744,16.07505402708701,16.07505402708701,16.07505402708701,11.096092542743575,11.096092542743575,11.096092542743575,4.978961484343436,4.978961484343436,4.978961484343436,0.0,0.0,0.0,337.815071515831
2023-10-23,324.18457664748337,327.2737372953216,352.36734569198575,324.18457664748337,324.18457664748337,15.988078251369995,15.988078251369995,15.988078251369995,10.605585704728094,10.605585704728094,10.605585704728094,5.382492546641902,5.382492546641902,5.382492546641902,0.0,0.0,0.0,340.17265489885335
2023-10-24,324.99942970039655,328.11916519217624,353.51764655761497,324.99942970039655,324.99942970039655,16.09052983462771,16.09052983462771,16.09052983462771,10.556008722718525,10.556008722718525,10.556008722718525,5.534521111909181,5.534521111909181,5.534521111909181,0.0,0.0,0.0,341.08995953502426
2023-10-25,325.81428275330967,329.3117637638892,354.5882407147033,325.81428275330967,325.81428275330967,16.33067596590653,16.33067596590653,16.33067596590653,10.65402037954933,10.65402037954933,10.65402037954933,5.676655586357197,5.676655586357197,5.676655586357197,0.0,0.0,0.0,342.1449587192162
2023-10-26,326.6291358062228,331.7306787126054,355.6201381643427,326.6291358062228,326.6291358062228,16.311377539191678,16.311377539191678,16.311377539191678,10.51362618728994,10.51362618728994,10.51362618728994,5.797751351901737,5.797751351901737,5.797751351901737,0.0,0.0,0.0,342.94051334541444
2023-10-27,327.44398885913597,331.56651434977175,357.3245140968718,327.44398885913597,327.44398885913597,16.983232751977063,16.983232751977063,16.983232751977063,11.096092542717411,11.096092542717411,11.096092542717411,5.887140209259652,5.887140209259652,5.887140209259652,0.0,0.0,0.0,344.42722161111305
2023-10-30,329.88854801787534,333.97365033392737,359.1611878436859,329.88854801787534,329.88854801787534,16.477664983347577,16.477664983347577,16.477664983347577,10.60558570475463,10.60558570475463,10.60558570475463,5.872079278592948,5.872079278592948,5.872079278592948,0.0,0.0,0.0,346.3662130012229
2023-10-31,330.7034010707885,334.3990302712739,358.98574104750963,330.7034010707885,330.7034010707885,16.30424902403575,16.30424902403575,16.30424902403575,10.556008722723728,10.556008722723728,10.556008722723728,5.7482403013120225,5.7482403013120225,5.7482403013120225,0.0,0.0,0.0,347.00765009482427
2023-11-01,331.51825412370164,334.3510474055118,360.7979213569135,331.51825412370164,331.51825412370164,16.210978239423238,16.210978239423238,16.210978239423238,10.654020379550348,10.654020379550348,10.654020379550348,5.556957859872889,5.556957859872889,5.556957859872889,0.0,0.0,0.0,347.7292323631249
2023-11-02,332.3331071766148,335.0878754206192,359.9127438796729,332.3331071766148,332.3331071766148,15.809958885322095,15.809958885322095,15.809958885322095,10.513626187315372,10.513626187315372,10.513626187315372,5.296332698006721,5.296332698006721,5.296332698006721,0.0,0.0,0.0,348.1430660619369
2023-11-03,333.1479602295279,336.66997630254565,361.6932341189182,333.1479602295279,333.1479602295279,16.06269670307492,16.06269670307492,16.06269670307492,11.096092542691247,11.096092542691247,11.096092542691247,4.966604160383673,4.966604160383673,4.966604160383673,0.0,0.0,0.0,349.2106569326028
2023-11-06,335.5925193882673,337.9524611423679,362.59864437604256,335.5925193882673,335.5925193882673,14.203792880064094,14.203792880064094,14.203792880064094,10.605585704752869,10.605585704752869,10.605585704752869,3.598207175311227,3.598207175311227,3.598207175311227,0.0,0.0,0.0,349.7963122683314
2023-11-07,336.4073724411805,337.26954366256075,362.71507297073987,336.4073724411805,336.4073724411805,13.594241648077762,13.594241648077762,13.594241648077762,10.556008722712763,10.556008722712763,10.556008722712763,3.0382329253649996,3.0382329253649996,3.0382329253649996,0.0,0.0,0.0,350.0016140892582
2023-11-08,337.22222549409355,338.80621914683417,363.5679061611949,337.22222549409355,337.22222549409355,13.096612390069737,13.096612390069737,13.096612390069737,10.654020379549687,10.654020379549687,10.654020379549687,2.442592010520049,2.442592010520049,2.442592010520049,0.0,0.0,0.0,350.31883788416326
2023-11-09,338.03707854700673,337.73525655680317,362.5203562201602,338.03707854700673,338.03707854700673,12.337238928264695,12.337238928264695,12.337238928264695,10.513626187270553,10.513626187270553,10.513626187270553,1.8236127409941418,1.8236127409941418,1.8236127409941418,0.0,0.0,0.0,350.3743174752714
2023-11-10,338.85193159991985,337.60018341449285,363.18928302983556,338.85193159991985,338.85193159991985,12.291059569589725,12.291059569589725,12.291059569589725,11.096092542665087,11.096092542665087,11.096092542665087,1.1949670269246409,1.1949670269246409,1.1949670269246409,0.0,0.0,0.0,351.14299116950957
2023-11-13,341.29649075865933,338.5409429168943,363.3341713100745,341.29649075865933,341.29649075865933,10.006306645471218,10.006306645471218,10.006306645471218,10.605585704807702,10.605585704807702,10.605585704807702,-0.5992790593364827,-0.5992790593364827,-0.5992790593364827,0.0,0.0,0.0,351.30279740413056
2023-11-14,342.1113438115724,339.44761118678406,363.3469415447321,342.1113438115724,342.1113438115724,9.440731311357466,9.440731311357466,9.440731311357466,10.5560087227018,10.5560087227018,10.5560087227018,-1.1152774113443342,-1.1152774113443342,-1.1152774113443342,0.0,0.0,0.0,351.55207512292986
2023-11-15,342.9261968644856,339.39912321026026,364.5946268088333,342.9261968644856,342.9261968644856,9.088912557090485,9.088912557090485,9.088912557090485,10.654020379549932,10.654020379549932,10.654020379549932,-1.5651078224594497,-1.5651078224594497,-1.5651078224594497,0.0,0.0,0.0,352.0151094215761
2023-11-16,343.7410499173987,338.9732306535377,364.4751427247431,343.7410499173987,343.7410499173987,8.578664386643556,8.578664386643556,8.578664386643556,10.513626187281321,10.513626187281321,10.513626187281321,-1.9349618006377656,-1.9349618006377656,-1.9349618006377656,0.0,0.0,0.0,352.31971430404224
2023-11-17,344.5559029703118,341.05437573203045,366.52015867453474,344.5559029703118,344.5559029703118,8.883639269091864,8.883639269091864,8.883639269091864,11.096092542666177,11.096092542666177,11.096092542666177,-2.212453273574314,-2.212453273574314,-2.212453273574314,0.0,0.0,0.0,353.4395422394037
2023-11-20,347.0004615635872,343.11363876115905,367.11558586363617,347.0004615635872,347.0004615635872,8.209558103762584,8.209558103762584,8.209558103762584,10.605585704695274,10.605585704695274,10.605585704695274,-2.3960276009326904,-2.3960276009326904,-2.3960276009326904,0.0,0.0,0.0,355.21001966734974
2023-11-21,347.81531442801236,343.44285768726616,368.8470404841126,347.81531442801236,347.81531442801236,8.334737582230298,8.334737582230298,8.334737582230298,10.556008722690835,10.556008722690835,10.556008722690835,-2.221271140460535,-2.221271140460535,-2.221271140460535,0.0,0.0,0.0,356.15005201024263
2023-11-22,348.6301672924374,344.84738708814507,370.05559655368086,348.6301672924374,348.6301672924374,8.728480097776275,8.728480097776275,8.728480097776275,10.65402037955011,10.65402037955011,10.65402037955011,-1.925540281773834,-1.925540281773834,-1.925540281773834,0.0,0.0,0.0,357.3586473902137
2023-11-24,350.25987302128766,347.2454330723225,372.84538680499,350.25987302128766,350.25987302128766,10.111353365021042,10.111353365021042,10.111353365021042,11.096092542612759,11.096092542612759,11.096092542612759,-0.9847391775917169,-0.9847391775917169,-0.9847391775917169,0.0,0.0,0.0,360.3712263863087
2023-11-27,352.70443161456313,351.41847824898537,377.17366867937096,352.70443161456313,352.70443161456313,11.775609983188852,11.775609983188852,11.775609983188852,10.605585704721808,10.605585704721808,10.605585704721808,1.1700242784670438,1.1700242784670438,1.1700242784670438,0.0,0.0,0.0,364.480041597752
2023-11-28,353.51928447898825,353.25119782213807,378.5360244401277,353.51928447898825,353.51928447898825,12.588299845728347,12.588299845728347,12.588299845728347,10.556008722696037,10.556008722696037,10.556008722696037,2.03229112303231,2.03229112303231,2.03229112303231,0.0,0.0,0.0,366.1075843247166
2023-11-29,354.3341373434134,355.15977524465535,380.8140891459376,354.3341373434134,354.3341373434134,13.590865958119464,13.590865958119464,13.590865958119464,10.654020379550289,10.654020379550289,10.654020379550289,2.9368455785691743,2.9368455785691743,2.9368455785691743,0.0,0.0,0.0,367.92500330153285
2023-11-30,355.14899020783855,356.8440874732129,381.6300899239453,355.14899020783855,355.14899020783855,14.376631108176849,14.376631108176849,14.376631108176849,10.513626187273536,10.513626187273536,10.513626187273536,3.8630049209033173,3.8630049209033173,3.8630049209033173,0.0,0.0,0.0,369.5256213160154
2023-12-01,355.9638430722636,359.3503592845014,384.8602358229972,355.9638430722636,355.9638430722636,15.884868117371566,15.884868117371566,15.884868117371566,11.096092542723769,11.096092542723769,11.096092542723769,4.7887755746477945,4.7887755746477945,4.7887755746477945,0.0,0.0,0.0,371.8487111896352
2023-12-04,358.40840166553903,364.4777265211971,388.9748825290135,358.40840166553903,358.40840166553903,17.94006173085375,17.94006173085375,17.94006173085375,10.605585704720045,10.605585704720045,10.605585704720045,7.334476026133706,7.334476026133706,7.334476026133706,0.0,0.0,0.0,376.3484633963928
2023-12-05,359.2232545299642,365.41420710557713,391.031113263906,359.2232545299642,359.2232545299642,18.585969292607825,18.585969292607825,18.585969292607825,10.556008722668906,10.556008722668906,10.556008722668906,8.02996056993892,8.02996056993892,8.02996056993892,0.0,0.0,0.0,377.80922382257205
2023-12-06,360.03810739438927,367.11598094752117,391.40513028186825,360.03810739438927,360.03810739438927,19.267125711696472,19.267125711696472,19.267125711696472,10.654020379550538,10.654020379550538,10.654020379550538,8.613105332145933,8.613105332145933,8.613105332145933,0.0,0.0,0.0,379.3052331060857
2023-12-07,360.8529602588144,368.1499374416137,392.7952272285733,360.8529602588144,360.8529602588144,19.57843545050854,19.57843545050854,19.57843545050854,10.513626187298966,10.513626187298966,10.513626187298966,9.064809263209572,9.064809263209572,9.064809263209572,0.0,0.0,0.0,380.43139570932294
2023-12-08,361.6678131232395,370.15635369462956,394.99555255703774,361.6678131232395,361.6678131232395,20.464329659381146,20.464329659381146,20.464329659381146,11.096092542697608,11.096092542697608,11.096092542697608,9.368237116683538,9.368237116683538,9.368237116683538,0.0,0.0,0.0,382.13214278262063
2023-12-11,364.11237171651493,371.7437398064977,397.06544033411933,364.11237171651493,364.11237171651493,19.868700052088535,19.868700052088535,19.868700052088535,10.605585704718285,10.605585704718285,10.605585704718285,9.263114347370252,9.263114347370252,9.263114347370252,0.0,0.0,0.0,383.98107176860344
2023-12-12,364.92722458094005,371.5946373559429,395.91245904509896,364.92722458094005,364.92722458094005,19.420187587444353,19.420187587444353,19.420187587444353,10.556008722714223,10.556008722714223,10.556008722714223,8.864178864730128,8.864178864730128,8.864178864730128,0.0,0.0,0.0,384.3474121683844
2023-12-13,365.74207744536517,373.0235261079541,398.62813875018605,365.74207744536517,365.74207744536517,18.93365127535571,18.93365127535571,18.93365127535571,10.65402037955071,10.65402037955071,10.65402037955071,8.279630895805001,8.279630895805001,8.279630895805001,0.0,0.0,0.0,384.6757287207209
2023-12-14,366.55693030979035,371.67659302301604,396.37136936181474,366.55693030979035,366.55693030979035,18.02657873514283,18.02657873514283,18.02657873514283,10.51362618729507,10.51362618729507,10.51362618729507,7.512952547847763,7.512952547847763,7.512952547847763,0.0,0.0,0.0,384.5835090449332
2023-12-15,367.3717831742154,371.637865473392,397.71770007430666,367.3717831742154,367.3717831742154,17.667512439685016,17.667512439685016,17.667512439685016,11.096092542698699,11.096092542698699,11.096092542698699,6.571419896986317,6.571419896986317,6.571419896986317,0.0,0.0,0.0,385.03929561390044
2023-12-18,369.8163417674908,370.8838851891908,395.26189247744054,369.8163417674908,369.8163417674908,13.429973668266156,13.429973668266156,13.429973668266156,10.60558570477312,10.60558570477312,10.60558570477312,2.8243879634930362,2.8243879634930362,2.8243879634930362,0.0,0.0,0.0,383.24631543575697
2023-12-19,370.63119463191595,370.15738091267247,395.6718359401114,370.63119463191595,370.63119463191595,11.882340267951053,11.882340267951053,11.882340267951053,10.556008722687093,10.556008722687093,10.556008722687093,1.326331545263961,1.326331545263961,1.326331545263961,0.0,0.0,0.0,382.513534899867
2023-12-20,371.44604749634107,368.4351475116896,394.6275386292069,371.44604749634107,371.44604749634107,10.393844926313394,10.393844926313394,10.393844926313394,10.654020379550056,10.654020379550056,10.654020379550056,-0.26017545323666186,-0.26017545323666186,-0.26017545323666186,0.0,0.0,0.0,381.8398924226545
2023-12-21,372.2609005632835,368.4735374935652,394.37017032368743,372.2609005632835,372.2609005632835,8.60331867363367,8.60331867363367,8.60331867363367,10.513626187305842,10.513626187305842,10.513626187305842,-1.9103075136721734,-1.9103075136721734,-1.9103075136721734,0.0,0.0,0.0,380.86421923691717
2023-12-22,373.075753630226,368.3391135271301,392.86956377794104,373.075753630226,373.075753630226,7.49825517740174,7.49825517740174,7.49825517740174,11.096092542699795,11.096092542699795,11.096092542699795,-3.5978373652980546,-3.5978373652980546,-3.5978373652980546,0.0,0.0,0.0,380.57400880762776
2023-12-26,376.335165897996,363.8976687036058,389.2114357284462,376.335165897996,376.335165897996,0.3756377186087092,0.3756377186087092,0.3756377186087092,10.556008722692294,10.556008722692294,10.556008722692294,-10.180371004083584,-10.180371004083584,-10.180371004083584,0.0,0.0,0.0,376.71080361660466
2023-12-27,377.1500189649385,364.21445529466644,388.99148511842026,377.1500189649385,377.1500189649385,-0.99862974992016,-0.99862974992016,-0.99862974992016,10.654020379550232,10.654020379550232,10.654020379550232,-11.652650129470391,-11.652650129470391,-11.652650129470391,0.0,0.0,0.0,376.15138921501836
2023-12-28,377.96487203188104,362.12299320015353,388.5050729492776,377.96487203188104,377.96487203188104,-2.494129395788176,-2.494129395788176,-2.494129395788176,10.513626187275683,10.513626187275683,10.513626187275683,-13.00775558306386,-13.00775558306386,-13.00775558306386,0.0,0.0,0.0,375.4707426360929
2023-12-29,378.77972509882346,363.65810210662585,389.0357135413765,378.77972509882346,378.77972509882346,-3.1295134609495054,-3.1295134609495054,-3.1295134609495054,11.096092542646375,11.096092542646375,11.096092542646375,-14.22560600359588,-14.22560600359588,-14.22560600359588,0.0,0.0,0.0,375.65021163787395
2024-01-02,382.0391373665935,363.59987953610414,387.33611041658907,382.0391373665935,382.0391373665935,-6.8754305730253575,-6.8754305730253575,-6.8754305730253575,10.556008722721446,10.556008722721446,10.556008722721446,-17.431439295746802,-17.431439295746802,-17.431439295746802,0.0,0.0,0.0,375.1637067935681
2024-01-03,382.85399043353596,362.8701428148737,387.954243793133,382.85399043353596,382.85399043353596,-7.120193385067237,-7.120193385067237,-7.120193385067237,10.654020379549573,10.654020379549573,10.654020379549573,-17.77421376461681,-17.77421376461681,-17.77421376461681,0.0,0.0,0.0,375.7337970484687
2024-01-04,383.6688435004785,363.40789022195656,389.42185547664644,383.6688435004785,383.6688435004785,-7.416181777059983,-7.416181777059983,-7.416181777059983,10.513626187286452,10.513626187286452,10.513626187286452,-17.929807964346434,-17.929807964346434,-17.929807964346434,0.0,0.0,0.0,376.2526617234185
2024-01-05,384.4836965674209,365.6821144022627,391.1101859248844,384.4836965674209,384.4836965674209,-6.8069263360352945,-6.8069263360352945,-6.8069263360352945,11.096092542702879,11.096092542702879,11.096092542702879,-17.903018878738173,-17.903018878738173,-17.903018878738173,0.0,0.0,0.0,377.6767702313856
2024-01-08,386.92825576824845,367.8037492991285,393.86171840827376,386.92825576824845,386.92825576824845,-6.223480425070877,-6.223480425070877,-6.223480425070877,10.60558570471376,10.60558570471376,10.60558570471376,-16.82906612978464,-16.82906612978464,-16.82906612978464,0.0,0.0,0.0,380.7047753431776
2024-01-09,387.74310883519087,369.1784647519536,395.1343798742985,387.74310883519087,387.74310883519087,-5.633021258486525,-5.633021258486525,-5.633021258486525,10.55600872271048,10.55600872271048,10.55600872271048,-16.189029981197006,-16.189029981197006,-16.189029981197006,0.0,0.0,0.0,382.11008757670436
2024-01-10,388.55796190213346,371.16696864722104,395.62733607349077,388.55796190213346,388.55796190213346,-4.784989465185411,-4.784989465185411,-4.784989465185411,10.654020379550591,10.654020379550591,10.654020379550591,-15.439009844735999,-15.439009844735999,-15.439009844735999,0.0,0.0,0.0,383.77297243694807
2024-01-11,389.37281496907593,372.970686558455,397.62471385876427,389.37281496907593,389.37281496907593,-4.086947153872005,-4.086947153872005,-4.086947153872005,10.513626187282558,10.513626187282558,10.513626187282558,-14.600573341154563,-14.600573341154563,-14.600573341154563,0.0,0.0,0.0,385.2858678152039
2024-01-12,390.18766803601847,375.26487952435417,401.1462097843897,390.18766803601847,390.18766803601847,-2.6004582331810666,-2.6004582331810666,-2.6004582331810666,11.096092542703968,11.096092542703968,11.096092542703968,-13.696550775885035,-13.696550775885035,-13.696550775885035,0.0,0.0,0.0,387.5872098028374
2024-01-16,393.4470803037884,381.2061408332064,406.65911143063266,393.4470803037884,393.4470803037884,0.6602927908961016,0.6602927908961016,0.6602927908961016,10.55600872269952,10.55600872269952,10.55600872269952,-9.895715931803418,-9.895715931803418,-9.895715931803418,0.0,0.0,0.0,394.10737309468453
2024-01-17,394.26193337073084,382.60762360061585,408.62200393884456,394.26193337073084,394.26193337073084,1.6405915650891234,1.6405915650891234,1.6405915650891234,10.654020379549932,10.654020379549932,10.654020379549932,-9.01342881446081,-9.01342881446081,-9.01342881446081,0.0,0.0,0.0,395.90252493581994
2024-01-18,395.0767864376734,385.59128431030194,409.44732922150064,395.0767864376734,395.0767864376734,2.3138594233079752,2.3138594233079752,2.3138594233079752,10.513626187293328,10.513626187293328,10.513626187293328,-8.199766763985352,-8.199766763985352,-8.199766763985352,0.0,0.0,0.0,397.39064586098135
2024-01-19,395.89163950461585,387.15869780016794,412.54162521180046,395.89163950461585,395.89163950461585,3.6239168606604757,3.6239168606604757,3.6239168606604757,11.096092542705062,11.096092542705062,11.096092542705062,-7.472175682044585,-7.472175682044585,-7.472175682044585,0.0,0.0,0.0,399.5155563652763
2024-01-22,398.33619870544334,389.97228385257284,415.9386435516062,398.33619870544334,398.33619870544334,4.663047975735286,4.663047975735286,4.663047975735286,10.605585704766833,10.605585704766833,10.605585704766833,-5.942537729031547,-5.942537729031547,-5.942537729031547,0.0,0.0,0.0,402.99924668117865
2024-01-23,399.15105177238587,391.5956772861129,416.1089047230612,399.15105177238587,399.15105177238587,4.874015940194812,4.874015940194812,4.874015940194812,10.556008722704723,10.556008722704723,10.556008722704723,-5.681992782509912,-5.681992782509912,-5.681992782509912,0.0,0.0,0.0,404.02506771258066
2024-01-24,399.9659048393284,392.50645695375147,417.98876645842165,399.9659048393284,399.9659048393284,5.099399579696686,5.099399579696686,5.099399579696686,10.654020379550177,10.654020379550177,10.654020379550177,-5.554620799853491,-5.554620799853491,-5.554620799853491,0.0,0.0,0.0,405.0653044190251
2024-01-25,400.78075790915835,393.05225943229703,418.5316632832679,400.78075790915835,400.78075790915835,4.952471532006344,4.952471532006344,4.952471532006344,10.513626187289434,10.513626187289434,10.513626187289434,-5.561154655283091,-5.561154655283091,-5.561154655283091,0.0,0.0,0.0,405.7332294411647
2024-01-26,401.5956109789884,393.87046991255875,419.14794941398316,401.5956109789884,401.5956109789884,5.396534180041306,5.396534180041306,5.396534180041306,11.0960925426789,11.0960925426789,11.0960925426789,-5.699558362637593,-5.699558362637593,-5.699558362637593,0.0,0.0,0.0,406.99214515902975
2024-01-29,404.04017018847844,395.56894084052215,420.76321518193333,404.04017018847844,404.04017018847844,3.757026930073983,3.757026930073983,3.757026930073983,10.605585704682701,10.605585704682701,10.605585704682701,-6.848558774608719,-6.848558774608719,-6.848558774608719,0.0,0.0,0.0,407.79719711855245
2024-01-30,404.85502325830845,395.19079463168845,420.52354983937624,404.85502325830845,404.85502325830845,3.1093627328507045,3.1093627328507045,3.1093627328507045,10.556008722709928,10.556008722709928,10.556008722709928,-7.446645989859222,-7.446645989859222,-7.446645989859222,0.0,0.0,0.0,407.96438599115913
2024-01-31,405.66987632813846,395.13792855441324,420.24902547064823,405.66987632813846,405.66987632813846,2.5204906701916503,2.5204906701916503,2.5204906701916503,10.654020379550355,10.654020379550355,10.654020379550355,-8.133529709358704,-8.133529709358704,-8.133529709358704,0.0,0.0,0.0,408.1903669983301
2024-02-01,406.48472939796847,396.14508123684686,420.67535986464594,406.48472939796847,406.48472939796847,1.6172661224879101,1.6172661224879101,1.6172661224879101,10.513626187288601,10.513626187288601,10.513626187288601,-8.89636006480069,-8.89636006480069,-8.89636006480069,0.0,0.0,0.0,408.1019955204564
2024-02-02,407.29958246779853,395.1166618137017,420.90724481925844,407.29958246779853,407.29958246779853,1.3743179863582735,1.3743179863582735,1.3743179863582735,11.096092542652736,11.096092542652736,11.096092542652736,-9.721774556294463,-9.721774556294463,-9.721774556294463,0.0,0.0,0.0,408.6739004541568
2024-02-05,409.74414167728855,395.9980402486487,420.6224069647255,409.74414167728855,409.74414167728855,-1.834810196694484,-1.834810196694484,-1.834810196694484,10.605585704680943,10.605585704680943,10.605585704680943,-12.440395901375426,-12.440395901375426,-12.440395901375426,0.0,0.0,0.0,407.90933148059406
2024-02-06,410.55899474711856,394.9328690580186,420.7015100859889,410.55899474711856,410.55899474711856,-2.8297101789412498,-2.8297101789412498,-2.8297101789412498,10.556008722698962,10.556008722698962,10.556008722698962,-13.385718901640212,-13.385718901640212,-13.385718901640212,0.0,0.0,0.0,407.7292845681773
2024-02-07,411.3738478169486,395.0801230869701,420.4361429856211,411.3738478169486,411.3738478169486,-3.6782008960564743,-3.6782008960564743,-3.6782008960564743,10.654020379550532,10.654020379550532,10.654020379550532,-14.332221275607004,-14.332221275607004,-14.332221275607004,0.0,0.0,0.0,407.69564692089216
2024-02-08,412.1887008867786,395.5447681263664,419.4964412837777,412.1887008867786,412.1887008867786,-4.7572686294965,-4.7572686294965,-4.7572686294965,10.513626187284707,10.513626187284707,10.513626187284707,-15.270894816781208,-15.270894816781208,-15.270894816781208,0.0,0.0,0.0,407.4314322572821
2024-02-09,413.0035539566086,395.4175094096732,420.0764570995249,413.0035539566086,413.0035539566086,-5.09824932102624,-5.09824932102624,-5.09824932102624,11.096092542736493,11.096092542736493,11.096092542736493,-16.19434186376273,-16.19434186376273,-16.19434186376273,0.0,0.0,0.0,407.90530463558235
2024-02-12,415.44811316609866,393.8590480330459,419.505107625442,415.44811316609866,415.44811316609866,-8.219846947917702,-8.219846947917702,-8.219846947917702,10.605585704735773,10.605585704735773,10.605585704735773,-18.825432652653475,-18.825432652653475,-18.825432652653475,0.0,0.0,0.0,407.228266218181
2024-02-13,416.2629662359287,395.3105185838098,419.8004299800452,416.2629662359287,416.2629662359287,-9.092848598323517,-9.092848598323517,-9.092848598323517,10.556008722687995,10.556008722687995,10.556008722687995,-19.648857321011512,-19.648857321011512,-19.648857321011512,0.0,0.0,0.0,407.17011763760513
2024-02-14,417.0778193057586,394.9343022281,420.3854537662593,417.0778193057586,417.0778193057586,-9.792019513494031,-9.792019513494031,-9.792019513494031,10.654020379549877,10.654020379549877,10.654020379549877,-20.44603989304391,-20.44603989304391,-20.44603989304391,0.0,0.0,0.0,407.2857997922646
2024-02-15,417.89267237558875,393.61440585234243,419.90009631096063,417.89267237558875,417.89267237558875,-10.70589388238806,-10.70589388238806,-10.70589388238806,10.513626187295475,10.513626187295475,10.513626187295475,-21.219520069683533,-21.219520069683533,-21.219520069683533,0.0,0.0,0.0,407.1867784932007
2024-02-16,418.7075254454187,395.39344998116485,421.3831015750597,418.7075254454187,418.7075254454187,-10.876933818416536,-10.876933818416536,-10.876933818416536,11.096092542737585,11.096092542737585,11.096092542737585,-21.97302636115412,-21.97302636115412,-21.97302636115412,0.0,0.0,0.0,407.83059162700215
2024-02-20,421.9669377247388,395.4787739505941,419.93945857993396,421.9669377247388,421.9669377247388,-14.332844976865367,-14.332844976865367,-14.332844976865367,10.556008722717149,10.556008722717149,10.556008722717149,-24.888853699582516,-24.888853699582516,-24.888853699582516,0.0,0.0,0.0,407.6340927478734
2024-02-21,422.7817907945688,395.6570526387455,421.2415647194012,422.7817907945688,422.7817907945688,-14.967332404354348,-14.967332404354348,-14.967332404354348,10.654020379549218,10.654020379549218,10.654020379549218,-25.621352783903568,-25.621352783903568,-25.621352783903568,0.0,0.0,0.0,407.81445839021444
2024-02-22,423.59664386439886,395.8574262183207,419.418176223344,423.59664386439886,423.59664386439886,-15.85231396193147,-15.85231396193147,-15.85231396193147,10.513626187291582,10.513626187291582,10.513626187291582,-26.365940149223054,-26.365940149223054,-26.365940149223054,0.0,0.0,0.0,407.74432990246737
2024-02-23,424.41149693422886,395.98014252558977,421.8999453911275,424.41149693422886,424.41149693422886,-16.030794261304887,-16.030794261304887,-16.030794261304887,11.09609254268417,11.09609254268417,11.09609254268417,-27.126886803989056,-27.126886803989056,-27.126886803989056,0.0,0.0,0.0,408.380702672924
2024-02-26,426.4397293534487,394.6709412418555,419.97584101137335,426.4397293534487,426.4397293534487,-18.928901024931314,-18.928901024931314,-18.928901024931314,10.605585704760546,10.605585704760546,10.605585704760546,-29.53448672969186,-29.53448672969186,-29.53448672969186,0.0,0.0,0.0,407.5108283285174
2024-02-27,427.115806826522,395.2399795939956,420.8071655843779,427.115806826522,427.115806826522,-19.824962233310437,-19.824962233310437,-19.824962233310437,10.556008722722352,10.556008722722352,10.556008722722352,-30.38097095603279,-30.38097095603279,-30.38097095603279,0.0,0.0,0.0,407.29084459321155
2024-02-28,427.79188429959527,393.38173434669557,420.58073617046995,427.79188429959527,427.79188429959527,-20.592997179729363,-20.592997179729363,-20.592997179729363,10.654020379550296,10.654020379550296,10.654020379550296,-31.24701755927966,-31.24701755927966,-31.24701755927966,0.0,0.0,0.0,407.1988871198659
2024-02-29,428.46796177266856,395.2515241734072,419.35746282789955,428.46796177266856,428.46796177266856,-21.615335439441267,-21.615335439441267,-21.615335439441267,10.513626187302352,10.513626187302352,10.513626187302352,-32.128961626743624,-32.128961626743624,-32.128961626743624,0.0,0.0,0.0,406.8526263332273
2024-03-01,429.1440392457419,394.0172989296167,419.5321696136103,429.1440392457419,429.1440392457419,-21.925627778328792,-21.925627778328792,-21.925627778328792,11.096092542685259,11.096092542685259,11.096092542685259,-33.02172032101406,-33.02172032101406,-33.02172032101406,0.0,0.0,0.0,407.2184114674131
2024-03-04,431.1722716649618,393.3800229790409,419.3037670456415,431.1722716649618,431.1722716649618,-25.089902979653274,-25.089902979653274,-25.089902979653274,10.605585704758786,10.605585704758786,10.605585704758786,-35.69548868441206,-35.69548868441206,-35.69548868441206,0.0,0.0,0.0,406.0823686853085
2024-03-05,431.848349138035,392.9831488361102,418.7186878679886,431.848349138035,431.848349138035,-26.001237488724293,-26.001237488724293,-26.001237488724293,10.55600872269522,10.55600872269522,10.55600872269522,-36.55724621141951,-36.55724621141951,-36.55724621141951,0.0,0.0,0.0,405.8471116493107
2024-03-06,432.5244266111083,393.66307751318715,418.46721501091383,432.5244266111083,432.5244266111083,-26.734642717137124,-26.734642717137124,-26.734642717137124,10.654020379551309,10.654020379551309,10.654020379551309,-37.38866309668843,-37.38866309668843,-37.38866309668843,0.0,0.0,0.0,405.78978389397116
2024-03-07,433.2005040841816,393.3464028009266,418.3226480091926,433.2005040841816,433.2005040841816,-27.66638458398733,-27.66638458398733,-27.66638458398733,10.513626187272195,10.513626187272195,10.513626187272195,-38.180010771259525,-38.180010771259525,-38.180010771259525,0.0,0.0,0.0,405.53411950019427
2024-03-08,433.87658155725484,393.0648414753629,418.01179840959145,433.87658155725484,433.87658155725484,-27.825639132105827,-27.825639132105827,-27.825639132105827,11.096092542659099,11.096092542659099,11.096092542659099,-38.92173167476493,-38.92173167476493,-38.92173167476493,0.0,0.0,0.0,406.050942425149
2024-03-11,435.9048139764747,392.929444463427,417.96046693270364,435.9048139764747,435.9048139764747,-30.15692354486624,-30.15692354486624,-30.15692354486624,10.605585704785321,10.605585704785321,10.605585704785321,-40.76250924965156,-40.76250924965156,-40.76250924965156,0.0,0.0,0.0,405.7478904316085
2024-03-12,436.580891449548,392.5844712457185,418.11094843753597,436.580891449548,436.580891449548,-30.6680835296936,-30.6680835296936,-30.6680835296936,10.556008722700422,10.556008722700422,10.556008722700422,-41.22409225239402,-41.22409225239402,-41.22409225239402,0.0,0.0,0.0,405.9128079198544
2024-03-13,437.25696892262135,392.842408493178,418.6789709757897,437.25696892262135,437.25696892262135,-30.947096970045575,-30.947096970045575,-30.947096970045575,10.654020379550655,10.654020379550655,10.654020379550655,-41.60111734959623,-41.60111734959623,-41.60111734959623,0.0,0.0,0.0,406.3098719525758
2024-03-14,437.9330463956946,393.4050004777658,419.47869159889166,437.9330463956946,437.9330463956946,-31.377294635116442,-31.377294635116442,-31.377294635116442,10.513626187282961,10.513626187282961,10.513626187282961,-41.8909208223994,-41.8909208223994,-41.8909208223994,0.0,0.0,0.0,406.5557517605781
2024-03-15,438.6091238687679,394.47447275933257,419.11001483347593,438.6091238687679,438.6091238687679,-30.996599540172173,-30.996599540172173,-30.996599540172173,11.096092542660191,11.096092542660191,11.096092542660191,-42.092692082832365,-42.092692082832365,-42.092692082832365,0.0,0.0,0.0,407.6125243285957
2024-03-18,440.6373562879877,396.9338944615331,421.36653535235024,440.6373562879877,440.6373562879877,-31.585197045040932,-31.585197045040932,-31.585197045040932,10.605585704701191,10.605585704701191,10.605585704701191,-42.19078274974212,-42.19078274974212,-42.19078274974212,0.0,0.0,0.0,409.05215924294674
2024-03-19,441.31343376106105,397.5042538697213,421.9316933621431,441.31343376106105,441.31343376106105,-31.514972929327207,-31.514972929327207,-31.514972929327207,10.556008722689462,10.556008722689462,10.556008722689462,-42.07098165201667,-42.07098165201667,-42.07098165201667,0.0,0.0,0.0,409.79846083173385
2024-03-20,441.98951123413434,398.564367437971,422.9102278511811,441.98951123413434,441.98951123413434,-31.2336712098923,-31.2336712098923,-31.2336712098923,10.654020379549996,10.654020379549996,10.654020379549996,-41.8876915894423,-41.8876915894423,-41.8876915894423,0.0,0.0,0.0,410.75584002424205
2024-03-21,442.6655887072076,398.7902273930947,424.06863887252445,442.6655887072076,442.6655887072076,-31.137277741535623,-31.137277741535623,-31.137277741535623,10.513626187279067,10.513626187279067,10.513626187279067,-41.65090392881469,-41.65090392881469,-41.65090392881469,0.0,0.0,0.0,411.52831096567195
2024-03-22,443.3416661802809,399.96948592207985,425.95100643510335,443.3416661802809,443.3416661802809,-30.275748283297332,-30.275748283297332,-30.275748283297332,11.096092542634025,11.096092542634025,11.096092542634025,-41.37184082593136,-41.37184082593136,-41.37184082593136,0.0,0.0,0.0,413.0659178969836
2024-03-25,445.36989859950074,402.16884506758726,426.6631432036445,445.36989859950074,445.36989859950074,-29.79976714217893,-29.79976714217893,-29.79976714217893,10.605585704727726,10.605585704727726,10.605585704727726,-40.40535284690666,-40.40535284690666,-40.40535284690666,0.0,0.0,0.0,415.5701314573218
2024-03-26,446.04597607257386,404.50121455334346,429.5688891821162,446.04597607257386,446.04597607257386,-29.527199707476235,-29.527199707476235,-29.527199707476235,10.556008722694662,10.556008722694662,10.556008722694662,-40.0832084301709,-40.0832084301709,-40.0832084301709,0.0,0.0,0.0,416.5187763650976
2024-03-27,445.54117370614114,402.95478733312376,428.85100381363924,445.54117370614114,445.54117370614114,-29.128177842354415,-29.128177842354415,-29.128177842354415,10.654020379550177,10.654020379550177,10.654020379550177,-39.78219822190459,-39.78219822190459,-39.78219822190459,0.0,0.0,0.0,416.4129958637867
2024-03-28,445.0363713397084,403.3831766295893,428.18175528447506,445.0363713397084,445.0363713397084,-29.00033963931088,-29.00033963931088,-29.00033963931088,10.513626187304503,10.513626187304503,10.513626187304503,-39.513965826615376,-39.513965826615376,-39.513965826615376,0.0,0.0,0.0,416.03603170039753
2024-04-01,443.01716187397756,402.47362556121243,427.15763784096424,443.01716187397756,443.01716187397756,-28.348073826481695,-28.348073826481695,-28.348073826481695,10.605585704725966,10.605585704725966,10.605585704725966,-38.95365953120766,-38.95365953120766,-38.95365953120766,0.0,0.0,0.0,414.66908804749585
2024-04-02,442.5123595075449,400.5875704845187,426.02725606354267,442.5123595075449,442.5123595075449,-28.41591845444268,-28.41591845444268,-28.41591845444268,10.556008722707647,10.556008722707647,10.556008722707647,-38.97192717715032,-38.97192717715032,-38.97192717715032,0.0,0.0,0.0,414.0964410531022
2024-04-03,442.00755714111216,400.81782327508205,425.9231334107154,442.00755714111216,442.00755714111216,-28.403948067757668,-28.403948067757668,-28.403948067757668,10.654020379549582,10.654020379549582,10.654020379549582,-39.057968447307246,-39.057968447307246,-39.057968447307246,0.0,0.0,0.0,413.6036090733545
2024-04-04,441.50275477467943,399.75422324956855,425.10983977033965,441.50275477467943,441.50275477467943,-28.696168410854366,-28.696168410854366,-28.696168410854366,10.513626187300607,10.513626187300607,10.513626187300607,-39.20979459815497,-39.20979459815497,-39.20979459815497,0.0,0.0,0.0,412.8065863638251
2024-04-05,440.9979524082467,400.4480032133824,425.40189621053486,440.9979524082467,440.9979524082467,-28.32684587136253,-28.32684587136253,-28.32684587136253,11.096092542691617,11.096092542691617,11.096092542691617,-39.422938414054144,-39.422938414054144,-39.422938414054144,0.0,0.0,0.0,412.67110653688417
2024-04-08,439.4835453089486,397.9869556295257,423.1429633272175,439.4835453089486,439.4835453089486,-29.744347173224124,-29.744347173224124,-29.744347173224124,10.605585704780799,10.605585704780799,10.605585704780799,-40.34993287800492,-40.34993287800492,-40.34993287800492,0.0,0.0,0.0,409.73919813572445
2024-04-09,438.9787429425159,396.6040272899733,421.7424876568888,438.9787429425159,438.9787429425159,-30.161197981816496,-30.161197981816496,-30.161197981816496,10.556008722696683,10.556008722696683,10.556008722696683,-40.71720670451318,-40.71720670451318,-40.71720670451318,0.0,0.0,0.0,408.8175449606994
2024-04-10,438.4739405760831,396.2744303311652,419.6832140441523,438.4739405760831,438.4739405760831,-30.43623006613422,-30.43623006613422,-30.43623006613422,10.654020379550596,10.654020379550596,10.654020379550596,-41.090250445684816,-41.090250445684816,-41.090250445684816,0.0,0.0,0.0,408.0377105099489
2024-04-11,437.9691382096504,394.73229249427334,420.60307826239534,437.9691382096504,437.9691382096504,-30.939306571950073,-30.939306571950073,-30.939306571950073,10.513626187296717,10.513626187296717,10.513626187296717,-41.45293275924679,-41.45293275924679,-41.45293275924679,0.0,0.0,0.0,407.02983163770034
2024-04-12,437.4643358432177,394.4568581003147,419.3799567605224,437.4643358432177,437.4643358432177,-30.692125799872787,-30.692125799872787,-30.692125799872787,11.096092542665454,11.096092542665454,11.096092542665454,-41.788218342538244,-41.788218342538244,-41.788218342538244,0.0,0.0,0.0,406.77221004334496
2024-04-15,435.9499287439196,390.0667683928334,417.35958347703297,435.9499287439196,435.9499287439196,-31.84872392364974,-31.84872392364974,-31.84872392364974,10.605585704779037,10.605585704779037,10.605585704779037,-42.45430962842878,-42.45430962842878,-42.45430962842878,0.0,0.0,0.0,404.10120482026986
2024-04-16,435.4451263774869,390.0611029389011,415.8350689916108,435.4451263774869,435.4451263774869,-31.949891984437727,-31.949891984437727,-31.949891984437727,10.556008722685718,10.556008722685718,10.556008722685718,-42.50590070712344,-42.50590070712344,-42.50590070712344,0.0,0.0,0.0,403.49523439304915
2024-04-17,434.94032401105414,390.25859887796383,415.3880929596039,434.94032401105414,434.94032401105414,-31.791767516847067,-31.791767516847067,-31.791767516847067,10.654020379549937,10.654020379549937,10.654020379549937,-42.44578789639701,-42.44578789639701,-42.44578789639701,0.0,0.0,0.0,403.14855649420707
2024-04-18,434.4355216446214,389.65093818423253,415.16472987793804,434.4355216446214,434.4355216446214,-31.746557145442956,-31.746557145442956,-31.746557145442956,10.513626187307484,10.513626187307484,10.513626187307484,-42.260183332750444,-42.260183332750444,-42.260183332750444,0.0,0.0,0.0,402.68896449917844
2024-04-19,433.93071927818875,390.31139200943534,415.76034604357375,433.93071927818875,433.93071927818875,-30.84111339942814,-30.84111339942814,-30.84111339942814,11.096092542749215,11.096092542749215,11.096092542749215,-41.93720594217735,-41.93720594217735,-41.93720594217735,0.0,0.0,0.0,403.0896058787606
2024-04-22,432.41631217889056,390.1339244287285,415.05354399685507,432.41631217889056,432.41631217889056,-29.45431209029197,-29.45431209029197,-29.45431209029197,10.605585704777274,10.605585704777274,10.605585704777274,-40.05989779506925,-40.05989779506925,-40.05989779506925,0.0,0.0,0.0,402.9620000885986
2024-04-23,431.91150981245784,390.3294341051349,415.5016330507131,431.91150981245784,431.91150981245784,-28.560351540871192,-28.560351540871192,-28.560351540871192,10.55600872269092,10.55600872269092,10.55600872269092,-39.11636026356211,-39.11636026356211,-39.11636026356211,0.0,0.0,0.0,403.35115827158666
2024-04-24,431.4067074460251,391.4810147679043,416.3845184192467,431.4067074460251,431.4067074460251,-27.359434537682777,-27.359434537682777,-27.359434537682777,10.654020379550115,10.654020379550115,10.654020379550115,-38.01345491723289,-38.01345491723289,-38.01345491723289,0.0,0.0,0.0,404.04727290834234
2024-04-25,430.90190507959255,392.0210544923959,417.2216523666147,430.90190507959255,430.90190507959255,-26.241565101450743,-26.241565101450743,-26.241565101450743,10.51362618726266,10.51362618726266,10.51362618726266,-36.755191288713405,-36.755191288713405,-36.755191288713405,0.0,0.0,0.0,404.6603399781418
2024-04-26,430.39710276069354,393.89837308612516,418.68703699443347,430.39710276069354,430.39710276069354,-24.252291810705156,-24.252291810705156,-24.252291810705156,11.096092542750306,11.096092542750306,11.096092542750306,-35.348384353455465,-35.348384353455465,-35.348384353455465,0.0,0.0,0.0,406.14481094998837
2024-04-29,428.88269580399674,397.7503277756879,422.22620228258563,428.88269580399674,428.88269580399674,-19.738147979967568,-19.738147979967568,-19.738147979967568,10.60558570472144,10.60558570472144,10.60558570472144,-30.34373368468901,-30.34373368468901,-30.34373368468901,0.0,0.0,0.0,409.1445478240292
2024-04-30,428.37789348509773,397.9729561432335,422.53195053720117,428.37789348509773,428.37789348509773,-17.905114508692666,-17.905114508692666,-17.905114508692666,10.556008722720076,10.556008722720076,10.556008722720076,-28.461123231412742,-28.461123231412742,-28.461123231412742,0.0,0.0,0.0,410.47277897640504
2024-05-01,427.8730911661988,399.94181438908174,424.1222462605911,427.8730911661988,427.8730911661988,-15.84542334561859,-15.84542334561859,-15.84542334561859,10.654020379550296,10.654020379550296,10.654020379550296,-26.499443725168884,-26.499443725168884,-26.499443725168884,0.0,0.0,0.0,412.0276678205802
2024-05-02,427.3682888472999,401.0593660445902,426.415906024546,427.3682888472999,427.3682888472999,-13.963970561069091,-13.963970561069091,-13.963970561069091,10.513626187288095,10.513626187288095,10.513626187288095,-24.477596748357186,-24.477596748357186,-24.477596748357186,0.0,0.0,0.0,413.40431828623076
2024-05-03,426.8634865284009,403.0208303539855,427.92632102914655,426.8634865284009,426.8634865284009,-11.319187083810965,-11.319187083810965,-11.319187083810965,11.096092542696887,11.096092542696887,11.096092542696887,-22.41527962650785,-22.41527962650785,-22.41527962650785,0.0,0.0,0.0,415.54429944458997
2024-05-06,425.34907957170407,407.6007072651119,432.5664836774269,425.34907957170407,425.34907957170407,-5.580003523619264,-5.580003523619264,-5.580003523619264,10.60558570471968,10.60558570471968,10.60558570471968,-16.18558922833894,-16.18558922833894,-16.18558922833894,0.0,0.0,0.0,419.7690760480848
2024-05-07,424.8442772528051,409.79102367131844,433.3988247189312,424.8442772528051,424.8442772528051,-3.6035717809039,-3.6035717809039,-3.6035717809039,10.556008722725277,10.556008722725277,10.556008722725277,-14.159580503629176,-14.159580503629176,-14.159580503629176,0.0,0.0,0.0,421.2407054719012
2024-05-08,424.33947493390616,409.94101697314585,435.7989694874018,424.33947493390616,424.33947493390616,-1.5348856039070786,-1.5348856039070786,-1.5348856039070786,10.654020379550474,10.654020379550474,10.654020379550474,-12.188905983457552,-12.188905983457552,-12.188905983457552,0.0,0.0,0.0,422.8045893299991
2024-05-09,423.83467261500715,411.87399050361165,437.1380728963044,423.83467261500715,423.83467261500715,0.22419660101587532,0.22419660101587532,0.22419660101587532,10.513626187284201,10.513626187284201,10.513626187284201,-10.289429586268325,-10.289429586268325,-10.289429586268325,0.0,0.0,0.0,424.058869216023
2024-05-10,423.32987029610825,413.21072699304887,438.2078216250569,423.32987029610825,423.32987029610825,2.6209634676480102,2.6209634676480102,2.6209634676480102,11.096092542697981,11.096092542697981,11.096092542697981,-8.47512907504997,-8.47512907504997,-8.47512907504997,0.0,0.0,0.0,425.95083376375624
2024-05-13,421.8154633394114,416.3333580549553,441.62857645770544,421.8154633394114,421.8154633394114,6.955720650806393,6.955720650806393,6.955720650806393,10.605585704774514,10.605585704774514,10.605585704774514,-3.6498650539681203,-3.6498650539681203,-3.6498650539681203,0.0,0.0,0.0,428.77118399021776
2024-05-14,421.31066102051244,417.19342517721515,442.29259292094616,421.31066102051244,421.31066102051244,8.285336698418707,8.285336698418707,8.285336698418707,10.556008722698145,10.556008722698145,10.556008722698145,-2.270672024279439,-2.270672024279439,-2.270672024279439,0.0,0.0,0.0,429.59599771893113
2024-05-15,420.80585870161354,417.7836459738199,443.2612710286131,420.80585870161354,420.80585870161354,9.642621824726282,9.642621824726282,9.642621824726282,10.654020379549818,10.654020379549818,10.654020379549818,-1.0113985548235358,-1.0113985548235358,-1.0113985548235358,0.0,0.0,0.0,430.44848052633984
2024-05-16,420.3010563827146,418.6776559995104,443.0691244300107,420.3010563827146,420.3010563827146,10.642219323968884,10.642219323968884,10.642219323968884,10.513626187268704,10.513626187268704,10.513626187268704,0.1285931367001798,0.1285931367001798,0.1285931367001798,0.0,0.0,0.0,430.9432757066835
2024-05-17,419.7962540638156,419.41938658369844,444.32472367287795,419.7962540638156,419.7962540638156,12.248470962411723,12.248470962411723,12.248470962411723,11.096092542699072,11.096092542699072,11.096092542699072,1.1523784197126525,1.1523784197126525,1.1523784197126525,0.0,0.0,0.0,432.0447250262273
2024-05-20,418.2818471071187,419.48006468973165,444.7897960841888,418.2818471071187,418.2818471071187,14.195885259933208,14.195885259933208,14.195885259933208,10.605585704772752,10.605585704772752,10.605585704772752,3.5902995551604544,3.5902995551604544,3.5902995551604544,0.0,0.0,0.0,432.47773236705194
2024-05-21,417.77704478821977,419.49954471012285,445.04224228491034,417.77704478821977,417.77704478821977,14.778496339497693,14.778496339497693,14.778496339497693,10.556008722703348,10.556008722703348,10.556008722703348,4.222487616794341,4.222487616794341,4.222487616794341,0.0,0.0,0.0,432.55554112771745
2024-05-22,417.2722424693209,419.74637956118,445.03766695745105,417.2722424693209,417.2722424693209,15.437563038132037,15.437563038132037,15.437563038132037,10.654020379550062,10.654020379550062,10.654020379550062,4.783542658581976,4.783542658581976,4.783542658581976,0.0,0.0,0.0,432.7098055074529
2024-05-23,416.767440150422,420.0542698481177,446.2802470765201,416.767440150422,416.767440150422,15.80014176523416,15.80014176523416,15.80014176523416,10.513626187264812,10.513626187264812,10.513626187264812,5.286515577969347,5.286515577969347,5.286515577969347,0.0,0.0,0.0,432.56758191565615
2024-05-24,416.26263783152297,420.2808875031759,445.3070165463237,416.26263783152297,416.26263783152297,16.841148593111857,16.841148593111857,16.841148593111857,11.096092542645653,11.096092542645653,11.096092542645653,5.745056050466203,5.745056050466203,5.745056050466203,0.0,0.0,0.0,433.10378642463485
2024-05-28,414.24342855592715,419.57558833236004,444.77103306047917,414.24342855592715,414.24342855592715,17.966167889869293,17.966167889869293,17.966167889869293,10.556008722708551,10.556008722708551,10.556008722708551,7.410159167160743,7.410159167160743,7.410159167160743,0.0,0.0,0.0,432.2095964457964
2024-05-29,413.73888007456526,420.2673008496568,445.03680680294246,413.73888007456526,413.73888007456526,18.50317615852662,18.50317615852662,18.50317615852662,10.654020379549408,10.654020379549408,10.654020379549408,7.849155778977211,7.849155778977211,7.849155778977211,0.0,0.0,0.0,432.2420562330919
2024-05-30,413.2343315932034,419.56767783411783,445.6984744886057,413.2343315932034,413.2343315932034,18.833764864663348,18.833764864663348,18.833764864663348,10.513626187275582,10.513626187275582,10.513626187275582,8.320138677387767,8.320138677387767,8.320138677387767,0.0,0.0,0.0,432.0680964578668
2024-05-31,412.72978311184147,420.9894080157479,445.5244306674375,412.72978311184147,412.72978311184147,19.92845356044594,19.92845356044594,19.92845356044594,11.096092542646746,11.096092542646746,11.096092542646746,8.832361017799192,8.832361017799192,8.832361017799192,0.0,0.0,0.0,432.6582366722874
2024-06-03,411.21613766775573,419.41465632436257,446.06872750053645,411.21613766775573,411.21613766775573,21.290990470865626,21.290990470865626,21.290990470865626,10.605585704686858,10.605585704686858,10.605585704686858,10.685404766178767,10.685404766178767,10.685404766178767,0.0,0.0,0.0,432.50712813862134
2024-06-04,410.7115891863939,419.81499515365164,444.2803700736906,410.7115891863939,410.7115891863939,21.979116753441794,21.979116753441794,21.979116753441794,10.55600872268142,10.55600872268142,10.55600872268142,11.423108030760375,11.423108030760375,11.423108030760375,0.0,0.0,0.0,432.6907059398357
2024-06-05,410.20704070503206,420.8636957422767,445.07207850807436,410.20704070503206,410.20704070503206,22.877846396969456,22.877846396969456,22.877846396969456,10.654020379550419,10.654020379550419,10.654020379550419,12.22382601741904,12.22382601741904,12.22382601741904,0.0,0.0,0.0,433.0848871020015
2024-06-06,409.7024922236701,420.9699049036736,446.5660007156489,409.7024922236701,409.7024922236701,23.60049770631169,23.60049770631169,23.60049770631169,10.51362618728635,10.51362618728635,10.51362618728635,13.086871519025344,13.086871519025344,13.086871519025344,0.0,0.0,0.0,433.3029899299818
2024-06-07,409.1979437423082,421.0803758746056,447.7318286158401,409.1979437423082,409.1979437423082,25.106114157895025,25.106114157895025,25.106114157895025,11.096092542730505,11.096092542730505,11.096092542730505,14.010021615164522,14.010021615164522,14.010021615164522,0.0,0.0,0.0,434.30405790020325
2024-06-10,407.68429829822253,423.1959574165538,448.5892509949851,407.68429829822253,407.68429829822253,27.70340374086921,27.70340374086921,27.70340374086921,10.605585704713395,10.605585704713395,10.605585704713395,17.09781803615582,17.09781803615582,17.09781803615582,0.0,0.0,0.0,435.3877020390917
2024-06-11,407.1797498168607,423.61542747421817,448.7390722509239,407.1797498168607,407.1797498168607,28.769646811391002,28.769646811391002,28.769646811391002,10.55600872268662,10.55600872268662,10.55600872268662,18.213638088704382,18.213638088704382,18.213638088704382,0.0,0.0,0.0,435.9493966282517
2024-06-12,406.6752013354988,424.7855510173713,449.9048505054478,406.6752013354988,406.6752013354988,30.014926102232977,30.014926102232977,30.014926102232977,10.654020379550662,10.654020379550662,10.654020379550662,19.360905722682315,19.360905722682315,19.360905722682315,0.0,0.0,0.0,436.6901274377318
2024-06-13,406.17065285413685,425.1315514590338,449.6501217809996,406.17065285413685,406.17065285413685,31.045353401290164,31.045353401290164,31.045353401290164,10.513626187297119,10.513626187297119,10.513626187297119,20.531727213993044,20.531727213993044,20.531727213993044,0.0,0.0,0.0,437.21600625542703
2024-06-14,405.66610437277495,424.92812030540694,450.11840349340724,405.66610437277495,405.66610437277495,32.81406068467256,32.81406068467256,32.81406068467256,11.096092542731597,11.096092542731597,11.096092542731597,21.71796814194096,21.71796814194096,21.71796814194096,0.0,0.0,0.0,438.4801650574475
2024-06-17,404.1524589286893,427.0420329480615,452.2417318315183,404.1524589286893,404.1524589286893,35.89388994832083,35.89388994832083,35.89388994832083,10.605585704739932,10.605585704739932,10.605585704739932,25.2883042435809,25.2883042435809,25.2883042435809,0.0,0.0,0.0,440.04634887701013
2024-06-18,403.64791044732743,428.8865218922803,453.0256550141342,403.64791044732743,403.64791044732743,37.012674746710054,37.012674746710054,37.012674746710054,10.55600872271577,10.55600872271577,10.55600872271577,26.45666602399428,26.45666602399428,26.45666602399428,0.0,0.0,0.0,440.6605851940375
2024-06-20,402.6388134846036,430.60009514627166,454.9758913964699,402.6388134846036,402.6388134846036,39.23343562694733,39.23343562694733,39.23343562694733,10.513626187293227,10.513626187293227,10.513626187293227,28.7198094396541,28.7198094396541,28.7198094396541,0.0,0.0,0.0,441.8722491115509
2024-06-21,402.1342650032417,430.94444443829155,455.5100930156031,402.1342650032417,402.1342650032417,40.89932016537513,40.89932016537513,40.89932016537513,11.096092542705431,11.096092542705431,11.096092542705431,29.803227622669695,29.803227622669695,29.803227622669695,0.0,0.0,0.0,443.0335851686168
2024-06-24,400.62061955915607,431.9173356661324,456.4496879773581,400.62061955915607,400.62061955915607,43.41416364166593,43.41416364166593,43.41416364166593,10.605585704766465,10.605585704766465,10.605585704766465,32.80857793689947,32.80857793689947,32.80857793689947,0.0,0.0,0.0,444.034783200822
2024-06-25,400.1160710777941,432.0531548002924,457.25926639815566,400.1160710777941,400.1160710777941,44.27464986537773,44.27464986537773,44.27464986537773,10.556008722720975,10.556008722720975,10.556008722720975,33.71864114265676,33.71864114265676,33.71864114265676,0.0,0.0,0.0,444.39072094317186
2024-06-26,399.6115225964322,431.8590182922857,457.1557698845427,399.6115225964322,399.6115225964322,45.23359302321956,45.23359302321956,45.23359302321956,10.654020379550184,10.654020379550184,10.654020379550184,34.57957264366939,34.57957264366939,34.57957264366939,0.0,0.0,0.0,444.8451156196518
2024-06-27,399.10697411507033,432.27365471667576,457.89503812079414,399.10697411507033,399.10697411507033,45.903967080084705,45.903967080084705,45.903967080084705,10.513626187318657,10.513626187318657,10.513626187318657,35.390340892766055,35.390340892766055,35.390340892766055,0.0,0.0,0.0,445.01094119515506
2024-06-28,398.6024258203117,433.68250527518563,458.82411678714885,398.6024258203117,398.6024258203117,47.24651274698305,47.24651274698305,47.24651274698305,11.096092542679273,11.096092542679273,11.096092542679273,36.15042020430378,36.15042020430378,36.15042020430378,0.0,0.0,0.0,445.84893856729474
2024-07-01,397.088780936036,432.13157620208847,457.06236843223206,397.088780936036,397.088780936036,48.732418989494896,48.732418989494896,48.732418989494896,10.605585704764703,10.605585704764703,10.605585704764703,38.12683328473019,38.12683328473019,38.12683328473019,0.0,0.0,0.0,445.8211999255309
2024-07-02,396.5842326412774,433.7552014933242,458.24191920619415,396.5842326412774,396.5842326412774,49.24163725283443,49.24163725283443,49.24163725283443,10.55600872271001,10.55600872271001,10.55600872271001,38.68562853012442,38.68562853012442,38.68562853012442,0.0,0.0,0.0,445.82586989411186
2024-07-03,396.0796843465189,434.0255617731414,458.6316228011854,396.0796843465189,396.0796843465189,49.84932257529978,49.84932257529978,49.84932257529978,10.654020379549523,10.654020379549523,10.654020379549523,39.19530219575025,39.19530219575025,39.19530219575025,0.0,0.0,0.0,445.92900692181865
2024-07-05,395.0705877570017,434.7063157358305,457.84907700025326,395.0705877570017,395.0705877570017,51.16527432827311,51.16527432827311,51.16527432827311,11.096092542653107,11.096092542653107,11.096092542653107,40.069181785619996,40.069181785619996,40.069181785619996,0.0,0.0,0.0,446.2358620852748
2024-07-08,393.55694287272604,432.3711779547015,458.1228977457357,393.55694287272604,393.55694287272604,51.62512321895017,51.62512321895017,51.62512321895017,10.60558570481954,10.60558570481954,10.60558570481954,41.01953751413063,41.01953751413063,41.01953751413063,0.0,0.0,0.0,445.18206609167623
2024-07-09,393.0523945779674,431.61718809548006,457.9305076454097,393.0523945779674,393.0523945779674,51.79569423410724,51.79569423410724,51.79569423410724,10.556008722722998,10.556008722722998,10.556008722722998,41.23968551138425,41.23968551138425,41.23968551138425,0.0,0.0,0.0,444.84808881207465
2024-07-10,392.54784628320886,433.4498309276748,457.1651482143783,392.54784628320886,392.54784628320886,52.0647361666477,52.0647361666477,52.0647361666477,10.654020379550538,10.654020379550538,10.654020379550538,41.41071578709716,41.41071578709716,41.41071578709716,0.0,0.0,0.0,444.6125824498566
2024-07-11,392.04329798845026,431.1771542001005,456.21800685150504,392.04329798845026,392.04329798845026,52.045526809632634,52.045526809632634,52.045526809632634,10.513626187284604,10.513626187284604,10.513626187284604,41.531900622348026,41.531900622348026,41.531900622348026,0.0,0.0,0.0,444.0888247980829
2024-07-12,391.5387496936917,431.65876407475014,456.8921640017145,391.5387496936917,391.5387496936917,52.698501470675275,52.698501470675275,52.698501470675275,11.096092542654201,11.096092542654201,11.096092542654201,41.60240892802108,41.60240892802108,41.60240892802108,0.0,0.0,0.0,444.237251164367
2024-07-15,390.025104809416,429.5417869399044,454.97653815182275,390.025104809416,390.025104809416,52.10692690411311,52.10692690411311,52.10692690411311,10.60558570470711,10.60558570470711,10.60558570470711,41.50134119940601,41.50134119940601,41.50134119940601,0.0,0.0,0.0,442.1320317135291
2024-07-16,389.5205565146574,429.0532233112228,454.21078043121446,389.5205565146574,389.5205565146574,51.917051805078096,51.917051805078096,51.917051805078096,10.556008722712031,10.556008722712031,10.556008722712031,41.361043082366066,41.361043082366066,41.361043082366066,0.0,0.0,0.0,441.4376083197355
2024-07-17,389.0160082198989,428.1916500571574,453.9766107071331,389.0160082198989,389.0160082198989,51.820738969251494,51.820738969251494,51.820738969251494,10.654020379549882,10.654020379549882,10.654020379549882,41.16671858970161,41.16671858970161,41.16671858970161,0.0,0.0,0.0,440.8367471891504
2024-07-18,388.5114599251403,427.69409813556956,452.3657721999083,388.5114599251403,388.5114599251403,51.4320076895405,51.4320076895405,51.4320076895405,10.513626187280712,10.513626187280712,10.513626187280712,40.918381502259784,40.918381502259784,40.918381502259784,0.0,0.0,0.0,439.9434676146808
2024-07-19,388.0069116303818,427.48830433773145,452.5124800900593,388.0069116303818,388.0069116303818,51.71253064133878,51.71253064133878,51.71253064133878,11.09609254260078,11.09609254260078,11.09609254260078,40.616438098738,40.616438098738,40.616438098738,0.0,0.0,0.0,439.7194422717206
2024-07-22,386.49326674610603,424.3088622780158,448.93953435788046,386.49326674610603,386.49326674610603,50.00558369085133,50.00558369085133,50.00558369085133,10.605585704733645,10.605585704733645,10.605585704733645,39.399997986117675,39.399997986117675,39.399997986117675,0.0,0.0,0.0,436.49885043695735
2024-07-23,385.98871845134744,423.5717521039486,448.00874375245616,385.98871845134744,385.98871845134744,49.45322340576178,49.45322340576178,49.45322340576178,10.556008722717232,10.556008722717232,10.556008722717232,38.89721468304455,38.89721468304455,38.89721468304455,0.0,0.0,0.0,435.4419418571092
2024-07-24,385.48417015658896,422.8020563462759,447.86614967759334,385.48417015658896,385.48417015658896,49.00424241054207,49.00424241054207,49.00424241054207,10.65402037955006,10.65402037955006,10.65402037955006,38.350222030992015,38.350222030992015,38.350222030992015,0.0,0.0,0.0,434.48841256713104
2024-07-25,384.97962186183025,419.919213165822,445.5161216643148,384.97962186183025,384.97962186183025,48.27608961081729,48.27608961081729,48.27608961081729,10.513626187276818,10.513626187276818,10.513626187276818,37.762463423540474,37.762463423540474,37.762463423540474,0.0,0.0,0.0,433.25571147264753
2024-07-26,384.4750735670717,420.66574829093645,445.75919423793664,384.4750735670717,384.4750735670717,48.23395140243263,48.23395140243263,48.23395140243263,11.096092542711794,11.096092542711794,11.096092542711794,37.137858859720836,37.137858859720836,37.137858859720836,0.0,0.0,0.0,432.70902496950436
2024-07-29,382.96142868279594,416.9416470253668,441.97346198228394,382.96142868279594,382.96142868279594,45.69374436696436,45.69374436696436,45.69374436696436,10.605585704731883,10.605585704731883,10.605585704731883,35.08815866223247,35.08815866223247,35.08815866223247,0.0,0.0,0.0,428.6551730497603
2024-07-30,382.45688038803746,414.7581652104475,440.27049683570243,382.45688038803746,382.45688038803746,44.91886041889517,44.91886041889517,44.91886041889517,10.556008722706272,10.556008722706272,10.556008722706272,34.3628516961889,34.3628516961889,34.3628516961889,0.0,0.0,0.0,427.37574080693264
2024-07-31,382.63041801950516,413.29938553448505,438.9211563995264,382.63041801950516,382.63041801950516,44.279254750792056,44.279254750792056,44.279254750792056,10.654020379550303,10.654020379550303,10.654020379550303,33.625234371241746,33.625234371241746,33.625234371241746,0.0,0.0,0.0,426.9096727702972
2024-08-01,382.8039556509728,414.06275458369566,438.7681926388509,382.8039556509728,382.8039556509728,43.394242172760045,43.394242172760045,43.394242172760045,10.513626187302249,10.513626187302249,10.513626187302249,32.880615985457794,32.880615985457794,32.880615985457794,0.0,0.0,0.0,426.1981978237328
2024-08-02,382.9774932824405,413.81922166221693,439.00223082407814,382.9774932824405,382.9774932824405,43.23031224859821,43.23031224859821,43.23031224859821,11.096092542658374,11.096092542658374,11.096092542658374,32.134219705939834,32.134219705939834,32.134219705939834,0.0,0.0,0.0,426.20780553103873
2024-08-05,383.4981061768434,411.4424126826707,436.94289997235825,383.4981061768434,383.4981061768434,40.538945144479804,40.538945144479804,40.538945144479804,10.605585704730121,10.605585704730121,10.605585704730121,29.933359439749687,29.933359439749687,29.933359439749687,0.0,0.0,0.0,424.0370513213232
2024-08-06,383.67164380831105,410.75069342817557,435.98622661125296,383.67164380831105,383.67164380831105,39.78319447216489,39.78319447216489,39.78319447216489,10.55600872271147,10.55600872271147,10.55600872271147,29.22718574945342,29.22718574945342,29.22718574945342,0.0,0.0,0.0,423.45483828047594
2024-08-07,383.84518143977874,410.27886203267724,435.32048063583545,383.84518143977874,383.84518143977874,39.195015932385836,39.195015932385836,39.195015932385836,10.654020379550484,10.654020379550484,10.654020379550484,28.540995552835355,28.540995552835355,28.540995552835355,0.0,0.0,0.0,423.0401973721646
2024-08-08,384.0187190712464,410.0245097180055,434.6591302224747,384.0187190712464,384.0187190712464,38.39141609175156,38.39141609175156,38.39141609175156,10.513626187298357,10.513626187298357,10.513626187298357,27.877789904453206,27.877789904453206,27.877789904453206,0.0,0.0,0.0,422.41013516299796
2024-08-09,384.1922567027141,409.78502634409153,435.959171758001,384.1922567027141,384.1922567027141,38.336113205991914,38.336113205991914,38.336113205991914,11.096092542659468,11.096092542659468,11.096092542659468,27.24002066333245,27.24002066333245,27.24002066333245,0.0,0.0,0.0,422.528369908706
2024-08-12,384.71286959711705,407.8152803301751,433.02968766098314,384.71286959711705,384.71286959711705,36.10107006350373,36.10107006350373,36.10107006350373,10.605585704702584,10.605585704702584,10.605585704702584,25.49548435880114,25.49548435880114,25.49548435880114,0.0,0.0,0.0,420.8139396606208
2024-08-13,384.8864072285847,407.608229293882,432.9183829571239,384.8864072285847,384.8864072285847,35.528938551131304,35.528938551131304,35.528938551131304,10.556008722684343,10.556008722684343,10.556008722684343,24.97292982844696,24.97292982844696,24.97292982844696,0.0,0.0,0.0,420.415345779716
2024-08-14,385.0599448600523,407.2617779217977,432.1356845327649,385.0599448600523,385.0599448600523,35.13400288986455,35.13400288986455,35.13400288986455,10.654020379549825,10.654020379549825,10.654020379549825,24.47998251031472,24.47998251031472,24.47998251031472,0.0,0.0,0.0,420.1939477499169
2024-08-15,385.23348249151996,407.332443568776,432.71474683398856,385.23348249151996,385.23348249151996,34.52971962114277,34.52971962114277,34.52971962114277,10.513626187309125,10.513626187309125,10.513626187309125,24.016093433833635,24.016093433833635,24.016093433833635,0.0,0.0,0.0,419.7632021126627
2024-08-16,385.40702012298766,407.76734174859604,432.96646832976717,385.40702012298766,385.40702012298766,34.676478342418434,34.676478342418434,34.676478342418434,11.096092542743225,11.096092542743225,11.096092542743225,23.580385799675213,23.580385799675213,23.580385799675213,0.0,0.0,0.0,420.0834984654061
2024-08-19,385.92763301739063,405.24587607006373,431.22460680038944,385.92763301739063,385.92763301739063,33.03579068888274,33.03579068888274,33.03579068888274,10.60558570472912,10.60558570472912,10.60558570472912,22.430204984153622,22.430204984153622,22.430204984153622,0.0,0.0,0.0,418.9634237062734
2024-08-20,386.1011706488583,406.87495810744537,431.60462821902473,386.1011706488583,386.1011706488583,32.65048175960215,32.65048175960215,32.65048175960215,10.556008722689544,10.556008722689544,10.556008722689544,22.094473036912607,22.094473036912607,22.094473036912607,0.0,0.0,0.0,418.7516524084604
2024-08-21,386.27470828032597,406.2658221908128,430.49562372492704,386.27470828032597,386.27470828032597,32.43421287100889,32.43421287100889,32.43421287100889,10.65402037955,10.65402037955,10.65402037955,21.78019249145889,21.78019249145889,21.78019249145889,0.0,0.0,0.0,418.70892115133483
2024-08-22,386.44824591179355,405.69414195703195,431.8877619648586,386.44824591179355,386.44824591179355,31.999661306566228,31.999661306566228,31.999661306566228,10.513626187278966,10.513626187278966,10.513626187278966,21.486035119287266,21.486035119287266,21.486035119287266,0.0,0.0,0.0,418.4479072183598
2024-08-23,386.62178354326124,406.31087191422637,431.46521216548484,386.62178354326124,386.62178354326124,32.3069013404535,32.3069013404535,32.3069013404535,11.096092542717063,11.096092542717063,11.096092542717063,21.210808797736433,21.210808797736433,21.210808797736433,0.0,0.0,0.0,418.92868488371477
2024-08-26,387.1423964376642,406.2274738836147,431.7647238642958,387.1423964376642,387.1423964376642,31.095032248471878,31.095032248471878,31.095032248471878,10.605585704727359,10.605585704727359,10.605585704727359,20.48944654374452,20.48944654374452,20.48944654374452,0.0,0.0,0.0,418.23742868613607
2024-08-27,387.3159340691319,405.4892784821657,430.32533169450176,387.3159340691319,387.3159340691319,30.837637189053186,30.837637189053186,30.837637189053186,10.556008722718696,10.556008722718696,10.556008722718696,20.281628466334492,20.281628466334492,20.281628466334492,0.0,0.0,0.0,418.1535712581851
2024-08-28,387.48947170059955,406.11922999078746,430.57986402567644,387.48947170059955,387.48947170059955,30.743523674667973,30.743523674667973,30.743523674667973,10.654020379549348,10.654020379549348,10.654020379549348,20.08950329511862,20.08950329511862,20.08950329511862,0.0,0.0,0.0,418.23299537526754
2024-08-29,387.6630093320672,405.7573226437054,430.27796345905693,387.6630093320672,387.6630093320672,30.426528031152348,30.426528031152348,30.426528031152348,10.513626187289738,10.513626187289738,10.513626187289738,19.912901843862613,19.912901843862613,19.912901843862613,0.0,0.0,0.0,418.08953736321956
2024-08-30,387.967076863204,406.27165907988694,431.23869178643673,387.967076863204,387.967076863204,30.847821111576625,30.847821111576625,30.847821111576625,11.096092542690899,11.096092542690899,11.096092542690899,19.751728568885728,19.751728568885728,19.751728568885728,0.0,0.0,0.0,418.81489797478065
2024-09-03,389.18334698775135,406.4315396265098,432.1786513928959,389.18334698775135,389.18334698775135,29.814503085092994,29.814503085092994,29.814503085092994,10.55600872270773,10.55600872270773,10.55600872270773,19.258494362385264,19.258494362385264,19.258494362385264,0.0,0.0,0.0,418.99785007284436
2024-09-04,389.48741451888816,406.5870651147085,432.57115446648464,389.48741451888816,389.48741451888816,29.825168804892716,29.825168804892716,29.825168804892716,10.654020379550357,10.654020379550357,10.654020379550357,19.17114842534236,19.17114842534236,19.17114842534236,0.0,0.0,0.0,419.31258332378087
2024-09-05,389.791482050025,407.28435519386255,431.8292057132899,389.791482050025,389.791482050025,29.610186426218064,29.610186426218064,29.610186426218064,10.513626187300506,10.513626187300506,10.513626187300506,19.096560238917554,19.096560238917554,19.096560238917554,0.0,0.0,0.0,419.4016684762431
2024-09-06,390.09554958116183,407.21304050404467,432.7698235310844,390.09554958116183,390.09554958116183,30.12940107550763,30.12940107550763,30.12940107550763,11.096092542691991,11.096092542691991,11.096092542691991,19.03330853281564,19.03330853281564,19.03330853281564,0.0,0.0,0.0,420.2249506566695
2024-09-09,391.00775217457226,407.39227330701283,433.3243045544343,391.00775217457226,391.00775217457226,29.49642376561451,29.49642376561451,29.49642376561451,10.605585704752134,10.605585704752134,10.605585704752134,18.890838060862375,18.890838060862375,18.890838060862375,0.0,0.0,0.0,420.50417594018677
2024-09-10,391.3118197057091,407.8190540845597,433.4660224116294,391.3118197057091,391.3118197057091,29.40591630146847,29.40591630146847,29.40591630146847,10.556008722696767,10.556008722696767,10.556008722696767,18.849907578771706,18.849907578771706,18.849907578771706,0.0,0.0,0.0,420.7177360071776
2024-09-11,391.61588723684594,409.19667411522266,433.2094544573527,391.61588723684594,391.61588723684594,29.460558094221465,29.460558094221465,29.460558094221465,10.654020379549703,10.654020379549703,10.654020379549703,18.806537714671762,18.806537714671762,18.806537714671762,0.0,0.0,0.0,421.0764453310674
2024-09-12,391.9199547679828,408.9179768683331,434.3348309268679,391.9199547679828,391.9199547679828,29.27032338119686,29.27032338119686,29.27032338119686,10.513626187270345,10.513626187270345,10.513626187270345,18.756697193926517,18.756697193926517,18.756697193926517,0.0,0.0,0.0,421.1902781491797
2024-09-13,392.2240222991196,408.9054799940346,435.5850947931143,392.2240222991196,392.2240222991196,29.792132196232153,29.792132196232153,29.792132196232153,11.096092542693086,11.096092542693086,11.096092542693086,18.696039653539064,18.696039653539064,18.696039653539064,0.0,0.0,0.0,422.01615449535177
2024-09-16,393.1362248925301,409.19793748401247,433.88965086952436,393.1362248925301,393.1362248925301,29.00848293236,29.00848293236,29.00848293236,10.605585704778669,10.605585704778669,10.605585704778669,18.402897227581327,18.402897227581327,18.402897227581327,0.0,0.0,0.0,422.1447078248901
2024-09-17,393.44029242366696,410.1127297224768,435.6927514597948,393.44029242366696,393.44029242366696,28.808563854407165,28.808563854407165,28.808563854407165,10.556008722701968,10.556008722701968,10.556008722701968,18.252555131705197,18.252555131705197,18.252555131705197,0.0,0.0,0.0,422.24885627807413
2024-09-18,393.74435995480377,410.40614328024407,435.8604692705139,393.74435995480377,393.74435995480377,28.72250723404865,28.72250723404865,28.72250723404865,10.654020379549946,10.654020379549946,10.654020379549946,18.068486854498705,18.068486854498705,18.068486854498705,0.0,0.0,0.0,422.4668671888524
2024-09-19,394.0484274859405,409.4984572989572,434.49914393670116,394.0484274859405,394.0484274859405,28.360383897480133,28.360383897480133,28.360383897480133,10.513626187266455,10.513626187266455,10.513626187266455,17.846757710213677,17.846757710213677,17.846757710213677,0.0,0.0,0.0,422.40881138342064
2024-09-20,394.3524950170774,411.0016343834397,435.12489920022506,394.3524950170774,394.3524950170774,28.680062850369715,28.680062850369715,28.680062850369715,11.096092542666922,11.096092542666922,11.096092542666922,17.583970307702796,17.583970307702796,17.583970307702796,0.0,0.0,0.0,423.0325578674471
2024-09-23,395.2646976104879,410.15032551028986,435.3718293073633,395.2646976104879,395.2646976104879,27.131670796629948,27.131670796629948,27.131670796629948,10.605585704694537,10.605585704694537,10.605585704694537,16.526085091935414,16.526085091935414,16.526085091935414,0.0,0.0,0.0,422.39636840711785
2024-09-24,395.5687651416247,409.90679758542,434.8933311072308,395.5687651416247,395.5687651416247,26.636294460488134,26.636294460488134,26.636294460488134,10.55600872270717,10.55600872270717,10.55600872270717,16.08028573778096,16.08028573778096,16.08028573778096,0.0,0.0,0.0,422.20505960211284
2024-09-25,395.87283267276155,408.642751909436,434.08884503085835,395.87283267276155,395.87283267276155,26.242764831820864,26.242764831820864,26.242764831820864,10.654020379550124,10.654020379550124,10.654020379550124,15.58874445227074,15.58874445227074,15.58874445227074,0.0,0.0,0.0,422.1155975045824
2024-09-26,396.1769002038984,407.9660595802919,433.65594696187645,396.1769002038984,396.1769002038984,25.56721981320377,25.56721981320377,25.56721981320377,10.513626187291885,10.513626187291885,10.513626187291885,15.053593625911883,15.053593625911883,15.053593625911883,0.0,0.0,0.0,421.7441200171022
2024-09-27,396.4809677350352,409.4514619950747,433.3980784471464,396.4809677350352,396.4809677350352,25.57417175312247,25.57417175312247,25.57417175312247,11.096092542640758,11.096092542640758,11.096092542640758,14.47807921048171,14.47807921048171,14.47807921048171,0.0,0.0,0.0,422.0551394881577
2024-09-30,397.3931703284456,407.55186734505105,432.7722778790775,397.3931703284456,397.3931703284456,23.16346596389664,23.16346596389664,23.16346596389664,10.605585704692778,10.605585704692778,10.605585704692778,12.557880259203863,12.557880259203863,12.557880259203863,0.0,0.0,0.0,420.5566362923422
2024-10-01,397.6972378465441,408.0505680488027,433.20654447876785,397.6972378465441,397.6972378465441,22.4302904265675,22.4302904265675,22.4302904265675,10.556008722696209,10.556008722696209,10.556008722696209,11.874281703871294,11.874281703871294,11.874281703871294,0.0,0.0,0.0,420.12752827311164
2024-10-02,398.0013053646425,408.0159919693487,431.9210403072372,398.0013053646425,398.0013053646425,21.83546861644275,21.83546861644275,21.83546861644275,10.654020379550305,10.654020379550305,10.654020379550305,11.181448236892441,11.181448236892441,11.181448236892441,0.0,0.0,0.0,419.8367739810853
2024-10-03,398.3053728827409,406.03933918937884,431.2105577691486,398.3053728827409,398.3053728827409,21.001416809635558,21.001416809635558,21.001416809635558,10.51362618728799,10.51362618728799,10.51362618728799,10.487790622347568,10.487790622347568,10.487790622347568,0.0,0.0,0.0,419.30678969237647
2024-10-04,398.6094404008394,408.01391431080077,434.10139663149636,398.6094404008394,398.6094404008394,20.898146943580034,20.898146943580034,20.898146943580034,11.096092542724515,11.096092542724515,11.096092542724515,9.80205440085552,9.80205440085552,9.80205440085552,0.0,0.0,0.0,419.50758734441945
2024-10-07,399.5216429551348,405.54110834922545,430.29302299065864,399.5216429551348,399.5216429551348,18.485917211515346,18.485917211515346,18.485917211515346,10.60558570474761,10.60558570474761,10.60558570474761,7.880331506767732,7.880331506767732,7.880331506767732,0.0,0.0,0.0,418.00756016665014
2024-10-08,399.8257104732332,404.3990170779795,429.8592914971468,399.8257104732332,399.8257104732332,17.868822646465567,17.868822646465567,17.868822646465567,10.556008722685245,10.556008722685245,10.556008722685245,7.31281392378032,7.31281392378032,7.31281392378032,0.0,0.0,0.0,417.69453311969875
2024-10-09,400.1297779913316,405.4443806045206,430.52616261051867,400.1297779913316,400.1297779913316,17.448279396020133,17.448279396020133,17.448279396020133,10.654020379550548,10.654020379550548,10.654020379550548,6.794259016469585,6.794259016469585,6.794259016469585,0.0,0.0,0.0,417.57805738735175
2024-10-10,400.4338455094301,404.9112246597722,429.13653932046515,400.4338455094301,400.4338455094301,16.84438583369761,16.84438583369761,16.84438583369761,10.513626187298762,10.513626187298762,10.513626187298762,6.33075964639885,6.33075964639885,6.33075964639885,0.0,0.0,0.0,417.27823134312774
2024-10-11,400.7379130275285,405.9376211038801,430.78611442561885,400.7379130275285,400.7379130275285,17.023312487203963,17.023312487203963,17.023312487203963,11.096092542725607,11.096092542725607,11.096092542725607,5.927219944478356,5.927219944478356,5.927219944478356,0.0,0.0,0.0,417.7612255147325
2024-10-14,401.65011558182385,404.6471083828776,429.38168316488037,401.65011558182385,401.65011558182385,15.70990154359395,15.70990154359395,15.70990154359395,10.605585704745847,10.605585704745847,10.605585704745847,5.104315838848103,5.104315838848103,5.104315838848103,0.0,0.0,0.0,417.3600171254178
2024-10-15,401.9541830999223,405.52427669170766,430.11396422559216,401.9541830999223,401.9541830999223,15.51678807904462,15.51678807904462,15.51678807904462,10.556008722714397,10.556008722714397,10.556008722714397,4.96077935633022,4.96077935633022,4.96077935633022,0.0,0.0,0.0,417.4709711789669
2024-10-16,402.2582506180208,404.6423774505424,430.3805204668051,402.2582506180208,402.2582506180208,15.533316269550465,15.533316269550465,15.533316269550465,10.654020379550724,10.654020379550724,10.654020379550724,4.8792958899997405,4.8792958899997405,4.8792958899997405,0.0,0.0,0.0,417.79156688757126
2024-10-17,402.5623181361192,405.0497865109395,429.9422886071286,402.5623181361192,402.5623181361192,15.369042692280733,15.369042692280733,15.369042692280733,10.513626187294868,10.513626187294868,10.513626187294868,4.855416504985863,4.855416504985863,4.855416504985863,0.0,0.0,0.0,417.93136082839993
2024-10-18,402.86638565421765,407.2139890782495,431.4094892076228,402.86638565421765,402.86638565421765,15.979238739553592,15.979238739553592,15.979238739553592,11.096092542672189,11.096092542672189,11.096092542672189,4.883146196881404,4.883146196881404,4.883146196881404,0.0,0.0,0.0,418.84562439377123
2024-10-21,403.77858820851304,407.97647163286535,432.748120026633,403.77858820851304,403.77858820851304,15.80133481664701,15.80133481664701,15.80133481664701,10.605585704772382,10.605585704772382,10.605585704772382,5.195749111874629,5.195749111874629,5.195749111874629,0.0,0.0,0.0,419.57992302516004
2024-10-22,404.08265572661145,407.2332361901146,432.19971040074955,404.08265572661145,404.08265572661145,15.900273623348825,15.900273623348825,15.900273623348825,10.556008722703432,10.556008722703432,10.556008722703432,5.344264900645394,5.344264900645394,5.344264900645394,0.0,0.0,0.0,419.9829293499603
2024-10-23,404.38672324470986,407.8907313535377,433.314384859933,404.38672324470986,404.38672324470986,16.15102069363908,16.15102069363908,16.15102069363908,10.654020379550065,10.654020379550065,10.654020379550065,5.497000314089015,5.497000314089015,5.497000314089015,0.0,0.0,0.0,420.5377439383489
2024-10-24,404.6907907628084,408.78074724860323,434.4118176070594,404.6907907628084,404.6907907628084,16.15629087657417,16.15629087657417,16.15629087657417,10.513626187305638,10.513626187305638,10.513626187305638,5.6426646892685355,5.6426646892685355,5.6426646892685355,0.0,0.0,0.0,420.84708163938257
2024-10-25,404.9948582809068,409.62011433253485,435.07077831457826,404.9948582809068,404.9948582809068,16.866136894779817,16.866136894779817,16.866136894779817,11.096092542673283,11.096092542673283,11.096092542673283,5.770044352106535,5.770044352106535,5.770044352106535,0.0,0.0,0.0,421.8609951756866
2024-10-28,405.90706083520206,409.4686565730367,435.6953529012872,405.90706083520206,405.90706083520206,16.543768997685742,16.543768997685742,16.543768997685742,10.60558570477062,10.60558570477062,10.60558570477062,5.938183292915122,5.938183292915122,5.938183292915122,0.0,0.0,0.0,422.4508298328878
2024-10-29,406.2111283533005,410.14002531898245,435.6475881376187,406.2111283533005,406.2111283533005,16.448926725566498,16.448926725566498,16.448926725566498,10.556008722692468,10.556008722692468,10.556008722692468,5.892918002874029,5.892918002874029,5.892918002874029,0.0,0.0,0.0,422.660055078867
2024-10-30,406.5151958713989,411.26151117844756,436.779293735021,406.5151958713989,406.5151958713989,16.4394235612195,16.4394235612195,16.4394235612195,10.654020379551081,10.654020379551081,10.654020379551081,5.785403181668417,5.785403181668417,5.785403181668417,0.0,0.0,0.0,422.95461943261836
2024-10-31,406.8192634148801,410.2377862699209,434.77523548597895,406.8192634148801,406.8192634148801,16.12486716327215,16.12486716327215,16.12486716327215,10.513626187275479,10.513626187275479,10.513626187275479,5.61124097599667,5.61124097599667,5.61124097599667,0.0,0.0,0.0,422.9441305781522
2024-11-01,407.12333095836124,410.6628460441568,435.31618040674283,407.12333095836124,407.12333095836124,16.464106678331593,16.464106678331593,16.464106678331593,11.09609254264712,11.09609254264712,11.09609254264712,5.368014135684471,5.368014135684471,5.368014135684471,0.0,0.0,0.0,423.5874376366928
2024-11-04,408.03553358880475,410.31894645580894,435.6064986623756,408.03553358880475,408.03553358880475,14.83747743701575,14.83747743701575,14.83747743701575,10.605585704797157,10.605585704797157,10.605585704797157,4.2318917322185925,4.2318917322185925,4.2318917322185925,0.0,0.0,0.0,422.8730110258205
2024-11-05,408.33960113228596,410.34705279830604,434.4534404162159,408.33960113228596,408.33960113228596,14.287343271466863,14.287343271466863,14.287343271466863,10.556008722737785,10.556008722737785,10.556008722737785,3.731334548729079,3.731334548729079,3.731334548729079,0.0,0.0,0.0,422.6269444037528
2024-11-06,408.6436686757671,409.25276339785466,435.0363049985842,408.6436686757671,408.6436686757671,13.836038402035722,13.836038402035722,13.836038402035722,10.654020379550422,10.654020379550422,10.654020379550422,3.1820180224852996,3.1820180224852996,3.1820180224852996,0.0,0.0,0.0,422.47970707780286
2024-11-07,408.94773621924827,408.8313520452535,435.0283901931633,408.94773621924827,408.94773621924827,13.107823292124507,13.107823292124507,13.107823292124507,10.513626187286247,10.513626187286247,10.513626187286247,2.5941971048382606,2.5941971048382606,2.5941971048382606,0.0,0.0,0.0,422.0555595113728
2024-11-08,409.2518037627294,409.3789929805963,434.046579390188,409.2518037627294,409.2518037627294,13.075910397896822,13.075910397896822,13.075910397896822,11.096092542730876,11.096092542730876,11.096092542730876,1.9798178551659462,1.9798178551659462,1.9798178551659462,0.0,0.0,0.0,422.3277141606263
2024-11-11,410.164006393173,408.34998246301797,434.4245450447126,410.164006393173,410.164006393173,10.721709934207036,10.721709934207036,10.721709934207036,10.605585704713029,10.605585704713029,10.605585704713029,0.11612422949400922,0.11612422949400922,0.11612422949400922,0.0,0.0,0.0,420.88571632738
2024-11-12,410.46807393665415,409.0332427521758,433.3754787969128,410.46807393665415,410.46807393665415,10.094347273863566,10.094347273863566,10.094347273863566,10.556008722710658,10.556008722710658,10.556008722710658,-0.4616614488470909,-0.4616614488470909,-0.4616614488470909,0.0,0.0,0.0,420.5624212105177
2024-11-13,410.77214148013536,407.43076248902685,432.2895026739769,410.77214148013536,410.77214148013536,9.662104200454092,9.662104200454092,9.662104200454092,10.654020379549767,10.654020379549767,10.654020379549767,-0.9919161790956735,-0.9919161790956735,-0.9919161790956735,0.0,0.0,0.0,420.43424568058947
2024-11-14,411.07620902361657,408.53065021971645,432.24486610979056,411.07620902361657,411.07620902361657,9.053996334892522,9.053996334892522,9.053996334892522,10.513626187282355,10.513626187282355,10.513626187282355,-1.459629852389833,-1.459629852389833,-1.459629852389833,0.0,0.0,0.0,420.1302053585091
2024-11-15,411.3802765670977,407.28029766051014,433.2728929510784,411.3802765670977,411.3802765670977,9.24539105862253,9.24539105862253,9.24539105862253,11.096092542704712,11.096092542704712,11.096092542704712,-1.8507014840821805,-1.8507014840821805,-1.8507014840821805,0.0,0.0,0.0,420.62566762572027
2024-11-18,412.29247919754124,407.247604283758,433.13881764083715,412.29247919754124,412.29247919754124,8.16038592170349,8.16038592170349,8.16038592170349,10.605585704739562,10.605585704739562,10.605585704739562,-2.445199783036074,-2.445199783036074,-2.445199783036074,0.0,0.0,0.0,420.45286511924473
2024-11-19,412.5965467410224,407.954882358236,433.74198524404443,412.5965467410224,412.5965467410224,8.135215165884693,8.135215165884693,8.135215165884693,10.556008722715859,10.556008722715859,10.556008722715859,-2.420793556831167,-2.420793556831167,-2.420793556831167,0.0,0.0,0.0,420.7317619069071
2024-11-20,412.90061428450355,408.14633871120395,432.9804000971684,412.90061428450355,412.90061428450355,8.377682626970632,8.377682626970632,8.377682626970632,10.654020379549946,10.654020379549946,10.654020379549946,-2.276337752579314,-2.276337752579314,-2.276337752579314,0.0,0.0,0.0,421.2782969114742
2024-11-21,413.2046818279847,408.8821769347811,435.4359225790538,413.2046818279847,413.2046818279847,8.502903789317443,8.502903789317443,8.502903789317443,10.513626187307786,10.513626187307786,10.513626187307786,-2.010722397990343,-2.010722397990343,-2.010722397990343,0.0,0.0,0.0,421.70758561730213
2024-11-22,413.5087493714659,409.38080237568965,435.1985926147322,413.5087493714659,413.5087493714659,9.470270456461424,9.470270456461424,9.470270456461424,11.09609254267855,11.09609254267855,11.09609254267855,-1.6258220862171253,-1.6258220862171253,-1.6258220862171253,0.0,0.0,0.0,422.97901982792735
2024-11-25,414.4209520019095,412.63968416468396,437.8061810394467,414.4209520019095,414.4209520019095,10.785887220507822,10.785887220507822,10.785887220507822,10.6055857047661,10.6055857047661,10.6055857047661,0.18030151574172362,0.18030151574172362,0.18030151574172362,0.0,0.0,0.0,425.20683922241733
2024-11-26,414.72501954539064,412.916111105313,438.74695463499313,414.72501954539064,414.72501954539064,11.519336604648888,11.519336604648888,11.519336604648888,10.556008722704895,10.556008722704895,10.556008722704895,0.963327881943993,0.963327881943993,0.963327881943993,0.0,0.0,0.0,426.24435615003955
2024-11-27,415.02908708887185,414.8134296794133,439.6136056344921,415.02908708887185,415.02908708887185,12.466007690277948,12.466007690277948,12.466007690277948,10.654020379549353,10.654020379549353,10.654020379549353,1.8119873107285942,1.8119873107285942,1.8119873107285942,0.0,0.0,0.0,427.4950947791498
2024-11-29,415.6372221758341,417.28929528463317,442.78265895337586,415.6372221758341,415.6372221758341,14.726716940109412,14.726716940109412,14.726716940109412,11.096092542652388,11.096092542652388,11.096092542652388,3.630624397457024,3.630624397457024,3.630624397457024,0.0,0.0,0.0,430.3639391159435
2024-12-02,416.54928500703113,420.9434985583375,446.76279343373284,416.54928500703113,416.54928500703113,16.944684553837014,16.944684553837014,16.944684553837014,10.605585704681967,10.605585704681967,10.605585704681967,6.339098849155048,6.339098849155048,6.339098849155048,0.0,0.0,0.0,433.49396956086815
2024-12-03,416.8533059507634,421.6643124189671,446.91495347393095,416.8533059507634,416.8533059507634,17.701476559148883,17.701476559148883,17.701476559148883,10.55600872269393,10.55600872269393,10.55600872269393,7.145467836454954,7.145467836454954,7.145467836454954,0.0,0.0,0.0,434.5547825099123
2024-12-04,417.1573268944958,422.8902211126749,448.4511719036061,417.1573268944958,417.1573268944958,18.519852377216754,18.519852377216754,18.519852377216754,10.654020379550364,10.654020379550364,10.654020379550364,7.865831997666389,7.865831997666389,7.865831997666389,0.0,0.0,0.0,435.67717927171253
2024-12-05,417.46134783822816,423.751269610846,448.9301714265796,417.46134783822816,417.46134783822816,18.992556980016325,18.992556980016325,18.992556980016325,10.513626187288397,10.513626187288397,10.513626187288397,8.478930792727926,8.478930792727926,8.478930792727926,0.0,0.0,0.0,436.4539048182445
2024-12-06,417.7653687819605,425.69212689764333,449.4922045950974,417.7653687819605,417.7653687819605,20.06126202279719,20.06126202279719,20.06126202279719,11.096092542653478,11.096092542653478,11.096092542653478,8.965169480143711,8.965169480143711,8.965169480143711,0.0,0.0,0.0,437.82663080475766
2024-12-09,418.67743161315747,425.6216296585767,452.00802012207976,418.67743161315747,418.67743161315747,20.10722390175076,20.10722390175076,20.10722390175076,10.605585704680207,10.605585704680207,10.605585704680207,9.501638197070557,9.501638197070557,9.501638197070557,0.0,0.0,0.0,438.78465551490825
2024-12-10,418.98145255688985,424.74535163168815,451.23840108427424,418.98145255688985,418.98145255688985,19.889811069234206,19.889811069234206,19.889811069234206,10.556008722682966,10.556008722682966,10.556008722682966,9.333802346551243,9.333802346551243,9.333802346551243,0.0,0.0,0.0,438.87126362612406
2024-12-11,419.28547350062223,426.99664252810777,451.2286625907288,419.28547350062223,419.28547350062223,19.635386218827833,19.635386218827833,19.635386218827833,10.65402037954971,10.65402037954971,10.65402037954971,8.98136583927812,8.98136583927812,8.98136583927812,0.0,0.0,0.0,438.92085971945005
2024-12-12,419.5894944443545,426.2239701272011,452.5863597873746,419.5894944443545,419.5894944443545,18.95667015983669,18.95667015983669,18.95667015983669,10.513626187284503,10.513626187284503,10.513626187284503,8.443043972552188,8.443043972552188,8.443043972552188,0.0,0.0,0.0,438.5461646041912
2024-12-13,419.8935153880868,425.1672843946425,451.41199814318946,419.8935153880868,419.8935153880868,18.817455574268536,18.817455574268536,18.817455574268536,11.096092542737237,11.096092542737237,11.096092542737237,7.7213630315313,7.7213630315313,7.7213630315313,0.0,0.0,0.0,438.71097096235536
2024-12-16,420.80557821928386,423.4140065939594,449.2134456675931,420.80557821928386,420.80557821928386,15.14350710847735,15.14350710847735,15.14350710847735,10.605585704735041,10.605585704735041,10.605585704735041,4.537921403742307,4.537921403742307,4.537921403742307,0.0,0.0,0.0,435.9490853277612
2024-12-17,421.10959916301624,421.66459179789575,448.17145303733724,421.10959916301624,421.10959916301624,13.738357956093145,13.738357956093145,13.738357956093145,10.556008722688167,10.556008722688167,10.556008722688167,3.182349233404977,3.182349233404977,3.182349233404977,0.0,0.0,0.0,434.84795711910937
2024-12-18,421.4136201067485,421.0467916217889,446.9054048868837,421.4136201067485,421.4136201067485,12.364089473133019,12.364089473133019,12.364089473133019,10.654020379549888,10.654020379549888,10.654020379549888,1.7100690935831302,1.7100690935831302,1.7100690935831302,0.0,0.0,0.0,433.7777095798815
2024-12-19,421.7176410504809,420.21012797118544,444.99201547372274,421.7176410504809,421.7176410504809,10.657040253185317,10.657040253185317,10.657040253185317,10.513626187280611,10.513626187280611,10.513626187280611,0.14341406590470607,0.14341406590470607,0.14341406590470607,0.0,0.0,0.0,432.3746813036662
2024-12-20,422.0216619942132,419.8427872096931,445.202823567438,422.0216619942132,422.0216619942132,9.602867339133956,9.602867339133956,9.602867339133956,11.096092542738328,11.096092542738328,11.096092542738328,-1.4932252036043703,-1.4932252036043703,-1.4932252036043703,0.0,0.0,0.0,431.6245293333472
2024-12-23,422.93372482541025,414.84358586685164,439.98096443498383,422.93372482541025,422.93372482541025,4.046148812936248,4.046148812936248,4.046148812936248,10.605585704733278,10.605585704733278,10.605585704733278,-6.559436891797029,-6.559436891797029,-6.559436891797029,0.0,0.0,0.0,426.9798736383465
2024-12-24,423.2377457691426,413.80141945654907,437.46678789688303,423.2377457691426,423.2377457691426,2.3461808787784033,2.3461808787784033,2.3461808787784033,10.55600872271732,10.55600872271732,10.55600872271732,-8.209827843938916,-8.209827843938916,-8.209827843938916,0.0,0.0,0.0,425.583926647921
2024-12-26,423.8457876566073,410.8144380243363,436.2338565286775,423.8457876566073,423.8457876566073,-0.7810966090407273,-0.7810966090407273,-0.7810966090407273,10.513626187306041,10.513626187306041,10.513626187306041,-11.294722796346768,-11.294722796346768,-11.294722796346768,0.0,0.0,0.0,423.06469104756655
2024-12-27,424.14980860033955,410.36156385742055,435.28572436094277,424.14980860033955,424.14980860033955,-1.5850165988533917,-1.5850165988533917,-1.5850165988533917,11.09609254268491,11.09609254268491,11.09609254268491,-12.681109141538302,-12.681109141538302,-12.681109141538302,0.0,0.0,0.0,422.5647920014862
2024-12-30,425.06187143153664,408.28691761038897,432.0201198162653,425.06187143153664,425.06187143153664,-5.371163631704404,-5.371163631704404,-5.371163631704404,10.605585704731515,10.605585704731515,10.605585704731515,-15.976749336435919,-15.976749336435919,-15.976749336435919,0.0,0.0,0.0,419.69070779983224
2024-12-31,425.3658923752689,406.52624093799005,432.19373490496145,425.3658923752689,425.3658923752689,-6.1825488170030765,-6.1825488170030765,-6.1825488170030765,10.556008722722524,10.556008722722524,10.556008722722524,-16.7385575397256,-16.7385575397256,-16.7385575397256,0.0,0.0,0.0,419.18334355826585
2025-01-02,425.9739342627336,405.5082714723208,431.09085077581716,425.9739342627336,425.9739342627336,-7.192547417295187,-7.192547417295187,-7.192547417295187,10.513626187302147,10.513626187302147,10.513626187302147,-17.706173604597335,-17.706173604597335,-17.706173604597335,0.0,0.0,0.0,418.7813868454384
2025-01-03,425.8769691079168,406.34790189481157,431.103529163512,425.8769691079168,425.8769691079168,-6.812166005396151,-6.812166005396151,-6.812166005396151,11.096092542686003,11.096092542686003,11.096092542686003,-17.908258548082152,-17.908258548082152,-17.908258548082152,0.0,0.0,0.0,419.06480310252067
2025-01-06,425.5860736434664,406.36163127351267,431.2440894146104,425.5860736434664,425.5860736434664,-6.83891294413244,-6.83891294413244,-6.83891294413244,10.60558570478635,10.60558570478635,10.60558570478635,-17.44449864891879,-17.44449864891879,-17.44449864891879,0.0,0.0,0.0,418.74716069933396
2025-01-07,425.4891084886496,407.0908300103463,432.34524054838636,425.4891084886496,425.4891084886496,-6.413515818835451,-6.413515818835451,-6.413515818835451,10.55600872269539,10.55600872269539,10.55600872269539,-16.96952454153084,-16.96952454153084,-16.96952454153084,0.0,0.0,0.0,419.07559266981417
2025-01-08,425.3921433338328,406.78281863603394,431.98289957386635,425.3921433338328,425.3921433338328,-5.7061369762413126,-5.7061369762413126,-5.7061369762413126,10.654020379550488,10.654020379550488,10.654020379550488,-16.360157355791802,-16.360157355791802,-16.360157355791802,0.0,0.0,0.0,419.68600635759145
2025-01-10,425.19821302419916,409.1070599713213,433.861332885994,425.19821302419916,425.19821302419916,-3.7211470720828346,-3.7211470720828346,-3.7211470720828346,11.096092542687098,11.096092542687098,11.096092542687098,-14.817239614769932,-14.817239614769932,-14.817239614769932,0.0,0.0,0.0,421.47706595211633
2025-01-13,424.9073175597487,411.0244756686231,436.10755108063523,424.9073175597487,424.9073175597487,-1.4221114930794352,-1.4221114930794352,-1.4221114930794352,10.605585704784586,10.605585704784586,10.605585704784586,-12.027697197864022,-12.027697197864022,-12.027697197864022,0.0,0.0,0.0,423.48520606666926
2025-01-14,424.81035240493196,412.3408642509106,436.2639780763604,424.81035240493196,424.81035240493196,-0.5091049899918975,-0.5091049899918975,-0.5091049899918975,10.556008722700591,10.556008722700591,10.556008722700591,-11.06511371269249,-11.06511371269249,-11.06511371269249,0.0,0.0,0.0,424.30124741494006
2025-01-15,424.71338725011515,412.06981910587353,438.5251081263777,424.71338725011515,424.71338725011515,0.5292605683995504,0.5292605683995504,0.5292605683995504,10.65402037955067,10.65402037955067,10.65402037955067,-10.12475981115112,-10.12475981115112,-10.12475981115112,0.0,0.0,0.0,425.2426478185147
2025-01-16,424.61642209529833,411.6207342133097,438.3812277448773,424.61642209529833,424.61642209529833,1.285328649463609,1.285328649463609,1.285328649463609,10.513626187268097,10.513626187268097,10.513626187268097,-9.228297537804487,-9.228297537804487,-9.228297537804487,0.0,0.0,0.0,425.90175074476196
2025-01-17,424.5194569404815,414.2090281571586,439.3641343398588,424.5194569404815,424.5194569404815,2.7003371902520503,2.7003371902520503,2.7003371902520503,11.096092542633677,11.096092542633677,11.096092542633677,-8.395755352381626,-8.395755352381626,-8.395755352381626,0.0,0.0,0.0,427.2197941307336
2025-01-21,424.1315963212143,415.3928475569734,441.55191210987437,424.1315963212143,424.1315963212143,4.527887022974113,4.527887022974113,4.527887022974113,10.556008722705796,10.556008722705796,10.556008722705796,-6.028121699731683,-6.028121699731683,-6.028121699731683,0.0,0.0,0.0,428.6594833441884
2025-01-22,424.0346311663975,416.4719038983139,441.2307949203165,424.0346311663975,424.0346311663975,4.919284749451037,4.919284749451037,4.919284749451037,10.65402037955001,10.65402037955001,10.65402037955001,-5.7347356300989745,-5.7347356300989745,-5.7347356300989745,0.0,0.0,0.0,428.95391591584854
2025-01-23,423.9376660115807,415.7510824692091,440.4790299539313,423.9376660115807,423.9376660115807,4.939735977760993,4.939735977760993,4.939735977760993,10.513626187278865,10.513626187278865,10.513626187278865,-5.573890209517873,-5.573890209517873,-5.573890209517873,0.0,0.0,0.0,428.8774019893417
2025-01-24,423.84070085676393,416.70600367295424,442.333513629773,423.84070085676393,423.84070085676393,5.5490594031989255,5.5490594031989255,5.5490594031989255,11.09609254263477,11.09609254263477,11.09609254263477,-5.547033139435843,-5.547033139435843,-5.547033139435843,0.0,0.0,0.0,429.3897602599629
2025-01-27,423.5498053923135,415.873357652586,440.61764837895447,423.5498053923135,423.5498053923135,4.361698261247085,4.361698261247085,4.361698261247085,10.605585704698695,10.605585704698695,10.605585704698695,-6.2438874434516105,-6.2438874434516105,-6.2438874434516105,0.0,0.0,0.0,427.91150365356054
2025-01-28,423.4528402374967,415.51653008891606,439.9181556019111,423.4528402374967,423.4528402374967,3.8416726443199884,3.8416726443199884,3.8416726443199884,10.556008722678664,10.556008722678664,10.556008722678664,-6.714336078358675,-6.714336078358675,-6.714336078358675,0.0,0.0,0.0,427.2945128818167
2025-01-29,423.35587508267986,415.34075803646465,439.3037169536833,423.35587508267986,423.35587508267986,3.365705831969969,3.365705831969969,3.365705831969969,10.654020379551024,10.654020379551024,10.654020379551024,-7.288314547581056,-7.288314547581056,-7.288314547581056,0.0,0.0,0.0,426.72158091464985
2025-01-30,423.25890992786304,412.3307733397324,437.2143728427088,423.25890992786304,423.25890992786304,2.559451190400572,2.559451190400572,2.559451190400572,10.513626187289633,10.513626187289633,10.513626187289633,-7.954174996889062,-7.954174996889062,-7.954174996889062,0.0,0.0,0.0,425.8183611182636
2025-01-31,423.1619447730463,413.79563369351996,437.79554337239654,423.1619447730463,423.1619447730463,2.396834310332801,2.396834310332801,2.396834310332801,11.096092542718527,11.096092542718527,11.096092542718527,-8.699258232385725,-8.699258232385725,-8.699258232385725,0.0,0.0,0.0,425.5587790833791
2025-02-03,422.87104930859584,409.6652872566225,434.79658717450855,422.87104930859584,422.87104930859584,-0.6708510681032636,-0.6708510681032636,-0.6708510681032636,10.60558570472523,10.60558570472523,10.60558570472523,-11.276436772828493,-11.276436772828493,-11.276436772828493,0.0,0.0,0.0,422.20019824049257
2025-02-04,422.77408415377903,408.5099522150837,434.07071486511705,422.77408415377903,422.77408415377903,-1.6494364522706693,-1.6494364522706693,-1.6494364522706693,10.556008722723984,10.556008722723984,10.556008722723984,-12.205445174994653,-12.205445174994653,-12.205445174994653,0.0,0.0,0.0,421.12464770150837
2025-02-05,422.67711899744774,406.54578888548315,432.60849568154794,422.67711899744774,422.67711899744774,-2.4948721360778303,-2.4948721360778303,-2.4948721360778303,10.654020379550436,10.654020379550436,10.654020379550436,-13.148892515628265,-13.148892515628265,-13.148892515628265,0.0,0.0,0.0,420.1822468613699
2025-02-06,422.58015384111644,406.88855363800354,432.1736943050806,422.58015384111644,422.58015384111644,-3.5823779784491983,-3.5823779784491983,-3.5823779784491983,10.513626187300405,10.513626187300405,10.513626187300405,-14.096004165749603,-14.096004165749603,-14.096004165749603,0.0,0.0,0.0,418.99777586266725
2025-02-07,422.48318868478515,405.22767818712254,431.1805184738457,422.48318868478515,422.48318868478515,-3.941301189573907,-3.941301189573907,-3.941301189573907,11.096092542719619,11.096092542719619,11.096092542719619,-15.037393732293525,-15.037393732293525,-15.037393732293525,0.0,0.0,0.0,418.54188749521126
2025-02-10,422.19229321579127,402.22623781109854,427.80922216301695,422.19229321579127,422.19229321579127,-7.152080173416547,-7.152080173416547,-7.152080173416547,10.605585704751766,10.605585704751766,10.605585704751766,-17.757665878168314,-17.757665878168314,-17.757665878168314,0.0,0.0,0.0,415.0402130423747
2025-02-11,422.09532805946,400.9734387087539,426.1488192763776,422.09532805946,422.09532805946,-8.059300793497812,-8.059300793497812,-8.059300793497812,10.556008722696856,10.556008722696856,10.556008722696856,-18.615309516194667,-18.615309516194667,-18.615309516194667,0.0,0.0,0.0,414.03602726596216
2025-02-12,421.99836290312874,401.48738034508284,426.87603472111743,421.99836290312874,421.99836290312874,-8.791510824449384,-8.791510824449384,-8.791510824449384,10.654020379550612,10.654020379550612,10.654020379550612,-19.445531203999998,-19.445531203999998,-19.445531203999998,0.0,0.0,0.0,413.20685207867933
2025-02-13,421.90139774679744,399.9747078995492,425.4433547878806,421.90139774679744,421.90139774679744,-9.73546147371038,-9.73546147371038,-9.73546147371038,10.51362618729651,10.51362618729651,10.51362618729651,-20.24908766100689,-20.24908766100689,-20.24908766100689,0.0,0.0,0.0,412.1659362730871
2025-02-14,421.80443259046615,399.3164764027734,424.53998050038734,421.80443259046615,421.80443259046615,-9.932093756878482,-9.932093756878482,-9.932093756878482,11.096092542693457,11.096092542693457,11.096092542693457,-21.02818629957194,-21.02818629957194,-21.02818629957194,0.0,0.0,0.0,411.87233883358766
2025-02-18,421.416571965141,395.8577523447598,420.7036880877503,421.416571965141,421.416571965141,-13.4264894103541,-13.4264894103541,-13.4264894103541,10.556008722702055,10.556008722702055,10.556008722702055,-23.982498133056154,-23.982498133056154,-23.982498133056154,0.0,0.0,0.0,407.99008255478685
2025-02-19,421.3196068088097,394.90004607883867,420.59504485991914,421.3196068088097,421.3196068088097,-14.053019968639369,-14.053019968639369,-14.053019968639369,10.654020379549953,10.654020379549953,10.654020379549953,-24.707040348189324,-24.707040348189324,-24.707040348189324,0.0,0.0,0.0,407.2665868401703
2025-02-20,421.22264165247844,393.58140804430826,420.42281783034497,421.22264165247844,421.22264165247844,-14.92365420098825,-14.92365420098825,-14.92365420098825,10.51362618732194,10.51362618732194,10.51362618732194,-25.43728038831019,-25.43728038831019,-25.43728038831019,0.0,0.0,0.0,406.2989874514902
2025-02-21,421.12567649614715,393.23578396112504,418.95456056097265,421.12567649614715,421.12567649614715,-15.082318482469118,-15.082318482469118,-15.082318482469118,11.096092542749957,11.096092542749957,11.096092542749957,-26.178411025219077,-26.178411025219077,-26.178411025219077,0.0,0.0,0.0,406.043358013678
2025-02-24,420.8347810271532,390.0284597584424,415.6418186143889,420.8347810271532,420.8347810271532,-17.90149384859208,-17.90149384859208,-17.90149384859208,10.60558570477654,10.60558570477654,10.60558570477654,-28.50707955336862,-28.50707955336862,-28.50707955336862,0.0,0.0,0.0,402.93328717856116
2025-02-25,420.737815870822,389.76642224402934,413.9689017367224,420.737815870822,420.737815870822,-18.7702025797371,-18.7702025797371,-18.7702025797371,10.556008722691091,10.556008722691091,10.556008722691091,-29.326211302428188,-29.326211302428188,-29.326211302428188,0.0,0.0,0.0,401.9676132910849
2025-02-26,420.6408507144907,388.8958063906531,413.99275778635814,420.6408507144907,420.6408507144907,-19.513384633322747,-19.513384633322747,-19.513384633322747,10.6540203795493,10.6540203795493,10.6540203795493,-30.167405012872045,-30.167405012872045,-30.167405012872045,0.0,0.0,0.0,401.12746608116794
2025-02-27,420.5438855581594,387.84308224081474,412.5450252810561,420.5438855581594,420.5438855581594,-20.515221286004987,-20.515221286004987,-20.515221286004987,10.513626187277122,10.513626187277122,10.513626187277122,-31.02884747328211,-31.02884747328211,-31.02884747328211,0.0,0.0,0.0,400.0286642721544
2025-02-28,420.44692040182815,387.46431418418734,412.1666832211864,420.44692040182815,420.44692040182815,-20.81114729756861,-20.81114729756861,-20.81114729756861,11.096092542723795,11.096092542723795,11.096092542723795,-31.907239840292405,-31.907239840292405,-31.907239840292405,0.0,0.0,0.0,399.63577310425956
2025-03-03,420.15602493283427,383.72222811916106,408.48309656245965,420.15602493283427,420.15602493283427,-23.984620357020194,-23.984620357020194,-23.984620357020194,10.605585704720708,10.605585704720708,10.605585704720708,-34.59020606174091,-34.59020606174091,-34.59020606174091,0.0,0.0,0.0,396.17140457581405
2025-03-04,420.059059776503,382.38598204706483,407.14296060777235,420.059059776503,420.059059776503,-24.92043145689005,-24.92043145689005,-24.92043145689005,10.556008722720241,10.556008722720241,10.556008722720241,-35.47644017961029,-35.47644017961029,-35.47644017961029,0.0,0.0,0.0,395.1386283196129
2025-03-05,419.9620946201717,382.16040398750425,407.6471684748039,419.9620946201717,419.9620946201717,-25.69025148998026,-25.69025148998026,-25.69025148998026,10.65402037955031,10.65402037955031,10.65402037955031,-36.344271869530566,-36.344271869530566,-36.344271869530566,0.0,0.0,0.0,394.2718431301914
2025-03-06,419.8651294638404,380.2408896307854,406.6033968423232,419.8651294638404,419.8651294638404,-26.670559710226655,-26.670559710226655,-26.670559710226655,10.513626187287889,10.513626187287889,10.513626187287889,-37.184185897514546,-37.184185897514546,-37.184185897514546,0.0,0.0,0.0,393.19456975361373
2025-03-07,419.7681643075091,380.55986664046065,405.8156534198521,419.7681643075091,419.7681643075091,-26.890366295281968,-26.890366295281968,-26.890366295281968,11.096092542724886,11.096092542724886,11.096092542724886,-37.986458838006854,-37.986458838006854,-37.986458838006854,0.0,0.0,0.0,392.8777980122271
2025-03-10,419.47735420163116,378.07933579765256,402.49083855892485,419.47735420163116,419.47735420163116,-29.4678639582382,-29.4678639582382,-29.4678639582382,10.605585704718944,10.605585704718944,10.605585704718944,-40.073449662957145,-40.073449662957145,-40.073449662957145,0.0,0.0,0.0,390.009490243393
2025-03-11,419.3804174996718,376.88134540843845,401.3076221340275,419.3804174996718,419.3804174996718,-30.07837097029653,-30.07837097029653,-30.07837097029653,10.556008722709278,10.556008722709278,10.556008722709278,-40.63437969300581,-40.63437969300581,-40.63437969300581,0.0,0.0,0.0,389.3020465293753
2025-03-12,419.2834807977125,375.84411084166754,402.28224444903015,419.2834807977125,419.2834807977125,-30.462460340976094,-30.462460340976094,-30.462460340976094,10.654020379549653,10.654020379549653,10.654020379549653,-41.11648072052575,-41.11648072052575,-41.11648072052575,0.0,0.0,0.0,388.8210204567364
2025-03-13,419.1865440957532,375.90263410931453,400.44548721601257,419.1865440957532,419.1865440957532,-31.00133869316539,-31.00133869316539,-31.00133869316539,10.513626187283997,10.513626187283997,10.513626187283997,-41.514964880449384,-41.514964880449384,-41.514964880449384,0.0,0.0,0.0,388.1852054025878
2025-03-14,419.089607393794,375.4196965707571,400.99644205403865,419.089607393794,419.089607393794,-30.730631380906647,-30.730631380906647,-30.730631380906647,11.096092542698726,11.096092542698726,11.096092542698726,-41.82672392360537,-41.82672392360537,-41.82672392360537,0.0,0.0,0.0,388.35897601288735
2025-03-17,418.798797287916,374.99803774948583,399.7656112907336,418.798797287916,418.798797287916,-31.632858108634466,-31.632858108634466,-31.632858108634466,10.605585704773778,10.605585704773778,10.605585704773778,-42.238443813408246,-42.238443813408246,-42.238443813408246,0.0,0.0,0.0,387.1659391792815
2025-03-18,418.7018605859567,374.3610507307075,400.0695229692365,418.7018605859567,418.7018605859567,-31.653771108774684,-31.653771108774684,-31.653771108774684,10.556008722714482,10.556008722714482,10.556008722714482,-42.209779831489165,-42.209779831489165,-42.209779831489165,0.0,0.0,0.0,387.04808947718203
2025-03-19,418.6049238839974,374.11848728236237,399.60770960832315,418.6049238839974,418.6049238839974,-31.453223133426672,-31.453223133426672,-31.453223133426672,10.654020379549834,10.654020379549834,10.654020379549834,-42.1072435129765,-42.1072435129765,-42.1072435129765,0.0,0.0,0.0,387.15170075057074
2025-03-20,418.50798718203805,375.03317054841455,399.9693667076423,418.50798718203805,418.50798718203805,-31.425316712808396,-31.425316712808396,-31.425316712808396,10.5136261872685,10.5136261872685,10.5136261872685,-41.938942900076896,-41.938942900076896,-41.938942900076896,0.0,0.0,0.0,387.08267046922964
2025-03-21,418.4110504800788,375.3997614779431,400.38091108105687,418.4110504800788,418.4110504800788,-30.61842842483161,-30.61842842483161,-30.61842842483161,11.096092542699816,11.096092542699816,11.096092542699816,-41.71452096753143,-41.71452096753143,-41.71452096753143,0.0,0.0,0.0,387.7926220552472
2025-03-24,418.1202403742009,376.0218661071071,399.9908979073904,418.1202403742009,418.1202403742009,-30.21310867306204,-30.21310867306204,-30.21310867306204,10.605585704772016,10.605585704772016,10.605585704772016,-40.818694377834056,-40.818694377834056,-40.818694377834056,0.0,0.0,0.0,387.90713170113884
2025-03-25,418.0233036722415,375.4390600082098,401.3241383441505,418.0233036722415,418.0233036722415,-29.93173336032363,-29.93173336032363,-29.93173336032363,10.556008722703519,10.556008722703519,10.556008722703519,-40.48774208302714,-40.48774208302714,-40.48774208302714,0.0,0.0,0.0,388.0915703119179
2025-03-26,417.92636697028223,376.13221655400895,400.64822983349836,417.92636697028223,417.92636697028223,-29.508218752517905,-29.508218752517905,-29.508218752517905,10.654020379550074,10.654020379550074,10.654020379550074,-40.16223913206798,-40.16223913206798,-40.16223913206798,0.0,0.0,0.0,388.4181482177643
2025-03-27,417.82943026832294,375.76056859194443,401.4816405398338,417.82943026832294,417.82943026832294,-29.341188875209582,-29.341188875209582,-29.341188875209582,10.513626187279268,10.513626187279268,10.513626187279268,-39.85481506248885,-39.85481506248885,-39.85481506248885,0.0,0.0,0.0,388.48824139311336
2025-03-28,417.73249356636364,377.53442761085665,402.60184341065695,417.73249356636364,417.73249356636364,-28.481263069763767,-28.481263069763767,-28.481263069763767,11.096092542646398,11.096092542646398,11.096092542646398,-39.577355612410166,-39.577355612410166,-39.577355612410166,0.0,0.0,0.0,389.2512304965999
2025-03-31,417.4416834604857,376.12722265744145,400.7038589287591,417.4416834604857,417.4416834604857,-28.419594015533374,-28.419594015533374,-28.419594015533374,10.605585704687885,10.605585704687885,10.605585704687885,-39.02517972022126,-39.02517972022126,-39.02517972022126,0.0,0.0,0.0,389.0220894449523
2025-04-01,417.34474675852636,376.60757009611103,402.1384852427703,417.34474675852636,417.34474675852636,-28.403671158525004,-28.403671158525004,-28.403671158525004,10.55600872270872,10.55600872270872,10.55600872270872,-38.959679881233725,-38.959679881233725,-38.959679881233725,0.0,0.0,0.0,388.94107560000134
2025-04-02,417.2478100565671,377.2264332084275,401.25128728639623,417.2478100565671,417.2478100565671,-28.30696293760985,-28.30696293760985,-28.30696293760985,10.654020379550252,10.654020379550252,10.654020379550252,-38.9609833171601,-38.9609833171601,-38.9609833171601,0.0,0.0,0.0,388.94084711895727
2025-04-03,417.15087335460777,376.84765408459486,401.1355010000871,417.15087335460777,417.15087335460777,-28.516544454170234,-28.516544454170234,-28.516544454170234,10.51362618729004,10.51362618729004,10.51362618729004,-39.030170641460266,-39.030170641460266,-39.030170641460266,0.0,0.0,0.0,388.63432890043754
2025-04-04,417.0539366526485,375.9137906874279,401.93551544258787,417.0539366526485,417.0539366526485,-28.069780371176467,-28.069780371176467,-28.069780371176467,11.096092542647492,11.096092542647492,11.096092542647492,-39.165872913823954,-39.165872913823954,-39.165872913823954,0.0,0.0,0.0,388.984156281472
2025-04-07,416.7631265467705,374.8378205279445,400.4132429965741,416.7631265467705,416.7631265467705,-29.31585060894611,-29.31585060894611,-29.31585060894611,10.605585704714422,10.605585704714422,10.605585704714422,-39.921436313660536,-39.921436313660536,-39.921436313660536,0.0,0.0,0.0,387.4472759378244
2025-04-08,417.1751796182747,374.3787830299737,399.89514985993014,417.1751796182747,417.1751796182747,-29.70478108173839,-29.70478108173839,-29.70478108173839,10.556008722681586,10.556008722681586,10.556008722681586,-40.26078980441998,-40.26078980441998,-40.26078980441998,0.0,0.0,0.0,387.4703985365363
2025-04-09,417.5872326897789,375.2931932669388,400.40909436373425,417.5872326897789,417.5872326897789,-29.970222129685578,-29.970222129685578,-29.970222129685578,10.654020379549593,10.654020379549593,10.654020379549593,-40.624242509235174,-40.624242509235174,-40.624242509235174,0.0,0.0,0.0,387.6170105600933
2025-04-10,417.9992857612831,374.5056658061828,400.7295670857884,417.9992857612831,417.9992857612831,-30.483686149361873,-30.483686149361873,-30.483686149361873,10.513626187286144,10.513626187286144,10.513626187286144,-40.99731233664802,-40.99731233664802,-40.99731233664802,0.0,0.0,0.0,387.51559961192123
2025-04-11,418.41133883278724,374.8944329734815,400.5435151443458,418.41133883278724,418.41133883278724,-30.268060875250463,-30.268060875250463,-30.268060875250463,11.096092542731247,11.096092542731247,11.096092542731247,-41.36415341798171,-41.36415341798171,-41.36415341798171,0.0,0.0,0.0,388.1432779575368
2025-04-14,419.64749804729985,374.8329385609217,400.4259056877108,419.64749804729985,419.64749804729985,-31.65064596178619,-31.65064596178619,-31.65064596178619,10.605585704740959,10.605585704740959,10.605585704740959,-42.25623166652714,-42.25623166652714,-42.25623166652714,0.0,0.0,0.0,387.99685208551364
2025-04-15,420.05955111880394,375.3762389959296,401.3663571916895,420.05955111880394,420.05955111880394,-31.869718791275318,-31.869718791275318,-31.869718791275318,10.556008722686789,10.556008722686789,10.556008722686789,-42.42572751396211,-42.42572751396211,-42.42572751396211,0.0,0.0,0.0,388.1898323275286
2025-04-16,420.4716041903082,376.10496105278145,401.28700080589124,420.4716041903082,420.4716041903082,-31.848879147972216,-31.848879147972216,-31.848879147972216,10.654020379550676,10.654020379550676,10.654020379550676,-42.50289952752289,-42.50289952752289,-42.50289952752289,0.0,0.0,0.0,388.62272504233596
2025-04-17,420.8836572618123,376.08655527744617,402.04098905360945,420.8836572618123,420.8836572618123,-31.958446211302732,-31.958446211302732,-31.958446211302732,10.513626187282254,10.513626187282254,10.513626187282254,-42.472072398584984,-42.472072398584984,-42.472072398584984,0.0,0.0,0.0,388.9252110505096
2025-04-21,422.53186954782905,379.20612827502805,404.62884660241247,422.53186954782905,422.53186954782905,-30.408163427677405,-30.408163427677405,-30.408163427677405,10.605585704739195,10.605585704739195,10.605585704739195,-41.0137491324166,-41.0137491324166,-41.0137491324166,0.0,0.0,0.0,392.12370612015167
2025-04-22,422.9439226193333,380.70764428717723,406.5445790686065,422.9439226193333,422.9439226193333,-29.714675522527067,-29.714675522527067,-29.714675522527067,10.55600872271594,10.55600872271594,10.55600872271594,-40.27068424524301,-40.27068424524301,-40.27068424524301,0.0,0.0,0.0,393.22924709680626
2025-04-23,423.3559756908374,382.01598243279824,406.9803146281066,423.3559756908374,423.3559756908374,-28.71325875406342,-28.71325875406342,-28.71325875406342,10.654020379550023,10.654020379550023,10.654020379550023,-39.367279133613444,-39.367279133613444,-39.367279133613444,0.0,0.0,0.0,394.642716936774
2025-04-24,423.76802876234166,384.2147775939674,408.51311701633864,423.76802876234166,423.76802876234166,-27.790325217233764,-27.790325217233764,-27.790325217233764,10.513626187293022,10.513626187293022,10.513626187293022,-38.303951404526785,-38.303951404526785,-38.303951404526785,0.0,0.0,0.0,395.9777035451079
2025-04-25,424.1800818338458,386.24103658396524,410.1593863917266,424.1800818338458,424.1800818338458,-25.987903729268663,-25.987903729268663,-25.987903729268663,11.096092542678923,11.096092542678923,11.096092542678923,-37.08399627194758,-37.08399627194758,-37.08399627194758,0.0,0.0,0.0,398.1921781045771
2025-04-28,425.41624104835836,391.04459684484914,416.21361049227613,425.41624104835836,425.41624104835836,-21.953398817450747,-21.953398817450747,-21.953398817450747,10.605585704737434,10.605585704737434,10.605585704737434,-32.55898452218818,-32.55898452218818,-32.55898452218818,0.0,0.0,0.0,403.4628422309076
2025-04-29,425.8282941198626,392.9368502130832,418.9178373070147,425.8282941198626,425.8282941198626,-20.24391674543082,-20.24391674543082,-20.24391674543082,10.556008722704977,10.556008722704977,10.556008722704977,-30.799925468135797,-30.799925468135797,-30.799925468135797,0.0,0.0,0.0,405.5843773744318
2025-04-30,426.2403471913667,396.11292467754276,420.6164955921961,426.2403471913667,426.2403471913667,-18.2858831813521,-18.2858831813521,-18.2858831813521,10.654020379551033,10.654020379551033,10.654020379551033,-28.93990356090313,-28.93990356090313,-28.93990356090313,0.0,0.0,0.0,407.9544640100146
2025-05-01,426.65240026287097,396.9534180287001,422.2983285200301,426.65240026287097,426.65240026287097,-16.482633237405743,-16.482633237405743,-16.482633237405743,10.513626187303789,10.513626187303789,10.513626187303789,-26.99625942470953,-26.99625942470953,-26.99625942470953,0.0,0.0,0.0,410.1697670254652
2025-05-02,427.0644533343751,400.7744963965626,425.52373246891835,427.0644533343751,427.0644533343751,-13.891539142642618,-13.891539142642618,-13.891539142642618,11.096092542680015,11.096092542680015,11.096092542680015,-24.98763168532263,-24.98763168532263,-24.98763168532263,0.0,0.0,0.0,413.1729141917325
2025-05-05,428.30061254888767,407.39466690169616,432.79910011262854,428.30061254888767,428.30061254888767,-8.163620685158218,-8.163620685158218,-8.163620685158218,10.60558570476397,10.60558570476397,10.60558570476397,-18.769206389922186,-18.769206389922186,-18.769206389922186,0.0,0.0,0.0,420.13699186372946
2025-05-06,428.7126656203918,410.58109363205585,435.23807413055766,428.7126656203918,428.7126656203918,-6.142713865693955,-6.142713865693955,-6.142713865693955,10.556008722694017,10.556008722694017,10.556008722694017,-16.69872258838797,-16.69872258838797,-16.69872258838797,0.0,0.0,0.0,422.56995175469785
2025-05-07,429.1247186918961,412.3686280705826,437.52351450720613,429.1247186918961,429.1247186918961,-4.007531751059301,-4.007531751059301,-4.007531751059301,10.654020379550376,10.654020379550376,10.654020379550376,-14.661552130609678,-14.661552130609678,-14.661552130609678,0.0,0.0,0.0,425.1171869408368
2025-05-08,429.53677176340017,414.97180737650467,440.74363099544877,429.53677176340017,429.53677176340017,-2.1618631996054374,-2.1618631996054374,-2.1618631996054374,10.513626187273633,10.513626187273633,10.513626187273633,-12.67548938687907,-12.67548938687907,-12.67548938687907,0.0,0.0,0.0,427.37490856379475
2025-05-09,429.9488248309314,417.1316988748192,443.8171795354291,429.9488248309314,429.9488248309314,0.3392678713991746,0.3392678713991746,0.3392678713991746,11.096092542681108,11.096092542681108,11.096092542681108,-10.756824671281933,-10.756824671281933,-10.756824671281933,0.0,0.0,0.0,430.2880927023306
2025-05-12,431.18498403352527,423.21988687979587,448.5682535034587,431.18498403352527,431.18498403352527,5.066228410312015,5.066228410312015,5.066228410312015,10.605585704790503,10.605585704790503,10.605585704790503,-5.539357294478488,-5.539357294478488,-5.539357294478488,0.0,0.0,0.0,436.2512124438373
2025-05-13,431.5970371010565,426.93179255937645,450.89502825644803,431.5970371010565,431.5970371010565,6.542773812905102,6.542773812905102,6.542773812905102,10.556008722699218,10.556008722699218,10.556008722699218,-4.013234909794118,-4.013234909794118,-4.013234909794118,0.0,0.0,0.0,438.13981091396164
2025-05-14,432.00909016858776,427.62288716438275,452.97805046032323,432.00909016858776,432.00909016858776,8.04976228041766,8.04976228041766,8.04976228041766,10.654020379550552,10.654020379550552,10.654020379550552,-2.604258099132895,-2.604258099132895,-2.604258099132895,0.0,0.0,0.0,440.0588524490054
2025-05-15,432.4211432361191,429.0629624492627,455.03192111378075,432.4211432361191,432.4211432361191,9.198659450715997,9.198659450715997,9.198659450715997,10.51362618726974,10.51362618726974,10.51362618726974,-1.314966736553742,-1.314966736553742,-1.314966736553742,0.0,0.0,0.0,441.6198026868351
2025-05-16,432.8331963036503,431.1732445158154,456.4346969633556,432.8331963036503,432.8331963036503,10.950742654738306,10.950742654738306,10.950742654738306,11.096092542654944,11.096092542654944,11.096092542654944,-0.14534988791663772,-0.14534988791663772,-0.14534988791663772,0.0,0.0,0.0,443.7839389583886
2025-05-19,434.0693555062441,434.33935560352006,459.5422601674108,434.0693555062441,434.0693555062441,13.287276425977785,13.287276425977785,13.287276425977785,10.605585704706375,10.605585704706375,10.605585704706375,2.681690721271411,2.681690721271411,2.681690721271411,0.0,0.0,0.0,447.3566319322219
2025-05-20,434.48140857377547,435.61598857659095,460.8018394016161,434.48140857377547,434.48140857377547,13.97570160459408,13.97570160459408,13.97570160459408,10.5560087227122,10.5560087227122,10.5560087227122,3.419692881881881,3.419692881881881,3.419692881881881,0.0,0.0,0.0,448.45711017836953
2025-05-21,434.89346164130666,436.8251174853427,463.06358145710317,434.89346164130666,434.89346164130666,14.725621518567625,14.725621518567625,14.725621518567625,10.654020379549898,10.654020379549898,10.654020379549898,4.0716011390177265,4.0716011390177265,4.0716011390177265,0.0,0.0,0.0,449.61908315987426
2025-05-22,435.305514708838,437.3752424382856,462.81938579959643,435.305514708838,435.305514708838,15.162872922273188,15.162872922273188,15.162872922273188,10.51362618729517,10.51362618729517,10.51362618729517,4.649246734978015,4.649246734978015,4.649246734978015,0.0,0.0,0.0,450.4683876311112
2025-05-23,435.7175677763692,439.39816778530485,464.1554819491763,435.7175677763692,435.7175677763692,16.26157067093779,16.26157067093779,16.26157067093779,11.096092542628782,11.096092542628782,11.096092542628782,5.165478128309009,5.165478128309009,5.165478128309009,0.0,0.0,0.0,451.979138447307
2025-05-27,437.36578004649436,441.75046812398597,467.40663893053306,437.36578004649436,437.36578004649436,17.44608910786011,17.44608910786011,17.44608910786011,10.556008722717406,10.556008722717406,10.556008722717406,6.8900803851427055,6.8900803851427055,6.8900803851427055,0.0,0.0,0.0,454.8118691543545
2025-05-28,437.7778331140256,444.19890292201666,467.76576548671653,437.7778331140256,437.7778331140256,17.958209957629347,17.958209957629347,17.958209957629347,10.654020379550074,10.654020379550074,10.654020379550074,7.304189578079271,7.304189578079271,7.304189578079271,0.0,0.0,0.0,455.73604307165493
2025-05-29,438.1898861815569,444.2054588498221,468.6202820080685,438.1898861815569,438.1898861815569,18.250427211139748,18.250427211139748,18.250427211139748,10.513626187291278,10.513626187291278,10.513626187291278,7.736801023848472,7.736801023848472,7.736801023848472,0.0,0.0,0.0,456.4403133926967
2025-05-30,438.60193924908816,445.7308373967918,471.2036016400087,438.60193924908816,438.60193924908816,19.294955587908447,19.294955587908447,19.294955587908447,11.096092542685282,11.096092542685282,11.096092542685282,8.198863045223161,8.198863045223161,8.198863045223161,0.0,0.0,0.0,457.8968948369966
2025-06-02,439.838098451682,448.3076726381592,472.9733489553365,439.838098451682,439.838098451682,20.455867973307246,20.455867973307246,20.455867973307246,10.605585704759445,10.605585704759445,10.605585704759445,9.8502822685478,9.8502822685478,9.8502822685478,0.0,0.0,0.0,460.29396642498926
2025-06-03,440.25015151921326,448.06600224672513,473.634694887126,440.25015151921326,440.25015151921326,21.066759499472674,21.066759499472674,21.066759499472674,10.556008722690274,10.556008722690274,10.556008722690274,10.510750776782398,10.510750776782398,10.510750776782398,0.0,0.0,0.0,461.3169110186859
2025-06-04,440.6622045867445,448.61485722035593,475.65967300005275,440.6622045867445,440.6622045867445,21.88680345222523,21.88680345222523,21.88680345222523,10.654020379550317,10.654020379550317,10.654020379550317,11.232783072674913,11.232783072674913,11.232783072674913,0.0,0.0,0.0,462.54900803896976
2025-06-05,441.07425765427575,450.9621410042652,476.50633218898395,441.07425765427575,441.07425765427575,22.53137551610672,22.53137551610672,22.53137551610672,10.513626187302046,10.513626187302046,10.513626187302046,12.017749328804676,12.017749328804676,12.017749328804676,0.0,0.0,0.0,463.6056331703825
2025-06-06,441.48631072180706,453.45970419014685,478.58531794531984,441.48631072180706,441.48631072180706,23.961455950841312,23.961455950841312,23.961455950841312,11.096092542686375,11.096092542686375,11.096092542686375,12.865363408154941,12.865363408154941,12.865363408154941,0.0,0.0,0.0,465.44776667264836
2025-06-09,442.7224699244009,456.6088045535443,481.53716564216984,442.7224699244009,442.7224699244009,26.364136859464647,26.364136859464647,26.364136859464647,10.605585704757683,10.605585704757683,10.605585704757683,15.758551154706966,15.758551154706966,15.758551154706966,0.0,0.0,0.0,469.08660678386553
2025-06-10,443.1345229919321,457.10980481217587,483.7355029506149,443.1345229919321,443.1345229919321,27.380670903311955,27.380670903311955,27.380670903311955,10.55600872269548,10.55600872269548,10.55600872269548,16.824662180616475,16.824662180616475,16.824662180616475,0.0,0.0,0.0,470.51519389524407
2025-06-11,443.54657605946346,459.8392374734382,484.88118807055827,443.54657605946346,443.54657605946346,28.58545510946014,28.58545510946014,28.58545510946014,10.654020379550499,10.654020379550499,10.654020379550499,17.931434729909636,17.931434729909636,17.931434729909636,0.0,0.0,0.0,472.1320311689236
2025-06-12,443.9586291269947,461.14998244724535,486.51073746452056,443.9586291269947,443.9586291269947,29.58519280000054,29.58519280000054,29.58519280000054,10.513626187298152,10.513626187298152,10.513626187298152,19.071566612702387,19.071566612702387,19.071566612702387,0.0,0.0,0.0,473.54382192699524
2025-06-13,444.370682194526,462.38604970474364,488.3234962789314,444.370682194526,444.370682194526,31.333348846239033,31.333348846239033,31.333348846239033,11.096092542660212,11.096092542660212,11.096092542660212,20.23725630357882,20.23725630357882,20.23725630357882,0.0,0.0,0.0,475.704031040765
2025-06-16,445.6068413971198,467.05938487043284,492.8992439406509,445.6068413971198,445.6068413971198,34.41205709594869,34.41205709594869,34.41205709594869,10.605585704701848,10.605585704701848,10.605585704701848,23.806471391246845,23.806471391246845,23.806471391246845,0.0,0.0,0.0,480.0188984930685
2025-06-17,446.01889446465105,469.8218256066439,493.99863370660927,446.01889446465105,446.01889446465105,35.54947792309434,35.54947792309434,35.54947792309434,10.556008722700682,10.556008722700682,10.556008722700682,24.99346920039365,24.99346920039365,24.99346920039365,0.0,0.0,0.0,481.5683723877454
2025-06-18,446.43094753218236,470.7111318123694,496.14835390266086,446.43094753218236,446.43094753218236,36.82045506241898,36.82045506241898,36.82045506241898,10.65402037954984,10.65402037954984,10.65402037954984,26.16643468286914,26.16643468286914,26.16643468286914,0.0,0.0,0.0,483.25140259460136
2025-06-20,447.25505366724497,474.6507796488167,499.5469202969262,447.25505366724497,447.25505366724497,39.53955965134111,39.53955965134111,39.53955965134111,11.096092542771226,11.096092542771226,11.096092542771226,28.443467108569877,28.443467108569877,28.443467108569877,0.0,0.0,0.0,486.7946133185861
2025-06-23,448.4912128698387,477.2646104339714,502.9155105615206,448.4912128698387,448.4912128698387,42.21002977089621,42.21002977089621,42.21002977089621,10.605585704700088,10.605585704700088,10.605585704700088,31.604444066196123,31.604444066196123,31.604444066196123,0.0,0.0,0.0,490.7012426407349
2025-06-24,448.90326593736995,480.14154604694755,504.7541958748237,448.90326593736995,448.90326593736995,43.129570203523386,43.129570203523386,43.129570203523386,10.556008722689716,10.556008722689716,10.556008722689716,32.57356148083367,32.57356148083367,32.57356148083367,0.0,0.0,0.0,492.0328361408933
2025-06-25,449.3153190049013,480.773682493256,505.57907359952344,449.3153190049013,449.3153190049013,44.14969912574681,44.14969912574681,44.14969912574681,10.654020379550854,10.654020379550854,10.654020379550854,33.49567874619595,33.49567874619595,33.49567874619595,0.0,0.0,0.0,493.4650181306481
2025-06-26,449.7273720724325,482.18273684048114,507.2969028750052,449.7273720724325,449.7273720724325,44.88263781341949,44.88263781341949,44.88263781341949,10.513626187278764,10.513626187278764,10.513626187278764,34.36901162614073,34.36901162614073,34.36901162614073,0.0,0.0,0.0,494.610009885852
2025-06-27,450.1394251399638,483.0889059375464,508.3100326983844,450.1394251399638,450.1394251399638,46.288480700056766,46.288480700056766,46.288480700056766,11.096092542717805,11.096092542717805,11.096092542717805,35.19238815733896,35.19238815733896,35.19238815733896,0.0,0.0,0.0,496.42790584002057
2025-06-30,451.37558434255766,486.79208603889384,512.0240432706617,451.37558434255766,451.37558434255766,47.96400734266641,47.96400734266641,47.96400734266641,10.605585704726625,10.605585704726625,10.605585704726625,37.35842163793979,37.35842163793979,37.35842163793979,0.0,0.0,0.0,499.3395916852241
2025-07-01,451.7876374100889,488.65473475446043,512.6498181716134,451.7876374100889,451.7876374100889,48.53540322883496,48.53540322883496,48.53540322883496,10.556008722735035,10.556008722735035,10.556008722735035,37.97939450609992,37.97939450609992,37.97939450609992,0.0,0.0,0.0,500.3230406389239
2025-07-02,452.1996904776202,489.0982680437118,513.9933834735648,452.1996904776202,452.1996904776202,49.204576534824064,49.204576534824064,49.204576534824064,10.654020379550197,10.654020379550197,10.654020379550197,38.55055615527386,38.55055615527386,38.55055615527386,0.0,0.0,0.0,501.4042670124443
2025-07-03,452.61174354515146,489.9115131667081,514.383968909913,452.61174354515146,452.61174354515146,49.58608611134679,49.58608611134679,49.58608611134679,10.513626187304194,10.513626187304194,10.513626187304194,39.0724599240426,39.0724599240426,39.0724599240426,0.0,0.0,0.0,502.19782965649824
2025-07-07,454.25995581527656,492.9696180318298,517.7425172848309,454.25995581527656,454.25995581527656,51.28172531784267,51.28172531784267,51.28172531784267,10.60558570475316,10.60558570475316,10.60558570475316,40.676139613089504,40.676139613089504,40.676139613089504,0.0,0.0,0.0,505.54168113311925
2025-07-08,454.67200888280786,493.08122808450344,518.1475549009217,454.67200888280786,454.67200888280786,51.51290592598112,51.51290592598112,51.51290592598112,10.556008722707903,10.556008722707903,10.556008722707903,40.95689720327322,40.95689720327322,40.95689720327322,0.0,0.0,0.0,506.18491480878896
2025-07-09,455.08406195033905,494.5236553361353,519.4143445672225,455.08406195033905,455.08406195033905,51.84324827742497,51.84324827742497,51.84324827742497,10.654020379549541,10.654020379549541,10.654020379549541,41.189227897875426,41.189227897875426,41.189227897875426,0.0,0.0,0.0,506.927310227764
2025-07-10,455.4961150178704,495.36674593723393,518.7462864142847,455.4961150178704,455.4961150178704,51.886226800663735,51.886226800663735,51.886226800663735,10.513626187300302,10.513626187300302,10.513626187300302,41.37260061336344,41.37260061336344,41.37260061336344,0.0,0.0,0.0,507.38234181853414
2025-07-11,455.9081680854016,495.45942824959315,521.0054637710332,455.9081680854016,455.9081680854016,52.602414183052474,52.602414183052474,52.602414183052474,11.096092542692734,11.096092542692734,11.096092542692734,41.50632164035974,41.50632164035974,41.50632164035974,0.0,0.0,0.0,508.5105822684541
2025-07-14,457.1443272879954,497.3206070720501,521.2434698975424,457.1443272879954,457.1443272879954,52.206827758155875,52.206827758155875,52.206827758155875,10.605585704779696,10.605585704779696,10.605585704779696,41.60124205337618,41.60124205337618,41.60124205337618,0.0,0.0,0.0,509.3511550461513
2025-07-15,457.55638035552676,497.33358122179703,522.877179038529,457.55638035552676,457.55638035552676,52.084013380179854,52.084013380179854,52.084013380179854,10.556008722713106,10.556008722713106,10.556008722713106,41.52800465746675,41.52800465746675,41.52800465746675,0.0,0.0,0.0,509.6403937357066
2025-07-16,457.96843342305795,497.5911744974392,522.334884623084,457.96843342305795,457.96843342305795,52.05519577649964,52.05519577649964,52.05519577649964,10.65402037954972,10.65402037954972,10.65402037954972,41.40117539694992,41.40117539694992,41.40117539694992,0.0,0.0,0.0,510.0236291995576
2025-07-17,458.3804864905893,497.5822405006927,522.4164639812282,458.3804864905893,458.3804864905893,51.73399635507439,51.73399635507439,51.73399635507439,10.513626187270143,10.513626187270143,10.513626187270143,41.22037016780424,41.22037016780424,41.22037016780424,0.0,0.0,0.0,510.1144828456637
2025-07-18,458.79253955812055,498.9016688652204,523.3698455495365,458.79253955812055,458.79253955812055,52.08160704785274,52.08160704785274,52.08160704785274,11.096092542666572,11.096092542666572,11.096092542666572,40.985514505186174,40.985514505186174,40.985514505186174,0.0,0.0,0.0,510.8741466059733
2025-07-21,460.02869876071435,498.26939306776046,523.4052226103105,460.02869876071435,460.02869876071435,50.567478233284646,50.567478233284646,50.567478233284646,10.605585704777933,10.605585704777933,10.605585704777933,39.96189252850671,39.96189252850671,39.96189252850671,0.0,0.0,0.0,510.596176993999
2025-07-22,460.44075182824565,497.34795411736656,522.8395345619116,460.44075182824565,460.44075182824565,50.074439714520686,50.074439714520686,50.074439714520686,10.556008722702142,10.556008722702142,10.556008722702142,39.51843099181854,39.51843099181854,39.51843099181854,0.0,0.0,0.0,510.51519154276633
2025-07-23,460.8528048957769,497.79686832610145,523.6092039729165,460.8528048957769,460.8528048957769,49.68119897700634,49.68119897700634,49.68119897700634,10.654020379549124,10.654020379549124,10.654020379549124,39.027178597457215,39.027178597457215,39.027178597457215,0.0,0.0,0.0,510.5340038727832
2025-07-24,461.2648579633082,497.1511973328427,523.6704680411606,461.2648579633082,461.2648579633082,49.004561170840525,49.004561170840525,49.004561170840525,10.51362618726625,10.51362618726625,10.51362618726625,38.49093498357426,38.49093498357426,38.49093498357426,0.0,0.0,0.0,510.26941913414873
2025-07-25,461.67691103083945,497.91586285393447,522.1999904481885,461.67691103083945,461.67691103083945,49.00911077103758,49.00911077103758,49.00911077103758,11.096092542640408,11.096092542640408,11.096092542640408,37.91301822839718,37.91301822839718,37.91301822839718,0.0,0.0,0.0,510.686021801877
2025-07-28,462.9130702334333,496.50268833372314,521.4801219412205,462.9130702334333,462.9130702334333,46.57500344927731,46.57500344927731,46.57500344927731,10.605585704693803,10.605585704693803,10.605585704693803,35.96941774458351,35.96941774458351,35.96941774458351,0.0,0.0,0.0,509.4880736827106
2025-07-29,463.32512330096455,496.27597713517315,521.2035269316141,463.32512330096455,463.32512330096455,45.82294808785649,45.82294808785649,45.82294808785649,10.556008722691177,10.556008722691177,10.556008722691177,35.266939365165314,35.266939365165314,35.266939365165314,0.0,0.0,0.0,509.14807138882105
2025-07-30,463.73717636849585,497.02659300430724,521.61132816106,463.73717636849585,463.73717636849585,45.19956081900863,45.19956081900863,45.19956081900863,10.654020379550976,10.654020379550976,10.654020379550976,34.54554043945765,34.54554043945765,34.54554043945765,0.0,0.0,0.0,508.9367371875045
2025-07-31,464.1492294360271,496.06391870262894,520.6052646951003,464.1492294360271,464.1492294360271,44.32412790329806,44.32412790329806,44.32412790329806,10.51362618729168,10.51362618729168,10.51362618729168,33.81050171600638,33.81050171600638,33.81050171600638,0.0,0.0,0.0,508.47335733932516
2025-08-01,464.56128250355835,494.9370528719703,521.672375441237,464.56128250355835,464.56128250355835,44.1632314578104,44.1632314578104,44.1632314578104,11.096092542641502,11.096092542641502,11.096092542641502,33.06713891516889,33.06713891516889,33.06713891516889,0.0,0.0,0.0,508.72451396136876
2025-08-04,465.7974417061522,494.3627191000997,520.0674535307015,465.7974417061522,465.7974417061522,41.444351138599636,41.444351138599636,41.444351138599636,10.605585704692041,10.605585704692041,10.605585704692041,30.838765433907593,30.838765433907593,30.838765433907593,0.0,0.0,0.0,507.24179284475184
2025-08-05,466.20949477368345,494.2229739561983,519.038420519843,466.20949477368345,466.20949477368345,40.66863209995441,40.66863209995441,40.66863209995441,10.556008722680211,10.556008722680211,10.556008722680211,30.112623377274193,30.112623377274193,30.112623377274193,0.0,0.0,0.0,506.8781268736378
2025-08-06,466.62154784121475,493.6233035794084,519.6209097094725,466.62154784121475,466.62154784121475,40.0560050674646,40.0560050674646,40.0560050674646,10.654020379550316,10.654020379550316,10.654020379550316,29.40198468791429,29.40198468791429,29.40198468791429,0.0,0.0,0.0,506.67755290867933
2025-08-07,467.033600908746,494.6005771113779,519.7502296562817,467.033600908746,467.033600908746,39.224122486596414,39.224122486596414,39.224122486596414,10.513626187287787,10.513626187287787,10.513626187287787,28.710496299308623,28.710496299308623,28.710496299308623,0.0,0.0,0.0,506.2577233953424
2025-08-08,467.4456539762773,494.0637742751991,519.5885368673291,467.4456539762773,467.4456539762773,39.13738542133427,39.13738542133427,39.13738542133427,11.09609254272526,11.09609254272526,11.09609254272526,28.04129287860901,28.04129287860901,28.04129287860901,0.0,0.0,0.0,506.58303939761157
2025-08-11,468.6818131788711,493.4787401860773,517.7118383800894,468.6818131788711,468.6818131788711,36.796091003209135,36.796091003209135,36.796091003209135,10.605585704746874,10.605585704746874,10.605585704746874,26.19050529846226,26.19050529846226,26.19050529846226,0.0,0.0,0.0,505.47790418208024
2025-08-12,469.09386624640234,493.1079294945727,518.3534864640834,469.09386624640234,469.09386624640234,36.18678547050788,36.18678547050788,36.18678547050788,10.556008722685414,10.556008722685414,10.556008722685414,25.630776747822466,25.630776747822466,25.630776747822466,0.0,0.0,0.0,505.2806517169102
2025-08-13,469.5059193139337,492.40623393772614,517.2426655221133,469.5059193139337,469.5059193139337,35.754799908993455,35.754799908993455,35.754799908993455,10.65402037955056,10.65402037955056,10.65402037955056,25.1007795294429,25.1007795294429,25.1007795294429,0.0,0.0,0.0,505.26071922292715
2025-08-14,469.9179723814649,492.3798455195165,517.2102972088891,469.9179723814649,469.9179723814649,35.11409373158937,35.11409373158937,35.11409373158937,10.513626187283894,10.513626187283894,10.513626187283894,24.600467544305477,24.600467544305477,24.600467544305477,0.0,0.0,0.0,505.03206611305427
2025-08-15,470.33002544899625,492.5184179084825,518.2929556487709,470.33002544899625,470.33002544899625,35.22547704992236,35.22547704992236,35.22547704992236,11.096092542726351,11.096092542726351,11.096092542726351,24.129384507196008,24.129384507196008,24.129384507196008,0.0,0.0,0.0,505.5555024989186
2025-08-18,471.56618465159005,492.45342822751974,517.4087788753183,471.56618465159005,471.56618465159005,33.48778584680641,33.48778584680641,33.48778584680641,10.605585704745112,10.605585704745112,10.605585704745112,22.882200142061297,22.882200142061297,22.882200142061297,0.0,0.0,0.0,505.05397049839644
2025-08-19,471.9782377191213,491.9474575763803,517.428091775261,471.9782377191213,471.9782377191213,33.07366344838452,33.07366344838452,33.07366344838452,10.556008722714566,10.556008722714566,10.556008722714566,22.517654725669956,22.517654725669956,22.517654725669956,0.0,0.0,0.0,505.05190116750583
2025-08-20,472.3902907866526,492.91902806591617,518.3047671768511,472.3902907866526,472.3902907866526,32.83036107361285,32.83036107361285,32.83036107361285,10.654020379549905,10.654020379549905,10.654020379549905,22.176340694062944,22.176340694062944,22.176340694062944,0.0,0.0,0.0,505.22065186026543
2025-08-21,472.8023438541838,493.2445716590948,518.4751237853485,472.8023438541838,472.8023438541838,32.37045239508027,32.37045239508027,32.37045239508027,10.513626187309326,10.513626187309326,10.513626187309326,21.856826207770947,21.856826207770947,21.856826207770947,0.0,0.0,0.0,505.1727962492641
2025-08-22,473.2143969217151,493.78298434048537,518.4886168679527,473.2143969217151,473.2143969217151,32.65384834223649,32.65384834223649,32.65384834223649,11.096092542672931,11.096092542672931,11.096092542672931,21.55775579956356,21.55775579956356,21.55775579956356,0.0,0.0,0.0,505.86824526395156
2025-08-25,474.45055612430895,493.4560888189303,518.0407235165632,474.45055612430895,474.45055612430895,31.377333157932004,31.377333157932004,31.377333157932004,10.605585704743351,10.605585704743351,10.605585704743351,20.771747453188652,20.771747453188652,20.771747453188652,0.0,0.0,0.0,505.82788928224096
2025-08-26,474.8626091918402,494.17188125590565,519.1004826678131,474.8626091918402,474.8626091918402,31.09989275777587,31.09989275777587,31.09989275777587,10.556008722703604,10.556008722703604,10.556008722703604,20.543884035072264,20.543884035072264,20.543884035072264,0.0,0.0,0.0,505.96250194961607
2025-08-27,475.27466225937144,493.7917001869843,518.6000525347121,475.27466225937144,475.27466225937144,30.9861231758876,30.9861231758876,30.9861231758876,10.654020379550083,10.654020379550083,10.654020379550083,20.332102796337516,20.332102796337516,20.332102796337516,0.0,0.0,0.0,506.26078543525904
2025-08-28,475.68671532690274,493.6086036418818,518.30814004282,475.68671532690274,475.68671532690274,30.649700494508107,30.649700494508107,30.649700494508107,10.513626187305432,10.513626187305432,10.513626187305432,20.13607430720268,20.13607430720268,20.13607430720268,0.0,0.0,0.0,506.33641582141087
2025-08-29,476.098768394434,495.12725509069946,520.6261471208015,476.098768394434,476.098768394434,31.05169535785165,31.05169535785165,31.05169535785165,11.096092542674025,11.096092542674025,11.096092542674025,19.955602815177627,19.955602815177627,19.955602815177627,0.0,0.0,0.0,507.15046375228565
2025-09-02,477.74698066455915,495.5943006484047,521.4877879624532,477.74698066455915,477.74698066455915,29.94317768541797,29.94317768541797,29.94317768541797,10.556008722676474,10.556008722676474,10.556008722676474,19.387168962741494,19.387168962741494,19.387168962741494,0.0,0.0,0.0,507.69015834997714
2025-09-03,478.15903373209034,495.3368015845787,520.4513072969137,478.15903373209034,478.15903373209034,29.93647408895324,29.93647408895324,29.93647408895324,10.65402037955026,10.65402037955026,10.65402037955026,19.28245370940298,19.28245370940298,19.28245370940298,0.0,0.0,0.0,508.09550782104355
2025-09-04,478.5710867996217,495.72773900037123,521.6720464180481,478.5710867996217,478.5710867996217,29.705368312034416,29.705368312034416,29.705368312034416,10.513626187275273,10.513626187275273,10.513626187275273,19.191742124759138,19.191742124759138,19.191742124759138,0.0,0.0,0.0,508.2764551116561
2025-09-05,478.98313986715294,495.91551163723034,521.2917854048969,478.98313986715294,478.98313986715294,30.210174540062862,30.210174540062862,30.210174540062862,11.096092542675118,11.096092542675118,11.096092542675118,19.114081997387743,19.114081997387743,19.114081997387743,0.0,0.0,0.0,509.1933144072158
2025-09-08,480.21929906974674,497.5989796641436,521.8247724508093,480.21929906974674,480.21929906974674,29.54967511658878,29.54967511658878,29.54967511658878,10.605585704796422,10.605585704796422,10.605585704796422,18.944089411792355,18.944089411792355,18.944089411792355,0.0,0.0,0.0,509.7689741863355
2025-09-09,480.63135213727804,497.8629209593447,522.2885144171031,480.63135213727804,480.63135213727804,29.45713502935611,29.45713502935611,29.45713502935611,10.55600872272179,10.55600872272179,10.55600872272179,18.90112630663432,18.90112630663432,18.90112630663432,0.0,0.0,0.0,510.08848716663414
2025-09-10,481.0434052048093,497.78805401127204,522.550524720512,481.0434052048093,481.0434052048093,29.514239763481747,29.514239763481747,29.514239763481747,10.654020379550436,10.654020379550436,10.654020379550436,18.86021938393131,18.86021938393131,18.86021938393131,0.0,0.0,0.0,510.557644968291
2025-09-11,481.4554582723406,498.15289611059234,523.5587687277848,481.4554582723406,481.4554582723406,29.331449550443097,29.331449550443097,29.331449550443097,10.513626187271381,10.513626187271381,10.513626187271381,18.81782336317172,18.81782336317172,18.81782336317172,0.0,0.0,0.0,510.7869078227837
2025-09-12,481.86751133987184,499.2830370614537,523.4025231314743,481.86751133987184,481.86751133987184,29.86608954244212,29.86608954244212,29.86608954244212,11.096092542731618,11.096092542731618,11.096092542731618,18.7699969997105,18.7699969997105,18.7699969997105,0.0,0.0,0.0,511.73360088231397
2025-09-15,483.10367054246564,499.9490780973722,525.3857521929162,483.10367054246564,483.10367054246564,29.155609680348775,29.155609680348775,29.155609680348775,10.605585704712293,10.605585704712293,10.605585704712293,18.55002397563648,18.55002397563648,18.55002397563648,0.0,0.0,0.0,512.2592802228144
2025-09-16,483.51572360999694,500.2870784776707,525.0844702074861,483.51572360999694,483.51572360999694,28.991722733652367,28.991722733652367,28.991722733652367,10.556008722710827,10.556008722710827,10.556008722710827,18.43571401094154,18.43571401094154,18.43571401094154,0.0,0.0,0.0,512.5074463436493
2025-09-17,483.9277766775282,499.9942389007816,525.4266832888821,483.9277766775282,483.9277766775282,28.9471593433093,28.9471593433093,28.9471593433093,10.654020379549781,10.654020379549781,10.654020379549781,18.293138963759517,18.293138963759517,18.293138963759517,0.0,0.0,0.0,512.8749360208375
2025-09-18,484.3398297450595,500.1673366871161,524.6096003924423,484.3398297450595,484.3398297450595,28.631515238908868,28.631515238908868,28.631515238908868,10.51362618728215,10.51362618728215,10.51362618728215,18.11788905162672,18.11788905162672,18.11788905162672,0.0,0.0,0.0,512.9713449839684
2025-09-19,484.75188281259074,501.3212370389584,526.7284445026598,484.75188281259074,484.75188281259074,29.002009511425406,29.002009511425406,29.002009511425406,11.09609254273271,11.09609254273271,11.09609254273271,17.905916968692694,17.905916968692694,17.905916968692694,0.0,0.0,0.0,513.7538923240162
2025-09-22,485.9880420151846,500.8121387118641,526.1840144633725,485.9880420151846,485.9880420151846,27.623127839494213,27.623127839494213,27.623127839494213,10.605585704710528,10.605585704710528,10.605585704710528,17.017542134783685,17.017542134783685,17.017542134783685,0.0,0.0,0.0,513.6111698546788
2025-09-23,486.40009508271584,501.4529725342726,526.3367120068508,486.40009508271584,486.40009508271584,27.18625199260644,27.18625199260644,27.18625199260644,10.556008722716028,10.556008722716028,10.556008722716028,16.63024326989041,16.63024326989041,16.63024326989041,0.0,0.0,0.0,513.5863470753222
2025-09-24,486.81214815024714,500.82236509380493,526.0136267150712,486.81214815024714,486.81214815024714,26.850103128156146,26.850103128156146,26.850103128156146,10.654020379550794,10.654020379550794,10.654020379550794,16.19608274860535,16.19608274860535,16.19608274860535,0.0,0.0,0.0,513.6622512784032
2025-09-25,487.2242012177784,500.61838034093427,527.1486618210151,487.2242012177784,487.2242012177784,26.22944670176287,26.22944670176287,26.22944670176287,10.513626187292921,10.513626187292921,10.513626187292921,15.715820514469947,15.715820514469947,15.715820514469947,0.0,0.0,0.0,513.4536479195413
2025-09-26,487.6362542853097,500.8385083897464,525.7849994563669,487.6362542853097,487.6362542853097,26.287403714651788,26.287403714651788,26.287403714651788,11.096092542679292,11.096092542679292,11.096092542679292,15.191311171972496,15.191311171972496,15.191311171972496,0.0,0.0,0.0,513.9236579999615
2025-09-29,488.8724134879035,501.3009575197524,526.3066893654726,488.8724134879035,488.8724134879035,23.993033252427956,23.993033252427956,23.993033252427956,10.605585704765362,10.605585704765362,10.605585704765362,13.387447547662594,13.387447547662594,13.387447547662594,0.0,0.0,0.0,512.8654467403314
2025-09-30,489.28446655543473,499.99250121421494,524.1311216340996,489.28446655543473,489.28446655543473,23.282407773024936,23.282407773024936,23.282407773024936,10.55600872272123,10.55600872272123,10.55600872272123,12.726399050303705,12.726399050303705,12.726399050303705,0.0,0.0,0.0,512.5668743284597
2025-10-01,489.69651962296604,500.19473021150753,524.5695477542921,489.69651962296604,489.69651962296604,22.700385835835117,22.700385835835117,22.700385835835117,10.654020379550206,10.654020379550206,10.654020379550206,12.046365456284914,12.046365456284914,12.046365456284914,0.0,0.0,0.0,512.3969054588011
2025-10-02,490.1085726904973,499.73221632300465,523.6395523515347,490.1085726904973,490.1085726904973,21.868695880068856,21.868695880068856,21.868695880068856,10.51362618730369,10.51362618730369,10.51362618730369,11.355069692765166,11.355069692765166,11.355069692765166,0.0,0.0,0.0,511.97726857056614
2025-10-03,490.5206257580286,499.276205444429,524.5215844750447,490.5206257580286,490.5206257580286,21.756900349409577,21.756900349409577,21.756900349409577,11.096092542680386,11.096092542680386,11.096092542680386,10.660807806729194,10.660807806729194,10.660807806729194,0.0,0.0,0.0,512.2775261074381
2025-10-06,491.75678496062244,497.96616910751777,524.0647437818546,491.75678496062244,491.75678496062244,19.25328871906362,19.25328871906362,19.25328871906362,10.605585704681232,10.605585704681232,10.605585704681232,8.647703014382389,8.647703014382389,8.647703014382389,0.0,0.0,0.0,511.01007367968606
2025-10-07,492.16883802815363,498.16720841855073,522.7470607493273,492.16883802815363,492.16883802815363,18.585058138857146,18.585058138857146,18.585058138857146,10.5560087226941,10.5560087226941,10.5560087226941,8.029049416163046,8.029049416163046,8.029049416163046,0.0,0.0,0.0,510.7538961670108
2025-10-08,492.580891095685,498.1404978371715,523.6880069406772,492.580891095685,492.580891095685,18.10438492684266,18.10438492684266,18.10438492684266,10.654020379550383,10.654020379550383,10.654020379550383,7.450364547292277,7.450364547292277,7.450364547292277,0.0,0.0,0.0,510.68527602252766
2025-10-09,492.9929441632162,498.1405666329323,522.7802869038378,492.9929441632162,492.9929441632162,17.43258155288821,17.43258155288821,17.43258155288821,10.513626187273527,10.513626187273527,10.513626187273527,6.9189553656146785,6.9189553656146785,6.9189553656146785,0.0,0.0,0.0,510.4255257161044
2025-10-10,493.4049972307475,497.8059355308076,523.6073580112757,493.4049972307475,493.4049972307475,17.53727540538442,17.53727540538442,17.53727540538442,11.096092542654224,11.096092542654224,11.096092542654224,6.4411828627302015,6.4411828627302015,6.4411828627302015,0.0,0.0,0.0,510.9422726361319
2025-10-13,494.64115643334134,498.21558498653263,523.1143920432278,494.64115643334134,494.64115643334134,15.9807295302536,15.9807295302536,15.9807295302536,10.605585704707767,10.605585704707767,10.605585704707767,5.375143825545832,5.375143825545832,5.375143825545832,0.0,0.0,0.0,510.62188596359493
2025-10-14,495.0532095008726,498.3033664562922,524.3665893978565,495.0532095008726,495.0532095008726,15.706271812858603,15.706271812858603,15.706271812858603,10.556008722699302,10.556008722699302,10.556008722699302,5.150263090159299,5.150263090159299,5.150263090159299,0.0,0.0,0.0,510.75948131373116
2025-10-15,495.46526256840383,498.62778458033597,523.139033006267,495.46526256840383,495.46526256840383,15.644727881485185,15.644727881485185,15.644727881485185,10.654020379549728,10.654020379549728,10.654020379549728,4.990707501935459,4.990707501935459,4.990707501935459,0.0,0.0,0.0,511.10999044988904
2025-10-16,495.87731563593513,498.71143896712624,523.3672501918534,495.87731563593513,495.87731563593513,15.407691588101443,15.407691588101443,15.407691588101443,10.5136261872843,10.5136261872843,10.5136261872843,4.894065400817143,4.894065400817143,4.894065400817143,0.0,0.0,0.0,511.2850072240366
2025-10-17,496.2893687034664,499.65775759379767,524.8687741977291,496.2893687034664,496.2893687034664,15.952380946924588,15.952380946924588,15.952380946924588,11.096092542737981,11.096092542737981,11.096092542737981,4.856288404186606,4.856288404186606,4.856288404186606,0.0,0.0,0.0,512.241749650391
2025-10-20,497.52552790606023,499.9312546257991,525.0829009668668,497.52552790606023,497.52552790606023,15.63841994424726,15.63841994424726,15.63841994424726,10.605585704706007,10.605585704706007,10.605585704706007,5.032834239541253,5.032834239541253,5.032834239541253,0.0,0.0,0.0,513.1639478503075
2025-10-21,497.93758097359154,500.83543085029135,525.8941161057014,497.93758097359154,497.93758097359154,15.716593269059938,15.716593269059938,15.716593269059938,10.556008722688338,10.556008722688338,10.556008722688338,5.160584546371602,5.160584546371602,5.160584546371602,0.0,0.0,0.0,513.6541742426515
2025-10-22,498.3496340411227,501.11183485710757,527.5420180148981,498.3496340411227,498.3496340411227,15.960322518369697,15.960322518369697,15.960322518369697,10.654020379549069,10.654020379549069,10.654020379549069,5.3063021388206275,5.3063021388206275,5.3063021388206275,0.0,0.0,0.0,514.3099565594924
2025-10-23,498.76168710865403,502.68446493094166,526.5741858591183,498.76168710865403,498.76168710865403,15.972663392541968,15.972663392541968,15.972663392541968,10.513626187280405,10.513626187280405,10.513626187280405,5.459037205261564,5.459037205261564,5.459037205261564,0.0,0.0,0.0,514.734350501196
2025-10-24,499.17374017618533,503.59367597517627,528.4622663378498,499.17374017618533,499.17374017618533,16.703621603959796,16.703621603959796,16.703621603959796,11.096092542711817,11.096092542711817,11.096092542711817,5.607529061247978,5.607529061247978,5.607529061247978,0.0,0.0,0.0,515.8773617801452
2025-10-27,500.4098993787791,504.5323561019159,529.3312011666072,500.4098993787791,500.4098993787791,16.522404801974886,16.522404801974886,16.522404801974886,10.605585704732542,10.605585704732542,10.605585704732542,5.916819097242343,5.916819097242343,5.916819097242343,0.0,0.0,0.0,516.9323041807539
2025-10-28,500.82195244631043,505.37004030766633,530.3804234543081,500.82195244631043,500.82195244631043,16.496471493421588,16.496471493421588,16.496471493421588,10.556008722717488,10.556008722717488,10.556008722717488,5.940462770704099,5.940462770704099,5.940462770704099,0.0,0.0,0.0,517.318423939732
2025-10-29,501.2340055138417,505.56786720283657,530.739041669875,501.2340055138417,501.2340055138417,16.563877703200447,16.563877703200447,16.563877703200447,10.654020379550083,10.654020379550083,10.654020379550083,5.909857323650364,5.909857323650364,5.909857323650364,0.0,0.0,0.0,517.7978832170421
2025-10-30,501.646058581373,505.29903472701415,530.8998365118564,501.646058581373,501.646058581373,16.332017085129962,16.332017085129962,16.332017085129962,10.513626187305837,10.513626187305837,10.513626187305837,5.818390897824127,5.818390897824127,5.818390897824127,0.0,0.0,0.0,517.978075666503
2025-10-31,502.05811164890423,506.5116194048321,532.5448354144049,502.05811164890423,502.05811164890423,16.757289739436125,16.757289739436125,16.757289739436125,11.09609254271291,11.09609254271291,11.09609254271291,5.661197196723216,5.661197196723216,5.661197196723216,0.0,0.0,0.0,518.8154013883403
2025-11-03,503.294270851498,505.24671686743494,530.7513033153344,503.294270851498,503.294270851498,15.382088428064513,15.382088428064513,15.382088428064513,10.60558570473078,10.60558570473078,10.60558570473078,4.776502723333734,4.776502723333734,4.776502723333734,0.0,0.0,0.0,518.6763592795626
2025-11-04,503.70632391902933,505.74724233163136,531.266349453571,503.70632391902933,503.70632391902933,14.904398649477503,14.904398649477503,14.904398649477503,10.556008722706524,10.556008722706524,10.556008722706524,4.348389926770983,4.348389926770983,4.348389926770983,0.0,0.0,0.0,518.6107225685068
2025-11-05,504.1183769865606,506.1579243665439,531.6099439561453,504.1183769865606,504.1183769865606,14.515425480157413,14.515425480157413,14.515425480157413,10.654020379549422,10.654020379549422,10.654020379549422,3.8614051006079917,3.8614051006079917,3.8614051006079917,0.0,0.0,0.0,518.633802466718
2025-11-06,504.5304300540918,505.6213407252548,530.5772640673233,504.5304300540918,504.5304300540918,13.837014490887427,13.837014490887427,13.837014490887427,10.513626187301945,10.513626187301945,10.513626187301945,3.323388303585481,3.323388303585481,3.323388303585481,0.0,0.0,0.0,518.3674445449792
2025-11-07,504.9424831216231,506.0249894805559,531.295039859712,504.9424831216231,504.9424831216231,13.84022788590742,13.84022788590742,13.84022788590742,11.096092542686748,11.096092542686748,11.096092542686748,2.744135343220673,2.744135343220673,2.744135343220673,0.0,0.0,0.0,518.7827110075306
2025-11-10,506.178642324217,505.7444533881184,530.094116120456,506.178642324217,506.178642324217,11.48716446121757,11.48716446121757,11.48716446121757,10.605585704785613,10.605585704785613,10.605585704785613,0.8815787564319588,0.8815787564319588,0.8815787564319588,0.0,0.0,0.0,517.6658067854346
2025-11-11,506.5906953917483,504.520469904054,530.1983819679797,506.5906953917483,506.5906953917483,10.822194807976617,10.822194807976617,10.822194807976617,10.556008722711725,10.556008722711725,10.556008722711725,0.26618608526489,0.26618608526489,0.26618608526489,0.0,0.0,0.0,517.4128901997249
2025-11-12,507.0027484592795,504.468234501082,529.7978845144374,507.0027484592795,507.0027484592795,10.332949594332272,10.332949594332272,10.332949594332272,10.654020379550504,10.654020379550504,10.654020379550504,-0.32107078521823296,-0.32107078521823296,-0.32107078521823296,0.0,0.0,0.0,517.3356980536117
2025-11-13,507.4148015268108,504.229543478756,529.0512016816851,507.4148015268108,507.4148015268108,9.648984502538488,9.648984502538488,9.648984502538488,10.513626187271784,10.513626187271784,10.513626187271784,-0.8646416847332975,-0.8646416847332975,-0.8646416847332975,0.0,0.0,0.0,517.0637860293492
2025-11-14,507.826854594342,504.35741175030154,529.9142143118512,507.826854594342,507.826854594342,9.746737258081232,9.746737258081232,9.746737258081232,11.096092542687838,11.096092542687838,11.096092542687838,-1.3493552846066053,-1.3493552846066053,-1.3493552846066053,0.0,0.0,0.0,517.5735918524233
2025-11-17,509.0630137969359,505.15188164313054,529.9603556572513,509.0630137969359,509.0630137969359,8.29240921997581,8.29240921997581,8.29240921997581,10.605585704783849,10.605585704783849,10.605585704783849,-2.31317648480804,-2.31317648480804,-2.31317648480804,0.0,0.0,0.0,517.3554230169117
2025-11-18,509.4750668644671,504.82849909593824,530.8805007266302,509.4750668644671,509.4750668644671,8.123061064047313,8.123061064047313,8.123061064047313,10.556008722700765,10.556008722700765,10.556008722700765,-2.4329476586534526,-2.4329476586534526,-2.4329476586534526,0.0,0.0,0.0,517.5981279285145
2025-11-19,509.8871199319984,505.5708989452822,530.5926475966504,509.8871199319984,509.8871199319984,8.21597792537191,8.21597792537191,8.21597792537191,10.654020379549845,10.654020379549845,10.654020379549845,-2.4380424541779364,-2.4380424541779364,-2.4380424541779364,0.0,0.0,0.0,518.1030978573704
2025-11-20,510.2991729995297,506.14837674511045,531.19122679859,510.2991729995297,510.2991729995297,8.18980891411855,8.18980891411855,8.18980891411855,10.513626187282554,10.513626187282554,10.513626187282554,-2.3238172731640026,-2.3238172731640026,-2.3238172731640026,0.0,0.0,0.0,518.4889819136482
2025-11-21,510.711226067061,507.56347853620207,532.2540300356551,510.711226067061,510.711226067061,9.007658263077639,9.007658263077639,9.007658263077639,11.09609254263442,11.09609254263442,11.09609254263442,-2.088434279556782,-2.088434279556782,-2.088434279556782,0.0,0.0,0.0,519.7188843301386
2025-11-24,511.9473852696548,510.20770017617764,535.2243361988197,511.9473852696548,511.9473852696548,9.923853809300343,9.923853809300343,9.923853809300343,10.605585704699722,10.605585704699722,10.605585704699722,-0.6817318953993781,-0.6817318953993781,-0.6817318953993781,0.0,0.0,0.0,521.8712390789551
2025-11-25,512.359438337186,510.3058083752333,535.431625098865,512.359438337186,512.359438337186,10.5527616885372,10.5527616885372,10.5527616885372,10.55600872270597,10.55600872270597,10.55600872270597,-0.0032470341687708235,-0.0032470341687708235,-0.0032470341687708235,0.0,0.0,0.0,522.9122000257232
2025-11-26,512.7714914047174,511.5175991622095,536.0600149335036,512.7714914047174,512.7714914047174,11.414764835805766,11.414764835805766,11.414764835805766,10.654020379550023,10.654020379550023,10.654020379550023,0.7607444562557427,0.7607444562557427,0.7607444562557427,0.0,0.0,0.0,524.1862562405231
2025-11-27,513.1835444722486,512.8763241836423,536.9801970948056,513.1835444722486,513.1835444722486,12.108268821600419,12.108268821600419,12.108268821600419,10.513626187293324,10.513626187293324,10.513626187293324,1.5946426343070932,1.5946426343070932,1.5946426343070932,0.0,0.0,0.0,525.291813293849
2025-11-28,513.5955975397799,514.0503591338107,539.7274638123171,513.5955975397799,513.5955975397799,13.576631507611761,13.576631507611761,13.576631507611761,11.096092542635512,11.096092542635512,11.096092542635512,2.480538964976248,2.480538964976248,2.480538964976248,0.0,0.0,0.0,527.1722290473916
2025-12-01,514.8317567423737,517.4558865571693,542.9825715998567,514.7734052307331,514.8399225793805,15.849987264621255,15.849987264621255,15.849987264621255,10.605585704726257,10.605585704726257,10.605585704726257,5.2444015598950005,5.2444015598950005,5.2444015598950005,0.0,0.0,0.0,530.681744006995
2025-12-02,515.243809809905,519.6972852140076,544.8582216896847,515.0687552749831,515.3109525335112,16.68268564960282,16.68268564960282,16.68268564960282,10.556008722678836,10.556008722678836,10.556008722678836,6.126676926923983,6.126676926923983,6.126676926923983,0.0,0.0,0.0,531.9264954595078
2025-12-03,515.6558628774362,520.0495113802469,546.850515522807,515.3917275764935,515.7768020220503,17.605099096121965,17.605099096121965,17.605099096121965,10.654020379550202,10.654020379550202,10.654020379550202,6.95107871657176,6.95107871657176,6.95107871657176,0.0,0.0,0.0,533.2609619735582
2025-12-04,516.0679159449675,521.5817950602176,547.7600700892534,515.6857273034332,516.235942411084,18.20861737398668,18.20861737398668,18.20861737398668,10.51362618728943,10.51362618728943,10.51362618728943,7.694991186697248,7.694991186697248,7.694991186697248,0.0,0.0,0.0,534.2765333189542
2025-12-05,516.4799690124988,523.4626472905751,547.8339197050235,515.9776985402398,516.7419798272966,19.432909509971438,19.432909509971438,19.432909509971438,11.09609254271927,11.09609254271927,11.09609254271927,8.336816967252167,8.336816967252167,8.336816967252167,0.0,0.0,0.0,535.9128785224702
2025-12-08,517.7161282150926,525.6603592256962,550.342896083214,517.0353844416401,518.1532880195028,20.065398626572943,20.065398626572943,20.065398626572943,10.60558570475279,10.60558570475279,10.60558570475279,9.459812921820156,9.459812921820156,9.459812921820156,0.0,0.0,0.0,537.7815268416655
2025-12-09,518.1281812826238,525.0529362705917,550.1923444780135,517.2239742725063,518.7366441757018,20.071269400963963,20.071269400963963,20.071269400963963,10.556008722707986,10.556008722707986,10.556008722707986,9.51526067825598,9.51526067825598,9.51526067825598,0.0,0.0,0.0,538.1994506835878
2025-12-10,518.5402343501552,525.9474829493445,550.375654941452,517.4340545428286,519.3175339038011,20.04695493829862,20.04695493829862,20.04695493829862,10.654020379550445,10.654020379550445,10.654020379550445,9.392934558748173,9.392934558748173,9.392934558748173,0.0,0.0,0.0,538.5871892884538
2025-12-11,518.9522874176864,525.8643598661628,551.5022408199698,517.6321755564223,519.906373702608,19.600542501225288,19.600542501225288,19.600542501225288,10.513626187285537,10.513626187285537,10.513626187285537,9.08691631393975,9.08691631393975,9.08691631393975,0.0,0.0,0.0,538.5528299189117
2025-12-12,519.3643404852178,527.3890307171841,552.6933456165098,517.8812961174282,520.521592585323,19.69107099673968,19.69107099673968,19.69107099673968,11.096092542693109,11.096092542693109,11.096092542693109,8.59497845404657,8.59497845404657,8.59497845404657,0.0,0.0,0.0,539.0554114819574
2025-12-15,520.6004996878115,524.7801490234641,549.3778764061404,518.9254603369603,521.9205873610009,16.64395402929868,16.64395402929868,16.64395402929868,10.605585704751029,10.605585704751029,10.605585704751029,6.038368324547652,6.038368324547652,6.038368324547652,0.0,0.0,0.0,537.2444537171102
2025-12-16,521.0125527553428,524.1350167886746,549.9291204355811,519.1721338801007,522.5277364686038,15.412204939033442,15.412204939033442,15.412204939033442,10.556008722697023,10.556008722697023,10.556008722697023,4.856196216336419,4.856196216336419,4.856196216336419,0.0,0.0,0.0,536.4247576943762
2025-12-17,521.4246058228741,522.0450584209744,549.1824167336298,519.3769546778597,523.1270600615381,14.187024253451536,14.187024253451536,14.187024253451536,10.654020379549792,10.654020379549792,10.654020379549792,3.5330038739017473,3.5330038739017473,3.5330038739017473,0.0,0.0,0.0,535.6116300763257
2025-12-18,521.8366588904054,521.0064852697247,547.7960829517016,519.6070104799918,523.7388781608253,12.601524320191913,12.601524320191913,12.601524320191913,10.513626187296307,10.513626187296307,10.513626187296307,2.0878981328956066,2.0878981328956066,2.0878981328956066,0.0,0.0,0.0,534.4381832105973
2025-12-19,522.2487119579366,521.2111048242349,546.8443453841471,519.6863474189694,524.4407840798092,11.638714579131701,11.638714579131701,11.638714579131701,11.096092542666945,11.096092542666945,11.096092542666945,0.5426220364647564,0.5426220364647564,0.5426220364647564,0.0,0.0,0.0,533.8874265370683
2025-12-22,523.4848711605305,515.9885244219172,541.8923447688269,520.5551351191045,525.9089983015045,6.158400244688181,6.158400244688181,6.158400244688181,10.605585704749268,10.605585704749268,10.605585704749268,-4.447185460061089,-4.447185460061089,-4.447185460061089,0.0,0.0,0.0,529.6432714052187
2025-12-23,523.8969242280617,515.7972101942236,541.2847395849961,520.6863858652943,526.5581617665997,4.416045962174451,4.416045962174451,4.416045962174451,10.556008722702224,10.556008722702224,10.556008722702224,-6.139962760527775,-6.139962760527775,-6.139962760527775,0.0,0.0,0.0,528.3129701902362
2025-12-24,524.308977295593,513.3476887966433,540.2838344932638,520.7385635309199,527.1550529216528,2.8518354025115977,2.8518354025115977,2.8518354025115977,10.654020379550804,10.654020379550804,10.654020379550804,-7.802184977039206,-7.802184977039206,-7.802184977039206,0.0,0.0,0.0,527.1608126981046
2025-12-25,524.7210303631242,513.0174415164598,538.4670646207406,520.7677097743277,527.8449721868068,1.106366466494843,1.106366466494843,1.106366466494843,10.513626187307075,10.513626187307075,10.513626187307075,-9.407259720812233,-9.407259720812233,-9.407259720812233,0.0,0.0,0.0,525.827396829619
2025-12-26,525.1330834306555,512.304269043793,538.6518375857938,520.7423494256104,528.5498195609069,0.16629288046568164,0.16629288046568164,0.16629288046568164,11.0960925427507,11.0960925427507,11.0960925427507,-10.929799662285019,-10.929799662285019,-10.929799662285019,0.0,0.0,0.0,525.2993763111211
2025-12-29,526.3692426332493,507.74044581575174,534.8234546769265,521.7523664134025,530.0341380992152,-4.171984433756222,-4.171984433756222,-4.171984433756222,10.605585704775805,10.605585704775805,10.605585704775805,-14.777570138532026,-14.777570138532026,-14.777570138532026,0.0,0.0,0.0,522.197258199493
2025-12-30,526.7812957007806,508.07577593063536,535.5876117874789,521.9312954226862,530.6489833180912,-5.202335697481604,-5.202335697481604,-5.202335697481604,10.55600872269126,10.55600872269126,10.55600872269126,-15.758344420172865,-15.758344420172865,-15.758344420172865,0.0,0.0,0.0,521.5789600032989
2025-12-31,527.1933487683118,507.23095485846034,535.5001063165099,522.0358701195182,531.3008211492988,-5.911109410202949,-5.911109410202949,-5.911109410202949,10.654020379550147,10.654020379550147,10.654020379550147,-16.565129789753094,-16.565129789753094,-16.565129789753094,0.0,0.0,0.0,521.2822393581089
2026-01-01,527.6054018358432,506.51014094305623,534.5231207479599,522.2003964562047,531.9438775475872,-6.6757637595767765,-6.6757637595767765,-6.6757637595767765,10.513626187276916,10.513626187276916,10.513626187276916,-17.189389946853694,-17.189389946853694,-17.189389946853694,0.0,0.0,0.0,520.9296380762664
