ds,trend,yhat_lower,yhat_upper,trend_lower,trend_upper,additive_terms,additive_terms_lower,additive_terms_upper,weekly,weekly_lower,weekly_upper,yearly,yearly_lower,yearly_upper,multiplicative_terms,multiplicative_terms_lower,multiplicative_terms_upper,yhat
2023-03-15,106.6273077,93.86534795531523,107.15433253391029,106.6273077,106.6273077,-5.96371826975975,-5.96371826975975,-5.96371826975975,2.191009169052686,2.191009169052686,2.191009169052686,-8.154727438812435,-8.154727438812435,-8.154727438812435,0.0,0.0,0.0,100.66358943024025
2023-03-16,106.76116097989807,93.88111988265669,106.67724359485973,106.76116097989807,106.76116097989807,-6.280442760798357,-6.280442760798357,-6.280442760798357,2.0283055700002057,2.0283055700002057,2.0283055700002057,-8.308748330798563,-8.308748330798563,-8.308748330798563,0.0,0.0,0.0,100.48071821909971
2023-03-17,106.89501425979613,93.64759364360181,107.55774481232338,106.89501425979613,106.89501425979613,-5.998877831030849,-5.998877831030849,-5.998877831030849,2.418095127964852,2.418095127964852,2.418095127964852,-8.416972958995702,-8.416972958995702,-8.416972958995702,0.0,0.0,0.0,100.89613642876527
2023-03-20,107.29657409949031,94.41185977083295,108.14316676818139,107.29657409949031,107.29657409949031,-6.179013792965749,-6.179013792965749,-6.179013792965749,2.3295885126565032,2.3295885126565032,2.3295885126565032,-8.508602305622253,-8.508602305622253,-8.508602305622253,0.0,0.0,0.0,101.11756030652457
2023-03-21,107.43042737938838,94.31441839986387,108.08951595045707,107.43042737938838,107.43042737938838,-6.2648286580672226,-6.2648286580672226,-6.2648286580672226,2.214644167059477,2.214644167059477,2.214644167059477,-8.479472825126699,-8.479472825126699,-8.479472825126699,0.0,0.0,0.0,101.16559872132116
2023-03-22,107.56428065928644,94.63603895983604,108.19754610280518,107.56428065928644,107.56428065928644,-6.240182512993201,-6.240182512993201,-6.240182512993201,2.191009169053182,2.191009169053182,2.191009169053182,-8.431191682046384,-8.431191682046384,-8.431191682046384,0.0,0.0,0.0,101.32409814629324
2023-03-23,107.6981339391845,94.56218533155065,107.7901547151295,107.6981339391845,107.6981339391845,-6.342589635151483,-6.342589635151483,-6.342589635151483,2.028305569999412,2.028305569999412,2.028305569999412,-8.370895205150894,-8.370895205150894,-8.370895205150894,0.0,0.0,0.0,101.35554430403302
2023-03-24,107.83198721908256,95.42366143901556,108.43071703933306,107.83198721908256,107.83198721908256,-5.887886111520182,-5.887886111520182,-5.887886111520182,2.4180951279653833,2.4180951279653833,2.4180951279653833,-8.305981239485567,-8.305981239485567,-8.305981239485567,0.0,0.0,0.0,101.94410110756237
2023-03-27,108.23354705877675,95.66997975544959,109.49251040500971,108.23354705877675,108.23354705877675,-5.828091618513425,-5.828091618513425,-5.828091618513425,2.3295885126323395,2.3295885126323395,2.3295885126323395,-8.157680131145765,-8.157680131145765,-8.157680131145765,0.0,0.0,0.0,102.40545544026332
2023-03-28,108.36740033867483,95.95250625284739,109.23965581792211,108.36740033867483,108.36740033867483,-5.932555207399779,-5.932555207399779,-5.932555207399779,2.2146441670570045,2.2146441670570045,2.2146441670570045,-8.147199374456783,-8.147199374456783,-8.147199374456783,0.0,0.0,0.0,102.43484513127505
2023-03-29,108.50125361857287,95.9261543304694,108.93115312606304,108.50125361857287,108.50125361857287,-5.975658125548725,-5.975658125548725,-5.975658125548725,2.1910091690528466,2.1910091690528466,2.1910091690528466,-8.166667294601572,-8.166667294601572,-8.166667294601572,0.0,0.0,0.0,102.52559549302416
2023-03-30,108.63510689847095,95.59191077798091,109.21182238806655,108.63510689847095,108.63510689847095,-6.192939272292895,-6.192939272292895,-6.192939272292895,2.0283055699958648,2.0283055699958648,2.0283055699958648,-8.221244842288758,-8.221244842288758,-8.221244842288758,0.0,0.0,0.0,102.44216762617806
2023-03-31,108.768960178369,96.34057945542642,109.60967773432886,108.768960178369,108.768960178369,-5.897033267237642,-5.897033267237642,-5.897033267237642,2.418095127953897,2.418095127953897,2.418095127953897,-8.31512839519154,-8.31512839519154,-8.31512839519154,0.0,0.0,0.0,102.87192691113135
2023-04-03,109.1705200180632,95.65575149149602,109.19274903773498,109.1705200180632,109.1705200180632,-6.52801229275756,-6.52801229275756,-6.52801229275756,2.3295885126380607,2.3295885126380607,2.3295885126380607,-8.85760080539562,-8.85760080539562,-8.85760080539562,0.0,0.0,0.0,102.64250772530563
2023-04-04,109.30437329796126,95.50392001695444,108.75140471158637,109.30437329796126,109.30437329796126,-6.912803997479104,-6.912803997479104,-6.912803997479104,2.214644167058255,2.214644167058255,2.214644167058255,-9.127448164537359,-9.127448164537359,-9.127448164537359,0.0,0.0,0.0,102.39156930048216
2023-04-05,109.43822657785933,95.86614082413189,108.79997076883141,109.43822657785933,109.43822657785933,-7.2485640293079285,-7.2485640293079285,-7.2485640293079285,2.191009169052823,2.191009169052823,2.191009169052823,-9.439573198360751,-9.439573198360751,-9.439573198360751,0.0,0.0,0.0,102.1896625485514
2023-04-06,109.57207985775739,94.82322871453728,109.10025809982503,109.57207985775739,109.57207985775739,-7.762364134019909,-7.762364134019909,-7.762364134019909,2.0283055699950716,2.0283055699950716,2.0283055699950716,-9.790669704014979,-9.790669704014979,-9.790669704014979,0.0,0.0,0.0,101.80971572373748
2023-04-10,110.10749297734964,94.238651006487,107.20379747812372,110.10749297734964,110.10749297734964,-9.147383959746916,-9.147383959746916,-9.147383959746916,2.3295885126373843,2.3295885126373843,2.3295885126373843,-11.4769724723843,-11.4769724723843,-11.4769724723843,0.0,0.0,0.0,100.96010901760272
2023-04-11,110.2413462572477,93.40116559347496,107.79154489556295,110.2413462572477,110.2413462572477,-9.718647138769064,-9.718647138769064,-9.718647138769064,2.2146441670520587,2.2146441670520587,2.2146441670520587,-11.933291305821124,-11.933291305821124,-11.933291305821124,0.0,0.0,0.0,100.52269911847864
2023-04-12,110.37519953714578,93.33973859068603,106.69481087664946,110.37519953714578,110.37519953714578,-10.19556490378397,-10.19556490378397,-10.19556490378397,2.1910091690528,2.1910091690528,2.1910091690528,-12.386574072836769,-12.386574072836769,-12.386574072836769,0.0,0.0,0.0,100.1796346333618
2023-04-13,110.50905281704382,93.029592849274,106.93723230613766,110.50905281704382,110.50905281704382,-10.799255868607721,-10.799255868607721,-10.799255868607721,2.0283055700006,2.0283055700006,2.0283055700006,-12.827561438608324,-12.827561438608324,-12.827561438608324,0.0,0.0,0.0,99.70979694843611
2023-04-14,110.6429060969419,93.12090075664152,105.93496858526362,110.6429060969419,110.6429060969419,-10.828782069478187,-10.828782069478187,-10.828782069478187,2.4180951279715845,2.4180951279715845,2.4180951279715845,-13.246877197449773,-13.246877197449773,-13.246877197449773,0.0,0.0,0.0,99.81412402746372
2023-04-17,111.04446593663607,92.29496877400929,105.61920253536547,111.04446593663607,111.04446593663607,-11.954317553928087,-11.954317553928087,-11.954317553928087,2.3295885126367075,2.3295885126367075,2.3295885126367075,-14.283906066564795,-14.283906066564795,-14.283906066564795,0.0,0.0,0.0,99.09014838270798
2023-04-18,111.17831921492245,92.08327027198693,105.49465409659199,111.17831921492245,111.17831921492245,-12.313465345746152,-12.313465345746152,-12.313465345746152,2.21464416706226,2.21464416706226,2.21464416706226,-14.528109512808413,-14.528109512808413,-14.528109512808413,0.0,0.0,0.0,98.8648538691763
2023-04-19,111.31217249320882,92.03412503434737,105.74242868656602,111.31217249320882,111.31217249320882,-12.518583166817649,-12.518583166817649,-12.518583166817649,2.191009169052777,2.191009169052777,2.191009169052777,-14.709592335870427,-14.709592335870427,-14.709592335870427,0.0,0.0,0.0,98.79358932639117
2023-04-20,111.4460257714952,91.89978990248396,105.24216568799469,111.4460257714952,111.4460257714952,-12.794389103394607,-12.794389103394607,-12.794389103394607,2.028305569999807,2.028305569999807,2.028305569999807,-14.822694673394412,-14.822694673394412,-14.822694673394412,0.0,0.0,0.0,98.6516366681006
2023-04-21,111.57987904978157,92.29010923107448,105.81621660253441,111.57987904978157,111.57987904978157,-12.44488543314,-12.44488543314,-12.44488543314,2.418095127972116,2.418095127972116,2.418095127972116,-14.862980561112115,-14.862980561112115,-14.862980561112115,0.0,0.0,0.0,99.13499361664157
2023-04-24,111.9814388846407,93.09600160352143,106.66806405182733,111.9814388846407,111.9814388846407,-12.193376583128597,-12.193376583128597,-12.193376583128597,2.3295885126488263,2.3295885126488263,2.3295885126488263,-14.52296509577742,-14.52296509577742,-14.52296509577742,0.0,0.0,0.0,99.7880623015121
2023-04-25,112.11529216292708,93.58649659898897,106.61567070244321,112.11529216292708,112.11529216292708,-12.040527397595698,-12.040527397595698,-12.040527397595698,2.2146441670597867,2.2146441670597867,2.2146441670597867,-14.255171564655486,-14.255171564655486,-14.255171564655486,0.0,0.0,0.0,100.07476476533138
2023-04-26,112.24914544121344,93.68384341993792,107.16849874446926,112.24914544121344,112.24914544121344,-11.722327271638761,-11.722327271638761,-11.722327271638761,2.1910091690532725,2.1910091690532725,2.1910091690532725,-13.913336440692033,-13.913336440692033,-13.913336440692033,0.0,0.0,0.0,100.52681816957468
2023-04-27,112.38299871949982,93.90902191092407,107.39469571267884,112.38299871949982,112.38299871949982,-11.473141654507776,-11.473141654507776,-11.473141654507776,2.0283055700021744,2.0283055700021744,2.0283055700021744,-13.501447224509953,-13.501447224509953,-13.501447224509953,0.0,0.0,0.0,100.90985706499205
2023-04-28,112.51685199778618,94.83547685195366,108.6927789096378,112.51685199778618,112.51685199778618,-10.606661494312533,-10.606661494312533,-10.606661494312533,2.418095127972647,2.418095127972647,2.418095127972647,-13.02475662228518,-13.02475662228518,-13.02475662228518,0.0,0.0,0.0,101.91019050347364
2023-05-01,112.9184118326453,96.80295885976535,110.81082300951329,112.9184118326453,112.9184118326453,-8.944977655853938,-8.944977655853938,-8.944977655853938,2.3295885126481495,2.3295885126481495,2.3295885126481495,-11.274566168502089,-11.274566168502089,-11.274566168502089,0.0,0.0,0.0,103.97343417679137
2023-05-02,113.05226511093167,98.00760152141739,111.0547562913103,113.05226511093167,113.05226511093167,-8.396940850458016,-8.396940850458016,-8.396940850458016,2.214644167061038,2.214644167061038,2.214644167061038,-10.611585017519053,-10.611585017519053,-10.611585017519053,0.0,0.0,0.0,104.65532426047366
2023-05-03,113.18611838921805,98.51834723640889,112.25899970250332,113.18611838921805,113.18611838921805,-7.732810016339366,-7.732810016339366,-7.732810016339366,2.191009169053249,2.191009169053249,2.191009169053249,-9.923819185392615,-9.923819185392615,-9.923819185392615,0.0,0.0,0.0,105.45330837287868
2023-05-04,113.31997166750443,99.48340943566441,112.93313328445007,113.31997166750443,113.31997166750443,-7.192402919434102,-7.192402919434102,-7.192402919434102,2.0283055699954655,2.0283055699954655,2.0283055699954655,-9.220708489429567,-9.220708489429567,-9.220708489429567,0.0,0.0,0.0,106.12756874807033
2023-05-05,113.4538249457908,100.03826706758223,114.2968224903524,113.4538249457908,113.4538249457908,-6.0935903370138185,-6.0935903370138185,-6.0935903370138185,2.4180951279611604,2.4180951279611604,2.4180951279611604,-8.511685464974978,-8.511685464974978,-8.511685464974978,0.0,0.0,0.0,107.36023460877698
2023-05-08,113.85538478064993,103.3424394055831,117.25563808065614,113.85538478064993,113.85538478064993,-4.109435790019423,-4.109435790019423,-4.109435790019423,2.3295885126538707,2.3295885126538707,2.3295885126538707,-6.439024302673293,-6.439024302673293,-6.439024302673293,0.0,0.0,0.0,109.74594899063051
2023-05-09,113.9892380589363,103.58343504228758,116.93097883236835,113.9892380589363,113.9892380589363,-3.578774092080009,-3.578774092080009,-3.578774092080009,2.2146441670622887,2.2146441670622887,2.2146441670622887,-5.793418259142298,-5.793418259142298,-5.793418259142298,0.0,0.0,0.0,110.41046396685628
2023-05-10,114.12309133722268,104.38987592757724,118.21062387496274,114.12309133722268,114.12309133722268,-2.9910240702211457,-2.9910240702211457,-2.9910240702211457,2.191009169052914,2.191009169052914,2.191009169052914,-5.18203323927406,-5.18203323927406,-5.18203323927406,0.0,0.0,0.0,111.13206726700153
2023-05-11,114.25694461550904,104.52834115025355,118.40678118922078,114.25694461550904,114.25694461550904,-2.5820303138867593,-2.5820303138867593,-2.5820303138867593,2.028305569997834,2.028305569997834,2.028305569997834,-4.610335883884593,-4.610335883884593,-4.610335883884593,0.0,0.0,0.0,111.67491430162228
2023-05-12,114.39079789379542,105.71236857889117,119.41357679256896,114.39079789379542,114.39079789379542,-1.6645691373482132,-1.6645691373482132,-1.6645691373482132,2.418095127961691,2.418095127961691,2.418095127961691,-4.082664265309904,-4.082664265309904,-4.082664265309904,0.0,0.0,0.0,112.72622875644721
2023-05-15,114.79235772865455,107.8713687467016,121.44856721702354,114.79235772865455,114.79235772865455,-0.45960415961257034,-0.45960415961257034,-0.45960415961257034,2.3295885126361044,2.3295885126361044,2.3295885126361044,-2.789192672248675,-2.789192672248675,-2.789192672248675,0.0,0.0,0.0,114.33275356904198
2023-05-16,114.92621100694092,107.96802272208392,121.46387081853916,114.92621100694092,114.92621100694092,-0.24230670962659764,-0.24230670962659764,-0.24230670962659764,2.2146441670560923,2.2146441670560923,2.2146441670560923,-2.4569508766826904,-2.4569508766826904,-2.4569508766826904,0.0,0.0,0.0,114.68390429731431
2023-05-17,115.06006427601767,108.3627216395083,121.71109059929147,115.06006427601767,115.06006427601767,0.01856380858882277,0.01856380858882277,0.01856380858882277,2.1910091690532023,2.1910091690532023,2.1910091690532023,-2.17244536046438,-2.17244536046438,-2.17244536046438,0.0,0.0,0.0,115.07862808460649
2023-05-18,115.19391754509441,108.42682314592219,122.02593201737285,115.19391754509441,115.19391754509441,0.09527090556271184,0.09527090556271184,0.09527090556271184,2.02830556999704,2.02830556999704,2.02830556999704,-1.9330346644343277,-1.9330346644343277,-1.9330346644343277,0.0,0.0,0.0,115.28918845065712
2023-05-19,115.32777081417115,109.59678151843003,122.88187440639766,115.32777081417115,115.32777081417115,0.682947162123127,0.682947162123127,0.682947162123127,2.4180951279562137,2.4180951279562137,2.4180951279562137,-1.7351479658330866,-1.7351479658330866,-1.7351479658330866,0.0,0.0,0.0,116.01071797629427
2023-05-22,115.7293306214014,110.17148457498496,124.01630888259422,115.7293306214014,115.7293306214014,0.9857740241150522,0.9857740241150522,0.9857740241150522,2.3295885126418256,2.3295885126418256,2.3295885126418256,-1.3438144885267735,-1.3438144885267735,-1.3438144885267735,0.0,0.0,0.0,116.71510464551645
2023-05-23,115.86318389047814,109.9559075947192,123.86769136240906,115.86318389047814,115.86318389047814,0.9520747926415666,0.9520747926415666,0.9520747926415666,2.2146441670573433,2.2146441670573433,2.2146441670573433,-1.2625693744157769,-1.2625693744157769,-1.2625693744157769,0.0,0.0,0.0,116.81525868311971
2023-05-24,115.99703715955489,110.19773046722645,123.98701517438857,115.99703715955489,115.99703715955489,0.9949583204767422,0.9949583204767422,0.9949583204767422,2.1910091690528675,2.1910091690528675,2.1910091690528675,-1.1960508485761256,-1.1960508485761256,-1.1960508485761256,0.0,0.0,0.0,116.99199548003163
2023-05-25,116.13089042863163,110.11709514553498,124.03106067105358,116.13089042863163,116.13089042863163,0.890077876324298,0.890077876324298,0.890077876324298,2.0283055699994073,2.0283055699994073,2.0283055699994073,-1.1382276936751092,-1.1382276936751092,-1.1382276936751092,0.0,0.0,0.0,117.02096830495593
2023-05-26,116.2647436977084,110.63026292451549,124.36385660987409,116.2647436977084,116.2647436977084,1.3348774402016432,1.3348774402016432,1.3348774402016432,2.418095127973371,2.418095127973371,2.418095127973371,-1.083217687771728,-1.083217687771728,-1.083217687771728,0.0,0.0,0.0,117.59962113791003
2023-05-30,116.80015677401538,112.1019945743429,125.30984440512522,116.80015677401538,116.80015677401538,1.4281303186288061,1.4281303186288061,1.4281303186288061,2.2146441670600967,2.2146441670600967,2.2146441670600967,-0.7865138484312908,-0.7865138484312908,-0.7865138484312908,0.0,0.0,0.0,118.22828709264418
2023-05-31,116.93401004309213,111.80881968650596,125.10350070450616,116.93401004309213,116.93401004309213,1.519278585734747,1.519278585734747,1.519278585734747,2.1910091690533635,2.1910091690533635,2.1910091690533635,-0.6717305833186165,-0.6717305833186165,-0.6717305833186165,0.0,0.0,0.0,118.45328862882688
2023-06-01,117.06786331216887,111.50346178724642,125.2166013321098,117.06786331216887,117.06786331216887,1.4938305149268793,1.4938305149268793,1.4938305149268793,2.0283055699986137,2.0283055699986137,2.0283055699986137,-0.5344750550717347,-0.5344750550717347,-0.5344750550717347,0.0,0.0,0.0,118.56169382709575
2023-06-02,117.20171658124562,112.27668737744332,126.12943435964387,117.20171658124562,117.20171658124562,2.045162352225735,2.045162352225735,2.045162352225735,2.4180951279678933,2.4180951279678933,2.4180951279678933,-0.37293277574215816,-0.37293277574215816,-0.37293277574215816,0.0,0.0,0.0,119.24687893347135
2023-06-05,117.60327638847586,113.48946125707123,126.68883973659305,117.60327638847586,117.60327638847586,2.593922341530334,2.593922341530334,2.593922341530334,2.32958851264687,2.32958851264687,2.32958851264687,0.26433382888346374,0.26433382888346374,0.26433382888346374,0.0,0.0,0.0,120.19719873000619
2023-06-06,117.73712965755261,113.86592762516504,127.23018831145956,117.73712965755261,117.73712965755261,2.7411035888674227,2.7411035888674227,2.7411035888674227,2.2146441670613473,2.2146441670613473,2.2146441670613473,0.5264594218060754,0.5264594218060754,0.5264594218060754,0.0,0.0,0.0,120.47823324642003
2023-06-07,117.87098292662935,114.62631023690905,127.7213811481137,117.87098292662935,117.87098292662935,3.002331163172667,3.002331163172667,3.002331163172667,2.1910091690533404,2.1910091690533404,2.1910091690533404,0.8113219941193267,0.8113219941193267,0.8113219941193267,0.0,0.0,0.0,120.87331408980202
2023-06-08,118.0048361957061,114.20417440073743,128.0681035274706,118.0048361957061,118.0048361957061,3.145212697937976,3.145212697937976,3.145212697937976,2.0283055700041426,2.0283055700041426,2.0283055700041426,1.1169071279338332,1.1169071279338332,1.1169071279338332,0.0,0.0,0.0,121.15004889364408
2023-06-09,118.13868946478286,115.44476444825877,128.46944006207045,118.13868946478286,118.13868946478286,3.8589316445553763,3.8589316445553763,3.8589316445553763,2.418095127962416,2.418095127962416,2.418095127962416,1.4408365165929609,1.4408365165929609,1.4408365165929609,0.0,0.0,0.0,121.99762110933824
2023-06-12,118.54024927201309,116.33608938993086,130.39406916739753,118.54024927201309,118.54024927201309,4.825204923919914,4.825204923919914,4.825204923919914,2.329588512646194,2.329588512646194,2.329588512646194,2.49561641127372,2.49561641127372,2.49561641127372,0.0,0.0,0.0,123.365454195933
2023-06-13,118.67410254108985,116.72364810185968,130.05719754051762,118.67410254108985,118.67410254108985,5.080110228552614,5.080110228552614,5.080110228552614,2.214644167058875,2.214644167058875,2.214644167058875,2.8654660614937377,2.8654660614937377,2.8654660614937377,0.0,0.0,0.0,123.75421276964246
2023-06-14,118.80795581016659,117.94772474687582,130.63639542721475,118.80795581016659,118.80795581016659,5.4308895598888824,5.4308895598888824,5.4308895598888824,2.191009169053317,2.191009169053317,2.191009169053317,3.2398803908355656,3.2398803908355656,3.2398803908355656,0.0,0.0,0.0,124.23884537005547
2023-06-15,118.94180907924334,118.11864777292791,131.31900831366823,118.94180907924334,118.94180907924334,5.644683706349599,5.644683706349599,5.644683706349599,2.028305570003349,2.028305570003349,2.028305570003349,3.6163781363462504,3.6163781363462504,3.6163781363462504,0.0,0.0,0.0,124.58649278559294
2023-06-16,119.0756623483201,118.57324035677381,132.41052365381734,119.0756623483201,119.0756623483201,6.410835619539633,6.410835619539633,6.410835619539633,2.4180951279795733,2.4180951279795733,2.4180951279795733,3.9927404915600606,3.9927404915600606,3.9927404915600606,0.0,0.0,0.0,125.48649796785973
2023-06-20,119.61107539375732,120.62279182849885,133.91045833837308,119.61107539375732,119.61107539375732,7.678315467121825,7.678315467121825,7.678315467121825,2.2146441670564023,2.2146441670564023,2.2146441670564023,5.463671300065422,5.463671300065422,5.463671300065422,0.0,0.0,0.0,127.28939086087914
2023-06-21,119.74492865511662,121.40231289033342,134.1834913057995,119.74492865511662,119.74492865511662,8.008441006558616,8.008441006558616,8.008441006558616,2.191009169052981,2.191009169052981,2.191009169052981,5.817431837505635,5.817431837505635,5.817431837505635,0.0,0.0,0.0,127.75336966167524
2023-06-22,119.87878191647593,121.35290150576986,134.6333450268862,119.87878191647593,119.87878191647593,8.192868452161859,8.192868452161859,8.192868452161859,2.0283055699966406,2.0283055699966406,2.0283055699966406,6.164562882165217,6.164562882165217,6.164562882165217,0.0,0.0,0.0,128.0716503686378
2023-06-23,120.01263517783522,122.23885854033037,135.9913312554162,120.01263517783522,120.01263517783522,8.923081619460927,8.923081619460927,8.923081619460927,2.418095127980104,2.418095127980104,2.418095127980104,6.504986491480822,6.504986491480822,6.504986491480822,0.0,0.0,0.0,128.93571679729615
2023-06-26,120.41419496191314,122.75227584286843,136.7485091395839,120.41419496191314,120.41419496191314,9.816821557912839,9.816821557912839,9.816821557912839,2.3295885126405453,2.3295885126405453,2.3295885126405453,7.487233045272293,7.487233045272293,7.487233045272293,0.0,0.0,0.0,130.23101651982597
2023-06-27,120.54804822327246,124.0345799731758,137.46389636276018,120.54804822327246,120.54804822327246,10.01684430643389,10.01684430643389,10.01684430643389,2.2146441670628794,2.2146441670628794,2.2146441670628794,7.802200139371011,7.802200139371011,7.802200139371011,0.0,0.0,0.0,130.56489252970636
2023-06-28,120.68190148463175,124.1436923354397,137.74481524042918,120.68190148463175,120.68190148463175,10.302041619474748,10.302041619474748,10.302041619474748,2.1910091690526468,2.1910091690526468,2.1910091690526468,8.1110324504221,8.1110324504221,8.1110324504221,0.0,0.0,0.0,130.9839431041065
2023-06-29,120.81575474599106,124.58913190929391,138.17408149076135,120.81575474599106,120.81575474599106,10.441820667449061,10.441820667449061,10.441820667449061,2.0283055699990076,2.0283055699990076,2.0283055699990076,8.413515097450054,8.413515097450054,8.413515097450054,0.0,0.0,0.0,131.25757541344012
2023-06-30,120.94960800735036,125.0724348799597,138.49176026387195,120.94960800735036,120.94960800735036,11.127258007966054,11.127258007966054,11.127258007966054,2.4180951279686176,2.4180951279686176,2.4180951279686176,8.709162879997436,8.709162879997436,8.709162879997436,0.0,0.0,0.0,132.07686601531643
2023-07-03,121.35116779142828,126.45299802081172,139.98664732766628,121.35116779142828,121.35116779142828,11.874784420483476,11.874784420483476,11.874784420483476,2.329588512646266,2.329588512646266,2.329588512646266,9.54519590783721,9.54519590783721,9.54519590783721,0.0,0.0,0.0,133.22595221191176
2023-07-05,121.61887431414688,127.57815835746877,140.5701497565418,121.61887431414688,121.61887431414688,12.234630964871966,12.234630964871966,12.234630964871966,2.1910091690526237,2.1910091690526237,2.1910091690526237,10.043621795819345,10.043621795819345,10.043621795819345,0.0,0.0,0.0,133.85350527901883
2023-07-06,121.7527275755062,127.41398119229994,140.80917767617711,121.7527275755062,121.7527275755062,12.29652580924054,12.29652580924054,12.29652580924054,2.028305570001376,2.028305570001376,2.028305570001376,10.268220239239163,10.268220239239163,10.268220239239163,0.0,0.0,0.0,134.04925338474675
2023-07-07,121.88658083686549,128.2933215739426,141.5403910837564,121.88658083686549,121.88658083686549,12.890636776887783,12.890636776887783,12.890636776887783,2.4180951279691483,2.4180951279691483,2.4180951279691483,10.472541648918634,10.472541648918634,10.472541648918634,0.0,0.0,0.0,134.77721761375327
2023-07-10,122.28814062094341,128.41189332660963,142.67590489813608,122.28814062094341,122.28814062094341,13.260541704895425,13.260541704895425,13.260541704895425,2.32958851264559,2.32958851264559,2.32958851264559,10.930953192249836,10.930953192249836,10.930953192249836,0.0,0.0,0.0,135.54868232583883
2023-07-11,122.42199388230271,129.14786241682086,142.02377913893835,122.42199388230271,122.42199388230271,13.23548275038905,13.23548275038905,13.23548275038905,2.214644167057934,2.214644167057934,2.214644167057934,11.020838583331118,11.020838583331118,11.020838583331118,0.0,0.0,0.0,135.65747663269175
2023-07-12,122.55584714366202,129.2745573201324,142.53961563996205,122.55584714366202,122.55584714366202,13.2647058185945,13.2647058185945,13.2647058185945,2.1910091690525997,2.1910091690525997,2.1910091690525997,11.073696649541901,11.073696649541901,11.073696649541901,0.0,0.0,0.0,135.82055296225653
2023-07-13,122.68970040502133,128.92736351242348,142.3323461311359,122.68970040502133,122.68970040502133,13.114800452770764,13.114800452770764,13.114800452770764,2.0283055699946675,2.0283055699946675,2.0283055699946675,11.086494882776096,11.086494882776096,11.086494882776096,0.0,0.0,0.0,135.80450085779208
2023-07-14,122.82355366638063,129.7110363872315,143.22106219445214,122.82355366638063,122.82355366638063,13.474658084345831,13.474658084345831,13.474658084345831,2.418095127963671,2.418095127963671,2.418095127963671,11.05656295638216,11.05656295638216,11.05656295638216,0.0,0.0,0.0,136.29821175072647
2023-07-17,123.22511345045854,129.13540475516697,143.1947405294949,123.22511345045854,123.22511345045854,13.0209277584288,13.0209277584288,13.0209277584288,2.3295885126513114,2.3295885126513114,2.3295885126513114,10.691339245777488,10.691339245777488,10.691339245777488,0.0,0.0,0.0,136.24604120888733
2023-07-18,123.35896671181786,129.85936519792625,142.84571412869417,123.35896671181786,123.35896671181786,12.689290675960278,12.689290675960278,12.689290675960278,2.2146441670591854,2.2146441670591854,2.2146441670591854,10.474646508901094,10.474646508901094,10.474646508901094,0.0,0.0,0.0,136.04825738777814
2023-07-19,123.49281997317715,129.37033786351628,142.57043040532136,123.49281997317715,123.49281997317715,12.401783652629739,12.401783652629739,12.401783652629739,2.191009169053096,2.191009169053096,2.191009169053096,10.210774483576643,10.210774483576643,10.210774483576643,0.0,0.0,0.0,135.8946036258069
2023-07-20,123.62667323987927,129.22004911771455,142.2952874140879,123.62667323987927,123.62667323987927,11.92943733573582,11.92943733573582,11.92943733573582,2.0283055699970345,2.0283055699970345,2.0283055699970345,9.901131765738784,9.901131765738784,9.901131765738784,0.0,0.0,0.0,135.5561105756151
2023-07-21,123.76052650658139,129.0818529011852,142.2700749786281,123.76052650658139,123.76052650658139,11.966078296845318,11.966078296845318,11.966078296845318,2.418095127964201,2.418095127964201,2.418095127964201,9.547983168881117,9.547983168881117,9.547983168881117,0.0,0.0,0.0,135.7266048034267
2023-07-24,124.16208630668771,128.02125882732304,141.14969836318525,124.16208630668771,124.16208630668771,10.592332677315055,10.592332677315055,10.592332677315055,2.329588512633545,2.329588512633545,2.329588512633545,8.262744164681509,8.262744164681509,8.262744164681509,0.0,0.0,0.0,134.75441898400277
2023-07-25,124.29593957338983,127.62865953962756,141.17445969580234,124.29593957338983,124.29593957338983,9.989357377709268,9.989357377709268,9.989357377709268,2.2146441670567123,2.2146441670567123,2.2146441670567123,7.774713210652555,7.774713210652555,7.774713210652555,0.0,0.0,0.0,134.2852969510991
2023-07-26,124.42979284009195,127.41912361413301,140.60726745462176,124.42979284009195,124.42979284009195,9.457401584880417,9.457401584880417,9.457401584880417,2.191009169052761,2.191009169052761,2.191009169052761,7.266392415827656,7.266392415827656,7.266392415827656,0.0,0.0,0.0,133.88719442497236
2023-07-27,124.56364610679405,127.07282979038155,140.68626292717028,124.56364610679405,124.56364610679405,8.772606980579816,8.772606980579816,8.772606980579816,2.028305569996241,2.028305569996241,2.028305569996241,6.744301410583574,6.744301410583574,6.744301410583574,0.0,0.0,0.0,133.33625308737388
2023-07-28,124.69749937349616,126.65942672224293,139.91470064631332,124.69749937349616,124.69749937349616,8.63342145430013,8.63342145430013,8.63342145430013,2.4180951279587233,2.4180951279587233,2.4180951279587233,6.215326326341406,6.215326326341406,6.215326326341406,0.0,0.0,0.0,133.3309208277963
2023-07-31,125.0990591736025,125.5409788271439,138.75551227600866,125.0990591736025,125.0990591736025,6.988018564796956,6.988018564796956,6.988018564796956,2.329588512639266,2.329588512639266,2.329588512639266,4.65843005215769,4.65843005215769,4.65843005215769,0.0,0.0,0.0,132.08707773839944
2023-08-01,125.2329124403046,125.20146780510471,138.7634130098406,125.2329124403046,125.2329124403046,6.387649141315963,6.387649141315963,6.387649141315963,2.214644167057963,2.214644167057963,2.214644167057963,4.173004974258,4.173004974258,4.173004974258,0.0,0.0,0.0,131.62056158162056
2023-08-02,125.36676570700672,124.4382060608366,137.65795395455262,125.36676570700672,125.36676570700672,5.906458990092221,5.906458990092221,5.906458990092221,2.19100916905305,2.19100916905305,2.19100916905305,3.7154498210391713,3.7154498210391713,3.7154498210391713,0.0,0.0,0.0,131.27322469709895
2023-08-03,125.50061897370882,124.32476828706245,137.43033141396427,125.50061897370882,125.50061897370882,5.320016950146884,5.320016950146884,5.320016950146884,2.0283055700017703,2.0283055700017703,2.0283055700017703,3.291711380145114,3.291711380145114,3.291711380145114,0.0,0.0,0.0,130.82063592385572
2023-08-04,125.63447224041096,124.19750953433613,137.69039220017612,125.63447224041096,125.63447224041096,5.325164783833411,5.325164783833411,5.325164783833411,2.418095127975881,2.418095127975881,2.418095127975881,2.9070696558575286,2.9070696558575286,2.9070696558575286,0.0,0.0,0.0,130.95963702424436
2023-08-07,126.03603204051728,123.66235560384443,137.10925467241776,126.03603204051728,126.03603204051728,4.357783119807624,4.357783119807624,4.357783119807624,2.3295885126385896,2.3295885126385896,2.3295885126385896,2.028194607169034,2.028194607169034,2.028194607169034,0.0,0.0,0.0,130.39381516032492
2023-08-08,126.16988530721939,123.50594141615711,137.4737108327245,126.16988530721939,126.16988530721939,4.050359142177154,4.050359142177154,4.050359142177154,2.21464416705549,2.21464416705549,2.21464416705549,1.8357149751216637,1.8357149751216637,1.8357149751216637,0.0,0.0,0.0,130.22024444939655
2023-08-09,126.30373857392152,124.37302562498986,136.85953701681157,126.30373857392152,126.30373857392152,3.886351944987865,3.886351944987865,3.886351944987865,2.1910091690532334,2.1910091690532334,2.1910091690532334,1.6953427759346316,1.6953427759346316,1.6953427759346316,0.0,0.0,0.0,130.1900905189094
2023-08-10,126.43759184062363,123.2857083933281,136.6788060902289,126.43759184062363,126.43759184062363,3.6349487241496963,3.6349487241496963,3.6349487241496963,2.028305570000976,2.028305570000976,2.028305570000976,1.606643154148719,1.606643154148719,1.606643154148719,0.0,0.0,0.0,130.07254056477333
2023-08-11,126.57144510732573,123.82894594032312,137.68176536969264,126.57144510732573,126.57144510732573,3.9862630103209686,3.9862630103209686,3.9862630103209686,2.4180951279704033,2.4180951279704033,2.4180951279704033,1.568167882350565,1.568167882350565,1.568167882350565,0.0,0.0,0.0,130.5577081176467
2023-08-14,126.97300490743207,124.32581584241608,137.8621625841217,126.97300490743207,126.97300490743207,4.055239757196802,4.055239757196802,4.055239757196802,2.329588512650708,2.329588512650708,2.329588512650708,1.7256512445460948,1.7256512445460948,1.7256512445460948,0.0,0.0,0.0,131.0282446646289
2023-08-15,127.10685817413419,124.35949755413031,137.93401977562058,127.10685817413419,127.10685817413419,4.070257090475306,4.070257090475306,4.070257090475306,2.2146441670619685,2.2146441670619685,2.2146441670619685,1.8556129234133372,1.8556129234133372,1.8556129234133372,0.0,0.0,0.0,131.17711526460948
2023-08-16,127.24071144083631,124.91792873574269,138.28479030532296,127.24071144083631,127.24071144083631,4.206958585054724,4.206958585054724,4.206958585054724,2.191009169053522,2.191009169053522,2.191009169053522,2.015949416001201,2.015949416001201,2.015949416001201,0.0,0.0,0.0,131.44767002589103
2023-08-17,127.3745647075384,124.65616679311839,138.4956061025848,127.3745647075384,127.3745647075384,4.229270863421179,4.229270863421179,4.229270863421179,2.0283055700001826,2.0283055700001826,2.0283055700001826,2.2009652934209956,2.2009652934209956,2.2009652934209956,0.0,0.0,0.0,131.60383557095957
2023-08-18,127.50841797424053,125.52387499429246,139.41860217848043,127.50841797424053,127.50841797424053,4.822814774072709,4.822814774072709,4.822814774072709,2.4180951279709344,2.4180951279709344,2.4180951279709344,2.404719646101775,2.404719646101775,2.404719646101775,0.0,0.0,0.0,132.33123274831323
2023-08-21,127.90997783095494,126.88633641494664,140.357445771863,127.90997783095494,127.90997783095494,5.398133074899563,5.398133074899563,5.398133074899563,2.329588512650031,2.329588512650031,2.329588512650031,3.068544562249532,3.068544562249532,3.068544562249532,0.0,0.0,0.0,133.3081109058545
2023-08-22,128.04383111652643,126.88654357580012,140.2182357472019,128.04383111652643,128.04383111652643,5.502910035901894,5.502910035901894,5.502910035901894,2.214644167059495,2.214644167059495,2.214644167059495,3.288265868842399,3.288265868842399,3.288265868842399,0.0,0.0,0.0,133.54674115242832
2023-08-23,128.1776844020979,127.17236101305332,140.7832570949849,128.1776844020979,128.1776844020979,5.689595617269753,5.689595617269753,5.689595617269753,2.191009169053187,2.191009169053187,2.191009169053187,3.498586448216566,3.498586448216566,3.498586448216566,0.0,0.0,0.0,133.86728001936766
2023-08-24,128.3115376876694,127.26713458884794,140.69526391565878,128.3115376876694,128.3115376876694,5.72342729728331,5.72342729728331,5.72342729728331,2.02830557000255,2.02830557000255,2.02830557000255,3.69512172728076,3.69512172728076,3.69512172728076,0.0,0.0,0.0,134.0349649849527
2023-08-25,128.44539097324085,128.0392249599458,141.50057762231825,128.44539097324085,128.44539097324085,6.292234180315575,6.292234180315575,6.292234180315575,2.4180951279594476,2.4180951279594476,2.4180951279594476,3.874139052356127,3.874139052356127,3.874139052356127,0.0,0.0,0.0,134.73762515355642
2023-08-28,128.8469508299553,128.66110706281077,142.60902108227492,128.8469508299553,128.8469508299553,6.6091983620734664,6.6091983620734664,6.6091983620734664,2.3295885126493547,2.3295885126493547,2.3295885126493547,4.279609849424111,4.279609849424111,4.279609849424111,0.0,0.0,0.0,135.45614919202876
2023-08-29,128.98080411552675,128.77138272902016,142.32919042332063,128.98080411552675,128.98080411552675,6.58046649753746,6.58046649753746,6.58046649753746,2.214644167060746,2.214644167060746,2.214644167060746,4.365822330476714,4.365822330476714,4.365822330476714,0.0,0.0,0.0,135.5612706130642
2023-08-30,129.11465740109824,128.7186862220528,142.61806227676632,129.11465740109824,129.11465740109824,6.617842518681852,6.617842518681852,6.617842518681852,2.1910091690531632,2.1910091690531632,2.1910091690531632,4.426833349628689,4.426833349628689,4.426833349628689,0.0,0.0,0.0,135.73249991978008
2023-08-31,129.2485106866697,129.29468486263255,142.59774883952974,129.2485106866697,129.2485106866697,6.491495900785167,6.491495900785167,6.491495900785167,2.02830556999268,2.02830556999268,2.02830556999268,4.463190330792487,4.463190330792487,4.463190330792487,0.0,0.0,0.0,135.74000658745487
2023-09-01,129.38236397224122,129.50524491896184,143.57406637635535,129.38236397224122,129.38236397224122,6.894082874280432,6.894082874280432,6.894082874280432,2.4180951279599787,2.4180951279599787,2.4180951279599787,4.475987746320453,4.475987746320453,4.475987746320453,0.0,0.0,0.0,136.27644684652165
2023-09-05,129.91777711452713,129.68780729960392,142.65426634300292,129.91777711452713,129.91777711452713,6.541138854028406,6.541138854028406,6.541138854028406,2.2146441670634998,2.2146441670634998,2.2146441670634998,4.326494686964907,4.326494686964907,4.326494686964907,0.0,0.0,0.0,136.45891596855554
2023-09-06,130.0516304000986,129.53970474372645,143.08502467397147,130.0516304000986,130.0516304000986,6.440197107264563,6.440197107264563,6.440197107264563,2.19100916905314,2.19100916905314,2.19100916905314,4.249187938211422,4.249187938211422,4.249187938211422,0.0,0.0,0.0,136.49182750736315
2023-09-07,130.18548368567008,129.46755464784187,143.19958526306547,130.18548368567008,130.18548368567008,6.18818054887108,6.18818054887108,6.18818054887108,2.0283055699982095,2.0283055699982095,2.0283055699982095,4.15987497887287,4.15987497887287,4.15987497887287,0.0,0.0,0.0,136.37366423454117
2023-09-08,130.31933697124154,129.99574886842362,144.09556559218248,130.31933697124154,130.31933697124154,6.478217089357955,6.478217089357955,6.478217089357955,2.4180951279605094,2.4180951279605094,2.4180951279605094,4.060121961397445,4.060121961397445,4.060121961397445,0.0,0.0,0.0,136.7975540605995
2023-09-11,130.72089682795598,129.88702814861512,143.35141816479813,130.72089682795598,130.72089682795598,6.0366980706075335,6.0366980706075335,6.0366980706075335,2.329588512630912,2.329588512630912,2.329588512630912,3.707109557976622,3.707109557976622,3.707109557976622,0.0,0.0,0.0,136.75759489856353
2023-09-12,130.85475011352744,129.6667783444214,143.6037045530858,130.85475011352744,130.85475011352744,5.786352180199547,5.786352180199547,5.786352180199547,2.2146441670647508,2.2146441670647508,2.2146441670647508,3.5717080131347956,3.5717080131347956,3.5717080131347956,0.0,0.0,0.0,136.641102293727
2023-09-13,130.98860339909893,130.13669339732402,143.0686009434086,130.98860339909893,130.98860339909893,5.617007024138363,5.617007024138363,5.617007024138363,2.191009169053117,2.191009169053117,2.191009169053117,3.425997855085246,3.425997855085246,3.425997855085246,0.0,0.0,0.0,136.6056104232373
2023-09-14,131.1224566846704,129.7805681957411,143.2877627538757,131.1224566846704,131.1224566846704,5.296480605177402,5.296480605177402,5.296480605177402,2.028305569997415,2.028305569997415,2.028305569997415,3.2681750351799868,3.2681750351799868,3.2681750351799868,0.0,0.0,0.0,136.4189372898478
2023-09-15,131.2563099702419,129.87159145293822,143.20366601503454,131.2563099702419,131.2563099702419,5.51394615529089,5.51394615529089,5.51394615529089,2.418095127955032,2.418095127955032,2.418095127955032,3.0958510273358577,3.0958510273358577,3.0958510273358577,0.0,0.0,0.0,136.77025612553277
2023-09-18,131.65786982695633,129.76770779382935,143.30402673910407,131.65786982695633,131.65786982695633,4.790376848252518,4.790376848252518,4.790376848252518,2.3295885126430305,2.3295885126430305,2.3295885126430305,2.4607883356094873,2.4607883356094873,2.4607883356094873,0.0,0.0,0.0,136.44824667520885
2023-09-19,131.7917231125278,129.53143913913325,143.1454697861441,131.7917231125278,131.7917231125278,4.412374871986564,4.412374871986564,4.412374871986564,2.2146441670585544,2.2146441670585544,2.2146441670585544,2.1977307049280097,2.1977307049280097,2.1977307049280097,0.0,0.0,0.0,136.20409798451436
2023-09-20,131.92557639693587,129.564985629675,141.78311092966976,131.92557639693587,131.92557639693587,4.09364645364064,4.09364645364064,4.09364645364064,2.191009169052782,2.191009169052782,2.191009169052782,1.902637284587858,1.902637284587858,1.902637284587858,0.0,0.0,0.0,136.0192228505765
2023-09-21,132.05942968134397,128.87184943308995,142.13263225196684,132.05942968134397,132.05942968134397,3.600124720848942,3.600124720848942,3.600124720848942,2.028305569999783,2.028305569999783,2.028305569999783,1.5718191508491581,1.5718191508491581,1.5718191508491581,0.0,0.0,0.0,135.65955440219292
2023-09-22,132.19328296575208,128.90012119264267,142.63286018301815,132.19328296575208,132.19328296575208,3.6200022806432326,3.6200022806432326,3.6200022806432326,2.4180951279721894,2.4180951279721894,2.4180951279721894,1.2019071526710432,1.2019071526710432,1.2019071526710432,0.0,0.0,0.0,135.8132852463953
2023-09-25,132.59484281897633,127.86425584105366,141.38900450523275,132.59484281897633,132.59484281897633,2.161939705646023,2.161939705646023,2.161939705646023,2.3295885126423537,2.3295885126423537,2.3295885126423537,-0.167648806996331,-0.167648806996331,-0.167648806996331,0.0,0.0,0.0,134.75678252462237
2023-09-26,132.7286961033844,128.1038520076953,141.19668547181848,132.7286961033844,132.7286961033844,1.499407101952965,1.499407101952965,1.499407101952965,2.214644167059805,2.214644167059805,2.214644167059805,-0.71523706510684,-0.71523706510684,-0.71523706510684,0.0,0.0,0.0,134.22810320533736
2023-09-27,132.8625493877925,126.9180881358942,140.33069563973913,132.8625493877925,132.8625493877925,0.8828996190389062,0.8828996190389062,0.8828996190389062,2.1910091690532782,2.1910091690532782,2.1910091690532782,-1.3081095500143718,-1.3081095500143718,-1.3081095500143718,0.0,0.0,0.0,133.74544900683142
2023-09-28,132.99640267220062,126.25934832646723,139.71817170312903,132.99640267220062,132.99640267220062,0.08392126743633642,0.08392126743633642,0.08392126743633642,2.0283055700021513,2.0283055700021513,2.0283055700021513,-1.944384302565815,-1.944384302565815,-1.944384302565815,0.0,0.0,0.0,133.08032393963694
2023-09-29,133.13025595660872,126.38969922447238,139.82910206006886,133.13025595660872,133.13025595660872,-0.20281962504227616,-0.20281962504227616,-0.20281962504227616,2.418095127960703,2.418095127960703,2.418095127960703,-2.620914753002979,-2.620914753002979,-2.620914753002979,0.0,0.0,0.0,132.92743633156644
2023-10-02,133.53181580983298,124.00387196505093,137.56359227934036,133.53181580983298,133.53181580983298,-2.511530054097953,-2.511530054097953,-2.511530054097953,2.329588512648075,2.329588512648075,2.329588512648075,-4.841118566746028,-4.841118566746028,-4.841118566746028,0.0,0.0,0.0,131.02028575573502
2023-10-03,133.66566909424105,123.27804535997494,136.45214806338367,133.66566909424105,133.66566909424105,-3.40680391103395,-3.40680391103395,-3.40680391103395,2.214644167061056,2.214644167061056,2.214644167061056,-5.621448078095006,-5.621448078095006,-5.621448078095006,0.0,0.0,0.0,130.2588651832071
2023-10-04,133.79952237864916,122.53991057623556,135.96222375155008,133.79952237864916,133.79952237864916,-4.2163797438805,-4.2163797438805,-4.2163797438805,2.1910091690529425,2.1910091690529425,2.1910091690529425,-6.407388912933443,-6.407388912933443,-6.407388912933443,0.0,0.0,0.0,129.58314263476865
2023-10-05,133.93337566305723,121.72530200749614,135.69110706600185,133.93337566305723,133.93337566305723,-5.160461381437345,-5.160461381437345,-5.160461381437345,2.0283055700045187,2.0283055700045187,2.0283055700045187,-7.188766951441863,-7.188766951441863,-7.188766951441863,0.0,0.0,0.0,128.77291428161988
2023-10-06,134.06722894746534,121.8512855603569,135.1126913285604,134.06722894746534,134.06722894746534,-5.536580838628963,-5.536580838628963,-5.536580838628963,2.4180951279612337,2.4180951279612337,2.4180951279612337,-7.954675966590196,-7.954675966590196,-7.954675966590196,0.0,0.0,0.0,128.53064810883637
2023-10-09,134.4687888006896,120.07786417835725,133.82072040880692,134.4687888006896,134.4687888006896,-7.714627921502044,-7.714627921502044,-7.714627921502044,2.3295885126303086,2.3295885126303086,2.3295885126303086,-10.044216434132354,-10.044216434132354,-10.044216434132354,0.0,0.0,0.0,126.75416087918755
2023-10-10,134.60264208509767,119.51555449154829,132.45331667126788,134.60264208509767,134.60264208509767,-8.417888009518665,-8.417888009518665,-8.417888009518665,2.21464416705486,2.21464416705486,2.21464416705486,-10.632532176573525,-10.632532176573525,-10.632532176573525,0.0,0.0,0.0,126.18475407557901
2023-10-11,134.73649536950577,119.34242325065044,132.45937076574725,134.73649536950577,134.73649536950577,-8.957109606270667,-8.957109606270667,-8.957109606270667,2.1910091690532316,2.1910091690532316,2.1910091690532316,-11.1481187753239,-11.1481187753239,-11.1481187753239,0.0,0.0,0.0,125.77938576323511
2023-10-12,134.87034865391388,118.6735338405078,131.6277589457041,134.87034865391388,134.87034865391388,-9.552534594438288,-9.552534594438288,-9.552534594438288,2.0283055700037247,2.0283055700037247,2.0283055700037247,-11.580840164442014,-11.580840164442014,-11.580840164442014,0.0,0.0,0.0,125.3178140594756
2023-10-13,135.00420193832198,119.29605376856101,132.54911248526847,135.00420193832198,135.00420193832198,-9.503537904603773,-9.503537904603773,-9.503537904603773,2.418095127978391,2.418095127978391,2.418095127978391,-11.921633032582163,-11.921633032582163,-11.921633032582163,0.0,0.0,0.0,125.50066403371821
2023-10-16,135.40576179154624,118.74209652988561,132.1746230686077,135.40576179154624,135.40576179154624,-9.993418051022674,-9.993418051022674,-9.993418051022674,2.32958851263603,2.32958851263603,2.32958851263603,-12.323006563658705,-12.323006563658705,-12.323006563658705,0.0,0.0,0.0,125.41234374052357
2023-10-17,135.53961507595434,118.8829658502427,132.17890132611475,135.53961507595434,135.53961507595434,-10.0205232831915,-10.0205232831915,-10.0205232831915,2.214644167056111,2.214644167056111,2.214644167056111,-12.23516745024761,-12.23516745024761,-12.23516745024761,0.0,0.0,0.0,125.51909179276285
2023-10-18,135.67346836036242,119.08447560065193,133.07742429480825,135.67346836036242,135.67346836036242,-9.843008722438613,-9.843008722438613,-9.843008722438613,2.191009169052896,2.191009169052896,2.191009169052896,-12.034017891491509,-12.034017891491509,-12.034017891491509,0.0,0.0,0.0,125.83045963792381
2023-10-19,135.8073216447705,119.34070369854891,132.3682165175037,135.8073216447705,135.8073216447705,-9.69286595918188,-9.69286595918188,-9.69286595918188,2.0283055700001777,2.0283055700001777,2.0283055700001777,-11.721171529182056,-11.721171529182056,-11.721171529182056,0.0,0.0,0.0,126.11445568558861
2023-10-20,135.94117493637984,119.95858693483662,134.14537128524375,135.94117493637984,135.94117493637984,-8.882279340307504,-8.882279340307504,-8.882279340307504,2.418095127978922,2.418095127978922,2.418095127978922,-11.300374468286426,-11.300374468286426,-11.300374468286426,0.0,0.0,0.0,127.05889559607233
2023-10-23,136.3427348112078,122.7493701590097,136.21701516415285,136.3427348112078,136.3427348112078,-7.1292498737616805,-7.1292498737616805,-7.1292498737616805,2.3295885126417506,2.3295885126417506,2.3295885126417506,-9.458838386403432,-9.458838386403432,-9.458838386403432,0.0,0.0,0.0,129.2134849374461
2023-10-24,136.47658810281715,123.35474201035147,136.6298934701635,136.47658810281715,136.47658810281715,-6.469747779264593,-6.469747779264593,-6.469747779264593,2.2146441670625876,2.2146441670625876,2.2146441670625876,-8.684391946327182,-8.684391946327182,-8.684391946327182,0.0,0.0,0.0,130.00684032355255
2023-10-25,136.6104413944265,124.4468529523141,137.67265463849068,136.6104413944265,136.6104413944265,-5.659042895363162,-5.659042895363162,-5.659042895363162,2.191009169052561,2.191009169052561,2.191009169052561,-7.850052064415723,-7.850052064415723,-7.850052064415723,0.0,0.0,0.0,130.95139849906332
2023-10-26,136.74429468603583,124.98624539198946,138.4806514172451,136.74429468603583,136.74429468603583,-4.941774910051417,-4.941774910051417,-4.941774910051417,2.0283055699993837,2.0283055699993837,2.0283055699993837,-6.970080480050801,-6.970080480050801,-6.970080480050801,0.0,0.0,0.0,131.80251977598442
2023-10-27,136.87814797764514,126.58448867181389,140.03534900210616,136.87814797764514,136.87814797764514,-3.641589170418131,-3.641589170418131,-3.641589170418131,2.418095127973445,2.418095127973445,2.418095127973445,-6.059684298391575,-6.059684298391575,-6.059684298391575,0.0,0.0,0.0,133.236558807227
2023-10-30,137.27970785247314,129.18542031808573,142.81790731472694,137.27970785247314,137.27970785247314,-0.9756394282985428,-0.9756394282985428,-0.9756394282985428,2.329588512647472,2.329588512647472,2.329588512647472,-3.3052279409460144,-3.3052279409460144,-3.3052279409460144,0.0,0.0,0.0,136.3040684241746
2023-10-31,137.41356114408245,130.175299108905,143.8664714608725,137.41356114408245,137.41356114408245,-0.2177012232617215,-0.2177012232617215,-0.2177012232617215,2.214644167063839,2.214644167063839,2.214644167063839,-2.4323453903255605,-2.4323453903255605,-2.4323453903255605,0.0,0.0,0.0,137.19585992082074
2023-11-01,137.5474144356918,131.1593322292136,144.76844078317419,137.5474144356918,137.5474144356918,0.5836896954486384,0.5836896954486384,0.5836896954486384,2.1910091690528497,2.1910091690528497,2.1910091690528497,-1.6073194736042111,-1.6073194736042111,-1.6073194736042111,0.0,0.0,0.0,138.13110413114043
2023-11-02,137.68126772730113,132.32993844634328,145.1752889190705,137.68126772730113,137.68126772730113,1.1845319300459614,1.1845319300459614,1.1845319300459614,2.0283055700049135,2.0283055700049135,2.0283055700049135,-0.8437736399589518,-0.8437736399589518,-0.8437736399589518,0.0,0.0,0.0,138.86579965734708
2023-11-03,137.81512101891045,133.5432812710095,146.27272728541797,137.81512101891045,137.81512101891045,2.2642262730222535,2.2642262730222535,2.2642262730222535,2.4180951279679666,2.4180951279679666,2.4180951279679666,-0.15386885494571312,-0.15386885494571312,-0.15386885494571312,0.0,0.0,0.0,140.0793472919327
2023-11-06,138.21668089373844,135.32367515820025,148.3683481858227,138.21668089373844,138.21668089373844,3.709660369108512,3.709660369108512,3.709660369108512,2.329588512646795,2.329588512646795,2.329588512646795,1.3800718564617172,1.3800718564617172,1.3800718564617172,0.0,0.0,0.0,141.92634126284696
2023-11-07,138.35053418534775,135.14602157432148,149.13008649819793,138.35053418534775,138.35053418534775,3.906872849020121,3.906872849020121,3.906872849020121,2.2146441670613655,2.2146441670613655,2.2146441670613655,1.6922286819587553,1.6922286819587553,1.6922286819587553,0.0,0.0,0.0,142.25740703436787
2023-11-08,138.4843874769571,135.67402204250868,149.30863445567468,138.4843874769571,138.4843874769571,4.0914291695021126,4.0914291695021126,4.0914291695021126,2.1910091690525144,2.1910091690525144,2.1910091690525144,1.9004200004495981,1.9004200004495981,1.9004200004495981,0.0,0.0,0.0,142.5758166464592
2023-11-09,138.6182407685664,136.1106598095031,149.2293700715737,138.6182407685664,138.6182407685664,4.034014858530152,4.034014858530152,4.034014858530152,2.0283055699950427,2.0283055699950427,2.0283055699950427,2.005709288535108,2.005709288535108,2.005709288535108,0.0,0.0,0.0,142.65225562709657
2023-11-10,138.75209406017575,136.23769703973247,150.17720653880409,138.75209406017575,138.75209406017575,4.429714496296922,4.429714496296922,4.429714496296922,2.418095127962489,2.418095127962489,2.418095127962489,2.0116193683344332,2.0116193683344332,2.0116193683344332,0.0,0.0,0.0,143.18180855647267
2023-11-13,139.15365393500375,136.39019571816894,149.45444303367432,139.15365393500375,139.15365393500375,3.832631642712563,3.832631642712563,3.832631642712563,2.3295885126589133,2.3295885126589133,2.3295885126589133,1.5030431300536498,1.5030431300536498,1.5030431300536498,0.0,0.0,0.0,142.9862855777163
2023-11-14,139.28750722661306,136.00560141898796,149.31930110216953,139.28750722661306,139.28750722661306,3.406386030221419,3.406386030221419,3.406386030221419,2.214644167058893,2.214644167058893,2.214644167058893,1.191741863162525,1.191741863162525,1.191741863162525,0.0,0.0,0.0,142.69389325683449
2023-11-15,139.4213605182224,136.18154587834746,149.24717358825572,139.4213605182224,139.4213605182224,3.0216995286842496,3.0216995286842496,3.0216995286842496,2.1910091690530105,2.1910091690530105,2.1910091690530105,0.8306903596312389,0.8306903596312389,0.8306903596312389,0.0,0.0,0.0,142.44306004690665
2023-11-16,139.55521380983174,135.72142682734227,148.98259388322563,139.55521380983174,139.55521380983174,2.4628227820238955,2.4628227820238955,2.4628227820238955,2.02830556999741,2.02830556999741,2.02830556999741,0.43451721202648497,0.43451721202648497,0.43451721202648497,0.0,0.0,0.0,142.01803659185563
2023-11-17,139.68906710144105,134.917889699171,148.04850173037252,139.68906710144105,139.68906710144105,2.4367533252022526,2.4367533252022526,2.4367533252022526,2.41809512796302,2.41809512796302,2.41809512796302,0.018658197239233176,0.018658197239233176,0.018658197239233176,0.0,0.0,0.0,142.12582042664332
2023-11-20,140.09062756631099,134.48740123570454,148.11209014737184,140.09062756631099,140.09062756631099,1.1409328435264332,1.1409328435264332,1.1409328435264332,2.32958851263475,2.32958851263475,2.32958851263475,-1.1886556691083165,-1.1886556691083165,-1.1886556691083165,0.0,0.0,0.0,141.2315604098374
2023-11-21,140.224481054601,134.0285643733601,147.39106711945718,140.224481054601,140.224481054601,0.6883510279152698,0.6883510279152698,0.6883510279152698,2.214644167056421,2.214644167056421,2.214644167056421,-1.526293139141151,-1.526293139141151,-1.526293139141151,0.0,0.0,0.0,140.91283208251627
2023-11-22,140.358334542891,134.5643120234207,147.62176796011872,140.358334542891,140.358334542891,0.38311472875465546,0.38311472875465546,0.38311472875465546,2.191009169052987,2.191009169052987,2.191009169052987,-1.8078944402983315,-1.8078944402983315,-1.8078944402983315,0.0,0.0,0.0,140.74144927164565
2023-11-24,140.62604151947093,134.04478749843742,147.50723474913545,140.62604151947093,140.62604151947093,0.26210759249924964,0.26210759249924964,0.26210759249924964,2.418095127951533,2.418095127951533,2.418095127951533,-2.1559875354522835,-2.1559875354522835,-2.1559875354522835,0.0,0.0,0.0,140.8881491119702
2023-11-27,141.02760198434086,134.45474555034414,147.87073414247962,141.02760198434086,141.02760198434086,0.3137464721745148,0.3137464721745148,0.3137464721745148,2.3295885126404707,2.3295885126404707,2.3295885126404707,-2.015842040465956,-2.015842040465956,-2.015842040465956,0.0,0.0,0.0,141.3413484565154
2023-11-28,141.16145547263085,135.16446655250053,148.4837721425392,141.16145547263085,141.16145547263085,0.4392452522346734,0.4392452522346734,0.4392452522346734,2.2146441670576715,2.2146441670576715,2.2146441670576715,-1.775398914822998,-1.775398914822998,-1.775398914822998,0.0,0.0,0.0,141.60070072486553
2023-11-29,141.29530896092083,135.39454689765688,148.58163511277945,141.29530896092083,141.29530896092083,0.7527910376238415,0.7527910376238415,0.7527910376238415,2.191009169052964,2.191009169052964,2.191009169052964,-1.4382181314291225,-1.4382181314291225,-1.4382181314291225,0.0,0.0,0.0,142.04809999854467
2023-11-30,141.42916244921082,135.27929623654273,149.2209964895152,141.42916244921082,141.42916244921082,1.020129564304983,1.020129564304983,1.020129564304983,2.0283055699958235,2.0283055699958235,2.0283055699958235,-1.0081760056908402,-1.0081760056908402,-1.0081760056908402,0.0,0.0,0.0,142.44929201351582
2023-12-01,141.5630159375008,137.00312159097467,150.53465873901243,141.5630159375008,141.5630159375008,1.9265042264210344,1.9265042264210344,1.9265042264210344,2.418095127974699,2.418095127974699,2.418095127974699,-0.49159090155366464,-0.49159090155366464,-0.49159090155366464,0.0,0.0,0.0,143.48952016392184
2023-12-04,141.96457640237074,139.06827777747606,152.3088451726624,141.96457640237074,141.96457640237074,3.810659523236812,3.810659523236812,3.810659523236812,2.3295885126397944,2.3295885126397944,2.3295885126397944,1.4810710105970175,1.4810710105970175,1.4810710105970175,0.0,0.0,0.0,145.77523592560755
2023-12-05,142.09842989066073,139.8960787749458,153.83568093408493,142.09842989066073,142.09842989066073,4.452717985750213,4.452717985750213,4.452717985750213,2.2146441670514747,2.2146441670514747,2.2146441670514747,2.2380738186987386,2.2380738186987386,2.2380738186987386,0.0,0.0,0.0,146.55114787641094
2023-12-06,142.2322833789507,141.1235297006752,154.24182357512777,142.2322833789507,142.2322833789507,5.211388492554974,5.211388492554974,5.211388492554974,2.19100916905346,2.19100916905346,2.19100916905346,3.0203793235015133,3.0203793235015133,3.0203793235015133,0.0,0.0,0.0,147.44367187150567
2023-12-07,142.3661368672407,141.20303606559193,155.20967761114886,142.3661368672407,142.3661368672407,5.84016820451477,5.84016820451477,5.84016820451477,2.0283055700013524,2.0283055700013524,2.0283055700013524,3.8118626345134166,3.8118626345134166,3.8118626345134166,0.0,0.0,0.0,148.20630507175548
2023-12-08,142.49999035553068,142.58692877518234,156.62840150513875,142.49999035553068,142.49999035553068,7.014043284595247,7.014043284595247,7.014043284595247,2.4180951279692215,2.4180951279692215,2.4180951279692215,4.595948156626025,4.595948156626025,4.595948156626025,0.0,0.0,0.0,149.51403364012594
2023-12-11,142.90155082040064,145.44382476749246,158.2529422087722,142.90155082040064,142.90155082040064,9.069215252738037,9.069215252738037,9.069215252738037,2.329588512639117,2.329588512639117,2.329588512639117,6.739626740098921,6.739626740098921,6.739626740098921,0.0,0.0,0.0,151.9707660731387
2023-12-12,143.03540430869063,146.06707268942796,159.25275304322724,143.03540430869063,143.03540430869063,9.547826260266513,9.547826260266513,9.547826260266513,2.2146441670616754,2.2146441670616754,2.2146441670616754,7.333182093204837,7.333182093204837,7.333182093204837,0.0,0.0,0.0,152.58323056895713
2023-12-13,143.1692577969806,146.14949161103078,160.28046386418058,143.1692577969806,143.1692577969806,10.034417679237198,10.034417679237198,10.034417679237198,2.191009169053436,2.191009169053436,2.191009169053436,7.843408510183762,7.843408510183762,7.843408510183762,0.0,0.0,0.0,153.2036754762178
2023-12-14,143.30311128527057,146.60958876749393,159.75769114332,143.30311128527057,143.30311128527057,10.287354934230244,10.287354934230244,10.287354934230244,2.0283055700005583,2.0283055700005583,2.0283055700005583,8.259049364229686,8.259049364229686,8.259049364229686,0.0,0.0,0.0,153.59046621950083
2023-12-15,143.43696477356056,147.92923572826595,161.56326154481735,143.43696477356056,143.43696477356056,10.988958818360489,10.988958818360489,10.988958818360489,2.4180951279697527,2.4180951279697527,2.4180951279697527,8.570863690390738,8.570863690390738,8.570863690390738,0.0,0.0,0.0,154.42592359192105
2023-12-18,143.83852523843052,148.36638962570802,161.47696155913405,143.83852523843052,143.83852523843052,11.154898630094186,11.154898630094186,11.154898630094186,2.3295885126512363,2.3295885126512363,2.3295885126512363,8.82531011744295,8.82531011744295,8.82531011744295,0.0,0.0,0.0,154.9934238685247
2023-12-19,143.9723787267205,147.69927007329983,161.54332999605666,143.9723787267205,143.9723787267205,10.890741605966168,10.890741605966168,10.890741605966168,2.2146441670554795,2.2146441670554795,2.2146441670554795,8.676097438910688,8.676097438910688,8.676097438910688,0.0,0.0,0.0,154.86312033268666
2023-12-20,144.10623221501046,147.8116478989873,161.6064503956208,144.10623221501046,144.10623221501046,10.603678654776768,10.603678654776768,10.603678654776768,2.191009169053101,2.191009169053101,2.191009169053101,8.412669485723667,8.412669485723667,8.412669485723667,0.0,0.0,0.0,154.70991086978722
2023-12-21,144.37606324656244,147.56194002251237,161.32553271896074,144.37606324656244,144.37606324656244,10.06872581324751,10.06872581324751,10.06872581324751,2.028305570002926,2.028305570002926,2.028305570002926,8.040420243244585,8.040420243244585,8.040420243244585,0.0,0.0,0.0,154.44478905980995
2023-12-22,144.64589427811438,147.62367975291946,161.30788189013032,144.64589427811438,144.64589427811438,9.985158568352928,9.985158568352928,9.985158568352928,2.418095127970283,2.418095127970283,2.418095127970283,7.567063440382644,7.567063440382644,7.567063440382644,0.0,0.0,0.0,154.6310528464673
2023-12-26,145.72521840432222,146.17312294090252,159.02874474330937,145.72521840432222,145.72521840432222,7.101102739955045,7.101102739955045,7.101102739955045,2.2146441670567305,2.2146441670567305,2.2146441670567305,4.886458572898314,4.886458572898314,4.886458572898314,0.0,0.0,0.0,152.82632114427727
2023-12-27,145.9950494358742,145.59276994312518,158.90371792026826,145.9950494358742,145.9950494358742,6.280126961281479,6.280126961281479,6.280126961281479,2.1910091690530784,2.1910091690530784,2.1910091690530784,4.089117792228402,4.089117792228402,4.089117792228402,0.0,0.0,0.0,152.27517639715566
2023-12-28,146.26488046742614,144.8802493656604,158.66688637426853,146.26488046742614,146.26488046742614,5.300722919712744,5.300722919712744,5.300722919712744,2.0283055699962174,2.0283055699962174,2.0283055699962174,3.2724173497165263,3.2724173497165263,3.2724173497165263,0.0,0.0,0.0,151.56560338713888
2023-12-29,146.53471149897808,143.96509776794576,157.84473835080507,146.53471149897808,146.53471149897808,4.871073133111067,4.871073133111067,4.871073133111067,2.418095127958797,2.418095127958797,2.418095127958797,2.4529780051522696,2.4529780051522696,2.4529780051522696,0.0,0.0,0.0,151.40578463208914
2024-01-02,147.61403562518595,142.44050769674377,156.58013611169366,147.61403562518595,147.61403562518595,1.6846746018247556,1.6846746018247556,1.6846746018247556,2.2146441670632075,2.2146441670632075,2.2146441670632075,-0.5299695652384523,-0.5299695652384523,-0.5299695652384523,0.0,0.0,0.0,149.2987102270107
2024-01-03,147.8838666567379,141.8808711634807,155.9685316285544,147.8838666567379,147.8838666567379,1.062325372675737,1.062325372675737,1.062325372675737,2.1910091690527427,2.1910091690527427,2.1910091690527427,-1.128683796377006,-1.128683796377006,-1.128683796377006,0.0,0.0,0.0,148.94619202941362
2024-01-04,148.15369768828987,141.48193907504384,154.79476276228593,148.15369768828987,148.15369768828987,0.38449931562870643,0.38449931562870643,0.38449931562870643,2.0283055699985852,2.0283055699985852,2.0283055699985852,-1.643806254369879,-1.643806254369879,-1.643806254369879,0.0,0.0,0.0,148.53819700391858
2024-01-05,148.4235287198418,141.80341441794158,155.51019594696646,148.4235287198418,148.4235287198418,0.3521970079290285,0.3521970079290285,0.3521970079290285,2.4180951279699463,2.4180951279699463,2.4180951279699463,-2.065898120040918,-2.065898120040918,-2.065898120040918,0.0,0.0,0.0,148.77572572777083
2024-01-08,149.2330218144977,142.7204418532515,155.5322893407004,149.2330218144977,149.2330218144977,-0.3802316061520556,-0.3802316061520556,-0.3802316061520556,2.3295885126385145,2.3295885126385145,2.3295885126385145,-2.70982011879057,-2.70982011879057,-2.70982011879057,0.0,0.0,0.0,148.85279020834565
2024-01-09,149.50285284604968,141.93643570726607,155.1900198189678,149.50285284604968,149.50285284604968,-0.4915777595709446,-0.4915777595709446,-0.4915777595709446,2.214644167060735,2.214644167060735,2.214644167060735,-2.706221926631679,-2.706221926631679,-2.706221926631679,0.0,0.0,0.0,149.01127508647872
2024-01-10,149.77268387760162,142.59467671240148,156.36067817912254,149.77268387760162,149.77268387760162,-0.4024369454369699,-0.4024369454369699,-0.4024369454369699,2.1910091690530313,2.1910091690530313,2.1910091690530313,-2.5934461144900016,-2.5934461144900016,-2.5934461144900016,0.0,0.0,0.0,149.37024693216466
2024-01-11,150.04251490915357,143.30490982613958,156.09806484504705,150.04251490915357,150.04251490915357,-0.34624056342422016,-0.34624056342422016,-0.34624056342422016,2.028305569997791,2.028305569997791,2.028305569997791,-2.3745461334220113,-2.3745461334220113,-2.3745461334220113,0.0,0.0,0.0,149.69627434572934
2024-01-12,150.31234594070554,144.120820651153,157.32711020775218,150.31234594070554,150.31234594070554,0.36361872475305024,0.36361872475305024,0.36361872475305024,2.418095127970477,2.418095127970477,2.418095127970477,-2.0544764032174267,-2.0544764032174267,-2.0544764032174267,0.0,0.0,0.0,150.6759646654586
2024-01-16,151.39167006691338,147.4256601366704,160.2946717983164,151.39167006691338,151.39167006691338,2.2966158987837146,2.2966158987837146,2.2966158987837146,2.2146441670582626,2.2146441670582626,2.2146441670582626,0.08197173172545198,0.08197173172545198,0.08197173172545198,0.0,0.0,0.0,153.6882859656971
2024-01-17,151.66150109846532,148.12500298149286,161.42707155366276,151.66150109846532,151.66150109846532,2.971236727508745,2.971236727508745,2.971236727508745,2.1910091690526965,2.1910091690526965,2.1910091690526965,0.7802275584560487,0.7802275584560487,0.7802275584560487,0.0,0.0,0.0,154.63273782597406
2024-01-18,151.9313321300173,148.7994900698827,161.82906355418976,151.9313321300173,151.9313321300173,3.5494684101639162,3.5494684101639162,3.5494684101639162,2.028305570000159,2.028305570000159,2.028305570000159,1.521162840163757,1.521162840163757,1.521162840163757,0.0,0.0,0.0,155.4808005401812
2024-01-19,152.2011631615693,149.87254441966505,163.696801672905,152.2011631615693,152.2011631615693,4.710602951819905,4.710602951819905,4.710602951819905,2.4180951279710072,2.4180951279710072,2.4180951279710072,2.292507823848898,2.292507823848898,2.292507823848898,0.0,0.0,0.0,156.9117661133892
2024-01-22,153.01065625622513,153.8013293042724,166.83984324699017,153.01065625622513,153.01065625622513,6.996832725956096,6.996832725956096,6.996832725956096,2.3295885126499565,2.3295885126499565,2.3295885126499565,4.667244213306139,4.667244213306139,4.667244213306139,0.0,0.0,0.0,160.00748898218123
2024-01-23,153.28048728777708,154.61819174544078,167.54331957970385,153.28048728777708,153.28048728777708,7.655035278813477,7.655035278813477,7.655035278813477,2.2146441670595136,2.2146441670595136,2.2146441670595136,5.440391111753964,5.440391111753964,5.440391111753964,0.0,0.0,0.0,160.93552256659055
2024-01-24,153.5503183193291,155.07271850576763,168.05742219636747,153.5503183193291,153.5503183193291,8.377656834653218,8.377656834653218,8.377656834653218,2.1910091690531925,2.1910091690531925,2.1910091690531925,6.186647665600025,6.186647665600025,6.186647665600025,0.0,0.0,0.0,161.92797515398232
2024-01-25,154.04174909793508,156.4583272442555,169.4892250513326,154.04174909793508,154.04174909793508,8.925052301119,8.925052301119,8.925052301119,2.028305569999365,2.028305569999365,2.028305569999365,6.896746731119634,6.896746731119634,6.896746731119634,0.0,0.0,0.0,162.96680139905408
2024-01-26,154.53317987654108,158.1587339357621,171.4175208901172,154.53317987654108,154.53317987654108,9.980578587797384,9.980578587797384,9.980578587797384,2.4180951279655303,2.4180951279655303,2.4180951279655303,7.562483459831854,7.562483459831854,7.562483459831854,0.0,0.0,0.0,164.51375846433848
2024-01-29,156.00747221235903,160.95247818228907,174.3984249199652,156.00747221235903,156.00747221235903,11.55840409027428,11.55840409027428,11.55840409027428,2.3295885126321902,2.3295885126321902,2.3295885126321902,9.228815577642088,9.228815577642088,9.228815577642088,0.0,0.0,0.0,167.5658763026333
2024-01-30,156.498902990965,161.6765044968468,175.28414187866528,156.498902990965,156.498902990965,11.872991209034371,11.872991209034371,11.872991209034371,2.214644167060764,2.214644167060764,2.214644167060764,9.658347041973606,9.658347041973606,9.658347041973606,0.0,0.0,0.0,168.3718941999994
2024-01-31,156.990333769571,162.72426443367848,176.29324871080118,156.990333769571,156.990333769571,12.211036710555714,12.211036710555714,12.211036710555714,2.191009169053169,2.191009169053169,2.191009169053169,10.020027541502545,10.020027541502545,10.020027541502545,0.0,0.0,0.0,169.2013704801267
2024-02-01,157.48176454817698,163.4966628953505,176.65191372040752,157.48176454817698,157.48176454817698,12.34086379530908,12.34086379530908,12.34086379530908,2.028305569998979,2.028305569998979,2.028305569998979,10.312558225310099,10.312558225310099,10.312558225310099,0.0,0.0,0.0,169.82262834348606
2024-02-02,157.97319532678296,163.99293598349655,177.66126680794812,157.97319532678296,157.97319532678296,12.953710838814631,12.953710838814631,12.953710838814631,2.418095127960052,2.418095127960052,2.418095127960052,10.535615710854579,10.535615710854579,10.535615710854579,0.0,0.0,0.0,170.9269061655976
2024-02-05,159.44748766260093,166.0340497686597,178.98534957489582,159.44748766260093,159.44748766260093,13.12662259462132,13.12662259462132,13.12662259462132,2.329588512631514,2.329588512631514,2.329588512631514,10.797034081989807,10.797034081989807,10.797034081989807,0.0,0.0,0.0,172.57411025722226
2024-02-06,159.9389184412069,166.4017971865793,179.76450564434097,159.9389184412069,159.9389184412069,12.969179462018946,12.969179462018946,12.969179462018946,2.2146441670582915,2.2146441670582915,2.2146441670582915,10.754535294960654,10.754535294960654,10.754535294960654,0.0,0.0,0.0,172.90809790322587
2024-02-07,160.4303492198129,166.49991169746465,180.17577256061068,160.4303492198129,160.4303492198129,12.842550621232366,12.842550621232366,12.842550621232366,2.191009169053146,2.191009169053146,2.191009169053146,10.65154145217922,10.65154145217922,10.65154145217922,0.0,0.0,0.0,173.27289984104527
2024-02-08,160.92177999841888,166.4497716328886,180.5761260230427,160.92177999841888,160.92177999841888,12.51940565776187,12.51940565776187,12.51940565776187,2.028305569998186,2.028305569998186,2.028305569998186,10.491100087763686,10.491100087763686,10.491100087763686,0.0,0.0,0.0,173.44118565618075
2024-02-09,161.41321077702486,166.7852930876739,180.84541187811007,161.41321077702486,161.41321077702486,12.694498970056827,12.694498970056827,12.694498970056827,2.41809512797721,2.41809512797721,2.41809512797721,10.276403842079619,10.276403842079619,10.276403842079619,0.0,0.0,0.0,174.10770974708169
2024-02-12,162.88750311284284,168.10559335432296,180.66562684643853,162.88750311284284,162.88750311284284,11.668577288257614,11.668577288257614,11.668577288257614,2.329588512643632,2.329588512643632,2.329588512643632,9.338988775613982,9.338988775613982,9.338988775613982,0.0,0.0,0.0,174.55608040110044
2024-02-13,163.3789338914488,167.68754209109017,181.07807647634922,163.3789338914488,163.3789338914488,11.153734132440736,11.153734132440736,11.153734132440736,2.214644167055819,2.214644167055819,2.214644167055819,8.939089965384918,8.939089965384918,8.939089965384918,0.0,0.0,0.0,174.53266802388956
2024-02-14,163.8703646700548,168.44216807334155,181.4704510204143,163.8703646700548,163.8703646700548,10.691313893478812,10.691313893478812,10.691313893478812,2.191009169052811,2.191009169052811,2.191009169052811,8.500304724426002,8.500304724426002,8.500304724426002,0.0,0.0,0.0,174.56167856353363
2024-02-15,164.36179544866079,167.49073446619664,181.24797186163374,164.36179544866079,164.36179544866079,10.053586410229606,10.053586410229606,10.053586410229606,2.0283055700005534,2.0283055700005534,2.0283055700005534,8.025280840229053,8.025280840229053,8.025280840229053,0.0,0.0,0.0,174.41538185889038
2024-02-16,164.85322622726676,167.66778160144602,181.0992302253062,164.85322622726676,164.85322622726676,9.934602017199962,9.934602017199962,9.934602017199962,2.41809512797774,2.41809512797774,2.41809512797774,7.516506889222223,7.516506889222223,7.516506889222223,0.0,0.0,0.0,174.7878282444667
2024-02-20,166.81894934169077,166.6917379206642,180.62505921501173,166.81894934169077,166.81894934169077,7.404545685501066,7.404545685501066,7.404545685501066,2.2146441670622954,2.2146441670622954,2.2146441670622954,5.18990151843877,5.18990151843877,5.18990151843877,0.0,0.0,0.0,174.22349502719183
2024-02-21,167.3103801202967,167.52126665535164,180.81153736802003,167.3103801202967,167.3103801202967,6.737603870094565,6.737603870094565,6.737603870094565,2.1910091690524753,2.1910091690524753,2.1910091690524753,4.54659470104209,4.54659470104209,4.54659470104209,0.0,0.0,0.0,174.0479839903913
2024-02-22,167.8018108989027,166.39619555669623,180.36257251285198,167.8018108989027,167.8018108989027,5.91162762808019,5.91162762808019,5.91162762808019,2.02830556999976,2.02830556999976,2.02830556999976,3.8833220580804295,3.8833220580804295,3.8833220580804295,0.0,0.0,0.0,173.71343852698288
2024-02-23,168.29324167750866,167.24815210945238,180.40950671162867,168.29324167750866,168.29324167750866,5.620794069808351,5.620794069808351,5.620794069808351,2.4180951279662546,2.4180951279662546,2.4180951279662546,3.2026989418420966,3.2026989418420966,3.2026989418420966,0.0,0.0,0.0,173.914035747317
2024-02-26,169.76753401006698,165.9564707830364,179.7958684781235,169.76753401006698,169.76753401006698,3.4162426282908407,3.4162426282908407,3.4162426282908407,2.3295885126486766,2.3295885126486766,2.3295885126486766,1.086654115642164,1.086654115642164,1.086654115642164,0.0,0.0,0.0,173.1837766383578
2024-02-27,170.25896478758636,166.05012672098206,179.23108384072478,170.25896478758636,170.25896478758636,2.5826743105789554,2.5826743105789554,2.5826743105789554,2.214644167063547,2.214644167063547,2.214644167063547,0.3680301435154088,0.3680301435154088,0.3680301435154088,0.0,0.0,0.0,172.84163909816533
2024-02-28,170.75039556510578,165.89245152282953,179.27552871202528,170.75039556510578,170.75039556510578,1.840279643760862,1.840279643760862,1.840279643760862,2.1910091690532836,2.1910091690532836,2.1910091690532836,-0.3507295252924214,-0.3507295252924214,-0.3507295252924214,0.0,0.0,0.0,172.59067520886663
2024-02-29,171.24182634262522,165.73499054578528,179.38253602747116,171.24182634262522,171.24182634262522,0.963026596194016,0.963026596194016,0.963026596194016,2.0283055700021277,2.0283055700021277,2.0283055700021277,-1.065278973808112,-1.065278973808112,-1.065278973808112,0.0,0.0,0.0,172.20485293881924
2024-03-01,171.7332571201446,165.55278038902915,178.8655201330911,171.7332571201446,171.7332571201446,0.647071970589353,0.647071970589353,0.647071970589353,2.418095127966785,2.418095127966785,2.418095127966785,-1.771023157377432,-1.771023157377432,-1.771023157377432,0.0,0.0,0.0,172.38032909073397
2024-03-04,173.20754945270292,164.45132162669518,177.86365633835035,173.20754945270292,173.20754945270292,-1.4574597124370736,-1.4574597124370736,-1.4574597124370736,2.3295885126480007,2.3295885126480007,2.3295885126480007,-3.787048225085074,-3.787048225085074,-3.787048225085074,0.0,0.0,0.0,171.75008974026585
2024-03-05,173.6989802302223,164.79852918551734,178.37323429376423,173.6989802302223,173.6989802302223,-2.194322344373352,-2.194322344373352,-2.194322344373352,2.2146441670573505,2.2146441670573505,2.2146441670573505,-4.408966511430703,-4.408966511430703,-4.408966511430703,0.0,0.0,0.0,171.50465788584896
2024-03-06,174.19041100774172,164.95889540669566,178.01468001310838,174.19041100774172,174.19041100774172,-2.8068867904514923,-2.8068867904514923,-2.8068867904514923,2.191009169053572,2.191009169053572,2.191009169053572,-4.997895959505064,-4.997895959505064,-4.997895959505064,0.0,0.0,0.0,171.38352421729022
2024-03-07,174.6818417852611,164.78340130000947,177.30645657596423,174.6818417852611,174.6818417852611,-3.5211378378316307,-3.5211378378316307,-3.5211378378316307,2.028305569995419,2.028305569995419,2.028305569995419,-5.54944340782705,-5.54944340782705,-5.54944340782705,0.0,0.0,0.0,171.16070394742948
2024-03-08,175.17327256278057,164.68595951969974,178.1988911383613,175.17327256278057,175.17327256278057,-3.6415328296582117,-3.6415328296582117,-3.6415328296582117,2.4180951279613074,2.4180951279613074,2.4180951279613074,-6.05962795761952,-6.05962795761952,-6.05962795761952,0.0,0.0,0.0,171.53173973312235
2024-03-11,176.6475648953388,164.89193416998148,178.59408441768386,176.6475648953388,176.6475648953388,-4.9811843975129335,-4.9811843975129335,-4.9811843975129335,2.329588512653721,2.329588512653721,2.329588512653721,-7.310772910166654,-7.310772910166654,-7.310772910166654,0.0,0.0,0.0,171.66638049782586
2024-03-12,177.1389956728582,165.04035991190713,178.11483239464437,177.1389956728582,177.1389956728582,-5.413213515715286,-5.413213515715286,-5.413213515715286,2.214644167058602,2.214644167058602,2.214644167058602,-7.627857682773888,-7.627857682773888,-7.627857682773888,0.0,0.0,0.0,171.7257821571429
2024-03-13,177.63042645037766,165.0314925218623,178.50623377270983,177.63042645037766,177.63042645037766,-5.702631368091635,-5.702631368091635,-5.702631368091635,2.191009169053237,2.191009169053237,2.191009169053237,-7.893640537144871,-7.893640537144871,-7.893640537144871,0.0,0.0,0.0,171.92779508228602
2024-03-14,178.12185722789704,165.33769878541653,179.02719395025983,178.12185722789704,178.12185722789704,-6.08041256996823,-6.08041256996823,-6.08041256996823,2.028305569997786,2.028305569997786,2.028305569997786,-8.108718139966015,-8.108718139966015,-8.108718139966015,0.0,0.0,0.0,172.04144465792882
2024-03-15,178.61328800541645,166.4748385395599,179.2901623509939,178.61328800541645,178.61328800541645,-5.856566889738107,-5.856566889738107,-5.856566889738107,2.418095127961838,2.418095127961838,2.418095127961838,-8.274662017699946,-8.274662017699946,-8.274662017699946,0.0,0.0,0.0,172.75672111567835
2024-03-18,180.08758033797474,167.41399211631568,180.35955691588606,180.08758033797474,180.08758033797474,-6.178323241850411,-6.178323241850411,-6.178323241850411,2.329588512635955,2.329588512635955,2.329588512635955,-8.507911754486367,-8.507911754486367,-8.507911754486367,0.0,0.0,0.0,173.90925709612432
2024-03-19,180.57901111549415,167.71946906804973,181.13862648231338,180.57901111549415,180.57901111549415,-6.297450122766676,-6.297450122766676,-6.297450122766676,2.2146441670561288,2.2146441670561288,2.2146441670561288,-8.512094289822805,-8.512094289822805,-8.512094289822805,0.0,0.0,0.0,174.28156099272746
2024-03-20,181.07044189301354,168.22090839379618,181.5138036344906,181.07044189301354,181.07044189301354,-6.297812103602701,-6.297812103602701,-6.297812103602701,2.1910091690529017,2.1910091690529017,2.1910091690529017,-8.488821272655603,-8.488821272655603,-8.488821272655603,0.0,0.0,0.0,174.77262978941084
2024-03-21,181.56187267053298,168.59498886434065,181.888933888246,181.56187267053298,181.56187267053298,-6.416367380773516,-6.416367380773516,-6.416367380773516,2.0283055699969927,2.0283055699969927,2.0283055699969927,-8.44467295077051,-8.44467295077051,-8.44467295077051,0.0,0.0,0.0,175.14550528975946
2024-03-22,182.0533034480524,168.8909412270344,183.2499654285629,182.0533034480524,182.0533034480524,-5.968598909690793,-5.968598909690793,-5.968598909690793,2.41809512795636,2.41809512795636,2.41809512795636,-8.386694037647153,-8.386694037647153,-8.386694037647153,0.0,0.0,0.0,176.0847045383616
2024-03-25,183.52759578061062,171.35177567722164,183.75668170216827,183.52759578061062,183.52759578061062,-5.874138903923671,-5.874138903923671,-5.874138903923671,2.329588512641676,2.329588512641676,2.329588512641676,-8.203727416565346,-8.203727416565346,-8.203727416565346,0.0,0.0,0.0,177.65345687668696
2024-03-26,184.01902655813004,171.16203675915457,185.03166723659407,184.01902655813004,184.01902655813004,-5.949650882335766,-5.949650882335766,-5.949650882335766,2.2146441670573793,2.2146441670573793,2.2146441670573793,-8.164295049393145,-8.164295049393145,-8.164295049393145,0.0,0.0,0.0,178.06937567579428
2024-03-27,184.22414695624067,171.5819560852521,185.10550309963702,184.22414695624067,184.22414695624067,-5.956223447377038,-5.956223447377038,-5.956223447377038,2.191009169052878,2.191009169052878,2.191009169052878,-8.147232616429918,-8.147232616429918,-8.147232616429918,0.0,0.0,0.0,178.26792350886365
2024-03-28,184.42926735435134,171.71958126130485,185.0091347547055,184.42926735435134,184.42926735435134,-6.130389411408471,-6.130389411408471,-6.130389411408471,2.0283055700025217,2.0283055700025217,2.0283055700025217,-8.158694981410992,-8.158694981410992,-8.158694981410992,0.0,0.0,0.0,178.29887794294288
2024-04-01,185.24974894679394,172.42212092991164,185.99942017541318,185.24974894679394,185.24974894679394,-6.253079915832902,-6.253079915832902,-6.253079915832902,2.329588512640999,2.329588512640999,2.329588512640999,-8.582668428473902,-8.582668428473902,-8.582668428473902,0.0,0.0,0.0,178.99666903096104
2024-04-02,185.45486934490458,172.19119568563468,185.50534251346875,185.45486934490458,185.45486934490458,-6.582364413096583,-6.582364413096583,-6.582364413096583,2.2146441670601336,2.2146441670601336,2.2146441670601336,-8.797008580156717,-8.797008580156717,-8.797008580156717,0.0,0.0,0.0,178.872504931808
2024-04-03,185.65998974301525,172.16677851416352,185.5741602845384,185.65998974301525,185.65998974301525,-6.864912844025536,-6.864912844025536,-6.864912844025536,2.1910091690530624,2.1910091690530624,2.1910091690530624,-9.055922013078598,-9.055922013078598,-9.055922013078598,0.0,0.0,0.0,178.79507689898972
2024-04-04,185.86511014112588,171.98721594682007,185.72242218359355,185.86511014112588,185.86511014112588,-7.329431760209104,-7.329431760209104,-7.329431760209104,2.0283055700017285,2.0283055700017285,2.0283055700017285,-9.357737330210833,-9.357737330210833,-9.357737330210833,0.0,0.0,0.0,178.53567838091678
2024-04-05,186.07023053923655,171.56488741385573,185.93188575162702,186.07023053923655,186.07023053923655,-7.28137535414145,-7.28137535414145,-7.28137535414145,2.41809512796804,2.41809512796804,2.41809512796804,-9.699470482109492,-9.699470482109492,-9.699470482109492,0.0,0.0,0.0,178.7888551850951
2024-04-08,186.6855917335685,172.11207070499995,184.88438984034312,186.6855917335685,186.6855917335685,-8.586266456950167,-8.586266456950167,-8.586266456950167,2.329588512653118,2.329588512653118,2.329588512653118,-10.915854969603284,-10.915854969603284,-10.915854969603284,0.0,0.0,0.0,178.09932527661832
2024-04-09,186.89071213167912,171.58464210566876,184.51139901669265,186.89071213167912,186.89071213167912,-9.148830593226434,-9.148830593226434,-9.148830593226434,2.2146441670576613,2.2146441670576613,2.2146441670576613,-11.363474760284095,-11.363474760284095,-11.363474760284095,0.0,0.0,0.0,177.7418815384527
2024-04-10,187.0958325297898,170.62228243137804,184.16506016986054,187.0958325297898,187.0958325297898,-9.628131053456892,-9.628131053456892,-9.628131053456892,2.1910091690533515,2.1910091690533515,2.1910091690533515,-11.819140222510242,-11.819140222510242,-11.819140222510242,0.0,0.0,0.0,177.4677014763329
2024-04-11,187.30095292790043,170.3326681810685,183.39287526756476,187.30095292790043,187.30095292790043,-10.245735127810727,-10.245735127810727,-10.245735127810727,2.028305570000935,2.028305570000935,2.028305570000935,-12.274040697811662,-12.274040697811662,-12.274040697811662,0.0,0.0,0.0,177.0552178000897
2024-04-12,187.50607332601106,171.00341832723745,184.17233209242235,187.50607332601106,187.50607332601106,-10.30088499602737,-10.30088499602737,-10.30088499602737,2.4180951279625624,2.4180951279625624,2.4180951279625624,-12.718980123989931,-12.718980123989931,-12.718980123989931,0.0,0.0,0.0,177.20518832998368
2024-04-15,188.12143452034303,169.64270658737348,183.1086624513453,188.12143452034303,188.12143452034303,-11.571231411315097,-11.571231411315097,-11.571231411315097,2.329588512652441,2.329588512652441,2.329588512652441,-13.900819923967537,-13.900819923967537,-13.900819923967537,0.0,0.0,0.0,176.55020310902793
2024-04-16,188.32655491845367,170.24647677762593,183.3295569740581,188.32655491845367,188.32655491845367,-11.999179936106167,-11.999179936106167,-11.999179936106167,2.2146441670551886,2.2146441670551886,2.2146441670551886,-14.213824103161357,-14.213824103161357,-14.213824103161357,0.0,0.0,0.0,176.3273749823475
2024-04-17,188.53167531656433,169.49290765905587,182.94087618522553,188.53167531656433,188.53167531656433,-12.281683399828024,-12.281683399828024,-12.281683399828024,2.191009169053016,2.191009169053016,2.191009169053016,-14.472692568881042,-14.472692568881042,-14.472692568881042,0.0,0.0,0.0,176.24999191673632
2024-04-18,188.73679571467497,169.89879670239105,182.1948048051379,188.73679571467497,188.73679571467497,-12.642125604864285,-12.642125604864285,-12.642125604864285,2.0283055700033024,2.0283055700033024,2.0283055700033024,-14.670431174867588,-14.670431174867588,-14.670431174867588,0.0,0.0,0.0,176.0946701098107
2024-04-19,188.94191611278563,169.3770639768486,183.4344108617027,188.94191611278563,188.94191611278563,-12.382999258327146,-12.382999258327146,-12.382999258327146,2.4180951279797203,2.4180951279797203,2.4180951279797203,-14.801094386306865,-14.801094386306865,-14.801094386306865,0.0,0.0,0.0,176.5589168544585
2024-04-22,189.55727730711757,170.73483142418766,183.89311553622252,189.55727730711757,189.55727730711757,-12.42013111860417,-12.42013111860417,-12.42013111860417,2.329588512651765,2.329588512651765,2.329588512651765,-14.749719631255935,-14.749719631255935,-14.749719631255935,0.0,0.0,0.0,177.1371461885134
2024-04-23,189.76239770522824,171.0351381884836,183.95518812966966,189.76239770522824,189.76239770522824,-12.363361562483083,-12.363361562483083,-12.363361562483083,2.2146441670564387,2.2146441670564387,2.2146441670564387,-14.578005729539521,-14.578005729539521,-14.578005729539521,0.0,0.0,0.0,177.39903614274516
2024-04-24,189.9675181033389,170.8885229026594,183.99509454153798,189.9675181033389,189.9675181033389,-12.138178641171141,-12.138178641171141,-12.138178641171141,2.191009169052992,2.191009169052992,2.191009169052992,-14.329187810224134,-14.329187810224134,-14.329187810224134,0.0,0.0,0.0,177.82933946216775
2024-04-25,190.1726385014496,171.49394881190315,185.0711024125884,190.1726385014496,190.1726385014496,-11.977235452664079,-11.977235452664079,-11.977235452664079,2.028305569993432,2.028305569993432,2.028305569993432,-14.00554102265751,-14.00554102265751,-14.00554102265751,0.0,0.0,0.0,178.19540304878552
2024-04-26,189.99378966286304,171.4184925592464,185.43787679972934,189.99378966286304,189.99378966286304,-11.192625256138976,-11.192625256138976,-11.192625256138976,2.4180951279802505,2.4180951279802505,2.4180951279802505,-13.610720384119226,-13.610720384119226,-13.610720384119226,0.0,0.0,0.0,178.80116440672407
2024-04-29,189.4572431471032,173.02989670197815,186.2715066297758,189.4572431471032,189.4572431471032,-9.724820395141407,-9.724820395141407,-9.724820395141407,2.329588512640396,2.329588512640396,2.329588512640396,-12.054408907781804,-12.054408907781804,-12.054408907781804,0.0,0.0,0.0,179.7324227519618
2024-04-30,189.27839430851662,173.46919479635093,186.98564100330194,189.27839430851662,189.27839430851662,-9.22070503130132,-9.22070503130132,-9.22070503130132,2.2146441670629162,2.2146441670629162,2.2146441670629162,-11.435349198364236,-11.435349198364236,-11.435349198364236,0.0,0.0,0.0,180.0576892772153
2024-05-01,189.09954546993004,174.2328962383723,187.03573092009393,189.09954546993004,189.09954546993004,-8.589010557580863,-8.589010557580863,-8.589010557580863,2.191009169052969,2.191009169052969,2.191009169052969,-10.780019726633832,-10.780019726633832,-10.780019726633832,0.0,0.0,0.0,180.51053491234916
2024-05-02,188.92069663134342,174.82722827861824,187.70598264700396,188.92069663134342,188.92069663134342,-8.06926390933964,-8.06926390933964,-8.06926390933964,2.028305569998962,2.028305569998962,2.028305569998962,-10.0975694793386,-10.0975694793386,-10.0975694793386,0.0,0.0,0.0,180.85143272200378
2024-05-03,188.74184779275683,175.12972280556755,188.70235286779703,188.74184779275683,188.74184779275683,-6.979311656487151,-6.979311656487151,-6.979311656487151,2.418095127968764,2.418095127968764,2.418095127968764,-9.397406784455915,-9.397406784455915,-9.397406784455915,0.0,0.0,0.0,181.7625361362697
2024-05-06,188.20530127699703,176.6555004605855,189.49282526010055,188.20530127699703,188.20530127699703,-4.954568858268794,-4.954568858268794,-4.954568858268794,2.329588512639719,2.329588512639719,2.329588512639719,-7.284157370908513,-7.284157370908513,-7.284157370908513,0.0,0.0,0.0,183.25073241872823
2024-05-07,188.02645243841044,176.47711984858643,189.9785789435434,188.02645243841044,188.02645243841044,-4.390387691044315,-4.390387691044315,-4.390387691044315,2.2146441670641672,2.2146441670641672,2.2146441670641672,-6.605031858108482,-6.605031858108482,-6.605031858108482,0.0,0.0,0.0,183.63606474736613
2024-05-08,187.84760359982383,177.2725985213579,190.88037047267605,187.84760359982383,187.84760359982383,-3.7608395377447033,-3.7608395377447033,-3.7608395377447033,2.1910091690529456,2.1910091690529456,2.1910091690529456,-5.951848706797649,-5.951848706797649,-5.951848706797649,0.0,0.0,0.0,184.0867640620791
2024-05-09,187.66875476123727,177.01755527255517,190.72684113427644,187.66875476123727,187.66875476123727,-3.303048056508087,-3.303048056508087,-3.303048056508087,2.0283055699981674,2.0283055699981674,2.0283055699981674,-5.331353626506254,-5.331353626506254,-5.331353626506254,0.0,0.0,0.0,184.36570670472918
2024-05-10,187.48990592265065,178.50642329085858,192.26077872929022,187.48990592265065,187.48990592265065,-2.331187168561056,-2.331187168561056,-2.331187168561056,2.4180951279692953,2.4180951279692953,2.4180951279692953,-4.749282296530351,-4.749282296530351,-4.749282296530351,0.0,0.0,0.0,185.1587187540896
2024-05-13,186.95335940689085,179.34531251709316,192.09982079687055,186.95335940689085,186.95335940689085,-0.9443698377566158,-0.9443698377566158,-0.9443698377566158,2.3295885126518376,2.3295885126518376,2.3295885126518376,-3.2739583504084533,-3.2739583504084533,-3.2739583504084533,0.0,0.0,0.0,186.00898956913423
2024-05-14,186.77451056830427,179.4662831210199,192.86201381386425,186.77451056830427,186.77451056830427,-0.6652796661822992,-0.6652796661822992,-0.6652796661822992,2.214644167057971,2.214644167057971,2.214644167057971,-2.87992383324027,-2.87992383324027,-2.87992383324027,0.0,0.0,0.0,186.10923090212196
2024-05-15,186.59566172971768,179.44733457081094,193.1215622050446,186.59566172971768,186.59566172971768,-0.3444457831279247,-0.3444457831279247,-0.3444457831279247,2.1910091690526103,2.1910091690526103,2.1910091690526103,-2.535454952180535,-2.535454952180535,-2.535454952180535,0.0,0.0,0.0,186.25121594658975
2024-05-16,186.41681289113106,180.038472586775,193.24019502981395,186.41681289113106,186.41681289113106,-0.2109185429217935,-0.2109185429217935,-0.2109185429217935,2.02830556999462,2.02830556999462,2.02830556999462,-2.2392241129164137,-2.2392241129164137,-2.2392241129164137,0.0,0.0,0.0,186.20589434820926
2024-05-17,186.23796405254447,180.53376502891427,193.6937159004416,186.23796405254447,186.23796405254447,0.4292548741125992,0.4292548741125992,0.4292548741125992,2.418095127969826,2.418095127969826,2.418095127969826,-1.988840253857227,-1.988840253857227,-1.988840253857227,0.0,0.0,0.0,186.66721892665706
2024-05-20,185.70141753678467,179.89233873181817,193.24878444857416,185.70141753678467,185.70141753678467,0.8543436398568295,0.8543436398568295,0.8543436398568295,2.3295885126511613,2.3295885126511613,2.3295885126511613,-1.4752448727943317,-1.4752448727943317,-1.4752448727943317,0.0,0.0,0.0,186.5557611766415
2024-05-21,185.52256869819809,180.06956103826764,193.2685860636352,185.52256869819809,185.52256869819809,0.8475088935202358,0.8475088935202358,0.8475088935202358,2.2146441670592214,2.2146441670592214,2.2146441670592214,-1.3671352735389857,-1.3671352735389857,-1.3671352735389857,0.0,0.0,0.0,186.3700775917183
2024-05-22,185.3437198596115,179.66481653513085,192.79163351746246,185.3437198596115,185.3437198596115,0.9097458194297594,0.9097458194297594,0.9097458194297594,2.1910091690531064,2.1910091690531064,2.1910091690531064,-1.281263349623347,-1.281263349623347,-1.281263349623347,0.0,0.0,0.0,186.25346567904126
2024-05-23,185.16487102102488,179.80483166685488,192.94427554169997,185.16487102102488,185.16487102102488,0.8166744909793576,0.8166744909793576,0.8166744909793576,2.028305569993827,2.028305569993827,2.028305569993827,-1.2116310790144689,-1.2116310790144689,-1.2116310790144689,0.0,0.0,0.0,185.98154551200423
2024-05-24,184.9860221824383,179.8418033549916,192.76717610816848,184.9860221824383,184.9860221824383,1.2659012042849804,1.2659012042849804,1.2659012042849804,2.4180951279583396,2.4180951279583396,2.4180951279583396,-1.152193923673359,-1.152193923673359,-1.152193923673359,0.0,0.0,0.0,186.25192338672326
2024-05-28,184.27062682809188,178.9885304263475,192.23222842682117,184.27062682809188,184.27062682809188,1.312258755635375,1.312258755635375,1.312258755635375,2.214644167060473,2.214644167060473,2.214644167060473,-0.9023854114250976,-0.9023854114250976,-0.9023854114250976,0.0,0.0,0.0,185.58288558372726
2024-05-29,184.0917780101526,178.39600963908177,192.0908723776723,184.0917780101526,184.0917780101526,1.3790255148894672,1.3790255148894672,1.3790255148894672,2.191009169052772,2.191009169052772,2.191009169052772,-0.8119836541633048,-0.8119836541633048,-0.8119836541633048,0.0,0.0,0.0,185.47080352504207
2024-05-30,183.91292919221337,179.0538537039705,191.93882193343603,183.91292919221337,183.91292919221337,1.325860073578292,1.325860073578292,1.325860073578292,2.0283055699961943,2.0283055699961943,2.0283055699961943,-0.7024454964179022,-0.7024454964179022,-0.7024454964179022,0.0,0.0,0.0,185.23878926579167
2024-05-31,183.7340803742741,178.9773244785734,192.12276709722164,183.7340803742741,183.7340803742741,1.847087119309894,1.847087119309894,1.847087119309894,2.4180951279588707,2.4180951279588707,2.4180951279588707,-0.5710080086489764,-0.5710080086489764,-0.5710080086489764,0.0,0.0,0.0,185.581167493584
2024-06-03,183.19753392045635,178.8241235337182,191.8793467897319,183.19753392045635,183.19753392045635,2.3005528411676357,2.3005528411676357,2.3005528411676357,2.3295885126327187,2.3295885126327187,2.3295885126327187,-0.029035671465083155,-0.029035671465083155,-0.029035671465083155,0.0,0.0,0.0,185.498086761624
2024-06-04,183.01868510251708,178.9335346313233,192.27137770030606,183.01868510251708,183.01868510251708,2.41719264766815,2.41719264766815,2.41719264766815,2.2146441670542765,2.2146441670542765,2.2146441670542765,0.2025484806138734,0.2025484806138734,0.2025484806138734,0.0,0.0,0.0,185.43587775018523
2024-06-05,182.83983628457784,178.6202345539399,191.65961587605548,182.83983628457784,182.83983628457784,2.6497363395586375,2.6497363395586375,2.6497363395586375,2.1910091690530606,2.1910091690530606,2.1910091690530606,0.4587271705055767,0.4587271705055767,0.4587271705055767,0.0,0.0,0.0,185.48957262413649
2024-06-06,182.66098746663857,178.9542739180802,192.22685530773467,182.66098746663857,182.66098746663857,2.7663834958923545,2.7663834958923545,2.7663834958923545,2.028305569998562,2.028305569998562,2.028305569998562,0.738077925893793,0.738077925893793,0.738077925893793,0.0,0.0,0.0,185.42737096253092
2024-06-07,182.48213864869933,179.75767008403088,192.7600169226597,182.48213864869933,182.48213864869933,3.4567880352743336,3.4567880352743336,3.4567880352743336,2.4180951279760277,2.4180951279760277,2.4180951279760277,1.0386929072983058,1.0386929072983058,1.0386929072983058,0.0,0.0,0.0,185.93892668397368
2024-06-10,181.94559219488158,179.21023858452267,193.12638664635816,181.94559219488158,181.94559219488158,4.373412869335632,4.373412869335632,4.373412869335632,2.329588512638439,2.329588512638439,2.329588512638439,2.0438243566971925,2.0438243566971925,2.0438243566971925,0.0,0.0,0.0,186.3190050642172
2024-06-11,181.76674337694232,179.67623923967386,193.02027886374026,181.76674337694232,181.76674337694232,4.618822406593263,4.618822406593263,4.618822406593263,2.214644167055527,2.214644167055527,2.214644167055527,2.404178239537737,2.404178239537737,2.404178239537737,0.0,0.0,0.0,186.38556578353558
2024-06-12,181.58789455900305,179.86206357450652,192.90113609363343,181.58789455900305,181.58789455900305,4.963482990865163,4.963482990865163,4.963482990865163,2.191009169053556,2.191009169053556,2.191009169053556,2.772473821811607,2.772473821811607,2.772473821811607,0.0,0.0,0.0,186.55137754986822
2024-06-13,181.4090457410638,180.42835622851294,193.5812704380115,181.4090457410638,181.4090457410638,5.1742942070233005,5.1742942070233005,5.1742942070233005,2.0283055700009296,2.0283055700009296,2.0283055700009296,3.1459886370223713,3.1459886370223713,3.1459886370223713,0.0,0.0,0.0,186.58333994808712
2024-06-14,181.23019692312454,180.47393699331025,193.92374714521884,181.23019692312454,181.23019692312454,5.940279812677822,5.940279812677822,5.940279812677822,2.4180951279765583,2.4180951279765583,2.4180951279765583,3.522184684701264,3.522184684701264,3.522184684701264,0.0,0.0,0.0,187.17047673580237
2024-06-17,180.6936504693068,180.92771268923713,194.47736695387857,180.6936504693068,180.6936504693068,6.975075964316379,6.975075964316379,6.975075964316379,2.3295885126441607,2.3295885126441607,2.3295885126441607,4.645487451672218,4.645487451672218,4.645487451672218,0.0,0.0,0.0,187.66872643362316
2024-06-18,180.51480165136752,181.32248254562063,194.41504665198212,180.51480165136752,180.51480165136752,7.227278383996587,7.227278383996587,7.227278383996587,2.2146441670620045,2.2146441670620045,2.2146441670620045,5.0126342169345826,5.0126342169345826,5.0126342169345826,0.0,0.0,0.0,187.7420800353641
2024-06-20,180.15710401548904,180.94292611232743,194.95722303780363,180.15710401548904,180.15710401548904,7.757911252737053,7.757911252737053,7.757911252737053,2.028305570000136,2.028305570000136,2.028305570000136,5.729605682736917,5.729605682736917,5.729605682736917,0.0,0.0,0.0,187.91501526822609
2024-06-21,179.97825519754977,182.02555543819886,195.37959055856382,179.97825519754977,179.97825519754977,8.496504306783926,8.496504306783926,8.496504306783926,2.418095127971081,2.418095127971081,2.418095127971081,6.078409178812845,6.078409178812845,6.078409178812845,0.0,0.0,0.0,188.4747595043337
2024-06-24,179.44170874373202,182.418839360859,195.69553250850984,179.44170874373202,179.44170874373202,9.41448260031994,9.41448260031994,9.41448260031994,2.329588512649882,2.329588512649882,2.329588512649882,7.084894087670058,7.084894087670058,7.084894087670058,0.0,0.0,0.0,188.85619134405195
2024-06-25,179.26285992579272,182.39151492127678,195.2746425844153,179.26285992579272,179.26285992579272,9.62218130747395,9.62218130747395,9.62218130747395,2.2146441670632546,2.2146441670632546,2.2146441670632546,7.407537140410696,7.407537140410696,7.407537140410696,0.0,0.0,0.0,188.88504123326666
2024-06-26,179.0840111078535,181.78334075272352,195.52237792067157,179.0840111078535,179.0840111078535,9.915039359423158,9.915039359423158,9.915039359423158,2.191009169053198,2.191009169053198,2.191009169053198,7.724030190369961,7.724030190369961,7.724030190369961,0.0,0.0,0.0,188.99905046727667
2024-06-27,178.9051622899142,182.39785507051727,196.53679461452577,178.9051622899142,178.9051622899142,10.062712658554034,10.062712658554034,10.062712658554034,2.0283055700056654,2.0283055700056654,2.0283055700056654,8.034407088548368,8.034407088548368,8.034407088548368,0.0,0.0,0.0,188.96787494846822
2024-06-28,178.7263134876931,182.99343022799584,196.37926023099814,178.7263134876931,178.7263134876931,10.756606228648318,10.756606228648318,10.756606228648318,2.4180951279656036,2.4180951279656036,2.4180951279656036,8.338511100682712,8.338511100682712,8.338511100682712,0.0,0.0,0.0,189.4829197163414
2024-07-01,178.18976708102983,182.72344243093642,196.34921836068017,178.18976708102983,178.18976708102983,11.537057417495848,11.537057417495848,11.537057417495848,2.3295885126492046,2.3295885126492046,2.3295885126492046,9.207468904846644,9.207468904846644,9.207468904846644,0.0,0.0,0.0,189.72682449852567
2024-07-02,178.01091827880876,183.02628659832433,195.69767890346344,178.01091827880876,178.01091827880876,11.693703089827833,11.693703089827833,11.693703089827833,2.214644167060782,2.214644167060782,2.214644167060782,9.47905892276705,9.47905892276705,9.47905892276705,0.0,0.0,0.0,189.7046213686366
2024-07-03,177.83206947658766,183.16416385846307,196.44597520230386,177.83206947658766,177.83206947658766,11.929874602776362,11.929874602776362,11.929874602776362,2.191009169052862,2.191009169052862,2.191009169052862,9.738865433723499,9.738865433723499,9.738865433723499,0.0,0.0,0.0,189.761944079364
2024-07-05,177.47437187214547,183.27634166523092,197.29648099124185,177.47437187214547,177.47437187214547,12.631945807600385,12.631945807600385,12.631945807600385,2.4180951279601253,2.4180951279601253,2.4180951279601253,10.213850679640258,10.213850679640258,10.213850679640258,0.0,0.0,0.0,190.10631767974584
2024-07-08,176.93782546548223,182.8738045711673,197.10970881593354,176.93782546548223,176.93782546548223,13.101130874452835,13.101130874452835,13.101130874452835,2.3295885126613234,2.3295885126613234,2.3295885126613234,10.771542361791512,10.771542361791512,10.771542361791512,0.0,0.0,0.0,190.03895633993505
2024-07-09,176.7589766632611,183.0395083361988,196.851483226333,176.7589766632611,176.7589766632611,13.117721286961043,13.117721286961043,13.117721286961043,2.2146441670635357,2.2146441670635357,2.2146441670635357,10.903077119897508,10.903077119897508,10.903077119897508,0.0,0.0,0.0,189.87669795022214
2024-07-10,176.58012786104004,183.06222493841153,196.71807689796196,176.58012786104004,176.58012786104004,13.192722895955638,13.192722895955638,13.192722895955638,2.191009169053151,2.191009169053151,2.191009169053151,11.001713726902487,11.001713726902487,11.001713726902487,0.0,0.0,0.0,189.77285075699567
2024-07-11,176.40127905881894,182.93144138355504,196.4600058080404,176.40127905881894,176.40127905881894,13.092430189310065,13.092430189310065,13.092430189310065,2.0283055699981625,2.0283055699981625,2.0283055699981625,11.064124619311901,11.064124619311901,11.064124619311901,0.0,0.0,0.0,189.493709248129
2024-07-12,176.22243025659785,183.04378544351601,196.48714345736943,176.22243025659785,176.22243025659785,13.505299324187828,13.505299324187828,13.505299324187828,2.4180951279606564,2.4180951279606564,2.4180951279606564,11.087204196227171,11.087204196227171,11.087204196227171,0.0,0.0,0.0,189.72772958078568
2024-07-15,175.6858838499346,182.0314419604587,195.48448606438726,175.6858838499346,175.6858838499346,13.224654846513442,13.224654846513442,13.224654846513442,2.32958851263716,2.32958851263716,2.32958851263716,10.895066333876281,10.895066333876281,10.895066333876281,0.0,0.0,0.0,188.91053869644804
2024-07-16,175.5070350477135,181.97581551316844,195.2399969875054,175.5070350477135,175.5070350477135,12.952700010982685,12.952700010982685,12.952700010982685,2.214644167061063,2.214644167061063,2.214644167061063,10.738055843921622,10.738055843921622,10.738055843921622,0.0,0.0,0.0,188.45973505869617
2024-07-17,175.32818624549242,181.89520965826844,194.44114296402728,175.32818624549242,175.32818624549242,12.724288303011026,12.724288303011026,12.724288303011026,2.191009169052816,2.191009169052816,2.191009169052816,10.533279133958208,10.533279133958208,10.533279133958208,0.0,0.0,0.0,188.05247454850345
2024-07-18,175.14933744327132,180.8858391258501,194.16257943986787,175.14933744327132,175.14933744327132,12.30940865412224,12.30940865412224,12.30940865412224,2.028305569997369,2.028305569997369,2.028305569997369,10.281103084124872,10.281103084124872,10.281103084124872,0.0,0.0,0.0,187.45874609739357
2024-07-19,174.97048864105025,180.45966617255695,194.1505999990569,174.97048864105025,174.97048864105025,12.400819393841696,12.400819393841696,12.400819393841696,2.4180951279491696,2.4180951279491696,2.4180951279491696,9.982724265892525,9.982724265892525,9.982724265892525,0.0,0.0,0.0,187.37130803489194
2024-07-22,174.43394223438696,178.45901143534843,192.41663731102255,174.43394223438696,174.43394223438696,11.16471707173042,11.16471707173042,11.16471707173042,2.329588512642881,2.329588512642881,2.329588512642881,8.83512855908754,8.83512855908754,8.83512855908754,0.0,0.0,0.0,185.59865930611738
2024-07-23,174.25509343216586,178.144171619066,191.53281876164965,174.25509343216586,174.25509343216586,10.595507214839435,10.595507214839435,10.595507214839435,2.2146441670623136,2.2146441670623136,2.2146441670623136,8.380863047777122,8.380863047777122,8.380863047777122,0.0,0.0,0.0,184.8506006470053
2024-07-24,174.0762446299448,177.39333928863266,190.90582300181183,174.0762446299448,174.0762446299448,10.089877013712718,10.089877013712718,10.089877013712718,2.191009169052793,2.191009169052793,2.191009169052793,7.898867844659924,7.898867844659924,7.898867844659924,0.0,0.0,0.0,184.1661216436575
2024-07-25,173.89739582772373,176.40486684469957,190.03841560869625,173.89739582772373,173.89739582772373,9.423331117155428,9.423331117155428,9.423331117155428,2.0283055699965753,2.0283055699965753,2.0283055699965753,7.395025547158853,7.395025547158853,7.395025547158853,0.0,0.0,0.0,183.32072694487914
2024-07-26,173.7185470255026,176.69073382255152,190.49065084642524,173.7185470255026,173.7185470255026,9.293838635813216,9.293838635813216,9.293838635813216,2.4180951279723364,2.4180951279723364,2.4180951279723364,6.875743507840881,6.875743507840881,6.875743507840881,0.0,0.0,0.0,183.01238566131582
2024-07-29,173.1820006188393,174.03528100573357,187.4083133995735,173.1820006188393,173.1820006188393,7.624079998551033,7.624079998551033,7.624079998551033,2.3295885126422045,2.3295885126422045,2.3295885126422045,5.294491485908828,5.294491485908828,5.294491485908828,0.0,0.0,0.0,180.80608061739034
2024-07-30,173.0031518166183,172.99949447254073,186.5134662213812,173.0031518166183,173.0031518166183,6.998035418780919,6.998035418780919,6.998035418780919,2.214644167059842,2.214644167059842,2.214644167059842,4.783391251721078,4.783391251721078,4.783391251721078,0.0,0.0,0.0,180.00118723539921
2024-07-31,173.0225221753758,172.70103090353655,186.24389397524456,173.0225221753758,173.0225221753758,6.483002711549788,6.483002711549788,6.483002711549788,2.1910091690532885,2.1910091690532885,2.1910091690532885,4.291993542496501,4.291993542496501,4.291993542496501,0.0,0.0,0.0,179.5055248869256
2024-08-01,173.04189253413332,171.8819670844773,186.08011140989402,173.04189253413332,173.04189253413332,5.8551957371180965,5.8551957371180965,5.8551957371180965,2.0283055700021047,2.0283055700021047,2.0283055700021047,3.826890167115992,3.826890167115992,3.826890167115992,0.0,0.0,0.0,178.89708827125142
2024-08-02,173.0612628928908,172.15567698139807,185.5001869339165,173.0612628928908,173.0612628928908,5.812269491382614,5.812269491382614,5.812269491382614,2.41809512796085,2.41809512796085,2.41809512796085,3.3941743634217647,3.3941743634217647,3.3941743634217647,0.0,0.0,0.0,178.8735323842734
2024-08-05,173.11937396916332,171.23847121834086,184.31491821753963,173.11937396916332,173.11937396916332,4.670638995262083,4.670638995262083,4.670638995262083,2.3295885126415277,2.3295885126415277,2.3295885126415277,2.3410504826205556,2.3410504826205556,2.3410504826205556,0.0,0.0,0.0,177.79001296442542
2024-08-06,173.13874432792082,170.74941009207956,183.72774904870536,173.13874432792082,173.13874432792082,4.299052588863237,4.299052588863237,4.299052588863237,2.214644167061092,2.214644167061092,2.214644167061092,2.0844084218021455,2.0844084218021455,2.0844084218021455,0.0,0.0,0.0,177.43779691678407
2024-08-07,173.15811468667835,170.77671872785382,184.0548211892331,173.15811468667835,173.15811468667835,4.069964737571854,4.069964737571854,4.069964737571854,2.191009169053265,2.191009169053265,2.191009169053265,1.8789555685185892,1.8789555685185892,1.8789555685185892,0.0,0.0,0.0,177.2280794242502
2024-08-08,173.17748504543584,169.96852595520608,183.53823348532617,173.17748504543584,173.17748504543584,3.7538624964085674,3.7538624964085674,3.7538624964085674,2.02830557000131,2.02830557000131,2.02830557000131,1.7255569264072577,1.7255569264072577,1.7255569264072577,0.0,0.0,0.0,176.93134754184442
2024-08-09,173.19685540419334,170.63961442061725,183.59187149783082,173.19685540419334,173.19685540419334,4.042131159989928,4.042131159989928,4.042131159989928,2.4180951279613807,2.4180951279613807,2.4180951279613807,1.6240360320285478,1.6240360320285478,1.6240360320285478,0.0,0.0,0.0,177.23898656418328
2024-08-12,173.25496648046584,170.356522320323,184.04486490648287,173.25496648046584,173.25496648046584,3.943525002515455,3.943525002515455,3.943525002515455,2.329588512636557,2.329588512636557,2.329588512636557,1.613936489878898,1.613936489878898,1.613936489878898,0.0,0.0,0.0,177.1984914829813
2024-08-13,173.27433683922337,170.04711006187358,183.6872712183401,173.27433683922337,173.27433683922337,3.9131828131155073,3.9131828131155073,3.9131828131155073,2.2146441670548964,2.2146441670548964,2.2146441670548964,1.6985386460606111,1.6985386460606111,1.6985386460606111,0.0,0.0,0.0,177.18751965233886
2024-08-14,173.29370719798086,170.99753244320075,184.32792193508268,173.29370719798086,173.29370719798086,4.01106913375313,4.01106913375313,4.01106913375313,2.19100916905293,2.19100916905293,2.19100916905293,1.8200599647002003,1.8200599647002003,1.8200599647002003,0.0,0.0,0.0,177.304776331734
2024-08-15,173.31307755673836,170.68245266122648,184.2682473728751,173.31307755673836,173.31307755673836,4.00162931674647,4.00162931674647,4.00162931674647,2.028305570003678,2.028305570003678,2.028305570003678,1.9733237467427922,1.9733237467427922,1.9733237467427922,0.0,0.0,0.0,177.31470687348482
2024-08-16,173.33244791549586,171.10260346116877,184.36173289660752,173.33244791549586,173.33244791549586,4.570814905424238,4.570814905424238,4.570814905424238,2.418095127978538,2.418095127978538,2.418095127978538,2.1527197774456996,2.1527197774456996,2.1527197774456996,0.0,0.0,0.0,177.9032628209201
2024-08-19,173.3905589917684,171.88590118482645,184.71370352162276,173.3905589917684,173.3905589917684,5.117854394230797,5.117854394230797,5.117854394230797,2.3295885126422777,2.3295885126422777,2.3295885126422777,2.7882658815885186,2.7882658815885186,2.7882658815885186,0.0,0.0,0.0,178.50841338599918
2024-08-20,173.40992935052589,171.68167696820177,185.63489064271053,173.40992935052589,173.40992935052589,5.227358951068266,5.227358951068266,5.227358951068266,2.2146441670561474,2.2146441670561474,2.2146441670561474,3.012714784012118,3.012714784012118,3.012714784012118,0.0,0.0,0.0,178.63728830159414
2024-08-21,173.4292997092834,172.12023125026096,185.54569499799888,173.4292997092834,173.4292997092834,5.4250415227141024,5.4250415227141024,5.4250415227141024,2.1910091690529065,2.1910091690529065,2.1910091690529065,3.234032353661196,3.234032353661196,3.234032353661196,0.0,0.0,0.0,178.85434123199752
2024-08-22,173.44867006804088,171.66290270787178,185.40464026843992,173.44867006804088,173.44867006804088,5.475443556515689,5.475443556515689,5.475443556515689,2.0283055699969696,2.0283055699969696,2.0283055699969696,3.4471379865187184,3.4471379865187184,3.4471379865187184,0.0,0.0,0.0,178.92411362455658
2024-08-23,173.4680404267984,172.45918900547926,186.7441339102033,173.4680404267984,173.4680404267984,6.065591322727899,6.065591322727899,6.065591322727899,2.4180951279730607,2.4180951279730607,2.4180951279730607,3.6474961947548383,3.6474961947548383,3.6474961947548383,0.0,0.0,0.0,179.5336317495263
2024-08-26,173.5261515030709,173.51433924679736,186.58662093837032,173.5261515030709,173.5261515030709,6.4661882617186945,6.4661882617186945,6.4661882617186945,2.329588512641601,2.329588512641601,2.329588512641601,4.136599749077095,4.136599749077095,4.136599749077095,0.0,0.0,0.0,179.9923397647896
2024-08-27,173.54552186182843,173.31852446092816,186.20223775426533,173.54552186182843,173.54552186182843,6.4687582111095105,6.4687582111095105,6.4687582111095105,2.214644167062624,2.214644167062624,2.214644167062624,4.254114044046886,4.254114044046886,4.254114044046886,0.0,0.0,0.0,180.01428007293794
2024-08-28,173.56489222058593,173.21404146343366,186.68306371322143,173.56489222058593,173.56489222058593,6.537649079644063,6.537649079644063,6.537649079644063,2.1910091690525717,2.1910091690525717,2.1910091690525717,4.34663991059149,4.34663991059149,4.34663991059149,0.0,0.0,0.0,180.10254130023
2024-08-29,173.5842625793434,173.40859022643986,186.8142222717163,173.5842625793434,173.5842625793434,6.442228937448312,6.442228937448312,6.442228937448312,2.0283055699993375,2.0283055699993375,2.0283055699993375,4.413923367448974,4.413923367448974,4.413923367448974,0.0,0.0,0.0,180.0264915167917
2024-08-30,173.96599143534863,174.18297624156912,187.7133311195224,173.96599143534863,173.96599143534863,6.874456112456687,6.874456112456687,6.874456112456687,2.4180951279675824,2.4180951279675824,2.4180951279675824,4.456360984489104,4.456360984489104,4.456360984489104,0.0,0.0,0.0,180.84044754780533
2024-09-03,175.49290685936953,175.3434511704548,189.070336133246,175.49290685936953,175.49290685936953,6.618007480778159,6.618007480778159,6.618007480778159,2.2146441670601518,2.2146441670601518,2.2146441670601518,4.403363313718008,4.403363313718008,4.403363313718008,0.0,0.0,0.0,182.11091434014767
2024-09-04,175.87463571537467,175.28681886314087,188.93980839292226,175.87463571537467,175.87463571537467,6.53473969178073,6.53473969178073,6.53473969178073,2.19100916905286,2.19100916905286,2.19100916905286,4.343730522727871,4.343730522727871,4.343730522727871,0.0,0.0,0.0,182.4093754071554
2024-09-05,176.2563645713799,175.48092173765593,189.1232417597845,176.2563645713799,176.2563645713799,6.298014684034573,6.298014684034573,6.298014684034573,2.028305570001705,2.028305570001705,2.028305570001705,4.269709114032868,4.269709114032868,4.269709114032868,0.0,0.0,0.0,182.55437925541446
2024-09-06,176.6380934273851,176.34361581547677,189.84074648115296,176.6380934273851,176.6380934273851,6.601331900500747,6.601331900500747,6.601331900500747,2.4180951279681135,2.4180951279681135,2.4180951279681135,4.183236772532633,4.183236772532633,4.183236772532633,0.0,0.0,0.0,183.23942532788584
2024-09-09,177.78327999540073,177.25885449279653,190.59117188917338,177.78327999540073,177.78327999540073,6.193192274402006,6.193192274402006,6.193192274402006,2.3295885126466453,2.3295885126466453,2.3295885126466453,3.863603761755359,3.863603761755359,3.863603761755359,0.0,0.0,0.0,183.97647226980274
2024-09-10,178.16500885140593,177.64527161678106,190.97162428203748,178.16500885140593,178.16500885140593,5.95414574792818,5.95414574792818,5.95414574792818,2.214644167057679,2.214644167057679,2.214644167057679,3.7395015808705017,3.7395015808705017,3.7395015808705017,0.0,0.0,0.0,184.1191545993341
2024-09-11,178.54673770741115,177.44295828851557,191.4773924211785,178.54673770741115,178.54673770741115,5.797477040042683,5.797477040042683,5.797477040042683,2.1910091690525246,2.1910091690525246,2.1910091690525246,3.606467870990158,3.606467870990158,3.606467870990158,0.0,0.0,0.0,184.34421474745383
2024-09-12,178.92846656341635,177.82118383844895,191.36014935840237,178.92846656341635,178.92846656341635,5.491785672340847,5.491785672340847,5.491785672340847,2.028305569994996,2.028305569994996,2.028305569994996,3.4634801023458506,3.4634801023458506,3.4634801023458506,0.0,0.0,0.0,184.4202522357572
2024-09-13,179.31019541942158,178.48165859092472,192.4198023368209,179.31019541942158,179.31019541942158,5.726982590148413,5.726982590148413,5.726982590148413,2.4180951279686442,2.4180951279686442,2.4180951279686442,3.308887462179769,3.308887462179769,3.308887462179769,0.0,0.0,0.0,185.03717800957
2024-09-16,180.45538198743722,178.75891950529385,192.34279893143176,180.45538198743722,180.45538198743722,5.079992148955678,5.079992148955678,5.079992148955678,2.3295885126523665,2.3295885126523665,2.3295885126523665,2.7504036363033117,2.7504036363033117,2.7504036363033117,0.0,0.0,0.0,185.5353741363929
2024-09-17,180.83711084344242,178.81612298847827,191.93327095145665,180.83711084344242,180.83711084344242,4.736639986372773,4.736639986372773,4.736639986372773,2.2146441670589296,2.2146441670589296,2.2146441670589296,2.521995819313844,2.521995819313844,2.521995819313844,0.0,0.0,0.0,185.5737508298152
2024-09-18,181.21883969944764,178.6785382793331,192.02653697546674,181.21883969944764,181.21883969944764,4.457359006600392,4.457359006600392,4.457359006600392,2.191009169053021,2.191009169053021,2.191009169053021,2.26634983754737,2.26634983754737,2.26634983754737,0.0,0.0,0.0,185.67619870604804
2024-09-19,181.60056855545284,178.88156390502752,192.07518192364657,181.60056855545284,181.60056855545284,4.007925420876268,4.007925420876268,4.007925420876268,2.0283055699942025,2.0283055699942025,2.0283055699942025,1.9796198508820664,1.9796198508820664,1.9796198508820664,0.0,0.0,0.0,185.6084939763291
2024-09-20,181.98229741145806,179.37381505111927,192.57737489279748,181.98229741145806,181.98229741145806,4.076159367786039,4.076159367786039,4.076159367786039,2.4180951279631664,2.4180951279631664,2.4180951279631664,1.6580642398228718,1.6580642398228718,1.6580642398228718,0.0,0.0,0.0,186.0584567792441
2024-09-23,183.12748397947368,179.24572643203578,192.84981819960277,183.12748397947368,183.12748397947368,2.7818047349248696,2.7818047349248696,2.7818047349248696,2.3295885126346003,2.3295885126346003,2.3295885126346003,0.4522162222902693,0.4522162222902693,0.4522162222902693,0.0,0.0,0.0,185.90928871439854
2024-09-24,183.5092128354789,178.8079243790777,192.72713082818453,183.5092128354789,183.5092128354789,2.1767113694345874,2.1767113694345874,2.1767113694345874,2.21464416706018,2.21464416706018,2.21464416706018,-0.03793279762559265,-0.03793279762559265,-0.03793279762559265,0.0,0.0,0.0,185.6859242049135
2024-09-25,183.8909416914841,178.877897217636,192.13695934366984,183.8909416914841,183.8909416914841,1.6169611443614345,1.6169611443614345,1.6169611443614345,2.191009169052997,2.191009169052997,2.191009169052997,-0.5740480246915628,-0.5740480246915628,-0.5740480246915628,0.0,0.0,0.0,185.50790283584553
2024-09-26,184.27267054748938,178.04270229425825,191.81578535635396,184.27267054748938,184.27267054748938,0.8725778131396751,0.8725778131396751,0.8725778131396751,2.0283055699997314,2.0283055699997314,2.0283055699997314,-1.1557277568600564,-1.1557277568600564,-1.1557277568600564,0.0,0.0,0.0,185.14524836062907
2024-09-27,184.65439940349452,178.56524087666364,192.0211653351883,184.65439940349452,184.65439940349452,0.636698466218019,0.636698466218019,0.636698466218019,2.4180951279576894,2.4180951279576894,2.4180951279576894,-1.7813966617396702,-1.7813966617396702,-1.7813966617396702,0.0,0.0,0.0,185.29109786971253
2024-09-30,185.79958597151017,177.30529289501237,190.53000817530804,185.79958597151017,185.79958597151017,-1.5580120341185406,-1.5580120341185406,-1.5580120341185406,2.3295885126339235,2.3295885126339235,2.3295885126339235,-3.887600546752464,-3.887600546752464,-3.887600546752464,0.0,0.0,0.0,184.24157393739162
2024-10-01,186.18131484172338,176.76883573752482,190.71040784207253,186.18131484172338,186.18131484172338,-2.4333760796919814,-2.4333760796919814,-2.4333760796919814,2.214644167057708,2.214644167057708,2.214644167057708,-4.648020246749689,-4.648020246749689,-4.648020246749689,0.0,0.0,0.0,183.7479387620314
2024-10-02,186.56304371193647,176.13628954588575,189.4535035794529,186.56304371193647,186.56304371193647,-3.2344519022634484,-3.2344519022634484,-3.2344519022634484,2.191009169052975,2.191009169052975,2.191009169052975,-5.425461071316423,-5.425461071316423,-5.425461071316423,0.0,0.0,0.0,183.32859180967301
2024-10-03,186.9447725821497,176.30520606209282,189.6919205943828,186.9447725821497,186.9447725821497,-4.182614425785076,-4.182614425785076,-4.182614425785076,2.028305569998938,2.028305569998938,2.028305569998938,-6.210919995784014,-6.210919995784014,-6.210919995784014,0.0,0.0,0.0,182.76215815636465
2024-10-04,187.32650145236286,175.90669458257076,189.41661189776949,187.32650145236286,187.32650145236286,-4.5763409178972125,-4.5763409178972125,-4.5763409178972125,2.418095127974846,2.418095127974846,2.418095127974846,-6.994436045872059,-6.994436045872059,-6.994436045872059,0.0,0.0,0.0,182.75016053446564
2024-10-07,188.4716880630024,175.15760958111719,188.20469641209465,188.4716880630024,188.4716880630024,-6.893680711973704,-6.893680711973704,-6.893680711973704,2.329588512646042,2.329588512646042,2.329588512646042,-9.223269224619745,-9.223269224619745,-9.223269224619745,0.0,0.0,0.0,181.5780073510287
2024-10-08,188.85341693321556,174.40849462340265,188.04663260273776,188.85341693321556,188.85341693321556,-7.672397825707765,-7.672397825707765,-7.672397825707765,2.214644167055235,2.214644167055235,2.214644167055235,-9.887041992763,-9.887041992763,-9.887041992763,0.0,0.0,0.0,181.18101910750778
2024-10-09,189.23514580342874,174.12444163179057,187.45615403564025,189.23514580342874,189.23514580342874,-8.300846689202436,-8.300846689202436,-8.300846689202436,2.1910091690534705,2.1910091690534705,2.1910091690534705,-10.491855858255905,-10.491855858255905,-10.491855858255905,0.0,0.0,0.0,180.9342991142263
2024-10-10,189.61687467364195,173.72616015011837,187.63183321679728,189.61687467364195,189.61687467364195,-8.99830555011159,-8.99830555011159,-8.99830555011159,2.0283055700013053,2.0283055700013053,2.0283055700013053,-11.026611120112895,-11.026611120112895,-11.026611120112895,0.0,0.0,0.0,180.61856912353036
2024-10-11,189.9986035438551,174.13927520770653,187.63734308537204,189.9986035438551,189.9986035438551,-9.062849718659695,-9.062849718659695,-9.062849718659695,2.418095127975377,2.418095127975377,2.418095127975377,-11.480944846635072,-11.480944846635072,-11.480944846635072,0.0,0.0,0.0,180.9357538251954
2024-10-14,191.14379015449464,174.53814850220664,187.81383924697496,191.14379015449464,191.14379015449464,-9.944820415368799,-9.944820415368799,-9.944820415368799,2.329588512645365,2.329588512645365,2.329588512645365,-12.274408928014164,-12.274408928014164,-12.274408928014164,0.0,0.0,0.0,181.19896973912583
2024-10-15,191.5255190247078,174.54831635355092,188.75396660516364,191.5255190247078,191.5255190247078,-10.112629784168563,-10.112629784168563,-10.112629784168563,2.2146441670617127,2.2146441670617127,2.2146441670617127,-12.327273951230277,-12.327273951230277,-12.327273951230277,0.0,0.0,0.0,181.41288924053922
2024-10-16,191.90724789492103,175.2040616998306,188.4134666587293,191.90724789492103,191.90724789492103,-10.076757249628173,-10.076757249628173,-10.076757249628173,2.1910091690534474,2.1910091690534474,2.1910091690534474,-12.26776641868162,-12.26776641868162,-12.26776641868162,0.0,0.0,0.0,181.83049064529285
2024-10-17,192.28897676513418,174.97818114108566,189.02546347622288,192.28897676513418,192.28897676513418,-10.066570742388482,-10.066570742388482,-10.066570742388482,2.0283055700005117,2.0283055700005117,2.0283055700005117,-12.094876312388994,-12.094876312388994,-12.094876312388994,0.0,0.0,0.0,182.2224060227457
2024-10-18,192.67070563534733,176.85050633786184,189.97685025427128,192.67070563534733,192.67070563534733,-9.391591090344333,-9.391591090344333,-9.391591090344333,2.4180951279638907,2.4180951279638907,2.4180951279638907,-11.809686218308224,-11.809686218308224,-11.809686218308224,0.0,0.0,0.0,183.279114545003
2024-10-21,193.81589224598687,179.5645354197193,191.92215778572583,193.81589224598687,193.81589224598687,-7.993389105419165,-7.993389105419165,-7.993389105419165,2.3295885126510862,2.3295885126510862,2.3295885126510862,-10.322977618070249,-10.322977618070249,-10.322977618070249,0.0,0.0,0.0,185.8225031405677
2024-10-22,194.19762111620005,180.1857124020293,193.43962070118175,194.19762111620005,194.19762111620005,-7.426890599899901,-7.426890599899901,-7.426890599899901,2.2146441670592396,2.2146441670592396,2.2146441670592396,-9.64153476695914,-9.64153476695914,-9.64153476695914,0.0,0.0,0.0,186.77073051630015
2024-10-23,194.57934998641326,181.2151597428378,194.77835654017903,194.57934998641326,194.57934998641326,-6.693141341909497,-6.693141341909497,-6.693141341909497,2.1910091690531117,2.1910091690531117,2.1910091690531117,-8.884150510962609,-8.884150510962609,-8.884150510962609,0.0,0.0,0.0,187.88620864450377
2024-10-24,194.96107885662641,182.30337688622137,195.9881812560354,194.96107885662641,194.96107885662641,-6.035185090424687,-6.035185090424687,-6.035185090424687,2.0283055700028796,2.0283055700028796,2.0283055700028796,-8.063490660427567,-8.063490660427567,-8.063490660427567,0.0,0.0,0.0,188.92589376620174
2024-10-25,195.34280772683957,184.15511862004524,197.28032683219425,195.34280772683957,195.34280772683957,-4.775437763364884,-4.775437763364884,-4.775437763364884,2.418095127964422,2.418095127964422,2.418095127964422,-7.193532891329307,-7.193532891329307,-7.193532891329307,0.0,0.0,0.0,190.56736996347468
2024-10-28,196.4879943374791,187.18909384379467,200.9188743019088,196.4879943374791,196.4879943374791,-2.111462161077621,-2.111462161077621,-2.111462161077621,2.32958851265041,2.32958851265041,2.32958851265041,-4.441050673728031,-4.441050673728031,-4.441050673728031,0.0,0.0,0.0,194.3765321764015
2024-10-29,196.86972320769235,189.07949580582542,202.3151953397826,196.86972320769235,196.86972320769235,-1.3145717753537822,-1.3145717753537822,-1.3145717753537822,2.214644167056767,2.214644167056767,2.214644167056767,-3.529215942410549,-3.529215942410549,-3.529215942410549,0.0,0.0,0.0,195.55515143233856
2024-10-30,197.25145207790544,190.33458779684233,204.01917272870418,197.25145207790544,197.25145207790544,-0.45563016336590667,-0.45563016336590667,-0.45563016336590667,2.191009169053401,2.191009169053401,2.191009169053401,-2.646639332419307,-2.646639332419307,-2.646639332419307,0.0,0.0,0.0,196.79582191453954
2024-10-31,197.63318092761875,191.41327750430898,204.86973817558146,197.63318092761875,197.63318092761875,0.21998385190602385,0.21998385190602385,0.21998385190602385,2.0283055699961707,2.0283055699961707,2.0283055699961707,-1.808321718090147,-1.808321718090147,-1.808321718090147,0.0,0.0,0.0,197.85316477952477
2024-11-01,198.01490977733204,193.00329818137064,205.9826476751561,198.01490977733204,198.01490977733204,1.3898916564944805,1.3898916564944805,1.3898916564944805,2.4180951279589435,2.4180951279589435,2.4180951279589435,-1.028203471464463,-1.028203471464463,-1.028203471464463,0.0,0.0,0.0,199.40480143382652
2024-11-04,199.16009632647194,195.38744007743043,208.6883217334621,199.16009632647194,199.16009632647194,3.175658581704703,3.175658581704703,3.175658581704703,2.329588512656131,2.329588512656131,2.329588512656131,0.846070069048572,0.846070069048572,0.846070069048572,0.0,0.0,0.0,202.33575490817665
2024-11-05,199.54182517618526,196.36147968315623,209.47969928940668,199.54182517618526,199.54182517618526,3.500544227675066,3.500544227675066,3.500544227675066,2.2146441670669677,2.2146441670669677,2.2146441670669677,1.2859000606080986,1.2859000606080986,1.2859000606080986,0.0,0.0,0.0,203.04236940386033
2024-11-06,199.92355402589854,196.9715203258376,210.28464026481666,199.92355402589854,199.92355402589854,3.814932333224445,3.814932333224445,3.814932333224445,2.1910091690530655,2.1910091690530655,2.1910091690530655,1.6239231641713796,1.6239231641713796,1.6239231641713796,0.0,0.0,0.0,203.738486359123
2024-11-07,200.30528287561185,197.59930767839722,210.92352444226015,200.30528287561185,200.30528287561185,3.886408768401267,3.886408768401267,3.886408768401267,2.0283055699985386,2.0283055699985386,2.0283055699985386,1.8581031984027283,1.8581031984027283,1.8581031984027283,0.0,0.0,0.0,204.1916916440131
2024-11-08,200.68701172532516,198.90063415186034,211.66517471383466,200.68701172532516,200.68701172532516,4.4069779640971465,4.4069779640971465,4.4069779640971465,2.4180951279761014,2.4180951279761014,2.4180951279761014,1.9888828361210453,1.9888828361210453,1.9888828361210453,0.0,0.0,0.0,205.0939896894223
2024-11-11,201.83219827446513,199.54276427208862,212.9189612557825,201.83219827446513,201.83219827446513,4.131428351290632,4.131428351290632,4.131428351290632,2.329588512638365,2.329588512638365,2.329588512638365,1.801839838652267,1.801839838652267,1.801839838652267,0.0,0.0,0.0,205.96362662575575
2024-11-12,202.21392712417835,199.1294799189573,212.89477721406803,202.21392712417835,202.21392712417835,3.786131163260908,3.786131163260908,3.786131163260908,2.2146441670607717,2.2146441670607717,2.2146441670607717,1.5714869962001368,1.5714869962001368,1.5714869962001368,0.0,0.0,0.0,206.00005828743926
2024-11-13,202.59565597389167,199.10715834168172,213.2907177661065,202.59565597389167,202.59565597389167,3.4657888676028223,3.4657888676028223,3.4657888676028223,2.1910091690527302,2.1910091690527302,2.1910091690527302,1.274779698550092,1.274779698550092,1.274779698550092,0.0,0.0,0.0,206.06144484149448
2024-11-14,202.97738482360498,198.86134411613182,212.08681678847628,202.97738482360498,202.97738482360498,2.9531395454473284,2.9531395454473284,2.9531395454473284,2.0283055699977446,2.0283055699977446,2.0283055699977446,0.9248339754495838,0.9248339754495838,0.9248339754495838,0.0,0.0,0.0,205.9305243690523
2024-11-15,203.35911367331826,199.5775285328414,213.34617656651713,203.35911367331826,203.35911367331826,2.954114401659492,2.954114401659492,2.954114401659492,2.418095127970623,2.418095127970623,2.418095127970623,0.5360192736888688,0.5360192736888688,0.5360192736888688,0.0,0.0,0.0,206.31322807497776
2024-11-18,204.50430022245817,199.52782997501572,212.94755638238414,204.50430022245817,204.50430022245817,1.6208614884975534,1.6208614884975534,1.6208614884975534,2.3295885126440856,2.3295885126440856,2.3295885126440856,-0.7087270241465323,-0.7087270241465323,-0.7087270241465323,0.0,0.0,0.0,206.12516171095572
2024-11-19,204.88602907217154,199.2921422073373,212.9125187824561,204.88602907217154,204.88602907217154,1.117580372168079,1.117580372168079,1.117580372168079,2.2146441670620223,2.2146441670620223,2.2146441670620223,-1.0970637948939435,-1.0970637948939435,-1.0970637948939435,0.0,0.0,0.0,206.00360944433962
2024-11-20,205.26775792188477,198.87525880356338,212.46120248981106,205.26775792188477,205.26775792188477,0.7443830226444255,0.7443830226444255,0.7443830226444255,2.191009169052707,2.191009169052707,2.191009169052707,-1.4466261464082817,-1.4466261464082817,-1.4466261464082817,0.0,0.0,0.0,206.0121409445292
2024-11-21,205.64948677159813,199.04187575380118,212.25887678157795,205.64948677159813,205.64948677159813,0.2848631716066183,0.2848631716066183,0.2848631716066183,2.028305570003274,2.028305570003274,2.028305570003274,-1.7434423983966556,-1.7434423983966556,-1.7434423983966556,0.0,0.0,0.0,205.93434994320475
2024-11-22,206.0312156213114,200.08439726126548,212.73004185598055,206.0312156213114,206.0312156213114,0.4431725399302978,0.4431725399302978,0.4431725399302978,2.418095127965146,2.418095127965146,2.418095127965146,-1.9749225880348482,-1.9749225880348482,-1.9749225880348482,0.0,0.0,0.0,206.47438816124168
2024-11-25,207.1764021704513,200.9041983588103,214.34153845662127,207.1764021704513,207.1764021704513,0.1510402401212138,0.1510402401212138,0.1510402401212138,2.3295885126498064,2.3295885126498064,2.3295885126498064,-2.1785482725285927,-2.1785482725285927,-2.1785482725285927,0.0,0.0,0.0,207.3274424105725
2024-11-26,207.55813102016464,200.94391926075173,214.18113259653117,207.55813102016464,207.55813102016464,0.15402073497311397,0.15402073497311397,0.15402073497311397,2.21464416705955,2.21464416705955,2.21464416705955,-2.060623432086436,-2.060623432086436,-2.060623432086436,0.0,0.0,0.0,207.71215175513774
2024-11-27,207.9398598698779,201.62403367050115,214.8625898314113,207.9398598698779,207.9398598698779,0.34633404582141974,0.34633404582141974,0.34633404582141974,2.1910091690528914,2.1910091690528914,2.1910091690528914,-1.8446751232314715,-1.8446751232314715,-1.8446751232314715,0.0,0.0,0.0,208.2861939156993
2024-11-29,208.7033175693046,203.15403005533642,216.48711258854473,208.7033175693046,208.7033175693046,1.2940078106615291,1.2940078106615291,1.2940078106615291,2.4180951279596683,2.4180951279596683,2.4180951279596683,-1.124087317298139,-1.124087317298139,-1.124087317298139,0.0,0.0,0.0,209.99732537996613
2024-12-02,209.82712196734354,206.1867540301568,219.65593669106516,209.82712196734354,209.82712196734354,2.9231688229668906,2.9231688229668906,2.9231688229668906,2.3295885126320406,2.3295885126320406,2.3295885126320406,0.5935803103348497,0.5935803103348497,0.5935803103348497,0.0,0.0,0.0,212.75029079031043
2024-12-03,210.20172343335656,206.57411639955274,219.9482182184711,210.20172343335656,210.20172343335656,3.512233316728802,3.512233316728802,3.512233316728802,2.214644167057077,2.214644167057077,2.214644167057077,1.297589149671725,1.297589149671725,1.297589149671725,0.0,0.0,0.0,213.71395675008537
2024-12-04,210.57632489936955,207.96750101562498,221.48210054880795,210.57632489936955,210.57632489936955,4.23684576521389,4.23684576521389,4.23684576521389,2.191009169053179,2.191009169053179,2.191009169053179,2.0458365961607106,2.0458365961607106,2.0458365961607106,0.0,0.0,0.0,214.81317066458345
2024-12-05,210.95092636538254,208.94367446863322,222.1138697971076,210.95092636538254,210.95092636538254,4.851607494669083,4.851607494669083,4.851607494669083,2.0283055699989334,2.0283055699989334,2.0283055699989334,2.82330192467015,2.82330192467015,2.82330192467015,0.0,0.0,0.0,215.80253386005162
2024-12-06,211.32552783139556,210.27861595946302,223.8015536729187,211.32552783139556,211.32552783139556,6.032129000188398,6.032129000188398,6.032129000188398,2.418095127960199,2.418095127960199,2.418095127960199,3.614033872228199,3.614033872228199,3.614033872228199,0.0,0.0,0.0,217.35765683158397
2024-12-09,212.44933222943453,214.19114906672516,226.80985717767206,212.44933222943453,212.44933222943453,8.23004912313677,8.23004912313677,8.23004912313677,2.3295885126313642,2.3295885126313642,2.3295885126313642,5.900460610505405,5.900460610505405,5.900460610505405,0.0,0.0,0.0,220.6793813525713
2024-12-10,212.82393369544755,214.4631116927444,227.9977596524319,212.82393369544755,212.82393369544755,8.79435205184134,8.79435205184134,8.79435205184134,2.214644167054604,2.214644167054604,2.214644167054604,6.579707884786736,6.579707884786736,6.579707884786736,0.0,0.0,0.0,221.6182857472889
2024-12-11,213.19853516146054,215.88442768619674,229.13525181724856,213.19853516146054,213.19853516146054,9.383134093375714,9.383134093375714,9.383134093375714,2.191009169052845,2.191009169052845,2.191009169052845,7.1921249243228695,7.1921249243228695,7.1921249243228695,0.0,0.0,0.0,222.58166925483624
2024-12-12,213.57313662747353,216.5504384341168,229.75154994608522,213.57313662747353,213.57313662747353,9.752617739985538,9.752617739985538,9.752617739985538,2.028305569998139,2.028305569998139,2.028305569998139,7.724312169987398,7.724312169987398,7.724312169987398,0.0,0.0,0.0,223.32575436745907
2024-12-13,213.94773809348655,217.4579437006255,231.34515049996304,213.94773809348655,213.94773809348655,10.582643693042632,10.582643693042632,10.582643693042632,2.4180951279773564,2.4180951279773564,2.4180951279773564,8.164548565065274,8.164548565065274,8.164548565065274,0.0,0.0,0.0,224.53038178652918
2024-12-16,215.07154249152555,219.82524607365409,233.17392384052678,215.07154249152555,215.07154249152555,11.176555208818845,11.176555208818845,11.176555208818845,2.329588512643483,2.329588512643483,2.329588512643483,8.846966696175361,8.846966696175361,8.846966696175361,0.0,0.0,0.0,226.2480977003444
2024-12-17,215.44614395753854,220.1440801208721,233.0771466284165,215.44614395753854,215.44614395753854,11.059011242799372,11.059011242799372,11.059011242799372,2.2146441670558557,2.2146441670558557,2.2146441670558557,8.844367075743516,8.844367075743516,8.844367075743516,0.0,0.0,0.0,226.50515520033792
2024-12-18,215.82074542355147,219.9402224556963,233.5929919628701,215.82074542355147,215.82074542355147,10.915275091188887,10.915275091188887,10.915275091188887,2.191009169052821,2.191009169052821,2.191009169052821,8.724265922136066,8.724265922136066,8.724265922136066,0.0,0.0,0.0,226.73602051474035
2024-12-19,216.19534688956455,219.85097471815118,233.17427504178272,216.19534688956455,216.19534688956455,10.517285586299298,10.517285586299298,10.517285586299298,2.0283055699973453,2.0283055699973453,2.0283055699973453,8.488980016301953,8.488980016301953,8.488980016301953,0.0,0.0,0.0,226.71263247586384
2024-12-20,216.56994835557748,220.61176122799014,233.6685679889509,216.56994835557748,216.56994835557748,10.561395928390546,10.561395928390546,10.561395928390546,2.4180951279778875,2.4180951279778875,2.4180951279778875,8.143300800412657,8.143300800412657,8.143300800412657,0.0,0.0,0.0,227.13134428396802
2024-12-23,217.69375275361648,219.52965597227328,233.07340917212497,217.69375275361648,217.69375275361648,8.855695676734362,8.855695676734362,8.855695676734362,2.329588512642806,2.329588512642806,2.329588512642806,6.526107164091556,6.526107164091556,6.526107164091556,0.0,0.0,0.0,226.54944843035085
2024-12-24,218.06835421962947,218.9677325825901,232.46715572764742,218.06835421962947,218.06835421962947,8.045713472013876,8.045713472013876,8.045713472013876,2.2146441670623322,2.2146441670623322,2.2146441670623322,5.831069304951543,5.831069304951543,5.831069304951543,0.0,0.0,0.0,226.11406769164336
2024-12-26,218.81755715165548,218.36873824049798,232.10472567706364,218.81755715165548,218.81755715165548,6.319219449763248,6.319219449763248,6.319219449763248,2.0283055700028743,2.0283055700028743,2.0283055700028743,4.290913879760374,4.290913879760374,4.290913879760374,0.0,0.0,0.0,225.13677660141872
2024-12-27,219.19215861766847,218.51015903550274,231.7294499030321,219.19215861766847,219.19215861766847,5.895594953055884,5.895594953055884,5.895594953055884,2.418095127966401,2.418095127966401,2.418095127966401,3.477499825089483,3.477499825089483,3.477499825089483,0.0,0.0,0.0,225.08775357072435
2024-12-30,220.31596301570747,216.87751079787307,230.58746432452853,220.31596301570747,220.31596301570747,3.391462218465759,3.391462218465759,3.391462218465759,2.3295885126421294,2.3295885126421294,2.3295885126421294,1.0618737058236298,1.0618737058236298,1.0618737058236298,0.0,0.0,0.0,223.70742523417323
2024-12-31,220.6905644817205,216.71353908373368,230.14454885792819,220.6905644817205,220.6905644817205,2.533313428995797,2.533313428995797,2.533313428995797,2.2146441670635832,2.2146441670635832,2.2146441670635832,0.3186692619322137,0.3186692619322137,0.3186692619322137,0.0,0.0,0.0,223.22387791071628
2025-01-02,221.43976741374635,215.43257170422413,229.46832343296094,221.43976741374635,221.43976741374635,1.0418736401455584,1.0418736401455584,1.0418736401455584,2.028305570002081,2.028305570002081,2.028305570002081,-0.9864319298565228,-0.9864319298565228,-0.9864319298565228,0.0,0.0,0.0,222.4816410538919
2025-01-03,221.36036102022825,216.221538145751,229.0019856009929,221.36036102022825,221.36036102022825,0.8946838737486511,0.8946838737486511,0.8946838737486511,2.418095127966932,2.418095127966932,2.418095127966932,-1.5234112542182807,-1.5234112542182807,-1.5234112542182807,0.0,0.0,0.0,222.2550448939769
2025-01-06,221.122141839674,214.4143144061486,227.29663665658924,221.122141839674,221.122141839674,-0.22983662442653385,-0.22983662442653385,-0.22983662442653385,2.329588512654248,2.329588512654248,2.329588512654248,-2.559425137080782,-2.559425137080782,-2.559425137080782,0.0,0.0,0.0,220.89230521524746
2025-01-07,221.0427354461559,214.08685254821796,226.99274825886368,221.0427354461559,221.0427354461559,-0.4788503753000153,-0.4788503753000153,-0.4788503753000153,2.2146441670573873,2.2146441670573873,2.2146441670573873,-2.6934945423574024,-2.6934945423574024,-2.6934945423574024,0.0,0.0,0.0,220.56388507085586
2025-01-08,220.9633290526378,213.04819842808314,227.01878247399648,220.9633290526378,220.9633290526378,-0.5264232286667376,-0.5264232286667376,-0.5264232286667376,2.191009169053271,2.191009169053271,2.191009169053271,-2.7174323977200086,-2.7174323977200086,-2.7174323977200086,0.0,0.0,0.0,220.43690582397105
2025-01-10,220.80451626560162,213.87767025369408,227.2305174061488,220.80451626560162,220.80451626560162,-0.020885257750937254,-0.020885257750937254,-0.020885257750937254,2.4180951279674625,2.4180951279674625,2.4180951279674625,-2.4389803857184,-2.4389803857184,-2.4389803857184,0.0,0.0,0.0,220.7836310078507
2025-01-13,220.56629708504732,214.30439820109584,228.1830118895043,220.56629708504732,220.56629708504732,1.0576761281706661,1.0576761281706661,1.0576761281706661,2.329588512653571,2.329588512653571,2.329588512653571,-1.271912384482905,-1.271912384482905,-1.271912384482905,0.0,0.0,0.0,221.623973213218
2025-01-14,220.48689069152923,215.26181503841042,228.52956291479043,220.48689069152923,220.48689069152923,1.502017849708082,1.502017849708082,1.502017849708082,2.2146441670586374,2.2146441670586374,2.2146441670586374,-0.7126263173505559,-0.7126263173505559,-0.7126263173505559,0.0,0.0,0.0,221.98890854123732
2025-01-15,220.40748429801116,215.9310169072991,229.1704374895931,220.40748429801116,220.40748429801116,2.106499724838057,2.106499724838057,2.106499724838057,2.191009169053247,2.191009169053247,2.191009169053247,-0.08450944421519029,-0.08450944421519029,-0.08450944421519029,0.0,0.0,0.0,222.5139840228492
2025-01-16,220.32807790449306,216.14541385255558,229.54379876057504,220.32807790449306,220.32807790449306,2.6294930227090894,2.6294930227090894,2.6294930227090894,2.0283055699945782,2.0283055699945782,2.0283055699945782,0.6011874527145108,0.6011874527145108,0.6011874527145108,0.0,0.0,0.0,222.95757092720214
2025-01-17,220.24867151097496,217.13582102232374,230.60884614701695,220.24867151097496,220.24867151097496,3.7506914570396273,3.7506914570396273,3.7506914570396273,2.418095127955976,2.418095127955976,2.418095127955976,1.3325963290836507,1.3325963290836507,1.3325963290836507,0.0,0.0,0.0,223.9993629680146
2025-01-21,219.9310459369026,219.73773300713285,233.24048274853186,219.9310459369026,219.9310459369026,6.685578503132714,6.685578503132714,6.685578503132714,2.2146441670598884,2.2146441670598884,2.2146441670598884,4.470934336072824,4.470934336072824,4.470934336072824,0.0,0.0,0.0,226.6166244400353
2025-01-22,219.8516395433845,220.0464647018597,234.0850275223341,219.8516395433845,219.8516395433845,7.440250639569683,7.440250639569683,7.440250639569683,2.1910091690529114,2.1910091690529114,2.1910091690529114,5.249241470516772,5.249241470516772,5.249241470516772,0.0,0.0,0.0,227.29189018295418
2025-01-23,219.7722331498664,220.78787531237447,234.3324135546314,219.7722331498664,219.7722331498664,8.031434278516686,8.031434278516686,8.031434278516686,2.028305569996946,2.028305569996946,2.028305569996946,6.003128708519739,6.003128708519739,6.003128708519739,0.0,0.0,0.0,227.80366742838308
2025-01-24,219.6928267563483,222.1861581448129,235.82731925960047,219.6928267563483,219.6928267563483,9.14117456636177,9.14117456636177,9.14117456636177,2.418095127956507,2.418095127956507,2.418095127956507,6.723079438405262,6.723079438405262,6.723079438405262,0.0,0.0,0.0,228.83400132271007
2025-01-27,219.45460757579403,223.2724233617325,237.62035842079325,219.45460757579403,219.45460757579403,10.929783960857142,10.929783960857142,10.929783960857142,2.3295885126351283,2.3295885126351283,2.3295885126351283,8.600195448222012,8.600195448222012,8.600195448222012,0.0,0.0,0.0,230.38439153665118
2025-01-28,219.37520118227593,224.15191940177002,237.1516840918658,219.37520118227593,219.37520118227593,11.325727754959596,11.325727754959596,11.325727754959596,2.2146441670536925,2.2146441670536925,2.2146441670536925,9.111083587905904,9.111083587905904,9.111083587905904,0.0,0.0,0.0,230.70092893723552
2025-01-29,219.29579478875783,224.47887226396634,238.01268460363067,219.29579478875783,219.29579478875783,11.748260835143478,11.748260835143478,11.748260835143478,2.191009169053201,2.191009169053201,2.191009169053201,9.557251666090275,9.557251666090275,9.557251666090275,0.0,0.0,0.0,231.0440556239013
2025-01-30,219.21638839523976,224.55602828426703,237.88974212410244,219.21638839523976,219.21638839523976,11.964362474653845,11.964362474653845,11.964362474653845,2.028305569999314,2.028305569999314,2.028305569999314,9.936056904654532,9.936056904654532,9.936056904654532,0.0,0.0,0.0,231.18075086989361
2025-01-31,219.13698200172166,224.81285778447977,238.70935359790377,219.13698200172166,219.13698200172166,12.664036880999591,12.664036880999591,12.664036880999591,2.418095127973664,2.418095127973664,2.418095127973664,10.245941753025928,10.245941753025928,10.245941753025928,0.0,0.0,0.0,231.80101888272125
2025-02-03,218.89876282116737,225.16634711413707,238.40548797647108,218.89876282116737,218.89876282116737,13.09045296247997,13.09045296247997,13.09045296247997,2.3295885126408495,2.3295885126408495,2.3295885126408495,10.760864449839122,10.760864449839122,10.760864449839122,0.0,0.0,0.0,231.98921578364732
2025-02-04,218.81935642764944,225.6711119745546,238.51918968530396,218.81935642764944,218.81935642764944,13.012515984154772,13.012515984154772,13.012515984154772,2.2146441670638928,2.2146441670638928,2.2146441670638928,10.797871817090881,10.797871817090881,10.797871817090881,0.0,0.0,0.0,231.8318724118042
2025-02-05,218.45800646104266,224.83938097973768,238.6226020487673,218.45800646104266,218.45800646104266,12.961954919501427,12.961954919501427,12.961954919501427,2.1910091690533853,2.1910091690533853,2.1910091690533853,10.77094575044804,10.77094575044804,10.77094575044804,0.0,0.0,0.0,231.4199613805441
2025-02-06,218.09665649443588,224.82820420728447,237.45526997108033,218.09665649443588,218.09665649443588,12.711103508348586,12.711103508348586,12.711103508348586,2.028305570001681,2.028305570001681,2.028305570001681,10.682797938346903,10.682797938346903,10.682797938346903,0.0,0.0,0.0,230.80776000278445
2025-02-07,217.73530652782912,223.7403918884173,237.23318265628808,217.73530652782912,217.73530652782912,12.954518192309427,12.954518192309427,12.954518192309427,2.4180951279741953,2.4180951279741953,2.4180951279741953,10.536423064335231,10.536423064335231,10.536423064335231,0.0,0.0,0.0,230.68982472013855
2025-02-10,216.65125662800878,222.06852569712845,235.1917628462985,216.65125662800878,216.65125662800878,12.109458825026607,12.109458825026607,12.109458825026607,2.3295885126465707,2.3295885126465707,2.3295885126465707,9.779870312380035,9.779870312380035,9.779870312380035,0.0,0.0,0.0,228.7607154530354
2025-02-11,216.289906661402,221.3328127144776,234.66368760773338,216.289906661402,216.289906661402,11.647205179699027,11.647205179699027,11.647205179699027,2.2146441670576973,2.2146441670576973,2.2146441670576973,9.432561012641331,9.432561012641331,9.432561012641331,0.0,0.0,0.0,227.93711184110103
2025-02-12,215.92855669479525,221.0981019349052,233.97815081579571,215.92855669479525,215.92855669479525,11.233826585574551,11.233826585574551,11.233826585574551,2.1910091690533617,2.1910091690533617,2.1910091690533617,9.042817416521192,9.042817416521192,9.042817416521192,0.0,0.0,0.0,227.1623832803698
2025-02-13,215.56720672818847,219.2392041233809,233.0349623298018,215.56720672818847,215.56720672818847,10.641804547794738,10.641804547794738,10.641804547794738,2.028305570000888,2.028305570000888,2.028305570000888,8.613498977793851,8.613498977793851,8.613498977793851,0.0,0.0,0.0,226.20901127598322
2025-02-14,215.20585676158163,219.13065434584416,232.2706728245213,215.20585676158163,215.20585676158163,10.565390689893146,10.565390689893146,10.565390689893146,2.418095127968718,2.418095127968718,2.418095127968718,8.147295561924428,8.147295561924428,8.147295561924428,0.0,0.0,0.0,225.77124745147478
2025-02-18,213.76045689515453,215.49251231641435,228.86692398027688,213.76045689515453,213.76045689515453,8.176916253707798,8.176916253707798,8.176916253707798,2.214644167058948,2.214644167058948,2.214644167058948,5.962272086648852,5.962272086648852,5.962272086648852,0.0,0.0,0.0,221.93737314886232
2025-02-19,213.39910692854775,214.49904908968006,227.62065004057132,213.39910692854775,213.39910692854775,7.538329843619629,7.538329843619629,7.538329843619629,2.191009169053026,2.191009169053026,2.191009169053026,5.347320674566604,5.347320674566604,5.347320674566604,0.0,0.0,0.0,220.9374367721674
2025-02-20,213.03775696194103,212.8100547263677,226.52741599781274,213.03775696194103,213.03775696194103,6.737696408174538,6.737696408174538,6.737696408174538,2.0283055700064168,2.0283055700064168,2.0283055700064168,4.7093908381681215,4.7093908381681215,4.7093908381681215,0.0,0.0,0.0,219.77545337011557
2025-02-21,212.67640699533425,212.81141202411337,225.8439120877235,212.67640699533425,212.67640699533425,6.468967808899599,6.468967808899599,6.468967808899599,2.4180951279798664,2.4180951279798664,2.4180951279798664,4.050872680919733,4.050872680919733,4.050872680919733,0.0,0.0,0.0,219.14537480423385
2025-02-24,211.59235709551388,208.7869496004251,222.95043341930753,211.59235709551388,211.59235709551388,4.308180489254657,4.308180489254657,4.308180489254657,2.329588512651615,2.329588512651615,2.329588512651615,1.9785919766030418,1.9785919766030418,1.9785919766030418,0.0,0.0,0.0,215.90053758476853
2025-02-25,211.2310071289071,207.82919992310397,221.4757148341737,211.2310071289071,211.2310071289071,3.4804508992568186,3.4804508992568186,3.4804508992568186,2.214644167056475,2.214644167056475,2.214644167056475,1.265806732200343,1.265806732200343,1.265806732200343,0.0,0.0,0.0,214.71145802816392
2025-02-26,210.8696571623003,206.6444912858438,220.49722140974754,210.8696571623003,210.8696571623003,2.7388716745617234,2.7388716745617234,2.7388716745617234,2.191009169052691,2.191009169052691,2.191009169052691,0.5478625055090319,0.5478625055090319,0.5478625055090319,0.0,0.0,0.0,213.60852883686204
2025-02-27,210.50830719569353,205.9180186574286,219.25524047968165,210.50830719569353,210.50830719569353,1.8570456414546974,1.8570456414546974,1.8570456414546974,2.028305569996547,2.028305569996547,2.028305569996547,-0.1712599285418494,-0.1712599285418494,-0.1712599285418494,0.0,0.0,0.0,212.36535283714824
2025-02-28,210.14695722908675,204.85467732559226,218.4752273552975,210.14695722908675,210.14695722908675,1.530811297355959,1.530811297355959,1.530811297355959,2.418095127974389,2.418095127974389,2.418095127974389,-0.8872838306184295,-0.8872838306184295,-0.8872838306184295,0.0,0.0,0.0,211.67776852644272
2025-03-03,209.06290732926647,201.52823588929905,215.34945415215162,209.06290732926647,209.06290732926647,-0.6408313625339409,-0.6408313625339409,-0.6408313625339409,2.3295885126402465,2.3295885126402465,2.3295885126402465,-2.9704198751741875,-2.9704198751741875,-2.9704198751741875,0.0,0.0,0.0,208.42207596673254
2025-03-04,208.7015573626596,200.9712484991829,213.85201655252877,208.7015573626596,208.7015573626596,-1.4123145163803155,-1.4123145163803155,-1.4123145163803155,2.214644167062952,2.214644167062952,2.214644167062952,-3.6269586834432674,-3.6269586834432674,-3.6269586834432674,0.0,0.0,0.0,207.28924284627928
2025-03-05,208.34020739605288,199.5804556621897,212.83989652611396,208.34020739605288,208.34020739605288,-2.065391492558565,-2.065391492558565,-2.065391492558565,2.1910091690529794,2.1910091690529794,2.1910091690529794,-4.256400661611544,-4.256400661611544,-4.256400661611544,0.0,0.0,0.0,206.2748159034943
2025-03-06,207.9788574294461,198.77345815579534,211.23555725165085,207.9788574294461,207.9788574294461,-2.8256971215381443,-2.8256971215381443,-2.8256971215381443,2.0283055699989148,2.0283055699989148,2.0283055699989148,-4.854002691537059,-4.854002691537059,-4.854002691537059,0.0,0.0,0.0,205.15316030790794
2025-03-07,207.61750746283937,198.50939644035674,211.5763256247912,207.61750746283937,207.61750746283937,-2.9971918355413916,-2.9971918355413916,-2.9971918355413916,2.418095127974919,2.418095127974919,2.418095127974919,-5.41528696351631,-5.41528696351631,-5.41528696351631,0.0,0.0,0.0,204.62031562729797
2025-03-10,206.5334575773483,196.03200319021838,208.4029140616001,206.5334575773483,206.5334575773483,-4.513305563138371,-4.513305563138371,-4.513305563138371,2.3295885126395697,2.3295885126395697,2.3295885126395697,-6.842894075777941,-6.842894075777941,-6.842894075777941,0.0,0.0,0.0,202.0201520142099
2025-03-11,206.17210761551792,193.9908523431874,207.95705728248328,206.17210761551792,206.17210761551792,-5.00886252611733,-5.00886252611733,-5.00886252611733,2.2146441670604795,2.2146441670604795,2.2146441670604795,-7.223506693177811,-7.223506693177811,-7.223506693177811,0.0,0.0,0.0,201.1632450894006
2025-03-12,205.81075765368752,193.7933994359366,207.23343393213156,205.81075765368752,205.81075765368752,-5.362389058523361,-5.362389058523361,-5.362389058523361,2.1910091690526445,2.1910091690526445,2.1910091690526445,-7.553398227576006,-7.553398227576006,-7.553398227576006,0.0,0.0,0.0,200.44836859516417
2025-03-13,205.4494076918572,192.4272125125233,205.95439018068438,205.4494076918572,205.4494076918572,-5.80368271011753,-5.80368271011753,-5.80368271011753,2.0283055699981207,2.0283055699981207,2.0283055699981207,-7.8319882801156515,-7.8319882801156515,-7.8319882801156515,0.0,0.0,0.0,199.64572498173968
2025-03-14,205.0880577300268,193.01131293192554,206.193421499583,205.0880577300268,205.0880577300268,-5.641538063895185,-5.641538063895185,-5.641538063895185,2.418095127969442,2.418095127969442,2.418095127969442,-8.059633191864627,-8.059633191864627,-8.059633191864627,0.0,0.0,0.0,199.44651966613162
2025-03-17,204.00400784453572,191.5342247563549,204.74660160127777,204.00400784453572,204.00400784453572,-6.125455275983731,-6.125455275983731,-6.125455275983731,2.329588512651688,2.329588512651688,2.329588512651688,-8.455043788635418,-8.455043788635418,-8.455043788635418,0.0,0.0,0.0,197.87855256855198
2025-03-18,203.6426578827054,190.57704491937133,203.94576987598106,203.6426578827054,203.6426578827054,-6.287216932985143,-6.287216932985143,-6.287216932985143,2.21464416706173,2.21464416706173,2.21464416706173,-8.501861100046874,-8.501861100046874,-8.501861100046874,0.0,0.0,0.0,197.35544094972028
2025-03-19,203.28130792087504,190.40684125574103,203.82587294706627,203.28130792087504,203.28130792087504,-6.32285815150015,-6.32285815150015,-6.32285815150015,2.191009169052621,2.191009169052621,2.191009169052621,-8.513867320552773,-8.513867320552773,-8.513867320552773,0.0,0.0,0.0,196.95844976937488
2025-03-20,202.91995795904464,189.6234811322739,202.91861544633284,202.91995795904464,202.91995795904464,-6.468557164705699,-6.468557164705699,-6.468557164705699,2.028305569994573,2.028305569994573,2.028305569994573,-8.496862734700274,-8.496862734700274,-8.496862734700274,0.0,0.0,0.0,196.45140079433895
2025-03-21,202.55860799721427,189.79801705128543,203.54083374267955,202.55860799721427,202.55860799721427,-6.039193187170309,-6.039193187170309,-6.039193187170309,2.418095127969973,2.418095127969973,2.418095127969973,-8.457288315140282,-8.457288315140282,-8.457288315140282,0.0,0.0,0.0,196.51941481004397
2025-03-24,201.47455811172318,188.98650806226743,202.14274210065977,201.47455811172318,201.47455811172318,-5.944544269789871,-5.944544269789871,-5.944544269789871,2.3295885126510116,2.3295885126510116,2.3295885126510116,-8.274132782440882,-8.274132782440882,-8.274132782440882,0.0,0.0,0.0,195.5300138419333
2025-03-25,201.11320814989284,188.17355919753345,201.93615840139995,201.11320814989284,201.11320814989284,-6.00165513559775,-6.00165513559775,-6.00165513559775,2.214644167059258,2.214644167059258,2.214644167059258,-8.216299302657006,-8.216299302657006,-8.216299302657006,0.0,0.0,0.0,195.11155301429508
2025-03-26,200.75185818806247,188.3576720613818,201.43309180309606,200.75185818806247,200.75185818806247,-5.9813018850583575,-5.9813018850583575,-5.9813018850583575,2.1910091690531175,2.1910091690531175,2.1910091690531175,-8.172311054111475,-8.172311054111475,-8.172311054111475,0.0,0.0,0.0,194.77055630300413
2025-03-27,200.39050822623207,187.84506725189613,200.6943717393705,200.39050822623207,200.39050822623207,-6.120746884175806,-6.120746884175806,-6.120746884175806,2.028305569996941,2.028305569996941,2.028305569996941,-8.149052454172747,-8.149052454172747,-8.149052454172747,0.0,0.0,0.0,194.26976134205626
2025-03-28,200.02915826440176,187.72641098246666,200.67957277379617,200.02915826440176,200.02915826440176,-5.734751110003985,-5.734751110003985,-5.734751110003985,2.4180951279584866,2.4180951279584866,2.4180951279584866,-8.15284623796247,-8.15284623796247,-8.15284623796247,0.0,0.0,0.0,194.29440715439776
2025-03-31,198.94510837891062,186.41531137857172,200.3563141667305,198.94510837891062,198.94510837891062,-6.048237033877975,-6.048237033877975,-6.048237033877975,2.3295885126332454,2.3295885126332454,2.3295885126332454,-8.377825546511222,-8.377825546511222,-8.377825546511222,0.0,0.0,0.0,192.89687134503265
2025-04-01,198.5837584170803,185.14252962530222,198.34102300228912,198.5837584170803,198.5837584170803,-6.321473259964364,-6.321473259964364,-6.321473259964364,2.2146441670605084,2.2146441670605084,2.2146441670605084,-8.536117427024871,-8.536117427024871,-8.536117427024871,0.0,0.0,0.0,192.26228515711594
2025-04-02,198.2224084552499,184.95930576509662,199.0981013355269,198.2224084552499,198.2224084552499,-6.548199512129116,-6.548199512129116,-6.548199512129116,2.191009169053094,2.191009169053094,2.191009169053094,-8.73920868118221,-8.73920868118221,-8.73920868118221,0.0,0.0,0.0,191.6742089431208
2025-04-03,197.86105849341953,184.3231097044108,197.6875041256862,197.86105849341953,197.86105849341953,-6.958778090281356,-6.958778090281356,-6.958778090281356,2.028305569999309,2.028305569999309,2.028305569999309,-8.987083660280666,-8.987083660280666,-8.987083660280666,0.0,0.0,0.0,190.90228040313818
2025-04-04,197.49970853158914,183.74048811453835,197.7683576863953,197.49970853158914,197.49970853158914,-6.8603074009800515,-6.8603074009800515,-6.8603074009800515,2.4180951279590173,2.4180951279590173,2.4180951279590173,-9.278402528939068,-9.278402528939068,-9.278402528939068,0.0,0.0,0.0,190.6394011306091
2025-04-07,196.41565864609808,181.31368565617197,195.1658883180038,196.41565864609808,196.41565864609808,-8.050512079993517,-8.050512079993517,-8.050512079993517,2.3295885126389666,2.3295885126389666,2.3295885126389666,-10.380100592632482,-10.380100592632482,-10.380100592632482,0.0,0.0,0.0,188.36514656610456
2025-04-08,196.51954885878354,181.0122352400063,194.7345300436369,196.51954885878354,196.51954885878354,-8.591542271774232,-8.591542271774232,-8.591542271774232,2.214644167054312,2.214644167054312,2.214644167054312,-10.806186438828544,-10.806186438828544,-10.806186438828544,0.0,0.0,0.0,187.9280065870093
2025-04-09,196.62343907146897,181.28903363564643,194.29706111535234,196.62343907146897,196.62343907146897,-9.059473613559733,-9.059473613559733,-9.059473613559733,2.1910091690527587,2.1910091690527587,2.1910091690527587,-11.250482782612494,-11.250482782612494,-11.250482782612494,0.0,0.0,0.0,187.56396545790923
2025-04-10,196.7273292841544,180.70764539175568,194.00020227938447,196.7273292841544,196.7273292841544,-9.676637646883147,-9.676637646883147,-9.676637646883147,2.0283055699985146,2.0283055699985146,2.0283055699985146,-11.704943216881663,-11.704943216881663,-11.704943216881663,0.0,0.0,0.0,187.05069163727126
2025-04-11,196.83121949683982,180.18258352373573,193.43877385492928,196.83121949683982,196.83121949683982,-9.74279047083651,-9.74279047083651,-9.74279047083651,2.4180951279761747,2.4180951279761747,2.4180951279761747,-12.160885598812685,-12.160885598812685,-12.160885598812685,0.0,0.0,0.0,187.08842902600333
2025-04-14,197.14289013489613,179.10580587365098,192.67368416491956,197.14289013489613,197.14289013489613,-11.11591202452334,-11.11591202452334,-11.11591202452334,2.329588512644687,2.329588512644687,2.329588512644687,-13.445500537168028,-13.445500537168028,-13.445500537168028,0.0,0.0,0.0,186.0269781103728
2025-04-15,197.24678034758156,178.8615805134895,192.43538107966435,197.24678034758156,197.24678034758156,-11.600372041081664,-11.600372041081664,-11.600372041081664,2.214644167055563,2.214644167055563,2.214644167055563,-13.815016208137228,-13.815016208137228,-13.815016208137228,0.0,0.0,0.0,185.6464083064999
2025-04-16,197.35067056026702,178.72906161818537,192.2454502047934,197.35067056026702,197.35067056026702,-11.949345179071853,-11.949345179071853,-11.949345179071853,2.1910091690535665,2.1910091690535665,2.1910091690535665,-14.14035434812542,-14.14035434812542,-14.14035434812542,0.0,0.0,0.0,185.40132538119516
2025-04-17,197.45456077295242,177.86382760331685,190.99701155439053,197.45456077295242,197.45456077295242,-12.38514430244038,-12.38514430244038,-12.38514430244038,2.028305569997722,2.028305569997722,2.028305569997722,-14.413449872438102,-14.413449872438102,-14.413449872438102,0.0,0.0,0.0,185.06941647051204
2025-04-21,197.8701216236942,178.9140244479768,192.0505815557104,197.8701216236942,197.8701216236942,-12.52520431251273,-12.52520431251273,-12.52520431251273,2.3295885126440106,2.3295885126440106,2.3295885126440106,-14.854792825156741,-14.854792825156741,-14.854792825156741,0.0,0.0,0.0,185.34491731118146
2025-04-22,197.97401183637962,178.60066139060214,192.60021085686864,197.97401183637962,197.97401183637962,-12.565825991114671,-12.565825991114671,-12.565825991114671,2.21464416706204,2.21464416706204,2.21464416706204,-14.780470158176712,-14.780470158176712,-14.780470158176712,0.0,0.0,0.0,185.40818584526494
2025-04-23,198.07790204906507,178.92585791758904,192.29916162386115,198.07790204906507,198.07790204906507,-12.437211165262806,-12.437211165262806,-12.437211165262806,2.1910091690532316,2.1910091690532316,2.1910091690532316,-14.628220334316037,-14.628220334316037,-14.628220334316037,0.0,0.0,0.0,185.64069088380228
2025-04-24,198.1817922617505,179.5441458347446,192.69675571850374,198.1817922617505,198.1817922617505,-12.370214922697787,-12.370214922697787,-12.370214922697787,2.0283055700000894,2.0283055700000894,2.0283055700000894,-14.398520492697875,-14.398520492697875,-14.398520492697875,0.0,0.0,0.0,185.81157733905272
2025-04-25,198.28568247443593,179.8413144561062,193.12017020185777,198.28568247443593,198.28568247443593,-11.675195782550755,-11.675195782550755,-11.675195782550755,2.4180951279652194,2.4180951279652194,2.4180951279652194,-14.093290910515975,-14.093290910515975,-14.093290910515975,0.0,0.0,0.0,186.61048669188517
2025-04-28,198.59735311249224,181.64691963167058,194.78317582323106,198.59735311249224,198.59735311249224,-10.434479392435069,-10.434479392435069,-10.434479392435069,2.329588512643334,2.329588512643334,2.329588512643334,-12.764067905078402,-12.764067905078402,-12.764067905078402,0.0,0.0,0.0,188.16287372005718
2025-04-29,198.70124332517767,182.67597094567492,195.37854377683672,198.70124332517767,198.70124332517767,-9.98783215673234,-9.98783215673234,-9.98783215673234,2.214644167059568,2.214644167059568,2.214644167059568,-12.202476323791908,-12.202476323791908,-12.202476323791908,0.0,0.0,0.0,188.71341116844533
2025-04-30,198.80513353786313,182.25393219340222,196.09665970067988,198.80513353786313,198.80513353786313,-9.402853900375854,-9.402853900375854,-9.402853900375854,2.1910091690535203,2.1910091690535203,2.1910091690535203,-11.593863069429375,-11.593863069429375,-11.593863069429375,0.0,0.0,0.0,189.40227963748728
2025-05-01,198.90902375054856,183.42738750044495,196.79996092969375,198.90902375054856,198.90902375054856,-8.918452548948755,-8.918452548948755,-8.918452548948755,2.0283055700024573,2.0283055700024573,2.0283055700024573,-10.946758118951212,-10.946758118951212,-10.946758118951212,0.0,0.0,0.0,189.9905712015998
2025-05-02,199.01291396323398,184.5123162485429,197.81809675834188,199.01291396323398,199.01291396323398,-7.852117394657725,-7.852117394657725,-7.852117394657725,2.41809512796575,2.41809512796575,2.41809512796575,-10.270212522623476,-10.270212522623476,-10.270212522623476,0.0,0.0,0.0,191.16079656857625
2025-05-05,199.32458460129027,186.37277375701194,200.1036008468408,199.32458460129027,199.32458460129027,-5.828262240861212,-5.828262240861212,-5.828262240861212,2.3295885126490554,2.3295885126490554,2.3295885126490554,-8.15785075351027,-8.15785075351027,-8.15785075351027,0.0,0.0,0.0,193.49632236042905
2025-05-06,199.42847481397573,186.828116374212,200.66367647588908,199.42847481397573,199.42847481397573,-5.242471359558363,-5.242471359558363,-5.242471359558363,2.214644167057095,2.214644167057095,2.214644167057095,-7.457115526615458,-7.457115526615458,-7.457115526615458,0.0,0.0,0.0,194.18600345441737
2025-05-07,199.53236502666118,188.4779147046791,202.0023017128639,199.53236502666118,199.53236502666118,-4.581655972934335,-4.581655972934335,-4.581655972934335,2.191009169053185,2.191009169053185,2.191009169053185,-6.772665141987521,-6.772665141987521,-6.772665141987521,0.0,0.0,0.0,194.95070905372685
2025-05-08,199.6362552393466,188.88714063925758,202.26167403411344,199.6362552393466,199.6362552393466,-4.084021538625345,-4.084021538625345,-4.084021538625345,2.028305569995749,2.028305569995749,2.028305569995749,-6.112327108621093,-6.112327108621093,-6.112327108621093,0.0,0.0,0.0,195.55223370072127
2025-05-09,199.82466925988118,189.919708724154,203.32475619622497,199.82466925988118,199.82466925988118,-3.0649858021880325,-3.0649858021880325,-3.0649858021880325,2.418095127966281,2.418095127966281,2.418095127966281,-5.483080930154313,-5.483080930154313,-5.483080930154313,0.0,0.0,0.0,196.75968345769314
2025-05-12,200.3899113214849,191.94532400697653,205.59086826265155,200.3899113214849,200.3899113214849,-1.5067809989815353,-1.5067809989815353,-1.5067809989815353,2.329588512654776,2.329588512654776,2.329588512654776,-3.8363695116363115,-3.8363695116363115,-3.8363695116363115,0.0,0.0,0.0,198.88313032250338
2025-05-13,200.57832534201944,193.13597485129307,206.6244152387232,200.57832534201944,200.57832534201944,-1.1656149868485068,-1.1656149868485068,-1.1656149868485068,2.2146441670583457,2.2146441670583457,2.2146441670583457,-3.3802591539068523,-3.3802591539068523,-3.3802591539068523,0.0,0.0,0.0,199.41271035517093
2025-05-14,200.766739362554,193.59069262705165,207.13762552018898,200.766739362554,200.766739362554,-0.7827492802272333,-0.7827492802272333,-0.7827492802272333,2.191009169053162,2.191009169053162,2.191009169053162,-2.973758449280395,-2.973758449280395,-2.973758449280395,0.0,0.0,0.0,199.98399008232678
2025-05-15,200.9551533830886,193.80840237788436,207.18663734239624,200.9551533830886,200.9551533830886,-0.5886735435496716,-0.5886735435496716,-0.5886735435496716,2.0283055699949544,2.0283055699949544,2.0283055699949544,-2.616979113544626,-2.616979113544626,-2.616979113544626,0.0,0.0,0.0,200.36647983953893
2025-05-16,201.14356740362317,194.1027859767367,208.27581702997864,201.14356740362317,201.14356740362317,0.10922213096548852,0.10922213096548852,0.10922213096548852,2.418095127960803,2.418095127960803,2.418095127960803,-2.308872996995315,-2.308872996995315,-2.308872996995315,0.0,0.0,0.0,201.25278953458866
2025-05-19,201.70880946522684,195.25105011687688,209.15992995434885,201.70880946522684,201.70880946522684,0.679150793872759,0.679150793872759,0.679150793872759,2.3295885126370104,2.3295885126370104,2.3295885126370104,-1.650437718764251,-1.650437718764251,-1.650437718764251,0.0,0.0,0.0,202.3879602590996
2025-05-20,201.89722348576143,195.67899282307113,208.85181625632922,201.89722348576143,201.89722348576143,0.7082120067944109,0.7082120067944109,0.7082120067944109,2.2146441670611,2.2146441670611,2.2146441670611,-1.5064321602666888,-1.5064321602666888,-1.5064321602666888,0.0,0.0,0.0,202.60543549255584
2025-05-21,202.085637506296,196.13640205338845,209.04709856141554,202.085637506296,202.085637506296,0.7991622308425189,0.7991622308425189,0.7991622308425189,2.191009169052827,2.191009169052827,2.191009169052827,-1.391846938210308,-1.391846938210308,-1.391846938210308,0.0,0.0,0.0,202.8847997371385
2025-05-22,202.2740515268306,196.10930072655538,209.7669594765568,202.2740515268306,202.2740515268306,0.7273330436104009,0.7273330436104009,0.7273330436104009,2.0283055700004837,2.0283055700004837,2.0283055700004837,-1.3009725263900827,-1.3009725263900827,-1.3009725263900827,0.0,0.0,0.0,203.001384570441
2025-05-23,202.46246554736516,197.04185149642342,210.27748731566166,202.46246554736516,202.46246554736516,1.1902471726096582,1.1902471726096582,1.1902471726096582,2.418095127955325,2.418095127955325,2.418095127955325,-1.227847955345667,-1.227847955345667,-1.227847955345667,0.0,0.0,0.0,203.6527127199748
2025-05-27,203.21612162950342,197.3475458642518,210.93218563188245,203.21612162950342,203.21612162950342,1.220780517673604,1.220780517673604,1.220780517673604,2.2146441670623513,2.2146441670623513,2.2146441670623513,-0.9938636493887467,-0.9938636493887467,-0.9938636493887467,0.0,0.0,0.0,204.43690214717702
2025-05-28,203.40453565003799,197.92598318692913,211.39351619832195,203.40453565003799,203.40453565003799,1.2686194729116627,1.2686194729116627,1.2686194729116627,2.191009169052803,2.191009169052803,2.191009169052803,-0.9223896961411405,-0.9223896961411405,-0.9223896961411405,0.0,0.0,0.0,204.67315512294965
2025-05-29,203.59294967057258,198.01517249581738,211.7028100596738,203.59294967057258,203.59294967057258,1.192051714067857,1.192051714067857,1.192051714067857,2.0283055699996906,2.0283055699996906,2.0283055699996906,-0.836253855931833,-0.836253855931833,-0.836253855931833,0.0,0.0,0.0,204.78500138464042
2025-05-30,203.78136369110715,198.97233768730922,212.32320822652795,203.78136369110715,203.78136369110715,1.6863071404210972,1.6863071404210972,1.6863071404210972,2.4180951279664744,2.4180951279664744,2.4180951279664744,-0.7317879875453771,-0.7317879875453771,-0.7317879875453771,0.0,0.0,0.0,205.46767083152824
2025-06-02,204.34660575271087,199.5183655258583,212.63982964622764,204.34660575271087,204.34660575271087,2.046893334450436,2.046893334450436,2.046893334450436,2.329588512648452,2.329588512648452,2.329588512648452,-0.2826951781980155,-0.2826951781980155,-0.2826951781980155,0.0,0.0,0.0,206.3934990871613
2025-06-03,204.5350197732454,200.22083701362016,214.23566941335454,204.5350197732454,204.5350197732454,2.1316686812455017,2.1316686812455017,2.1316686812455017,2.2146441670561536,2.2146441670561536,2.2146441670561536,-0.08297548581065228,-0.08297548581065228,-0.08297548581065228,0.0,0.0,0.0,206.66668845449092
2025-06-04,204.72343379377998,200.35891806969852,214.13702577760876,204.72343379377998,204.72343379377998,2.3333122625469533,2.3333122625469533,2.3333122625469533,2.1910091690532987,2.1910091690532987,2.1910091690532987,0.1423030934936547,0.1423030934936547,0.1423030934936547,0.0,0.0,0.0,207.05674605632692
2025-06-05,204.91184781431457,200.59831985143023,213.81192905367556,204.91184781431457,204.91184781431457,2.420751119333436,2.420751119333436,2.420751119333436,2.0283055700020576,2.0283055700020576,2.0283055700020576,0.39244554933137876,0.39244554933137876,0.39244554933137876,0.0,0.0,0.0,207.332598933648
2025-06-06,205.10026183484914,201.9547310545796,215.12369660829705,205.10026183484914,205.10026183484914,3.0842599030304862,3.0842599030304862,3.0842599030304862,2.4180951279670047,2.4180951279670047,2.4180951279670047,0.6661647750634817,0.6661647750634817,0.6661647750634817,0.0,0.0,0.0,208.18452173787963
2025-06-09,205.6655038964528,202.68789522935603,216.45319493041438,205.6655038964528,205.6655038964528,3.9384514080036497,3.9384514080036497,3.9384514080036497,2.3295885126477756,2.3295885126477756,2.3295885126477756,1.6088628953558743,1.6088628953558743,1.6088628953558743,0.0,0.0,0.0,209.60395530445646
2025-06-10,205.8539179169874,203.3302811732201,217.2502736305476,205.8539179169874,205.8539179169874,4.169951362186994,4.169951362186994,4.169951362186994,2.2146441670574055,2.2146441670574055,2.2146441670574055,1.9553071951295886,1.9553071951295886,1.9553071951295886,0.0,0.0,0.0,210.0238692791744
2025-06-11,206.04233193752196,203.47267111575533,217.2341797002696,206.04233193752196,206.04233193752196,4.5042450654938175,4.5042450654938175,4.5042450654938175,2.1910091690532765,2.1910091690532765,2.1910091690532765,2.313235896440541,2.313235896440541,2.313235896440541,0.0,0.0,0.0,210.54657700301578
2025-06-12,206.23074595805656,204.11336854227028,217.94639988344028,206.23074595805656,206.23074595805656,4.708112444693315,4.708112444693315,4.708112444693315,2.028305570001264,2.028305570001264,2.028305570001264,2.67980687469205,2.67980687469205,2.67980687469205,0.0,0.0,0.0,210.93885840274987
2025-06-13,206.41915997859113,204.81579760325383,218.7574878019931,206.41915997859113,206.41915997859113,5.470358363640791,5.470358363640791,5.470358363640791,2.4180951279615277,2.4180951279615277,2.4180951279615277,3.0522632356792645,3.0522632356792645,3.0522632356792645,0.0,0.0,0.0,211.88951834223192
2025-06-16,206.9844020401948,206.91712730929902,219.78954674811632,206.9844020401948,206.9844020401948,6.509849146057061,6.509849146057061,6.509849146057061,2.3295885126364064,2.3295885126364064,2.3295885126364064,4.180260633420654,4.180260633420654,4.180260633420654,0.0,0.0,0.0,213.49425118625186
2025-06-17,207.1728160607294,207.56799828642104,221.02194374776627,207.1728160607294,207.1728160607294,6.767583792261567,6.767583792261567,6.767583792261567,2.214644167058656,2.214644167058656,2.214644167058656,4.552939625202911,4.552939625202911,4.552939625202911,0.0,0.0,0.0,213.94039985299096
2025-06-18,207.36123008126395,207.84496019811056,221.26904455369257,207.36123008126395,207.36123008126395,7.1123451418164105,7.1123451418164105,7.1123451418164105,2.1910091690529407,2.1910091690529407,2.1910091690529407,4.921335972763471,4.921335972763471,4.921335972763471,0.0,0.0,0.0,214.47357522308036
2025-06-20,207.73805812233311,208.85036802338558,222.6842088631651,207.73805812233311,207.73805812233311,8.059462411180217,8.059462411180217,8.059462411180217,2.418095127984694,2.418095127984694,2.418095127984694,5.641367283195523,5.641367283195523,5.641367283195523,0.0,0.0,0.0,215.79752053351334
2025-06-23,208.30330018393678,210.30876878990455,223.7795362846998,208.30330018393678,208.30330018393678,9.002293312328481,9.002293312328481,9.002293312328481,2.3295885126357305,2.3295885126357305,2.3295885126357305,6.672704799692749,6.672704799692749,6.672704799692749,0.0,0.0,0.0,217.30559349626526
2025-06-24,208.49171420447138,211.215145867114,224.37269894909562,208.49171420447138,208.49171420447138,9.217900234268036,9.217900234268036,9.217900234268036,2.2146441670561825,2.2146441670561825,2.2146441670561825,7.003256067211855,7.003256067211855,7.003256067211855,0.0,0.0,0.0,217.7096144387394
2025-06-25,208.68012822500594,211.33411186856588,224.61993747848317,208.68012822500594,208.68012822500594,9.518466610090005,9.518466610090005,9.518466610090005,2.191009169053229,2.191009169053229,2.191009169053229,7.327457441036775,7.327457441036775,7.327457441036775,0.0,0.0,0.0,218.19859483509595
2025-06-26,208.86854224554054,211.8908679228876,224.77235802939757,208.86854224554054,208.86854224554054,9.673784487133165,9.673784487133165,9.673784487133165,2.028305569996923,2.028305569996923,2.028305569996923,7.6454789171362405,7.6454789171362405,7.6454789171362405,0.0,0.0,0.0,218.5423267326737
2025-06-27,209.0569562660751,212.6939455705692,225.9714035954058,209.0569562660751,209.0569562660751,10.375486053636404,10.375486053636404,10.375486053636404,2.4180951279732072,2.4180951279732072,2.4180951279732072,7.957390925663196,7.957390925663196,7.957390925663196,0.0,0.0,0.0,219.4324423197115
2025-06-30,209.62219832767877,213.8590290177716,227.46365844066196,209.62219832767877,209.62219832767877,11.183773640472795,11.183773640472795,11.183773640472795,2.3295885126414513,2.3295885126414513,2.3295885126414513,8.854185127831345,8.854185127831345,8.854185127831345,0.0,0.0,0.0,220.80597196815157
2025-07-01,209.81061234821337,214.75625358126615,228.54517114471406,209.81061234821337,209.81061234821337,11.352599275052835,11.352599275052835,11.352599275052835,2.2146441670663837,2.2146441670663837,2.2146441670663837,9.13795510798645,9.13795510798645,9.13795510798645,0.0,0.0,0.0,221.1632116232662
2025-07-02,209.99902636874793,214.4672404711447,228.27398737044328,209.99902636874793,209.99902636874793,11.603196523784908,11.603196523784908,11.603196523784908,2.191009169052894,2.191009169052894,2.191009169052894,9.412187354732014,9.412187354732014,9.412187354732014,0.0,0.0,0.0,221.60222289253284
2025-07-03,210.18744038928253,215.32408704191062,228.70135902252656,210.18744038928253,210.18744038928253,11.703439611036494,11.703439611036494,11.703439611036494,2.0283055700024524,2.0283055700024524,2.0283055700024524,9.675134041034042,9.675134041034042,9.675134041034042,0.0,0.0,0.0,221.89088000031902
2025-07-07,210.94109647142076,216.88324972424073,230.54398394273778,210.94109647142076,210.94109647142076,12.895689021079663,12.895689021079663,12.895689021079663,2.3295885126471725,2.3295885126471725,2.3295885126471725,10.56610050843249,10.56610050843249,10.56610050843249,0.0,0.0,0.0,223.83678549250044
2025-07-08,211.12951049195536,217.72542702472037,230.8863527950848,211.12951049195536,211.12951049195536,12.948564534567396,12.948564534567396,12.948564534567396,2.2146441670601873,2.2146441670601873,2.2146441670601873,10.73392036750721,10.73392036750721,10.73392036750721,0.0,0.0,0.0,224.07807502652275
2025-07-09,211.31792451248992,217.0181263838346,230.488205284767,211.31792451248992,211.31792451248992,13.06415354514074,13.06415354514074,13.06415354514074,2.1910091690525593,2.1910091690525593,2.1910091690525593,10.873144376088183,10.873144376088183,10.873144376088183,0.0,0.0,0.0,224.38207805763068
2025-07-10,211.50633853302452,217.6354116153808,230.63299502653152,211.50633853302452,211.50633853302452,13.00862925017524,13.00862925017524,13.00862925017524,2.0283055700016583,2.0283055700016583,2.0283055700016583,10.980323680173582,10.980323680173582,10.980323680173582,0.0,0.0,0.0,224.51496778319975
2025-07-11,211.69475255355903,218.36398005337125,231.60704742477486,211.69475255355903,211.69475255355903,13.470187875528488,13.470187875528488,13.470187875528488,2.4180951279682605,2.4180951279682605,2.4180951279682605,11.052092747560227,11.052092747560227,11.052092747560227,0.0,0.0,0.0,225.16494042908752
2025-07-14,212.25999461516275,219.1385788417274,232.25144657767555,212.25999461516275,212.25999461516275,13.354453081751863,13.354453081751863,13.354453081751863,2.3295885126528932,2.3295885126528932,2.3295885126528932,11.02486456909897,11.02486456909897,11.02486456909897,0.0,0.0,0.0,225.61444769691462
2025-07-15,212.44840863569735,219.31575904206704,232.45531189083093,212.44840863569735,212.44840863569735,13.141532218794682,13.141532218794682,13.141532218794682,2.2146441670614387,2.2146441670614387,2.2146441670614387,10.926888051733243,10.926888051733243,10.926888051733243,0.0,0.0,0.0,225.58994085449203
2025-07-16,212.6368226562319,219.228088356616,232.45085543328162,212.6368226562319,212.6368226562319,12.972792378293901,12.972792378293901,12.972792378293901,2.191009169052536,2.191009169052536,2.191009169052536,10.781783209241365,10.781783209241365,10.781783209241365,0.0,0.0,0.0,225.6096150345258
2025-07-17,212.82523667676648,218.5373265051947,232.29611233527527,212.82523667676648,212.82523667676648,12.617250805564932,12.617250805564932,12.617250805564932,2.0283055699949495,2.0283055699949495,2.0283055699949495,10.588945235569984,10.588945235569984,10.588945235569984,0.0,0.0,0.0,225.44248748233142
2025-07-18,213.01365069730107,218.79268757385313,232.32760991828417,213.01365069730107,213.01365069730107,12.766634956871586,12.766634956871586,12.766634956871586,2.4180951279627823,2.4180951279627823,2.4180951279627823,10.348539828908802,10.348539828908802,10.348539828908802,0.0,0.0,0.0,225.78028565417267
2025-07-21,213.57889275890474,218.18440405168005,231.5454754168868,213.57889275890474,213.57889275890474,11.68562401441363,11.68562401441363,11.68562401441363,2.3295885126522164,2.3295885126522164,2.3295885126522164,9.356035501761415,9.356035501761415,9.356035501761415,0.0,0.0,0.0,225.26451677331838
2025-07-22,213.76730677943934,218.22985600623622,231.37712579628183,213.76730677943934,213.76730677943934,11.158375872896965,11.158375872896965,11.158375872896965,2.2146441670589656,2.2146441670589656,2.2146441670589656,8.943731705838,8.943731705838,8.943731705838,0.0,0.0,0.0,224.9256826523363
2025-07-23,213.9557207999739,217.6160908370952,231.45558779698607,213.9557207999739,213.9557207999739,10.688254891809931,10.688254891809931,10.688254891809931,2.1910091690527196,2.1910091690527196,2.1910091690527196,8.497245722757212,8.497245722757212,8.497245722757212,0.0,0.0,0.0,224.64397569178382
2025-07-24,214.1441348205084,217.44316222689164,231.48679753772092,214.1441348205084,214.1441348205084,10.049960032200907,10.049960032200907,10.049960032200907,2.028305569994156,2.028305569994156,2.028305569994156,8.021654462206751,8.021654462206751,8.021654462206751,0.0,0.0,0.0,224.19409485270933
2025-07-25,214.332548841043,217.64802015912187,231.29496427051356,214.332548841043,214.332548841043,9.94078686090242,9.94078686090242,9.94078686090242,2.4180951279573044,2.4180951279573044,2.4180951279573044,7.522691732945115,7.522691732945115,7.522691732945115,0.0,0.0,0.0,224.27333570194543
2025-07-28,214.89779090264673,216.41529041513022,229.82103672485738,214.89779090264673,214.89779090264673,8.2800633418227,8.2800633418227,8.2800633418227,2.32958851263445,2.32958851263445,2.32958851263445,5.950474829188249,5.950474829188249,5.950474829188249,0.0,0.0,0.0,223.17785424446944
2025-07-29,215.08620492318133,216.65681805748588,229.53354075350433,215.08620492318133,215.08620492318133,7.639181112341031,7.639181112341031,7.639181112341031,2.2146441670564934,2.2146441670564934,2.2146441670564934,5.424536945284538,5.424536945284538,5.424536945284538,0.0,0.0,0.0,222.72538603552235
2025-07-30,215.2746189437159,215.5803253937928,229.22944039136726,215.2746189437159,215.2746189437159,7.100594748404678,7.100594748404678,7.100594748404678,2.1910091690533204,2.1910091690533204,2.1910091690533204,4.909585579351359,4.909585579351359,4.909585579351359,0.0,0.0,0.0,222.37521369212058
2025-07-31,215.46303296425046,215.2565825816615,228.7633988330901,215.46303296425046,215.46303296425046,6.440933518013682,6.440933518013682,6.440933518013682,2.0283055699996853,2.0283055699996853,2.0283055699996853,4.412627948013998,4.412627948013998,4.412627948013998,0.0,0.0,0.0,221.90396648226414
2025-08-01,215.651446984785,215.1726701188735,228.53917249609978,215.651446984785,215.651446984785,6.358452973779223,6.358452973779223,6.358452973779223,2.4180951279578355,2.4180951279578355,2.4180951279578355,3.9403578458213873,3.9403578458213873,3.9403578458213873,0.0,0.0,0.0,222.00989995856423
2025-08-04,216.21668904638872,215.138474453657,227.65690254716753,216.21668904638872,216.21668904638872,5.060436999996775,5.060436999996775,5.060436999996775,2.329588512633774,2.329588512633774,2.329588512633774,2.730848487363002,2.730848487363002,2.730848487363002,0.0,0.0,0.0,221.2771260463855
2025-08-05,216.40510306692332,214.4236148060823,227.69000855333988,216.40510306692332,216.40510306692332,4.6276532661412775,4.6276532661412775,4.6276532661412775,2.2146441670540202,2.2146441670540202,2.2146441670540202,2.4130090990872577,2.4130090990872577,2.4130090990872577,0.0,0.0,0.0,221.03275633306458
2025-08-06,216.59351708745788,213.96168195963799,228.17847893644233,216.59351708745788,216.59351708745788,4.334835797810191,4.334835797810191,4.334835797810191,2.191009169052985,2.191009169052985,2.191009169052985,2.143826628757206,2.143826628757206,2.143826628757206,0.0,0.0,0.0,220.92835288526808
2025-08-07,216.78193110799245,213.78723492111013,226.94332923160115,216.78193110799245,216.78193110799245,3.953760222426218,3.953760222426218,3.953760222426218,2.0283055699988912,2.0283055699988912,2.0283055699988912,1.9254546524273266,1.9254546524273266,1.9254546524273266,0.0,0.0,0.0,220.73569133041866
2025-08-08,216.970345128527,214.333319623984,227.67267381799354,216.970345128527,216.970345128527,4.177113572251122,4.177113572251122,4.177113572251122,2.4180951279749934,2.4180951279749934,2.4180951279749934,1.7590184442761287,1.7590184442761287,1.7590184442761287,0.0,0.0,0.0,221.14745870077812
2025-08-11,217.5355871901307,214.59878268809476,227.79024345107194,217.5355871901307,217.5355871901307,3.8966353693185685,3.8966353693185685,3.8966353693185685,2.3295885126458926,2.3295885126458926,2.3295885126458926,1.5670468566726754,1.5670468566726754,1.5670468566726754,0.0,0.0,0.0,221.4322225594493
2025-08-12,217.72400121066528,214.96898215704314,227.9593393176578,217.72400121066528,217.72400121066528,3.8137525548709674,3.8137525548709674,3.8137525548709674,2.2146441670552712,2.2146441670552712,2.2146441670552712,1.599108387815695,1.599108387815695,1.599108387815695,0.0,0.0,0.0,221.53775376553625
2025-08-13,217.91241523119987,215.43553304780374,228.5961237567798,217.91241523119987,217.91241523119987,3.864745478886504,3.864745478886504,3.864745478886504,2.1910091690534803,2.1910091690534803,2.1910091690534803,1.6737363098330238,1.6737363098330238,1.6737363098330238,0.0,0.0,0.0,221.77716071008638
2025-08-14,218.10082925173438,215.10095612164758,228.84266622712948,218.10082925173438,218.10082925173438,3.814798602220245,3.814798602220245,3.814798602220245,2.0283055699980976,2.0283055699980976,2.0283055699980976,1.7864930322221473,1.7864930322221473,1.7864930322221473,0.0,0.0,0.0,221.91562785395462
2025-08-15,218.28924327226898,216.07759431556178,229.37990328931292,218.28924327226898,218.28924327226898,4.350427859099438,4.350427859099438,4.350427859099438,2.4180951279755236,2.4180951279755236,2.4180951279755236,1.9323327311239127,1.9323327311239127,1.9323327311239127,0.0,0.0,0.0,222.6396711313684
2025-08-18,218.8544853338727,217.55290514547602,230.5539946086545,218.8544853338727,218.8544853338727,4.841326563375934,4.841326563375934,4.841326563375934,2.329588512645216,2.329588512645216,2.329588512645216,2.511738050730718,2.511738050730718,2.511738050730718,0.0,0.0,0.0,223.69581189724863
2025-08-19,219.04289935440727,217.2418247615925,231.34678061904373,219.04289935440727,219.04289935440727,4.946947241666252,4.946947241666252,4.946947241666252,2.214644167061748,2.214644167061748,2.214644167061748,2.7323030746045043,2.7323030746045043,2.7323030746045043,0.0,0.0,0.0,223.98984659607353
2025-08-20,219.23131337494186,217.7219425761549,231.46359654645923,219.23131337494186,219.23131337494186,5.147696323464567,5.147696323464567,5.147696323464567,2.1910091690531455,2.1910091690531455,2.1910091690531455,2.956687154411421,2.956687154411421,2.956687154411421,0.0,0.0,0.0,224.37900969840643
2025-08-21,219.41972739547637,218.05173578886223,231.52954201078106,219.41972739547637,219.41972739547637,5.2075884876895655,5.2075884876895655,5.2075884876895655,2.0283055700036265,2.0283055700036265,2.0283055700036265,3.1792829176859394,3.1792829176859394,3.1792829176859394,0.0,0.0,0.0,224.62731588316595
2025-08-22,219.60814141601097,218.7484998580125,231.89568361136827,219.60814141601097,219.60814141601097,5.812984831631037,5.812984831631037,5.812984831631037,2.4180951279640377,2.4180951279640377,2.4180951279640377,3.3948897036670003,3.3948897036670003,3.3948897036670003,0.0,0.0,0.0,225.421126247642
2025-08-25,220.1733834776147,219.68691610646985,233.1060652788274,220.1733834776147,220.1733834776147,6.285693941825267,6.285693941825267,6.285693941825267,2.3295885126445395,2.3295885126445395,2.3295885126445395,3.956105429180728,3.956105429180728,3.956105429180728,0.0,0.0,0.0,226.45907741943995
2025-08-26,220.3617974981492,220.17007462095964,233.45317122657463,220.3617974981492,220.3617974981492,6.31805761427501,6.31805761427501,6.31805761427501,2.2146441670592756,2.2146441670592756,2.2146441670592756,4.103413447215734,4.103413447215734,4.103413447215734,0.0,0.0,0.0,226.6798551124242
2025-08-27,220.5502115186838,220.2548881204726,233.3407518681743,220.5502115186838,220.5502115186838,6.418062151206932,6.418062151206932,6.418062151206932,2.1910091690531224,2.1910091690531224,2.1910091690531224,4.22705298215381,4.22705298215381,4.22705298215381,0.0,0.0,0.0,226.96827366989072
2025-08-28,220.73862553921836,220.3269039467111,233.74968514488697,220.73862553921836,220.73862553921836,6.354182219795069,6.354182219795069,6.354182219795069,2.028305570002833,2.028305570002833,2.028305570002833,4.325876649792235,4.325876649792235,4.325876649792235,0.0,0.0,0.0,227.09280775901343
2025-08-29,220.92703955975296,221.05455231178198,234.41375950888875,220.92703955975296,220.92703955975296,6.817552852342836,6.817552852342836,6.817552852342836,2.4180951279645684,2.4180951279645684,2.4180951279645684,4.3994577243782675,4.3994577243782675,4.3994577243782675,0.0,0.0,0.0,227.74459241209578
2025-09-02,221.68069564189125,221.2599447968961,235.22420089926098,221.68069564189125,221.68069564189125,6.6691123280634095,6.6691123280634095,6.6691123280634095,2.2146441670530796,2.2146441670530796,2.2146441670530796,4.45446816101033,4.45446816101033,4.45446816101033,0.0,0.0,0.0,228.34980796995467
2025-09-03,221.86910966242579,221.94128656642368,235.20698827521508,221.86910966242579,221.86910966242579,6.606788219517796,6.606788219517796,6.606788219517796,2.191009169053099,2.191009169053099,2.191009169053099,4.415779050464697,4.415779050464697,4.415779050464697,0.0,0.0,0.0,228.47589788194358
2025-09-04,222.05752368296035,222.0200976997676,235.20813300458107,222.05752368296035,222.05752368296035,6.388373431237836,6.388373431237836,6.388373431237836,2.0283055699961245,2.0283055699961245,2.0283055699961245,4.3600678612417125,4.3600678612417125,4.3600678612417125,0.0,0.0,0.0,228.44589711419817
2025-09-05,222.24593770349495,222.22126815299964,235.78808838597791,222.24593770349495,222.24593770349495,6.707548624582256,6.707548624582256,6.707548624582256,2.418095127965099,2.418095127965099,2.418095127965099,4.289453496617156,4.289453496617156,4.289453496617156,0.0,0.0,0.0,228.9534863280772
2025-09-08,222.81117976509867,222.26028682746175,235.8746708557859,222.81117976509867,222.81117976509867,6.336296704542193,6.336296704542193,6.336296704542193,2.329588512655981,2.329588512655981,2.329588512655981,4.0067081918862115,4.0067081918862115,4.0067081918862115,0.0,0.0,0.0,229.14747646964088
2025-09-09,222.99959378563324,222.52530486925193,235.7388306937731,222.99959378563324,222.99959378563324,6.107937360255797,6.107937360255797,6.107937360255797,2.2146441670632804,2.2146441670632804,2.2146441670632804,3.893293193192517,3.893293193192517,3.893293193192517,0.0,0.0,0.0,229.10753114588903
2025-09-10,223.18800780616783,222.2945580460875,235.7757848053168,223.18800780616783,223.18800780616783,5.9623476550560275,5.9623476550560275,5.9623476550560275,2.1910091690530757,2.1910091690530757,2.1910091690530757,3.7713384860029517,3.7713384860029517,3.7713384860029517,0.0,0.0,0.0,229.15035546122385
2025-09-11,223.37642182670234,222.76707032486362,236.55235890614227,223.37642182670234,223.37642182670234,5.668914255984254,5.668914255984254,5.668914255984254,2.02830556999533,2.02830556999533,2.02830556999533,3.6406086859889233,3.6406086859889233,3.6406086859889233,0.0,0.0,0.0,229.0453360826866
2025-09-12,223.56483584723694,222.96349324424597,236.49677351271936,223.56483584723694,223.56483584723694,5.918335104717105,5.918335104717105,5.918335104717105,2.4180951279762484,2.4180951279762484,2.4180951279762484,3.5002399767408567,3.5002399767408567,3.5002399767408567,0.0,0.0,0.0,229.48317095195404
2025-09-15,224.13007790884066,222.7353002212697,235.60392120891268,224.13007790884066,224.13007790884066,5.3329490787847345,5.3329490787847345,5.3329490787847345,2.3295885126382148,2.3295885126382148,2.3295885126382148,3.0033605661465193,3.0033605661465193,3.0033605661465193,0.0,0.0,0.0,229.4630269876254
2025-09-16,224.31849192937517,221.84085005282367,236.1182385106308,224.31849192937517,224.31849192937517,5.018341054369547,5.018341054369547,5.018341054369547,2.2146441670608072,2.2146441670608072,2.2146441670608072,2.803696887308738,2.803696887308738,2.803696887308738,0.0,0.0,0.0,229.33683298374473
2025-09-17,224.50690594990976,221.88622767447436,236.27867132708897,224.50690594990976,224.50690594990976,4.772510384353146,4.772510384353146,4.772510384353146,2.191009169052741,2.191009169052741,2.191009169052741,2.581501215300405,2.581501215300405,2.581501215300405,0.0,0.0,0.0,229.27941633426292
2025-09-18,224.69531997044433,222.1917551818997,235.58162347311568,224.69531997044433,224.69531997044433,4.361331286457138,4.361331286457138,4.361331286457138,2.028305569997698,2.028305569997698,2.028305569997698,2.333025716459441,2.333025716459441,2.333025716459441,0.0,0.0,0.0,229.05665125690146
2025-09-19,224.88373399097893,222.92646170681584,236.72739133769429,224.88373399097893,224.88373399097893,4.47251959748533,4.47251959748533,4.47251959748533,2.4180951279767786,2.4180951279767786,2.4180951279767786,2.054424469508552,2.054424469508552,2.054424469508552,0.0,0.0,0.0,229.35625358846426
2025-09-22,225.44897605258265,221.97183536266436,235.34873346404845,225.44897605258265,225.44897605258265,3.330957135111619,3.330957135111619,3.330957135111619,2.3295885126375384,2.3295885126375384,2.3295885126375384,1.0013686224740803,1.0013686224740803,1.0013686224740803,0.0,0.0,0.0,228.77993318769427
2025-09-23,225.63739007311722,221.72347340062447,235.46054097843407,225.63739007311722,225.63739007311722,2.782271793790026,2.782271793790026,2.782271793790026,2.2146441670620587,2.2146441670620587,2.2146441670620587,0.5676276267279674,0.5676276267279674,0.5676276267279674,0.0,0.0,0.0,228.41966186690723
2025-09-24,225.82580409365175,221.37709608429213,234.74991939215795,225.82580409365175,225.82580409365175,2.2799142631181413,2.2799142631181413,2.2799142631181413,2.1910091690530296,2.1910091690530296,2.1910091690530296,0.08890509406511167,0.08890509406511167,0.08890509406511167,0.0,0.0,0.0,228.1057183567699
2025-09-25,226.01421811418632,220.85080686242392,234.61710290992252,226.01421811418632,226.01421811418632,1.5925930548491876,1.5925930548491876,1.5925930548491876,2.028305570000066,2.028305570000066,2.028305570000066,-0.435712515150878,-0.435712515150878,-0.435712515150878,0.0,0.0,0.0,227.6068111690355
2025-09-26,226.20263213472091,220.59364762664015,234.52582343941438,226.20263213472091,226.20263213472091,1.4119937143632315,1.4119937143632315,1.4119937143632315,2.4180951279652927,2.4180951279652927,2.4180951279652927,-1.0061014136020612,-1.0061014136020612,-1.0061014136020612,0.0,0.0,0.0,227.61462584908415
2025-09-29,226.76787419632458,219.1081864863224,232.8929243876068,226.76787419632458,226.76787419632458,-0.6433488285590986,-0.6433488285590986,-0.6433488285590986,2.329588512649657,2.329588512649657,2.329588512649657,-2.972937341208756,-2.972937341208756,-2.972937341208756,0.0,0.0,0.0,226.12452536776547
2025-09-30,226.95628821685915,218.5525351641151,232.02916874383942,226.95628821685915,226.95628821685915,-1.486462941071088,-1.486462941071088,-1.486462941071088,2.2146441670633092,2.2146441670633092,2.2146441670633092,-3.701107108134397,-3.701107108134397,-3.701107108134397,0.0,0.0,0.0,225.46982527578805
2025-10-01,227.14470223739374,218.06671121424552,231.67764509208524,227.14470223739374,227.14470223739374,-2.2649819746408983,-2.2649819746408983,-2.2649819746408983,2.191009169053214,2.191009169053214,2.191009169053214,-4.455991143694112,-4.455991143694112,-4.455991143694112,0.0,0.0,0.0,224.87972026275284
2025-10-02,227.3331162579283,217.28666971914532,230.91492700166813,227.3331162579283,227.3331162579283,-3.2016743253416156,-3.2016743253416156,-3.2016743253416156,2.0283055700024333,2.0283055700024333,2.0283055700024333,-5.229979895344049,-5.229979895344049,-5.229979895344049,0.0,0.0,0.0,224.13144193258668
2025-10-03,227.5215302784629,216.86188187734837,230.7034422762837,227.5215302784629,227.5215302784629,-3.596238355472323,-3.596238355472323,-3.596238355472323,2.4180951279658234,2.4180951279658234,2.4180951279658234,-6.014333483438146,-6.014333483438146,-6.014333483438146,0.0,0.0,0.0,223.9252919229906
2025-10-06,228.08677234006663,215.21240958641246,228.14008324534365,228.08677234006663,228.08677234006663,-5.998684930279163,-5.998684930279163,-5.998684930279163,2.329588512631891,2.329588512631891,2.329588512631891,-8.328273442911055,-8.328273442911055,-8.328273442911055,0.0,0.0,0.0,222.08808740978748
2025-10-07,228.27518636060114,214.3140974811456,227.53659509419248,228.27518636060114,228.27518636060114,-6.834818012851019,-6.834818012851019,-6.834818012851019,2.214644167057113,2.214644167057113,2.214644167057113,-9.049462179908131,-9.049462179908131,-9.049462179908131,0.0,0.0,0.0,221.4403683477501
2025-10-08,228.46360038113573,214.36023293083588,227.6339568151686,228.46360038113573,228.46360038113573,-7.535171207316771,-7.535171207316771,-7.535171207316771,2.1910091690531903,2.1910091690531903,2.1910091690531903,-9.72618037636996,-9.72618037636996,-9.72618037636996,0.0,0.0,0.0,220.92842917381896
2025-10-09,228.6520144016703,212.81807215668888,227.30191583341593,228.6520144016703,228.6520144016703,-8.31849170531923,-8.31849170531923,-8.31849170531923,2.028305569995725,2.028305569995725,2.028305569995725,-10.346797275314955,-10.346797275314955,-10.346797275314955,0.0,0.0,0.0,220.33352269635108
2025-10-10,228.8404284222049,213.49112005038276,226.9468982769866,228.8404284222049,228.8404284222049,-8.48197706424775,-8.48197706424775,-8.48197706424775,2.4180951279603455,2.4180951279603455,2.4180951279603455,-10.900072192208096,-10.900072192208096,-10.900072192208096,0.0,0.0,0.0,220.35845135795714
2025-10-13,229.40567048380862,212.7031540199433,226.6022543750824,229.40567048380862,229.40567048380862,-9.725491102562515,-9.725491102562515,-9.725491102562515,2.3295885126376117,2.3295885126376117,2.3295885126376117,-12.055079615200126,-12.055079615200126,-12.055079615200126,0.0,0.0,0.0,219.6801793812461
2025-10-14,229.59408450434313,213.07214129304467,226.37887144271733,229.59408450434313,229.59408450434313,-10.029301373749202,-10.029301373749202,-10.029301373749202,2.214644167058364,2.214644167058364,2.214644167058364,-12.243945540807566,-12.243945540807566,-12.243945540807566,0.0,0.0,0.0,219.56478313059392
2025-10-15,229.78249852487772,212.44501875716438,226.29319366941655,229.78249852487772,229.78249852487772,-10.133499060233513,-10.133499060233513,-10.133499060233513,2.191009169052855,2.191009169052855,2.191009169052855,-12.32450822928637,-12.32450822928637,-12.32450822928637,0.0,0.0,0.0,219.64899946464422
2025-10-16,229.9709125454123,213.39998880613538,226.68404438403022,229.9709125454123,229.9709125454123,-10.264963157430426,-10.264963157430426,-10.264963157430426,2.0283055699980927,2.0283055699980927,2.0283055699980927,-12.29326872742852,-12.29326872742852,-12.29326872742852,0.0,0.0,0.0,219.70594938798186
2025-10-17,230.15932656594686,213.54187554914662,226.73368695988464,230.15932656594686,230.15932656594686,-9.730610419493177,-9.730610419493177,-9.730610419493177,2.418095127977503,2.418095127977503,2.418095127977503,-12.14870554747068,-12.14870554747068,-12.14870554747068,0.0,0.0,0.0,220.42871614645367
2025-10-20,230.72456862755055,215.14012881792624,228.66622569129626,230.72456862755055,230.72456862755055,-8.721654527331332,-8.721654527331332,-8.721654527331332,2.3295885126369353,2.3295885126369353,2.3295885126369353,-11.051243039968266,-11.051243039968266,-11.051243039968266,0.0,0.0,0.0,222.00291410021921
2025-10-21,230.91298264808512,215.59743304442662,229.5122579649951,230.91298264808512,230.91298264808512,-8.265489819935494,-8.265489819935494,-8.265489819935494,2.214644167055891,2.214644167055891,2.214644167055891,-10.480133986991385,-10.480133986991385,-10.480133986991385,0.0,0.0,0.0,222.64749282814964
2025-10-22,231.1013966686197,217.15350562833524,230.0489243378204,231.1013966686197,231.1013966686197,-7.628467974034959,-7.628467974034959,-7.628467974034959,2.1910091690525193,2.1910091690525193,2.1910091690525193,-9.819477143087479,-9.819477143087479,-9.819477143087479,0.0,0.0,0.0,223.47292869458477
2025-10-23,231.28981068915428,216.96118564169484,231.38584660584544,231.28981068915428,231.28981068915428,-7.051642351837705,-7.051642351837705,-7.051642351837705,2.0283055699972987,2.0283055699972987,2.0283055699972987,-9.079947921835004,-9.079947921835004,-9.079947921835004,0.0,0.0,0.0,224.23816833731658
2025-10-24,231.47822470968885,219.17945270844422,232.1098948444869,231.47822470968885,231.47822470968885,-5.855747995946771,-5.855747995946771,-5.855747995946771,2.4180951279720255,2.4180951279720255,2.4180951279720255,-8.273843123918798,-8.273843123918798,-8.273843123918798,0.0,0.0,0.0,225.62247671374206
2025-10-27,232.04346677129254,222.1503762928104,235.79688995229756,232.04346677129254,232.04346677129254,-3.2684195317677656,-3.2684195317677656,-3.2684195317677656,2.329588512642656,2.329588512642656,2.329588512642656,-5.598008044410422,-5.598008044410422,-5.598008044410422,0.0,0.0,0.0,228.77504723952478
2025-10-28,232.2318807918271,223.22737958618006,236.93055145444632,232.2318807918271,232.2318807918271,-2.4571057459766608,-2.4571057459766608,-2.4571057459766608,2.2146441670623687,2.2146441670623687,2.2146441670623687,-4.671749913039029,-4.671749913039029,-4.671749913039029,0.0,0.0,0.0,229.77477504585045
2025-10-29,232.4202948123617,224.8242641447611,237.82141586455347,232.4202948123617,232.4202948123617,-1.5640269034791825,-1.5640269034791825,-1.5640269034791825,2.1910091690528084,2.1910091690528084,2.1910091690528084,-3.755036072531991,-3.755036072531991,-3.755036072531991,0.0,0.0,0.0,230.85626790888253
2025-10-30,232.60870883289627,225.3197252390742,238.40597529242146,232.60870883289627,232.60870883289627,-0.8353990835411945,-0.8353990835411945,-0.8353990835411945,2.0283055700028285,2.0283055700028285,2.0283055700028285,-2.8637046535440227,-2.8637046535440227,-2.8637046535440227,0.0,0.0,0.0,231.77330974935506
2025-10-31,232.79712285343084,226.87085858599428,240.05260510113456,232.79712285343084,232.79712285343084,0.4051269207026481,0.4051269207026481,0.4051269207026481,2.4180951279725567,2.4180951279725567,2.4180951279725567,-2.012968207269908,-2.012968207269908,-2.012968207269908,0.0,0.0,0.0,233.2022497741335
2025-11-03,233.36236491503453,229.10419829886183,242.30701237468455,233.36236491503453,233.36236491503453,2.4897276298171844,2.4897276298171844,2.4897276298171844,2.3295885126419793,2.3295885126419793,2.3295885126419793,0.16013911717520454,0.16013911717520454,0.16013911717520454,0.0,0.0,0.0,235.85209254485173
2025-11-04,233.5507789355691,230.1773620911676,243.68447310833807,233.5507789355691,233.5507789355691,2.935320462472728,2.935320462472728,2.935320462472728,2.214644167059896,2.214644167059896,2.214644167059896,0.7206762954128322,0.7206762954128322,0.7206762954128322,0.0,0.0,0.0,236.48609939804183
2025-11-05,233.7391929561037,230.95582435519034,244.1182772089643,233.7391929561037,233.7391929561037,3.3763626145261947,3.3763626145261947,3.3763626145261947,2.191009169052473,2.191009169052473,2.191009169052473,1.1853534454737213,1.1853534454737213,1.1853534454737213,0.0,0.0,0.0,237.11555557062988
2025-11-06,233.92760697663826,230.52323721516794,244.09244089261597,233.92760697663826,233.92760697663826,3.577420882331886,3.577420882331886,3.577420882331886,2.028305570002034,2.028305570002034,2.028305570002034,1.5491153123298513,1.5491153123298513,1.5491153123298513,0.0,0.0,0.0,237.50502785897015
2025-11-07,234.11602099717282,231.3002272043231,244.4901672976361,234.11602099717282,234.11602099717282,4.227406896557073,4.227406896557073,4.227406896557073,2.4180951279670784,2.4180951279670784,2.4180951279670784,1.8093117685899947,1.8093117685899947,1.8093117685899947,0.0,0.0,0.0,238.3434278937299
2025-11-10,234.68126305877652,232.5407578230683,245.75549598028675,234.68126305877652,234.68126305877652,4.308649845756592,4.308649845756592,4.308649845756592,2.329588512654098,2.329588512654098,2.329588512654098,1.9790613331024938,1.9790613331024938,1.9790613331024938,0.0,0.0,0.0,238.98991290453313
2025-11-11,234.8696770793111,232.08547620029225,245.34745419971907,234.8696770793111,234.8696770793111,4.062313063460657,4.062313063460657,4.062313063460657,2.2146441670611465,2.2146441670611465,2.2146441670611465,1.8476688963995107,1.8476688963995107,1.8476688963995107,0.0,0.0,0.0,238.93199014277175
2025-11-12,235.05809109984568,232.35663451319175,245.05593195029508,235.05809109984568,235.05809109984568,3.8267851612778143,3.8267851612778143,3.8267851612778143,2.191009169053281,2.191009169053281,2.191009169053281,1.6357759922245336,1.6357759922245336,1.6357759922245336,0.0,0.0,0.0,238.8848762611235
2025-11-13,235.24650512038025,231.96567852425665,245.48256878521892,235.24650512038025,235.24650512038025,3.3827895615026486,3.3827895615026486,3.3827895615026486,2.028305569995325,2.028305569995325,2.028305569995325,1.3544839915073237,1.3544839915073237,1.3544839915073237,0.0,0.0,0.0,238.6292946818829
2025-11-14,235.43491914091481,231.89419543324826,245.73887006489093,235.43491914091481,235.43491914091481,3.434639000196864,3.434639000196864,3.434639000196864,2.4180951279676095,2.4180951279676095,2.4180951279676095,1.0165438722292546,1.0165438722292546,1.0165438722292546,0.0,0.0,0.0,238.86955814111167
2025-11-17,236.0001612025185,231.62677436131125,245.13135621423825,236.0001612025185,236.0001612025185,2.13788576145136,2.13788576145136,2.13788576145136,2.3295885126534217,2.3295885126534217,2.3295885126534217,-0.19170275120206154,-0.19170275120206154,-0.19170275120206154,0.0,0.0,0.0,238.13804696396988
2025-11-18,236.18857522305308,231.41360341321257,244.16570984741304,236.18857522305308,236.18857522305308,1.6073191051479792,1.6073191051479792,1.6073191051479792,2.214644167058674,2.214644167058674,2.214644167058674,-0.6073250619106944,-0.6073250619106944,-0.6073250619106944,0.0,0.0,0.0,237.79589432820106
2025-11-19,236.37698924358767,231.02612335005156,244.4335246675073,236.37698924358767,236.37698924358767,1.1879656983354674,1.1879656983354674,1.1879656983354674,2.191009169052946,2.191009169052946,2.191009169052946,-1.0030434707174787,-1.0030434707174787,-1.0030434707174787,0.0,0.0,0.0,237.56495494192313
2025-11-20,236.56540326412224,230.90565801311286,244.0853317867712,236.56540326412224,236.56540326412224,0.6646498156224785,0.6646498156224785,0.6646498156224785,2.0283055699976935,2.0283055699976935,2.0283055699976935,-1.3636557543752148,-1.3636557543752148,-1.3636557543752148,0.0,0.0,0.0,237.23005307974472
2025-11-21,236.7538172846568,230.67291167846435,244.8604321002675,236.7538172846568,236.7538172846568,0.7431965997298343,0.7431965997298343,0.7431965997298343,2.4180951279561227,2.4180951279561227,2.4180951279561227,-1.6748985282262887,-1.6748985282262887,-1.6748985282262887,0.0,0.0,0.0,237.49701388438663
2025-11-24,237.3190593462605,230.62422029989207,244.42598088900291,237.3190593462605,237.3190593462605,0.13843974344388013,0.13843974344388013,0.13843974344388013,2.329588512635656,2.329588512635656,2.329588512635656,-2.1911487691917757,-2.1911487691917757,-2.1911487691917757,0.0,0.0,0.0,237.45749908970438
2025-11-25,237.50747336679507,231.05062894718088,244.29288546074338,237.50747336679507,237.50747336679507,0.02177086045237251,0.02177086045237251,0.02177086045237251,2.2146441670599253,2.2146441670599253,2.2146441670599253,-2.1928733066075523,-2.1928733066075523,-2.1928733066075523,0.0,0.0,0.0,237.52924422724743
2025-11-26,237.69588738732963,230.77834613721822,244.49342721551446,237.69588738732963,237.69588738732963,0.0917432959578064,0.0917432959578064,0.0917432959578064,2.191009169052922,2.191009169052922,2.191009169052922,-2.099265873095116,-2.099265873095116,-2.099265873095116,0.0,0.0,0.0,237.78763068328743
2025-11-27,237.88430140786423,231.3554381311666,244.63682509981336,237.88430140786423,237.88430140786423,0.12044878820615303,0.12044878820615303,0.12044878820615303,2.0283055700000605,2.0283055700000605,2.0283055700000605,-1.9078567817939078,-1.9078567817939078,-1.9078567817939078,0.0,0.0,0.0,238.00475019607038
2025-11-28,238.07271542839874,231.484631227094,245.29451134548864,238.03310267325327,238.07271542839874,0.7993781209454075,0.7993781209454075,0.7993781209454075,2.418095127956654,2.418095127956654,2.418095127956654,-1.6187170070112462,-1.6187170070112462,-1.6187170070112462,0.0,0.0,0.0,238.87209354934416
2025-12-01,238.6379574900025,233.98460370798756,247.42619202687726,238.54331113458147,238.63872842951588,2.1261363773873234,2.1261363773873234,2.1261363773873234,2.3295885126413762,2.3295885126413762,2.3295885126413762,-0.20345213525405265,-0.20345213525405265,-0.20345213525405265,0.0,0.0,0.0,240.76409386738982
2025-12-02,238.82637151053706,234.8502281323054,247.76457717554734,238.63893853853807,238.8609801155143,2.640776798357203,2.640776798357203,2.640776798357203,2.214644167053729,2.214644167053729,2.214644167053729,0.4261326313034738,0.4261326313034738,0.4261326313034738,0.0,0.0,0.0,241.46714830889425
2025-12-03,239.01478553107157,235.48742183686207,248.86096806574056,238.7441521180737,239.09153867429941,3.3078876899762837,3.3078876899762837,3.3078876899762837,2.1910091690528994,2.1910091690528994,2.1910091690528994,1.1168785209233838,1.1168785209233838,1.1168785209233838,0.0,0.0,0.0,242.32267322104786
2025-12-04,239.20319955160616,235.79048562324164,249.58911054349323,238.8087217065087,239.3492279468252,3.883735619323457,3.883735619323457,3.883735619323457,2.028305569999267,2.028305569999267,2.028305569999267,1.8554300493241902,1.8554300493241902,1.8554300493241902,0.0,0.0,0.0,243.08693517092962
2025-12-05,239.39161357214073,237.87016750433546,251.26292769258282,238.91328153904377,239.67220865427586,5.04515150453624,5.04515150453624,5.04515150453624,2.418095127973811,2.418095127973811,2.418095127973811,2.6270563765624293,2.6270563765624293,2.6270563765624293,0.0,0.0,0.0,244.43676507667698
2025-12-08,239.95685563374448,239.84460271390412,253.8381778752297,239.31412707724724,240.3724437400264,7.309599699310806,7.309599699310806,7.309599699310806,2.3295885126470974,2.3295885126470974,2.3295885126470974,4.980011186663709,4.980011186663709,4.980011186663709,0.0,0.0,0.0,247.2664553330553
2025-12-09,240.14526965427905,241.43533364006228,255.03666445047713,239.38677765215354,240.67206707271006,7.936555547622009,7.936555547622009,7.936555547622009,2.2146441670602064,2.2146441670602064,2.2146441670602064,5.721911380561803,5.721911380561803,5.721911380561803,0.0,0.0,0.0,248.08182520190107
2025-12-10,240.3336836748136,242.12971435075224,255.81163358489798,239.4527877142007,240.99888230428286,8.606614637534568,8.606614637534568,8.606614637534568,2.1910091690533955,2.1910091690533955,2.1910091690533955,6.415605468481171,6.415605468481171,6.415605468481171,0.0,0.0,0.0,248.94029831234818
2025-12-11,240.5220976953482,242.38871853642507,255.83091709638524,239.50194057621098,241.41990332392106,9.074350741026684,9.074350741026684,9.074350741026684,2.0283055699984733,2.0283055699984733,2.0283055699984733,7.04604517102821,7.04604517102821,7.04604517102821,0.0,0.0,0.0,249.59644843637489
2025-12-12,240.71051171588277,243.91012684382187,257.4739919727381,239.58047041347717,241.78087944566363,10.017554457961365,10.017554457961365,10.017554457961365,2.418095127968334,2.418095127968334,2.418095127968334,7.5994593299930315,7.5994593299930315,7.5994593299930315,0.0,0.0,0.0,250.72806617384413
2025-12-15,241.27575377748647,245.4895563708353,258.92771590500007,240.01602073194624,242.49231908296306,11.015141807294864,11.015141807294864,11.015141807294864,2.3295885126464206,2.3295885126464206,2.3295885126464206,8.685553294648445,8.685553294648445,8.685553294648445,0.0,0.0,0.0,252.29089558478134
2025-12-16,241.46416779802104,244.9211016086635,259.8484197336987,240.03174460127278,242.87773312517652,11.043870718570753,11.043870718570753,11.043870718570753,2.214644167057733,2.214644167057733,2.214644167057733,8.82922655151302,8.82922655151302,8.82922655151302,0.0,0.0,0.0,252.5080385165918
2025-12-17,241.6525818185556,245.20246719113243,259.5168551200564,240.09441347979597,243.2312466607892,11.04707694374664,11.04707694374664,11.04707694374664,2.19100916905306,2.19100916905306,2.19100916905306,8.85606777469358,8.85606777469358,8.85606777469358,0.0,0.0,0.0,252.69965876230225
2025-12-18,241.8409958390902,244.99148576853707,260.2528132804291,240.1523073720692,243.5867119982549,10.793528808198456,10.793528808198456,10.793528808198456,2.028305570000841,2.028305570000841,2.028305570000841,8.765223238197615,8.765223238197615,8.765223238197615,0.0,0.0,0.0,252.63452464728866
2025-12-19,242.0294098596247,245.7051453717523,260.0040584611092,240.18698487286454,243.94701887913195,10.976474546710696,10.976474546710696,10.976474546710696,2.418095127962856,2.418095127962856,2.418095127962856,8.55837941874784,8.55837941874784,8.55837941874784,0.0,0.0,0.0,253.0058844063354
2025-12-22,242.59465192122843,244.96675047435596,259.52552280674854,240.62402376331565,244.67296945822187,9.625058874091366,9.625058874091366,9.625058874091366,2.3295885126457443,2.3295885126457443,2.3295885126457443,7.295470361445623,7.295470361445623,7.295470361445623,0.0,0.0,0.0,252.2197107953198
2025-12-23,242.78306594176303,244.04573206316925,258.81137916119155,240.65097204618598,245.00520868483056,8.904170305597587,8.904170305597587,8.904170305597587,2.2146441670589834,2.2146441670589834,2.2146441670589834,6.689526138538604,6.689526138538604,6.689526138538604,0.0,0.0,0.0,251.6872362473606
2025-12-24,242.97147996229754,243.97842836156568,258.59200110953395,240.71259876782955,245.34900824739233,8.201595837152837,8.201595837152837,8.201595837152837,2.191009169053349,2.191009169053349,2.191009169053349,6.010586668099488,6.010586668099488,6.010586668099488,0.0,0.0,0.0,251.17307579945037
2025-12-25,243.15989398283213,243.28575253976658,257.8926093260776,240.70374785902825,245.69344569863225,7.301046888037164,7.301046888037164,7.301046888037164,2.028305570003209,2.028305570003209,2.028305570003209,5.272741318033954,5.272741318033954,5.272741318033954,0.0,0.0,0.0,250.4609408708693
2025-12-26,243.3483080033667,242.69304383830644,257.7323929154892,240.57145971806023,246.04253952596753,6.909335445628766,6.909335445628766,6.909335445628766,2.418095127980014,2.418095127980014,2.418095127980014,4.491240317648753,4.491240317648753,4.491240317648753,0.0,0.0,0.0,250.25764344899545
2025-12-29,243.91355006497042,241.11235521212345,256.2054086651071,240.97048583653225,246.83179622382696,4.377000743929842,4.377000743929842,4.377000743929842,2.329588512651465,2.329588512651465,2.329588512651465,2.047412231278377,2.047412231278377,2.047412231278377,0.0,0.0,0.0,248.29055080890026
2025-12-30,244.10196408550502,239.48788294889894,255.19086397286154,240.92699424065844,247.18496872662897,3.469393458173805,3.469393458173805,3.469393458173805,2.214644167056511,2.214644167056511,2.214644167056511,1.2547492911172937,1.2547492911172937,1.2547492911172937,0.0,0.0,0.0,247.57135754367883
2025-12-31,244.29037810603958,239.27469503657474,254.56129207915336,240.8715885414021,247.59097882532495,2.690775134542101,2.690775134542101,2.690775134542101,2.1910091690530136,2.1910091690530136,2.1910091690530136,0.49976596548908697,0.49976596548908697,0.49976596548908697,0.0,0.0,0.0,246.98115324058168
2026-01-01,244.47879212657418,238.31619570711064,254.12873431462415,240.93394549892176,247.97563192472404,1.825588259151345,1.825588259151345,1.825588259151345,2.0283055699965002,2.0283055699965002,2.0283055699965002,-0.20271731084515524,-0.20271731084515524,-0.20271731084515524,0.0,0.0,0.0,246.30438038572552
