ds,trend,yhat_lower,yhat_upper,trend_lower,trend_upper,additive_terms,additive_terms_lower,additive_terms_upper,weekly,weekly_lower,weekly_upper,yearly,yearly_lower,yearly_upper,multiplicative_terms,multiplicative_terms_lower,multiplicative_terms_upper,yhat
2023-03-15,157.88535978000002,151.15205612908133,174.1505479941639,157.88535978000002,157.88535978000002,4.903343101071183,4.903343101071183,4.903343101071183,1.022899952412984,1.022899952412984,1.022899952412984,3.880443148658199,3.880443148658199,3.880443148658199,0.0,0.0,0.0,162.7887028810712
2023-03-16,158.30351102227831,151.4871687046408,172.70783270879207,158.30351102227831,158.30351102227831,4.287664881059991,4.287664881059991,4.287664881059991,1.0291160953501337,1.0291160953501337,1.0291160953501337,3.258548785709857,3.258548785709857,3.258548785709857,0.0,0.0,0.0,162.5911759033383
2023-03-17,158.72166226455656,150.1256127696136,174.1126670017142,158.72166226455656,158.72166226455656,3.944833422405399,3.944833422405399,3.944833422405399,1.2495346665067852,1.2495346665067852,1.2495346665067852,2.6952987558986137,2.6952987558986137,2.6952987558986137,0.0,0.0,0.0,162.66649568696195
2023-03-20,159.97611599139145,150.85471693811854,173.54493399292008,159.97611599139145,159.97611599139145,2.50177294018529,2.50177294018529,2.50177294018529,1.193795225655107,1.193795225655107,1.193795225655107,1.307977714530183,1.307977714530183,1.307977714530183,0.0,0.0,0.0,162.47788893157673
2023-03-21,160.39426723366972,151.5140182420484,174.1175354167395,160.39426723366972,160.39426723366972,2.11652991778942,2.11652991778942,2.11652991778942,1.192585167569152,1.192585167569152,1.192585167569152,0.9239447502202681,0.9239447502202681,0.9239447502202681,0.0,0.0,0.0,162.51079715145914
2023-03-22,160.81241847594802,151.56915044146064,173.9483344304901,160.81241847594802,160.81241847594802,1.5886595574637596,1.5886595574637596,1.5886595574637596,1.0228999524134128,1.0228999524134128,1.0228999524134128,0.5657596050503466,0.5657596050503466,0.5657596050503466,0.0,0.0,0.0,162.40107803341178
2023-03-23,161.23056971822632,150.63041073185454,173.38484469803439,161.23056971822632,161.23056971822632,1.2537798478126698,1.2537798478126698,1.2537798478126698,1.029116095349934,1.029116095349934,1.029116095349934,0.22466375246273587,0.22466375246273587,0.22466375246273587,0.0,0.0,0.0,162.484349566039
2023-03-24,161.6487209605046,151.4432787957722,174.5228553091254,161.6487209605046,161.6487209605046,1.1413266926801664,1.1413266926801664,1.1413266926801664,1.2495346665068678,1.2495346665068678,1.2495346665068678,-0.10820797382670132,-0.10820797382670132,-0.10820797382670132,0.0,0.0,0.0,162.79004765318476
2023-03-27,162.90317468733946,150.83728996677291,173.9899200229306,162.90317468733946,162.90317468733946,0.051948132393219146,0.051948132393219146,0.051948132393219146,1.1937952256427755,1.1937952256427755,1.1937952256427755,-1.1418470932495564,-1.1418470932495564,-1.1418470932495564,0.0,0.0,0.0,162.95512281973268
2023-03-28,163.32132592961773,151.26228335354568,174.74739927245597,163.32132592961773,163.32132592961773,-0.3303248676302986,-0.3303248676302986,-0.3303248676302986,1.192585167567849,1.192585167567849,1.192585167567849,-1.5229100351981475,-1.5229100351981475,-1.5229100351981475,0.0,0.0,0.0,162.99100106198742
2023-03-29,163.73947717189603,150.91571435074476,173.6846831423767,163.73947717189603,163.73947717189603,-0.9092837147264857,-0.9092837147264857,-0.9092837147264857,1.0228999524131457,1.0228999524131457,1.0228999524131457,-1.9321836671396315,-1.9321836671396315,-1.9321836671396315,0.0,0.0,0.0,162.83019345716954
2023-03-30,164.15762841417433,152.21997781462514,173.58440783012387,164.15762841417433,164.15762841417433,-1.3446286950365312,-1.3446286950365312,-1.3446286950365312,1.0291160953476362,1.0291160953476362,1.0291160953476362,-2.373744790384167,-2.373744790384167,-2.373744790384167,0.0,0.0,0.0,162.8129997191378
2023-03-31,164.5757796564526,151.5117704986613,174.33297319727149,164.5757796564526,164.5757796564526,-1.6006659251374562,-1.6006659251374562,-1.6006659251374562,1.249534666501363,1.249534666501363,1.249534666501363,-2.850200591638819,-2.850200591638819,-2.850200591638819,0.0,0.0,0.0,162.97511373131513
2023-04-03,165.8302333832875,151.1653323061142,174.09149239592782,165.8302333832875,165.8302333832875,-3.2975909579719627,-3.2975909579719627,-3.2975909579719627,1.1937952256456854,1.1937952256456854,1.1937952256456854,-4.4913861836176485,-4.4913861836176485,-4.4913861836176485,0.0,0.0,0.0,162.53264242531554
2023-04-04,166.24838462556576,151.12699668667906,173.8212127380611,166.24838462556576,166.24838462556576,-3.909323845969635,-3.909323845969635,-3.909323845969635,1.1925851675683927,1.1925851675683927,1.1925851675683927,-5.1019090135380285,-5.1019090135380285,-5.1019090135380285,0.0,0.0,0.0,162.33906077959614
2023-04-05,166.66653586784403,151.20696723255938,173.07150235608503,166.66653586784403,166.66653586784403,-4.713885341366248,-4.713885341366248,-4.713885341366248,1.0228999524131168,1.0228999524131168,1.0228999524131168,-5.736785293779364,-5.736785293779364,-5.736785293779364,0.0,0.0,0.0,161.95265052647778
2023-04-06,167.08468711012233,150.25841002578508,173.64989792454315,167.08468711012233,167.08468711012233,-5.360422870729202,-5.360422870729202,-5.360422870729202,1.0291160953474368,1.0291160953474368,1.0291160953474368,-6.389538966076638,-6.389538966076638,-6.389538966076638,0.0,0.0,0.0,161.72426423939314
2023-04-10,168.7572920792355,149.70593898432585,172.45835602196604,168.7572920792355,168.7572920792355,-7.820994336378385,-7.820994336378385,-7.820994336378385,1.1937952256455044,1.1937952256455044,1.1937952256455044,-9.01478956202389,-9.01478956202389,-9.01478956202389,0.0,0.0,0.0,160.9362977428571
2023-04-11,169.17544332151377,148.0938781892413,171.77377045178955,169.17544332151377,169.17544332151377,-8.435527601261384,-8.435527601261384,-8.435527601261384,1.1925851675652426,1.1925851675652426,1.1925851675652426,-9.628112768826627,-9.628112768826627,-9.628112768826627,0.0,0.0,0.0,160.73991572025238
2023-04-12,169.59359456379207,149.11537309602943,171.32180063074316,169.59359456379207,169.59359456379207,-9.182049761917169,-9.182049761917169,-9.182049761917169,1.022899952413088,1.022899952413088,1.022899952413088,-10.204949714330258,-10.204949714330258,-10.204949714330258,0.0,0.0,0.0,160.4115448018749
2023-04-13,170.01174580607037,149.02450176569073,172.57630081648404,170.01174580607037,170.01174580607037,-9.706984287936988,-9.706984287936988,-9.706984287936988,1.029116095350074,1.029116095350074,1.029116095350074,-10.736100383287061,-10.736100383287061,-10.736100383287061,0.0,0.0,0.0,160.30476151813338
2023-04-14,170.4298970483486,148.98056931985948,172.39478628099226,170.4298970483486,170.4298970483486,-9.963522693745354,-9.963522693745354,-9.963522693745354,1.2495346665101634,1.2495346665101634,1.2495346665101634,-11.213057360255517,-11.213057360255517,-11.213057360255517,0.0,0.0,0.0,160.46637435460326
2023-04-17,171.6843507751835,148.87732793027195,171.96733957763087,171.6843507751835,171.6843507751835,-11.055398863464035,-11.055398863464035,-11.055398863464035,1.1937952256453235,1.1937952256453235,1.1937952256453235,-12.249194089109357,-12.249194089109357,-12.249194089109357,0.0,0.0,0.0,160.62895191171947
2023-04-18,172.1025019996831,149.43486202211758,173.01047178064883,172.1025019996831,172.1025019996831,-11.253824439168877,-11.253824439168877,-11.253824439168877,1.1925851675706478,1.1925851675706478,1.1925851675706478,-12.446409606739525,-12.446409606739525,-12.446409606739525,0.0,0.0,0.0,160.84867756051423
2023-04-19,172.5206532241827,149.59576191970703,171.45098876350355,172.5206532241827,172.5206532241827,-11.542204927668832,-11.542204927668832,-11.542204927668832,1.022899952413059,1.022899952413059,1.022899952413059,-12.565104880081892,-12.565104880081892,-12.565104880081892,0.0,0.0,0.0,160.97844829651387
2023-04-20,172.93880444868228,150.04344159497742,172.1378456927699,172.93880444868228,172.93880444868228,-11.576027495266805,-11.576027495266805,-11.576027495266805,1.0291160953498748,1.0291160953498748,1.0291160953498748,-12.605143590616679,-12.605143590616679,-12.605143590616679,0.0,0.0,0.0,161.36277695341548
2023-04-21,173.3569556731819,150.36996582357247,173.73924740673408,173.3569556731819,173.3569556731819,-11.318597403841492,-11.318597403841492,-11.318597403841492,1.249534666510246,1.249534666510246,1.249534666510246,-12.568132070351739,-12.568132070351739,-12.568132070351739,0.0,0.0,0.0,162.0383582693404
2023-04-24,174.61140934668066,152.62219218498095,175.30001908829547,174.61140934668066,174.61140934668066,-10.84242974622134,-10.84242974622134,-10.84242974622134,1.193795225651324,1.193795225651324,1.193795225651324,-12.036224971872663,-12.036224971872663,-12.036224971872663,0.0,0.0,0.0,163.76897960045932
2023-04-25,175.02956057118024,152.75865409551824,175.54513834143913,175.02956057118024,175.02956057118024,-10.547628613312419,-10.547628613312419,-10.547628613312419,1.1925851675693444,1.1925851675693444,1.1925851675693444,-11.740213780881763,-11.740213780881763,-11.740213780881763,0.0,0.0,0.0,164.48193195786783
2023-04-26,175.44771179567985,154.51692242309952,175.84234082905678,175.44771179567985,175.44771179567985,-10.376089071722474,-10.376089071722474,-10.376089071722474,1.0228999524134879,1.0228999524134879,1.0228999524134879,-11.39898902413596,-11.39898902413596,-11.39898902413596,0.0,0.0,0.0,165.07162272395738
2023-04-27,175.86586302017943,154.3724252376341,177.06595662482525,175.86586302017943,175.86586302017943,-9.993505872394723,-9.993505872394723,-9.993505872394723,1.0291160953510936,1.0291160953510936,1.0291160953510936,-11.022621967745817,-11.022621967745817,-11.022621967745817,0.0,0.0,0.0,165.8723571477847
2023-04-28,176.28401424467904,156.2436337329728,177.62881220917038,176.28401424467904,176.28401424467904,-9.37237087392383,-9.37237087392383,-9.37237087392383,1.2495346665103289,1.2495346665103289,1.2495346665103289,-10.621905540434158,-10.621905540434158,-10.621905540434158,0.0,0.0,0.0,166.9116433707552
2023-05-01,177.53846791817782,157.42046628090998,181.66098041628896,177.53846791817782,177.53846791817782,-8.192934239905302,-8.192934239905302,-8.192934239905302,1.1937952256511433,1.1937952256511433,1.1937952256511433,-9.386729465556446,-9.386729465556446,-9.386729465556446,0.0,0.0,0.0,169.34553367827252
2023-05-02,177.9566191426774,159.94499246024026,181.84411182479855,177.9566191426774,177.9566191426774,-7.808856778174822,-7.808856778174822,-7.808856778174822,1.1925851675698884,1.1925851675698884,1.1925851675698884,-9.00144194574471,-9.00144194574471,-9.00144194574471,0.0,0.0,0.0,170.14776236450257
2023-05-03,178.374770367177,159.91245914460308,183.37684814675964,178.374770367177,178.374770367177,-7.624112724900398,-7.624112724900398,-7.624112724900398,1.0228999524134588,1.0228999524134588,1.0228999524134588,-8.647012677313857,-8.647012677313857,-8.647012677313857,0.0,0.0,0.0,170.75065764227662
2023-05-04,178.7929215916766,160.18387624901703,182.81479948778883,178.7929215916766,178.7929215916766,-7.3037177986905375,-7.3037177986905375,-7.3037177986905375,1.0291160953473772,1.0291160953473772,1.0291160953473772,-8.332833894037915,-8.332833894037915,-8.332833894037915,0.0,0.0,0.0,171.48920379298605
2023-05-05,179.21107281617617,160.71387164702864,183.37257529223223,179.21107281617617,179.21107281617617,-6.817649561480039,-6.817649561480039,-6.817649561480039,1.2495346665048237,1.2495346665048237,1.2495346665048237,-8.067184227984862,-8.067184227984862,-8.067184227984862,0.0,0.0,0.0,172.39342325469613
2023-05-08,180.46552648967497,162.92915112590714,185.9801599166129,180.46552648967497,180.46552648967497,-6.430009440828119,-6.430009440828119,-6.430009440828119,1.193795225654053,1.193795225654053,1.193795225654053,-7.6238046664821715,-7.6238046664821715,-7.6238046664821715,0.0,0.0,0.0,174.03551704884686
2023-05-09,180.88367771417455,162.51863405989616,186.00402328145296,180.88367771417455,180.88367771417455,-6.41441585069514,-6.41441585069514,-6.41441585069514,1.192585167570433,1.192585167570433,1.192585167570433,-7.6070010182655725,-7.6070010182655725,-7.6070010182655725,0.0,0.0,0.0,174.4692618634794
2023-05-10,181.30182893867416,162.6724942188314,185.92251774169904,181.30182893867416,181.30182893867416,-6.6352900922650235,-6.6352900922650235,-6.6352900922650235,1.022899952413192,1.022899952413192,1.022899952413192,-7.658190044678216,-7.658190044678216,-7.658190044678216,0.0,0.0,0.0,174.66653884640914
2023-05-11,181.71998016317374,163.84976049419873,186.7039211235659,181.71998016317374,181.71998016317374,-6.747295221980201,-6.747295221980201,-6.747295221980201,1.0291160953485965,1.0291160953485965,1.0291160953485965,-7.776411317328797,-7.776411317328797,-7.776411317328797,0.0,0.0,0.0,174.97268494119353
2023-05-12,182.13813138767333,164.55355627706263,187.16810647144908,182.13813138767333,182.13813138767333,-6.709600118104944,-6.709600118104944,-6.709600118104944,1.2495346665049063,1.2495346665049063,1.2495346665049063,-7.95913478460985,-7.95913478460985,-7.95913478460985,0.0,0.0,0.0,175.4285312695684
2023-05-15,183.39258506117213,164.57244193054711,187.19741825162976,183.39258506117213,183.39258506117213,-7.654143707195166,-7.654143707195166,-7.654143707195166,1.193795225644812,1.193795225644812,1.193795225644812,-8.847938932839979,-8.847938932839979,-8.847938932839979,0.0,0.0,0.0,175.73844135397695
2023-05-16,183.8107362856717,163.38868955141334,186.53978255325012,183.8107362856717,183.8107362856717,-8.043824283728013,-8.043824283728013,-8.043824283728013,1.1925851675672825,1.1925851675672825,1.1925851675672825,-9.236409451295295,-9.236409451295295,-9.236409451295295,0.0,0.0,0.0,175.7669120019437
2023-05-17,184.2288874968196,163.88640817674056,186.60784451695002,184.2288874968196,184.2288874968196,-8.63517054718866,-8.63517054718866,-8.63517054718866,1.022899952413401,1.022899952413401,1.022899952413401,-9.658070499602061,-9.658070499602061,-9.658070499602061,0.0,0.0,0.0,175.59371694963093
2023-05-18,184.64703870796754,163.41589332171282,186.54784322872524,184.64703870796754,184.64703870796754,-9.07519211293567,-9.07519211293567,-9.07519211293567,1.0291160953483969,1.0291160953483969,1.0291160953483969,-10.104308208284065,-10.104308208284065,-10.104308208284065,0.0,0.0,0.0,175.57184659503187
2023-05-19,185.06518991911543,164.4763923625439,187.84687404538403,185.06518991911543,185.06518991911543,-9.316733902718637,-9.316733902718637,-9.316733902718637,1.249534666502195,1.249534666502195,1.249534666502195,-10.566268569220831,-10.566268569220831,-10.566268569220831,0.0,0.0,0.0,175.7484560163968
2023-05-22,186.31964355255917,162.90043600390408,186.01895878854612,186.31964355255917,186.31964355255917,-10.765614657609259,-10.765614657609259,-10.765614657609259,1.193795225647722,1.193795225647722,1.193795225647722,-11.959409883256981,-11.959409883256981,-11.959409883256981,0.0,0.0,0.0,175.5540288949499
2023-05-23,186.7377947637071,163.82786914411022,186.30822067556343,186.7377947637071,186.7377947637071,-11.20667300758858,-11.20667300758858,-11.20667300758858,1.1925851675678267,1.1925851675678267,1.1925851675678267,-12.399258175156406,-12.399258175156406,-12.399258175156406,0.0,0.0,0.0,175.5311217561185
2023-05-24,187.155945974855,164.21669357222405,185.78705358129668,187.155945974855,187.155945974855,-11.7922029901165,-11.7922029901165,-11.7922029901165,1.0228999524131341,1.0228999524131341,1.0228999524131341,-12.815102942529634,-12.815102942529634,-12.815102942529634,0.0,0.0,0.0,175.3637429847385
2023-05-25,187.57409718600292,163.84038745942442,186.34939295471315,187.57409718600292,187.57409718600292,-12.172175984181582,-12.172175984181582,-12.172175984181582,1.0291160953496161,1.0291160953496161,1.0291160953496161,-13.201292079531196,-13.201292079531196,-13.201292079531196,0.0,0.0,0.0,175.40192120182132
2023-05-26,187.9922483971508,164.88588672877833,186.86719354890968,187.9922483971508,187.9922483971508,-12.303737049859457,-12.303737049859457,-12.303737049859457,1.249534666510913,1.249534666510913,1.249534666510913,-13.55327171637037,-13.55327171637037,-13.55327171637037,0.0,0.0,0.0,175.68851134729135
2023-05-30,189.66485324174246,165.0270780240738,187.7707050709465,189.66485324174246,189.66485324174246,-13.376933664527405,-13.376933664527405,-13.376933664527405,1.1925851675695371,1.1925851675695371,1.1925851675695371,-14.569518832096943,-14.569518832096943,-14.569518832096943,0.0,0.0,0.0,176.28791957721506
2023-05-31,190.08300445289038,165.96826907143037,187.95945474786143,190.08300445289038,190.08300445289038,-13.700703325247119,-13.700703325247119,-13.700703325247119,1.0228999524135631,1.0228999524135631,1.0228999524135631,-14.72360327766068,-14.72360327766068,-14.72360327766068,0.0,0.0,0.0,176.38230112764325
2023-06-01,190.50115566403827,165.11016400509394,188.63924201852697,190.50115566403827,190.50115566403827,-13.811564829517538,-13.811564829517538,-13.811564829517538,1.0291160953494167,1.0291160953494167,1.0291160953494167,-14.840680924866955,-14.840680924866955,-14.840680924866955,0.0,0.0,0.0,176.68959083452071
2023-06-02,190.9193068751862,166.35025292481197,187.95822015858113,190.9193068751862,190.9193068751862,-13.674311066029393,-13.674311066029393,-13.674311066029393,1.2495346665082017,1.2495346665082017,1.2495346665082017,-14.923845732537593,-14.923845732537593,-14.923845732537593,0.0,0.0,0.0,177.24499580915682
2023-06-05,192.17376050862995,167.4431804131256,190.10382268581608,192.17376050862995,192.17376050862995,-13.816077547795683,-13.816077547795683,-13.816077547795683,1.193795225650451,1.193795225650451,1.193795225650451,-15.009872773446133,-15.009872773446133,-15.009872773446133,0.0,0.0,0.0,178.35768296083427
2023-06-06,192.59191171977784,166.286737765621,190.48133305943708,192.59191171977784,192.59191171977784,-13.806534559694294,-13.806534559694294,-13.806534559694294,1.192585167570081,1.192585167570081,1.192585167570081,-14.999119727264377,-14.999119727264377,-14.999119727264377,0.0,0.0,0.0,178.78537716008356
2023-06-07,193.01006293092573,167.4411254103138,190.46950758381928,193.01006293092573,193.01006293092573,-13.953467782197022,-13.953467782197022,-13.953467782197022,1.022899952413534,1.022899952413534,1.022899952413534,-14.976367734610555,-14.976367734610555,-14.976367734610555,0.0,0.0,0.0,179.05659514872872
2023-06-08,193.42821414207367,168.71206534253838,190.685364060602,193.42821414207367,193.42821414207367,-13.916842578829778,-13.916842578829778,-13.916842578829778,1.0291160953520542,1.0291160953520542,1.0291160953520542,-14.945958674181833,-14.945958674181833,-14.945958674181833,0.0,0.0,0.0,179.5113715632439
2023-06-09,193.8463653532216,168.9940968510397,191.1801059850851,193.8463653532216,193.8463653532216,-13.662262939142257,-13.662262939142257,-13.662262939142257,1.2495346665054905,1.2495346665054905,1.2495346665054905,-14.911797605647747,-14.911797605647747,-14.911797605647747,0.0,0.0,0.0,180.18410241407932
2023-06-12,195.1008189866653,169.90180554570836,193.07486266641328,195.1008189866653,195.1008189866653,-13.622528760288954,-13.622528760288954,-13.622528760288954,1.1937952256502702,1.1937952256502702,1.1937952256502702,-14.816323985939224,-14.816323985939224,-14.816323985939224,0.0,0.0,0.0,181.47829022637634
2023-06-13,195.51897019781322,170.69334793184225,193.80117308799947,195.51897019781322,195.51897019781322,-13.60018008821101,-13.60018008821101,-13.60018008821101,1.1925851675687782,1.1925851675687782,1.1925851675687782,-14.792765255779788,-14.792765255779788,-14.792765255779788,0.0,0.0,0.0,181.9187901096022
2023-06-14,195.93712140896116,170.40923968863507,193.21486073062155,195.93712140896116,195.93712140896116,-13.751230268221349,-13.751230268221349,-13.751230268221349,1.0228999524135052,1.0228999524135052,1.0228999524135052,-14.774130220634852,-14.774130220634852,-14.774130220634852,0.0,0.0,0.0,182.1858911407398
2023-06-15,196.35527262010905,171.137463311115,193.9706059374639,196.35527262010905,196.35527262010905,-13.73043916648811,-13.73043916648811,-13.73043916648811,1.0291160953518548,1.0291160953518548,1.0291160953518548,-14.759555261839964,-14.759555261839964,-14.759555261839964,0.0,0.0,0.0,182.62483345362094
2023-06-16,196.77342383125693,172.4501930356558,196.02149241541179,196.77342383125693,196.77342383125693,-13.497793911633892,-13.497793911633892,-13.497793911633892,1.2495346665142084,1.2495346665142084,1.2495346665142084,-14.747328578148101,-14.747328578148101,-14.747328578148101,0.0,0.0,0.0,183.27562991962304
2023-06-20,197.2078829082645,172.68797685105318,195.73880333331985,197.2078829082645,197.2078829082645,-13.470590670863754,-13.470590670863754,-13.470590670863754,1.1925851675674748,1.1925851675674748,1.1925851675674748,-14.663175838431227,-14.663175838431227,-14.663175838431227,0.0,0.0,0.0,183.73729223740077
2023-06-21,197.3164976775164,172.9120426438242,195.56612085811963,197.3164976775164,197.3164976775164,-13.591514256472358,-13.591514256472358,-13.591514256472358,1.0228999524132378,1.0228999524132378,1.0228999524132378,-14.614414208885597,-14.614414208885597,-14.614414208885597,0.0,0.0,0.0,183.72498342104404
2023-06-22,197.42511244676828,172.6377854272314,194.46193906355825,197.42511244676828,197.42511244676828,-13.517130907760826,-13.517130907760826,-13.517130907760826,1.0291160953481384,1.0291160953481384,1.0291160953481384,-14.546247003108967,-14.546247003108967,-14.546247003108967,0.0,0.0,0.0,183.90798153900747
2023-06-23,197.53372721602017,172.31127880423222,196.6053244413757,197.53372721602017,197.53372721602017,-13.205133890959381,-13.205133890959381,-13.205133890959381,1.2495346665142912,1.2495346665142912,1.2495346665142912,-14.454668557473674,-14.454668557473674,-14.454668557473674,0.0,0.0,0.0,184.32859332506078
2023-06-26,197.85957152377583,172.42711359944374,196.4536681768336,197.85957152377583,197.85957152377583,-12.812735647317004,-12.812735647317004,-12.812735647317004,1.1937952256470292,1.1937952256470292,1.1937952256470292,-14.006530872964033,-14.006530872964033,-14.006530872964033,0.0,0.0,0.0,185.04683587645883
2023-06-27,197.9681862930277,173.8556891550522,196.65003714382388,197.9681862930277,197.9681862930277,-12.599408250744037,-12.599408250744037,-12.599408250744037,1.1925851675710328,1.1925851675710328,1.1925851675710328,-13.791993418315071,-13.791993418315071,-13.791993418315071,0.0,0.0,0.0,185.36877804228368
2023-06-28,198.0768010622796,173.86946113535015,196.09975607623633,198.0768010622796,198.0768010622796,-12.52064091119266,-12.52064091119266,-12.52064091119266,1.0228999524129712,1.0228999524129712,1.0228999524129712,-13.54354086360563,-13.54354086360563,-13.54354086360563,0.0,0.0,0.0,185.55616015108694
2023-06-29,198.1854158315315,175.64993722843846,197.54329072691374,198.1854158315315,198.1854158315315,-12.232905582352856,-12.232905582352856,-12.232905582352856,1.0291160953493574,1.0291160953493574,1.0291160953493574,-13.262021677702213,-13.262021677702213,-13.262021677702213,0.0,0.0,0.0,185.95251024917863
2023-06-30,198.29403060078337,175.9202945742759,197.76072575844356,198.29403060078337,198.29403060078337,-11.699951460362257,-11.699951460362257,-11.699951460362257,1.2495346665087859,1.2495346665087859,1.2495346665087859,-12.949486126871044,-12.949486126871044,-12.949486126871044,0.0,0.0,0.0,186.59407914042112
2023-07-03,198.61987490853903,176.85090023033328,198.1716599783263,198.61987490853903,198.61987490853903,-10.670718705707358,-10.670718705707358,-10.670718705707358,1.193795225649939,1.193795225649939,1.193795225649939,-11.864513931357298,-11.864513931357298,-11.864513931357298,0.0,0.0,0.0,187.94915620283166
2023-07-05,198.8371044470428,176.0029666950732,200.48865103573357,198.8371044470428,198.8371044470428,-10.05408192559199,-10.05408192559199,-10.05408192559199,1.0228999524129423,1.0228999524129423,1.0228999524129423,-11.076981878004933,-11.076981878004933,-11.076981878004933,0.0,0.0,0.0,188.78302252145082
2023-07-06,198.9457192162947,178.12482683396422,200.72678383858013,198.9457192162947,198.9457192162947,-9.657449780881912,-9.657449780881912,-9.657449780881912,1.0291160953505762,1.0291160953505762,1.0291160953505762,-10.686565876232489,-10.686565876232489,-10.686565876232489,0.0,0.0,0.0,189.2882694354128
2023-07-07,199.0543339855466,177.2111103384144,201.84128942120992,199.0543339855466,199.0543339855466,-9.060531150915507,-9.060531150915507,-9.060531150915507,1.2495346665088687,1.2495346665088687,1.2495346665088687,-10.310065817424377,-10.310065817424377,-10.310065817424377,0.0,0.0,0.0,189.9938028346311
2023-07-10,199.38017829330227,179.58462170886853,202.32038906982828,199.38017829330227,199.38017829330227,-8.16258444180804,-8.16258444180804,-8.16258444180804,1.1937952256497582,1.1937952256497582,1.1937952256497582,-9.356379667457798,-9.356379667457798,-9.356379667457798,0.0,0.0,0.0,191.21759385149423
2023-07-11,199.48879306255412,179.76955155280282,203.53672674823665,199.48879306255412,199.48879306255412,-7.934621450035845,-7.934621450035845,-7.934621450035845,1.1925851675684265,1.1925851675684265,1.1925851675684265,-9.127206617604271,-9.127206617604271,-9.127206617604271,0.0,0.0,0.0,191.55417161251827
2023-07-12,199.597407831806,179.5174568561255,203.27170988610447,199.597407831806,199.597407831806,-7.933315586778752,-7.933315586778752,-7.933315586778752,1.022899952412913,1.022899952412913,1.022899952412913,-8.956215539191664,-8.956215539191664,-8.956215539191664,0.0,0.0,0.0,191.66409224502726
2023-07-13,199.7060226010579,179.45919906423356,203.3402887186468,199.7060226010579,199.7060226010579,-7.821304437031267,-7.821304437031267,-7.821304437031267,1.02911609534686,1.02911609534686,1.02911609534686,-8.850420532378125,-8.850420532378125,-8.850420532378125,0.0,0.0,0.0,191.88471816402662
2023-07-14,199.8146373703098,181.64498978898476,202.98876678789463,199.8146373703098,199.8146373703098,-7.5661171776210745,-7.5661171776210745,-7.5661171776210745,1.2495346665061573,1.2495346665061573,1.2495346665061573,-8.815651844127231,-8.815651844127231,-8.815651844127231,0.0,0.0,0.0,192.24852019268874
2023-07-17,200.14048167806547,180.15606046590494,204.1409586402984,200.14048167806547,200.14048167806547,-7.980152391098874,-7.980152391098874,-7.980152391098874,1.193795225652668,1.193795225652668,1.193795225652668,-9.173947616751542,-9.173947616751542,-9.173947616751542,0.0,0.0,0.0,192.1603292869666
2023-07-18,200.24909644731736,180.536468700306,203.23105250348047,200.24909644731736,200.24909644731736,-8.258815232074838,-8.258815232074838,-8.258815232074838,1.1925851675689703,1.1925851675689703,1.1925851675689703,-9.451400399643807,-9.451400399643807,-9.451400399643807,0.0,0.0,0.0,191.99028121524253
2023-07-19,200.35771121656921,178.67442029219666,202.78185047265234,200.35771121656921,200.35771121656921,-8.782381783637543,-8.782381783637543,-8.782381783637543,1.0228999524133422,1.0228999524133422,1.0228999524133422,-9.805281736050887,-9.805281736050887,-9.805281736050887,0.0,0.0,0.0,191.57532943293168
2023-07-20,200.124901536815,180.25040073370766,202.24445915195483,200.124901536815,200.124901536815,-9.202162890242013,-9.202162890242013,-9.202162890242013,1.0291160953480791,1.0291160953480791,1.0291160953480791,-10.231278985590091,-10.231278985590091,-10.231278985590091,0.0,0.0,0.0,190.92273864657298
2023-07-21,199.89209185706076,178.68830500282465,201.06848306697677,199.89209185706076,199.89209185706076,-9.47374755419735,-9.47374755419735,-9.47374755419735,1.24953466650624,1.24953466650624,1.24953466650624,-10.723282220703592,-10.723282220703592,-10.723282220703592,0.0,0.0,0.0,190.4183443028634
2023-07-24,199.1936628177981,175.49875884009916,198.91848063926253,199.1936628177981,199.1936628177981,-11.315848943314352,-11.315848943314352,-11.315848943314352,1.1937952256434272,1.1937952256434272,1.1937952256434272,-12.509644168957779,-12.509644168957779,-12.509644168957779,0.0,0.0,0.0,187.87781387448373
2023-07-25,198.9608531380439,174.4149295626805,198.46620208370564,198.9608531380439,198.9608531380439,-11.980422264710214,-11.980422264710214,-11.980422264710214,1.1925851675676675,1.1925851675676675,1.1925851675676675,-13.17300743227788,-13.17300743227788,-13.17300743227788,0.0,0.0,0.0,186.98043087333366
2023-07-26,198.72804345828965,174.3794080905623,197.29506322045762,198.72804345828965,198.72804345828965,-12.826959078589388,-12.826959078589388,-12.826959078589388,1.0228999524130753,1.0228999524130753,1.0228999524130753,-13.849859031002463,-13.849859031002463,-13.849859031002463,0.0,0.0,0.0,185.90108437970025
2023-07-27,198.49523377853544,173.71393137625253,196.76571156183047,198.49523377853544,198.49523377853544,-13.497755021804771,-13.497755021804771,-13.497755021804771,1.0291160953478795,1.0291160953478795,1.0291160953478795,-14.52687111715265,-14.52687111715265,-14.52687111715265,0.0,0.0,0.0,184.99747875673066
2023-07-28,198.26242409878117,173.07366133868052,195.4924310758239,198.26242409878117,198.26242409878117,-13.940907464233781,-13.940907464233781,-13.940907464233781,1.2495346665035287,1.2495346665035287,1.2495346665035287,-15.190442130737312,-15.190442130737312,-15.190442130737312,0.0,0.0,0.0,184.32151663454738
2023-07-31,197.5639950595185,170.7262526988545,193.11724628985547,197.5639950595185,197.5639950595185,-15.773387587661038,-15.773387587661038,-15.773387587661038,1.193795225646337,1.193795225646337,1.193795225646337,-16.967182813307375,-16.967182813307375,-16.967182813307375,0.0,0.0,0.0,181.79060747185747
2023-08-01,197.33118537976426,169.35141285218492,193.5138949465605,197.33118537976426,197.33118537976426,-16.254227611342845,-16.254227611342845,-16.254227611342845,1.1925851675682113,1.1925851675682113,1.1925851675682113,-17.44681277891106,-17.44681277891106,-17.44681277891106,0.0,0.0,0.0,181.0769577684214
2023-08-02,197.09837570001005,169.51966390323003,191.1249158567633,197.09837570001005,197.09837570001005,-16.829230813457276,-16.829230813457276,-16.829230813457276,1.0228999524132845,1.0228999524132845,1.0228999524132845,-17.852130765870562,-17.852130765870562,-17.852130765870562,0.0,0.0,0.0,180.26914488655277
2023-08-03,196.8655660202558,168.2327937726411,191.49198575385606,196.8655660202558,196.8655660202558,-17.145380637586097,-17.145380637586097,-17.145380637586097,1.029116095350517,1.029116095350517,1.029116095350517,-18.174496732936614,-18.174496732936614,-18.174496732936614,0.0,0.0,0.0,179.7201853826697
2023-08-04,196.63275634050157,168.1422313237112,191.34076681526568,196.63275634050157,196.63275634050157,-17.15750022183196,-17.15750022183196,-17.15750022183196,1.2495346665122469,1.2495346665122469,1.2495346665122469,-18.407034888344207,-18.407034888344207,-18.407034888344207,0.0,0.0,0.0,179.47525611866962
2023-08-07,195.93432730123888,168.12501823983715,190.24897873735253,195.93432730123888,195.93432730123888,-17.332938464638964,-17.332938464638964,-17.332938464638964,1.1937952256461564,1.1937952256461564,1.1937952256461564,-18.526733690285123,-18.526733690285123,-18.526733690285123,0.0,0.0,0.0,178.6013888365999
2023-08-08,195.70151762148467,167.10725130460628,189.96948129128907,195.70151762148467,195.70151762148467,-17.17901075540286,-17.17901075540286,-17.17901075540286,1.1925851675669086,1.1925851675669086,1.1925851675669086,-18.37159592296977,-18.37159592296977,-18.37159592296977,0.0,0.0,0.0,178.5225068660818
2023-08-09,195.46870794173043,167.45351271048543,190.0388832823702,195.46870794173043,195.46870794173043,-17.100206395382553,-17.100206395382553,-17.100206395382553,1.0228999524134752,1.0228999524134752,1.0228999524134752,-18.12310634779603,-18.12310634779603,-18.12310634779603,0.0,0.0,0.0,178.3685015463479
2023-08-10,195.23589826197622,167.2439310556047,189.25584134746467,195.23589826197622,195.23589826197622,-16.757760429777495,-16.757760429777495,-16.757760429777495,1.0291160953503176,1.0291160953503176,1.0291160953503176,-17.786876525127813,-17.786876525127813,-17.786876525127813,0.0,0.0,0.0,178.4781378321987
2023-08-11,195.00308858222198,166.88765607607124,190.2392153940084,195.00308858222198,195.00308858222198,-16.120885891214854,-16.120885891214854,-16.120885891214854,1.2495346665095355,1.2495346665095355,1.2495346665095355,-17.37042055772439,-17.37042055772439,-17.37042055772439,0.0,0.0,0.0,178.88220269100714
2023-08-14,194.30465954295929,168.58257324822634,190.9243373576701,194.30465954295929,194.30465954295929,-14.545311074089927,-14.545311074089927,-14.545311074089927,1.1937952256521567,1.1937952256521567,1.1937952256521567,-15.739106299742085,-15.739106299742085,-15.739106299742085,0.0,0.0,0.0,179.75934846886935
2023-08-15,194.07184986320505,169.01416685760492,192.03980174155927,194.07184986320505,194.07184986320505,-13.914862067322572,-13.914862067322572,-13.914862067322572,1.1925851675704662,1.1925851675704662,1.1925851675704662,-15.107447234893037,-15.107447234893037,-15.107447234893037,0.0,0.0,0.0,180.1569877958825
2023-08-16,193.83904018345083,169.37155358382762,192.09041387704792,193.83904018345083,193.83904018345083,-13.430757295378783,-13.430757295378783,-13.430757295378783,1.022899952413684,1.022899952413684,1.022899952413684,-14.453657247792467,-14.453657247792467,-14.453657247792467,0.0,0.0,0.0,180.40828288807205
2023-08-17,193.60623050369662,169.58384624331518,190.86586434771058,193.60623050369662,193.60623050369662,-12.762279689851018,-12.762279689851018,-12.762279689851018,1.0291160953501184,1.0291160953501184,1.0291160953501184,-13.791395785201138,-13.791395785201138,-13.791395785201138,0.0,0.0,0.0,180.8439508138456
2023-08-18,193.37342082394238,170.31190862673756,192.9471068305743,193.37342082394238,193.37342082394238,-11.884691183217758,-11.884691183217758,-11.884691183217758,1.249534666509618,1.249534666509618,1.249534666509618,-13.134225849727375,-13.134225849727375,-13.134225849727375,0.0,0.0,0.0,181.4887296407246
2023-08-21,192.67499176342756,170.09067719186746,194.4874541457499,192.67499176342756,192.67499176342756,-10.126627236166229,-10.126627236166229,-10.126627236166229,1.193795225651976,1.193795225651976,1.193795225651976,-11.320422461818206,-11.320422461818206,-11.320422461818206,0.0,0.0,0.0,182.54836452726133
2023-08-22,192.44218207658926,171.34283524662254,195.20449694731502,192.44218207658926,192.44218207658926,-9.613191047942479,-9.613191047942479,-9.613191047942479,1.1925851675691632,1.1925851675691632,1.1925851675691632,-10.805776215511642,-10.805776215511642,-10.805776215511642,0.0,0.0,0.0,182.82899102864678
2023-08-23,192.20937238975097,171.83912732735436,193.85659871982492,192.20937238975097,192.20937238975097,-9.328445251655848,-9.328445251655848,-9.328445251655848,1.0228999524134172,1.0228999524134172,1.0228999524134172,-10.351345204069267,-10.351345204069267,-10.351345204069267,0.0,0.0,0.0,182.88092713809513
2023-08-24,191.9765627029127,170.4894537333583,194.345395024991,191.9765627029127,191.9765627029127,-8.934614836581131,-8.934614836581131,-8.934614836581131,1.0291160953513372,1.0291160953513372,1.0291160953513372,-9.963730931932467,-9.963730931932467,-9.963730931932467,0.0,0.0,0.0,183.04194786633158
2023-08-25,191.74375301607444,172.19630935701852,194.89395330409488,191.74375301607444,191.74375301607444,-8.398078381867494,-8.398078381867494,-8.398078381867494,1.2495346665041132,1.2495346665041132,1.2495346665041132,-9.647613048371607,-9.647613048371607,-9.647613048371607,0.0,0.0,0.0,183.34567463420694
2023-08-28,191.04532395555958,171.7608337117685,194.9932888629011,191.04532395555958,191.04532395555958,-7.9507952199019005,-7.9507952199019005,-7.9507952199019005,1.193795225651795,1.193795225651795,1.193795225651795,-9.144590445553696,-9.144590445553696,-9.144590445553696,0.0,0.0,0.0,183.0945287356577
2023-08-29,190.81251426872132,172.47811704255128,193.75626545239624,190.81251426872132,190.81251426872132,-7.92804674016157,-7.92804674016157,-7.92804674016157,1.192585167569707,1.192585167569707,1.192585167569707,-9.120631907731278,-9.120631907731278,-9.120631907731278,0.0,0.0,0.0,182.88446752855975
2023-08-30,190.57970458188305,170.8866480858719,194.1166950603137,190.57970458188305,190.57970458188305,-8.138414028476923,-8.138414028476923,-8.138414028476923,1.022899952413388,1.022899952413388,1.022899952413388,-9.161313980890313,-9.161313980890313,-9.161313980890313,0.0,0.0,0.0,182.44129055340613
2023-08-31,190.34689489504476,170.81869562962643,192.49333102124925,190.34689489504476,190.34689489504476,-8.2305632332675,-8.2305632332675,-8.2305632332675,1.0291160953462024,1.0291160953462024,1.0291160953462024,-9.259679328613702,-9.259679328613702,-9.259679328613702,0.0,0.0,0.0,182.11633166177725
2023-09-01,190.11408520820646,171.10483608067054,192.8584382744622,190.11408520820646,190.11408520820646,-8.157760571380033,-8.157760571380033,-8.157760571380033,1.2495346665041958,1.2495346665041958,1.2495346665041958,-9.407295237884227,-9.407295237884227,-9.407295237884227,0.0,0.0,0.0,181.95632463682642
2023-09-05,189.18284646085337,169.14134929576238,190.77497179872512,189.18284646085337,189.18284646085337,-9.092119638864633,-9.092119638864633,-9.092119638864633,1.1925851675714176,1.1925851675714176,1.1925851675714176,-10.28470480643605,-10.28470480643605,-10.28470480643605,0.0,0.0,0.0,180.09072682198874
2023-09-06,188.95003677401508,167.18129476616912,191.28915959247882,188.95003677401508,188.95003677401508,-9.496449586088353,-9.496449586088353,-9.496449586088353,1.022899952413359,1.022899952413359,1.022899952413359,-10.51934953850171,-10.51934953850171,-10.51934953850171,0.0,0.0,0.0,179.45358718792673
2023-09-07,188.7172270871768,167.74083890486884,190.28019037093807,188.7172270871768,188.7172270871768,-9.70815940768969,-9.70815940768969,-9.70815940768969,1.0291160953488399,1.0291160953488399,1.0291160953488399,-10.737275503038529,-10.737275503038529,-10.737275503038529,0.0,0.0,0.0,179.00906767948712
2023-09-08,188.48441740033854,167.32515979937978,190.46618655337272,188.48441740033854,188.48441740033854,-9.678277972461355,-9.678277972461355,-9.678277972461355,1.2495346665042781,1.2495346665042781,1.2495346665042781,-10.927812638965634,-10.927812638965634,-10.927812638965634,0.0,0.0,0.0,178.80613942787718
2023-09-11,187.7859883398237,166.00211442789177,188.67624449008875,187.7859883398237,187.7859883398237,-10.049531394147586,-10.049531394147586,-10.049531394147586,1.1937952256423732,1.1937952256423732,1.1937952256423732,-11.24332661978996,-11.24332661978996,-11.24332661978996,0.0,0.0,0.0,177.7364569456761
2023-09-12,187.55317865298545,166.63445624123986,188.83230136002624,187.55317865298545,187.55317865298545,-10.046555415608603,-10.046555415608603,-10.046555415608603,1.1925851675719623,1.1925851675719623,1.1925851675719623,-11.239140583180566,-11.239140583180566,-11.239140583180566,0.0,0.0,0.0,177.50662323737686
2023-09-13,187.32036896614716,166.27761290441626,189.42342169006557,187.32036896614716,187.32036896614716,-10.14930162085603,-10.14930162085603,-10.14930162085603,1.0228999524133304,1.0228999524133304,1.0228999524133304,-11.172201573269358,-11.172201573269358,-11.172201573269358,0.0,0.0,0.0,177.17106734529114
2023-09-14,187.0875592793089,165.51309564490515,188.66191166013513,187.0875592793089,187.0875592793089,-10.01114801217491,-10.01114801217491,-10.01114801217491,1.0291160953486402,1.0291160953486402,1.0291160953486402,-11.040264107523551,-11.040264107523551,-11.040264107523551,0.0,0.0,0.0,177.07641126713398
2023-09-15,186.8547495924706,165.6499283184392,188.87296891487796,186.8547495924706,186.8547495924706,-9.593352864870797,-9.593352864870797,-9.593352864870797,1.249534666501567,1.249534666501567,1.249534666501567,-10.842887531372362,-10.842887531372362,-10.842887531372362,0.0,0.0,0.0,177.2613967275998
2023-09-18,186.15632053195577,166.90937378691055,188.51082352217168,186.15632053195577,186.15632053195577,-8.686308096641108,-8.686308096641108,-8.686308096641108,1.1937952256483735,1.1937952256483735,1.1937952256483735,-9.880103322289482,-9.880103322289482,-9.880103322289482,0.0,0.0,0.0,177.47001243531466
2023-09-19,185.92351084511748,166.16558206127337,189.7269657231848,185.92351084511748,185.92351084511748,-8.258481349339322,-8.258481349339322,-8.258481349339322,1.1925851675688117,1.1925851675688117,1.1925851675688117,-9.451066516908133,-9.451066516908133,-9.451066516908133,0.0,0.0,0.0,177.66502949577816
2023-09-20,185.69070865635825,166.3709163316047,188.8759830784449,185.69070865635825,185.69070865635825,-7.95631002113464,-7.95631002113464,-7.95631002113464,1.0228999524130633,1.0228999524130633,1.0228999524130633,-8.979209973547704,-8.979209973547704,-8.979209973547704,0.0,0.0,0.0,177.7343986352236
2023-09-21,185.45790646759906,167.59089523031253,189.08335350252798,185.45790646759906,185.45790646759906,-7.443834214930778,-7.443834214930778,-7.443834214930778,1.0291160953498595,1.0291160953498595,1.0291160953498595,-8.472950310280638,-8.472950310280638,-8.472950310280638,0.0,0.0,0.0,178.01407225266829
2023-09-22,185.22510427883986,167.07045572669082,189.88334980830547,185.22510427883986,185.22510427883986,-6.691943372574455,-6.691943372574455,-6.691943372574455,1.249534666510285,1.249534666510285,1.249534666510285,-7.941478039084739,-7.941478039084739,-7.941478039084739,0.0,0.0,0.0,178.5331609062654
2023-09-25,184.52669771256222,168.73843899448158,191.0186651671154,184.52669771256222,184.52669771256222,-5.099721650505767,-5.099721650505767,-5.099721650505767,1.1937952256481925,1.1937952256481925,1.1937952256481925,-6.29351687615396,-6.29351687615396,-6.29351687615396,0.0,0.0,0.0,179.42697606205647
2023-09-26,184.29389552380306,168.28665870434105,190.99985593914596,184.29389552380306,184.29389552380306,-4.566303763635375,-4.566303763635375,-4.566303763635375,1.192585167569356,1.192585167569356,1.192585167569356,-5.758888931204731,-5.758888931204731,-5.758888931204731,0.0,0.0,0.0,179.72759176016768
2023-09-27,184.06109333504386,167.82346858861726,191.4201224459773,184.06109333504386,184.06109333504386,-4.223993348028336,-4.223993348028336,-4.223993348028336,1.0228999524134923,1.0228999524134923,1.0228999524134923,-5.246893300441828,-5.246893300441828,-5.246893300441828,0.0,0.0,0.0,179.83709998701553
2023-09-28,183.82829114628464,168.7289212454705,190.60849766899142,183.82829114628464,183.82829114628464,-3.7364578420366508,-3.7364578420366508,-3.7364578420366508,1.0291160953510787,1.0291160953510787,1.0291160953510787,-4.76557393738773,-4.76557393738773,-4.76557393738773,0.0,0.0,0.0,180.09183330424798
2023-09-29,183.59548895752545,169.41811478007094,191.01040332127963,183.59548895752545,183.59548895752545,-3.0723757955876856,-3.0723757955876856,-3.0723757955876856,1.24953466650478,1.24953466650478,1.24953466650478,-4.3219104620924655,-4.3219104620924655,-4.3219104620924655,0.0,0.0,0.0,180.52311316193777
2023-10-02,182.89708239124786,169.27684259238785,192.09506514962334,182.89708239124786,182.89708239124786,-2.073389832528916,-2.073389832528916,-2.073389832528916,1.1937952256511029,1.1937952256511029,1.1937952256511029,-3.267185058180019,-3.267185058180019,-3.267185058180019,0.0,0.0,0.0,180.82369255871896
2023-10-03,182.66428020248864,169.2659051324485,191.30333793797777,182.66428020248864,182.66428020248864,-1.8246155379051143,-1.8246155379051143,-1.8246155379051143,1.1925851675699,1.1925851675699,1.1925851675699,-3.0172007054750143,-3.0172007054750143,-3.0172007054750143,0.0,0.0,0.0,180.83966466458352
2023-10-04,182.43147801372945,168.7883614914505,191.27109857311967,182.43147801372945,182.43147801372945,-1.7960400536086774,-1.7960400536086774,-1.7960400536086774,1.0228999524132254,1.0228999524132254,1.0228999524132254,-2.818940006021903,-2.818940006021903,-2.818940006021903,0.0,0.0,0.0,180.63543796012078
2023-10-05,182.19867582497025,169.75143680671954,192.32737379101337,182.19867582497025,182.19867582497025,-1.6415660809522001,-1.6415660809522001,-1.6415660809522001,1.0291160953522978,1.0291160953522978,1.0291160953522978,-2.670682176304498,-2.670682176304498,-2.670682176304498,0.0,0.0,0.0,180.55710974401805
2023-10-06,181.96587363621106,170.27931799740185,192.1221792123968,181.96587363621106,181.96587363621106,-1.3197473167993097,-1.3197473167993097,-1.3197473167993097,1.2495346665048623,1.2495346665048623,1.2495346665048623,-2.569281983304172,-2.569281983304172,-2.569281983304172,0.0,0.0,0.0,180.64612631941174
2023-10-09,181.26746706993345,168.67178332069537,191.89940476486467,181.26746706993345,181.26746706993345,-1.3024409285105065,-1.3024409285105065,-1.3024409285105065,1.1937952256418616,1.1937952256418616,1.1937952256418616,-2.4962361541523683,-2.4962361541523683,-2.4962361541523683,0.0,0.0,0.0,179.96502614142292
2023-10-10,181.03466488117425,169.00554884966476,190.71628204563802,181.03466488117425,181.03466488117425,-1.3347668527189616,-1.3347668527189616,-1.3347668527189616,1.1925851675667496,1.1925851675667496,1.1925851675667496,-2.527352020285711,-2.527352020285711,-2.527352020285711,0.0,0.0,0.0,179.6998980284553
2023-10-11,180.80186269241506,168.79845201406178,189.9865478627639,180.80186269241506,180.80186269241506,-1.5507946477205254,-1.5507946477205254,-1.5507946477205254,1.0228999524134346,1.0228999524134346,1.0228999524134346,-2.57369460013396,-2.57369460013396,-2.57369460013396,0.0,0.0,0.0,179.25106804469453
2023-10-12,180.56906050365583,167.36026737831426,190.18594153280608,180.56906050365583,180.56906050365583,-1.5981158627626986,-1.5981158627626986,-1.5981158627626986,1.0291160953520986,1.0291160953520986,1.0291160953520986,-2.6272319581147974,-2.6272319581147974,-2.6272319581147974,0.0,0.0,0.0,178.97094464089312
2023-10-13,180.33625831489664,168.02058265747152,190.38606760681748,180.33625831489664,180.33625831489664,-1.4303923498254687,-1.4303923498254687,-1.4303923498254687,1.2495346665135802,1.2495346665135802,1.2495346665135802,-2.679927016339049,-2.679927016339049,-2.679927016339049,0.0,0.0,0.0,178.90586596507117
2023-10-16,179.63785174861903,166.7146655957506,189.19816227791375,179.63785174861903,179.63785174861903,-1.5637886216382857,-1.5637886216382857,-1.5637886216382857,1.1937952256447715,1.1937952256447715,1.1937952256447715,-2.757583847283057,-2.757583847283057,-2.757583847283057,0.0,0.0,0.0,178.07406312698075
2023-10-17,179.40504955985983,166.62320309996485,189.4581831103905,179.40504955985983,179.40504955985983,-1.5421635560589653,-1.5421635560589653,-1.5421635560589653,1.1925851675672936,1.1925851675672936,1.1925851675672936,-2.7347487236262586,-2.7347487236262586,-2.7347487236262586,0.0,0.0,0.0,177.86288600380087
2023-10-18,179.17224737110064,166.15074342331613,189.70973181167298,179.17224737110064,179.17224737110064,-1.655967718300754,-1.655967718300754,-1.655967718300754,1.0228999524131672,1.0228999524131672,1.0228999524131672,-2.678867670713921,-2.678867670713921,-2.678867670713921,0.0,0.0,0.0,177.51627965279988
2023-10-19,178.93944518234144,165.025984633111,189.54697880295944,178.93944518234144,178.93944518234144,-1.557286705298713,-1.557286705298713,-1.557286705298713,1.0291160953498004,1.0291160953498004,1.0291160953498004,-2.5864028006485134,-2.5864028006485134,-2.5864028006485134,0.0,0.0,0.0,177.38215847704274
2023-10-20,178.8024585567321,166.473531774383,188.62058242973612,178.8024585567321,178.8024585567321,-1.2055365681737014,-1.2055365681737014,-1.2055365681737014,1.2495346665136633,1.2495346665136633,1.2495346665136633,-2.455071234687365,-2.455071234687365,-2.455071234687365,0.0,0.0,0.0,177.5969219885584
2023-10-23,178.39149867990403,166.97794070520547,189.16578974754592,178.39149867990403,178.39149867990403,-0.6307423947461178,-0.6307423947461178,-0.6307423947461178,1.1937952256476814,1.1937952256476814,1.1937952256476814,-1.8245376203937993,-1.8245376203937993,-1.8245376203937993,0.0,0.0,0.0,177.76075628515792
2023-10-24,178.2545120542947,168.01687092521104,190.2434634684567,178.2545120542947,178.2545120542947,-0.34814183474881505,-0.34814183474881505,-0.34814183474881505,1.1925851675708516,1.1925851675708516,1.1925851675708516,-1.5407270023196664,-1.5407270023196664,-1.5407270023196664,0.0,0.0,0.0,177.9063702195459
2023-10-25,178.11752542868535,166.07252868228576,188.405084027581,178.11752542868535,178.11752542868535,-0.20269576152627525,-0.20269576152627525,-0.20269576152627525,1.0228999524129,1.0228999524129,1.0228999524129,-1.2255957139391753,-1.2255957139391753,-1.2255957139391753,0.0,0.0,0.0,177.91482966715907
2023-10-26,177.980538803076,166.47423846817168,189.4848712440827,177.980538803076,177.980538803076,0.14521012016694576,0.14521012016694576,0.14521012016694576,1.029116095349601,1.029116095349601,1.029116095349601,-0.8839059751826552,-0.8839059751826552,-0.8839059751826552,0.0,0.0,0.0,178.12574892324295
2023-10-27,177.84355217746662,167.46393428488207,189.80553280487243,177.84355217746662,177.84355217746662,0.7283767304201788,0.7283767304201788,0.7283767304201788,1.249534666510952,1.249534666510952,1.249534666510952,-0.5211579360907732,-0.5211579360907732,-0.5211579360907732,0.0,0.0,0.0,178.5719289078868
2023-10-30,177.43259230063856,167.91944951945007,190.27433015917606,177.43259230063856,177.43259230063856,1.8255558089828667,1.8255558089828667,1.8255558089828667,1.1937952256505913,1.1937952256505913,1.1937952256505913,0.6317605833322756,0.6317605833322756,0.6317605833322756,0.0,0.0,0.0,179.25814810962143
2023-10-31,177.2956056750292,168.39973907666499,190.73121619552006,177.2956056750292,177.2956056750292,2.2090140365352866,2.2090140365352866,2.2090140365352866,1.1925851675713957,1.1925851675713957,1.1925851675713957,1.0164288689638907,1.0164288689638907,1.0164288689638907,0.0,0.0,0.0,179.5046197115645
2023-11-01,177.15861904941985,167.67041915427086,190.71357996865777,177.15861904941985,177.15861904941985,2.414073130571103,2.414073130571103,2.414073130571103,1.0228999524131095,1.0228999524131095,1.0228999524131095,1.3911731781579937,1.3911731781579937,1.3911731781579937,0.0,0.0,0.0,179.57269217999095
2023-11-02,177.0216324238105,168.23966054945603,191.29478833113126,177.0216324238105,177.0216324238105,2.779814187760281,2.779814187760281,2.779814187760281,1.0291160953522385,1.0291160953522385,1.0291160953522385,1.7506980924080429,1.7506980924080429,1.7506980924080429,0.0,0.0,0.0,179.80144661157078
2023-11-03,176.88464579820115,169.45221599772208,191.3279380921791,176.88464579820115,176.88464579820115,3.340042009851082,3.340042009851082,3.340042009851082,1.2495346665082405,1.2495346665082405,1.2495346665082405,2.0905073433428414,2.0905073433428414,2.0905073433428414,0.0,0.0,0.0,180.22468780805224
2023-11-06,176.47368592137312,169.26448545235314,191.97074446297262,176.47368592137312,176.47368592137312,4.155912775323734,4.155912775323734,4.155912775323734,1.1937952256504105,1.1937952256504105,1.1937952256504105,2.9621175496733234,2.9621175496733234,2.9621175496733234,0.0,0.0,0.0,180.62959869669686
2023-11-07,176.33669929576374,169.0731731322103,192.03975403986425,176.33669929576374,176.33669929576374,4.392116196788958,4.392116196788958,4.392116196788958,1.1925851675700925,1.1925851675700925,1.1925851675700925,3.1995310292188655,3.1995310292188655,3.1995310292188655,0.0,0.0,0.0,180.72881549255268
2023-11-08,176.19971267015438,169.2789376156398,191.68231942277362,176.19971267015438,176.19971267015438,4.4345984575320765,4.4345984575320765,4.4345984575320765,1.0228999524128426,1.0228999524128426,1.0228999524128426,3.4116985051192343,3.4116985051192343,3.4116985051192343,0.0,0.0,0.0,180.63431112768646
2023-11-09,176.06272604454503,169.32681672276695,192.4117967101076,176.06272604454503,176.06272604454503,4.630503045815587,4.630503045815587,4.630503045815587,1.0291160953471037,1.0291160953471037,1.0291160953471037,3.601386950468483,3.601386950468483,3.601386950468483,0.0,0.0,0.0,180.6932290903606
2023-11-10,175.92573941893568,169.31153305564175,192.3919510709649,175.92573941893568,175.92573941893568,5.022159959072752,5.022159959072752,5.022159959072752,1.2495346665055294,1.2495346665055294,1.2495346665055294,3.7726252925672226,3.7726252925672226,3.7726252925672226,0.0,0.0,0.0,180.94789937800843
2023-11-13,175.51477954210762,169.858145122691,192.4194273574923,175.51477954210762,175.51477954210762,5.426390104182759,5.426390104182759,5.426390104182759,1.1937952256564108,1.1937952256564108,1.1937952256564108,4.232594878526348,4.232594878526348,4.232594878526348,0.0,0.0,0.0,180.94116964629038
2023-11-14,175.37779291649827,168.561214911402,192.25627567172185,175.37779291649827,175.37779291649827,5.584037152955071,5.584037152955071,5.584037152955071,1.1925851675687893,1.1925851675687893,1.1925851675687893,4.391451985386281,4.391451985386281,4.391451985386281,0.0,0.0,0.0,180.96183006945333
2023-11-15,175.2408062908889,169.27518659379635,192.1777778014764,175.2408062908889,175.2408062908889,5.589245023797206,5.589245023797206,5.589245023797206,1.0228999524132714,1.0228999524132714,1.0228999524132714,4.566345071383935,4.566345071383935,4.566345071383935,0.0,0.0,0.0,180.83005131468613
2023-11-16,175.10381966527953,170.30699942322997,191.64133628067174,175.10381966527953,175.10381966527953,5.794800753827599,5.794800753827599,5.794800753827599,1.0291160953483225,1.0291160953483225,1.0291160953483225,4.765684658479277,4.765684658479277,4.765684658479277,0.0,0.0,0.0,180.89862041910712
2023-11-17,174.96683303967018,169.9802631287687,192.5966223823987,174.96683303967018,174.96683303967018,6.247369035065709,6.247369035065709,6.247369035065709,1.2495346665056122,1.2495346665056122,1.2495346665056122,4.997834368560097,4.997834368560097,4.997834368560097,0.0,0.0,0.0,181.21420207473588
2023-11-20,174.557686044274,170.61363608478342,193.33124256277213,174.557686044274,174.557686044274,7.16254464824428,7.16254464824428,7.16254464824428,1.1937952256440794,1.1937952256440794,1.1937952256440794,5.968749422600201,5.968749422600201,5.968749422600201,0.0,0.0,0.0,181.72023069251827
2023-11-21,174.42130371247526,170.52095016936502,193.24089719840407,174.42130371247526,174.42130371247526,7.598615381575049,7.598615381575049,7.598615381575049,1.1925851675674861,1.1925851675674861,1.1925851675674861,6.406030214007562,6.406030214007562,6.406030214007562,0.0,0.0,0.0,182.01991909405032
2023-11-22,174.28492138067654,170.72912133821467,194.74312208300313,174.28492138067654,174.28492138067654,7.9314776792560036,7.9314776792560036,7.9314776792560036,1.0228999524132425,1.0228999524132425,1.0228999524132425,6.908577726842761,6.908577726842761,6.908577726842761,0.0,0.0,0.0,182.21639905993254
2023-11-24,174.0121567170791,171.28538312119494,195.40053168838574,174.0121567170791,174.0121567170791,9.369865372251791,9.369865372251791,9.369865372251791,1.2495346665001068,1.2495346665001068,1.2495346665001068,8.120330705751684,8.120330705751684,8.120330705751684,0.0,0.0,0.0,183.3820220893309
2023-11-27,173.60300972168292,173.74227225558678,196.89958642504283,173.60300972168292,173.60300972168292,11.647573605116191,11.647573605116191,11.647573605116191,1.1937952256469888,1.1937952256469888,1.1937952256469888,10.453778379469203,10.453778379469203,10.453778379469203,0.0,0.0,0.0,185.2505833267991
2023-11-28,173.4666273898842,174.8895207390221,197.46289999661474,173.4666273898842,173.4666273898842,12.549932288238702,12.549932288238702,12.549932288238702,1.1925851675680303,1.1925851675680303,1.1925851675680303,11.357347120670672,11.357347120670672,11.357347120670672,0.0,0.0,0.0,186.0165596781229
2023-11-29,173.33024505808547,174.61877612487905,197.0400202585963,173.33024505808547,173.33024505808547,13.337047455435318,13.337047455435318,13.337047455435318,1.0228999524132139,1.0228999524132139,1.0228999524132139,12.314147503022104,12.314147503022104,12.314147503022104,0.0,0.0,0.0,186.66729251352078
2023-11-30,173.1938627262867,175.7296366772796,199.0245956915276,173.1938627262867,173.1938627262867,14.345280617680874,14.345280617680874,14.345280617680874,1.029116095347924,1.029116095347924,1.029116095347924,13.31616452233295,13.31616452233295,13.31616452233295,0.0,0.0,0.0,187.5391433439676
2023-12-01,173.057480394488,176.92948038512586,199.81500359678867,173.057480394488,173.057480394488,15.603635463720643,15.603635463720643,15.603635463720643,1.2495346665116187,1.2495346665116187,1.2495346665116187,14.354100797209023,14.354100797209023,14.354100797209023,0.0,0.0,0.0,188.66111585820866
2023-12-04,172.64833339909183,179.64613763202792,203.0795281286083,172.64833339909183,172.64833339909183,18.76923163250337,18.76923163250337,18.76923163250337,1.1937952256468078,1.1937952256468078,1.1937952256468078,17.57543640685656,17.57543640685656,17.57543640685656,0.0,0.0,0.0,191.4175650315952
2023-12-05,172.5119510672931,180.96732634187927,203.0939456844053,172.5119510672931,172.5119510672931,19.838283326195327,19.838283326195327,19.838283326195327,1.19258516756488,1.19258516756488,1.19258516756488,18.64569815863045,18.64569815863045,18.64569815863045,0.0,0.0,0.0,192.35023439348842
2023-12-06,172.37556873549437,182.19435298055623,203.80557505265048,172.37556873549437,172.37556873549437,20.716641047837715,20.716641047837715,20.716641047837715,1.0228999524136428,1.0228999524136428,1.0228999524136428,19.693741095424077,19.693741095424077,19.693741095424077,0.0,0.0,0.0,193.0922097833321
2023-12-07,172.23918640369564,182.6938117588506,205.49982098536788,172.23918640369564,172.23918640369564,21.73649957186644,21.73649957186644,21.73649957186644,1.0291160953505611,1.0291160953505611,1.0291160953505611,20.70738347651588,20.70738347651588,20.70738347651588,0.0,0.0,0.0,193.97568597556207
2023-12-08,172.1028040718969,183.27989933286796,205.8921860266432,172.1028040718969,172.1028040718969,22.92441461011462,22.92441461011462,22.92441461011462,1.2495346665089075,1.2495346665089075,1.2495346665089075,21.674879943605717,21.674879943605717,21.674879943605717,0.0,0.0,0.0,195.02721868201152
2023-12-11,171.69365707650076,186.0507327682995,209.0470201193853,171.69365707650076,171.69365707650076,25.38855996186803,25.38855996186803,25.38855996186803,1.1937952256466269,1.1937952256466269,1.1937952256466269,24.194764736221405,24.194764736221405,24.194764736221405,0.0,0.0,0.0,197.08221703836878
2023-12-12,171.557274744702,185.35538408690186,209.7460678075873,171.557274744702,171.557274744702,26.069961608665626,26.069961608665626,26.069961608665626,1.1925851675702848,1.1925851675702848,1.1925851675702848,24.87737644109534,24.87737644109534,24.87737644109534,0.0,0.0,0.0,197.62723635336764
2023-12-13,171.4208924129033,186.6310772477852,209.65558856942195,171.4208924129033,171.4208924129033,26.492643881436212,26.492643881436212,26.492643881436212,1.0228999524136133,1.0228999524136133,1.0228999524136133,25.469743929022595,25.469743929022595,25.469743929022595,0.0,0.0,0.0,197.9135362943395
2023-12-14,171.28451008110454,188.1484528067124,209.48046679580554,171.28451008110454,171.28451008110454,26.99632222361624,26.99632222361624,26.99632222361624,1.0291160953503617,1.0291160953503617,1.0291160953503617,25.967206128265875,25.967206128265875,25.967206128265875,0.0,0.0,0.0,198.28083230472078
2023-12-15,171.14812774930584,186.99893028974515,209.70650897645885,171.14812774930584,171.14812774930584,27.61626999741151,27.61626999741151,27.61626999741151,1.2495346665089901,1.2495346665089901,1.2495346665089901,26.36673533090252,26.36673533090252,26.36673533090252,0.0,0.0,0.0,198.76439774671735
2023-12-18,170.73898075390966,186.47343005281417,209.6669478448215,170.73898075390966,170.73898075390966,28.166013719624672,28.166013719624672,28.166013719624672,1.1937952256526279,1.1937952256526279,1.1937952256526279,26.972218493972044,26.972218493972044,26.972218493972044,0.0,0.0,0.0,198.90499447353432
2023-12-19,170.60259842211093,187.06566130937642,210.08785231383322,170.60259842211093,170.60259842211093,28.175066580248657,28.175066580248657,28.175066580248657,1.1925851675671344,1.1925851675671344,1.1925851675671344,26.982481412681526,26.982481412681526,26.982481412681526,0.0,0.0,0.0,198.77766500235958
2023-12-20,170.46621609031223,187.29144092023515,209.6490865320891,170.46621609031223,170.46621609031223,27.926598898976327,27.926598898976327,27.926598898976327,1.0228999524133464,1.0228999524133464,1.0228999524133464,26.90369894656298,26.90369894656298,26.90369894656298,0.0,0.0,0.0,198.39281498928855
2023-12-21,170.3502288999638,186.73762178456406,209.32730892963798,170.3502288999638,170.3502288999638,27.770947142961766,27.770947142961766,27.770947142961766,1.029116095351581,1.029116095351581,1.029116095351581,26.741831047610187,26.741831047610187,26.741831047610187,0.0,0.0,0.0,198.12117604292558
2023-12-22,170.23424170961536,186.7853810288914,209.19998473446717,170.23424170961536,170.23424170961536,27.75341052254661,27.75341052254661,27.75341052254661,1.2495346665090727,1.2495346665090727,1.2495346665090727,26.503875856037542,26.503875856037542,26.503875856037542,0.0,0.0,0.0,197.98765223216196
2023-12-26,169.77029294822168,183.9215696003972,207.2833942388143,169.77029294822168,169.77029294822168,26.148603867896124,26.148603867896124,26.148603867896124,1.1925851675676786,1.1925851675676786,1.1925851675676786,24.956018700328446,24.956018700328446,24.956018700328446,0.0,0.0,0.0,195.9188968161178
2023-12-27,169.65430575787326,184.62407076777572,205.91003818004336,169.65430575787326,169.65430575787326,25.487350421649467,25.487350421649467,25.487350421649467,1.0228999524133175,1.0228999524133175,1.0228999524133175,24.464450469236148,24.464450469236148,24.464450469236148,0.0,0.0,0.0,195.14165617952273
2023-12-28,169.53831856752484,183.01612871980907,205.61890449638878,169.53831856752484,169.53831856752484,24.9780014429865,24.9780014429865,24.9780014429865,1.0291160953478646,1.0291160953478646,1.0291160953478646,23.948885347638637,23.948885347638637,23.948885347638637,0.0,0.0,0.0,194.51632001051135
2023-12-29,169.42233137717642,183.2539088298942,205.10659863458403,169.42233137717642,169.42233137717642,24.667266651938977,24.667266651938977,24.667266651938977,1.2495346665035678,1.2495346665035678,1.2495346665035678,23.41773198543541,23.41773198543541,23.41773198543541,0.0,0.0,0.0,194.0895980291154
2024-01-02,168.95838261578274,180.67566895169546,202.2896318702307,168.95838261578274,168.95838261578274,22.47551509158071,22.47551509158071,22.47551509158071,1.1925851675712364,1.1925851675712364,1.1925851675712364,21.282929924009473,21.282929924009473,21.282929924009473,0.0,0.0,0.0,191.43389770736346
2024-01-03,168.84239542543432,179.273319496585,201.80825938294475,168.84239542543432,168.84239542543432,21.798925588276603,21.798925588276603,21.798925588276603,1.0228999524130504,1.0228999524130504,1.0228999524130504,20.776025635863558,20.776025635863558,20.776025635863558,0.0,0.0,0.0,190.64132101371092
2024-01-04,168.72640823508587,178.63817197532566,201.29889248533837,168.72640823508587,168.72640823508587,21.31754068480373,21.31754068480373,21.31754068480373,1.0291160953490834,1.0291160953490834,1.0291160953490834,20.28842458945465,20.28842458945465,20.28842458945465,0.0,0.0,0.0,190.0439489198896
2024-01-05,168.61042104473748,179.38785379875225,201.30810305834547,168.61042104473748,168.61042104473748,21.072352078672967,21.072352078672967,21.072352078672967,1.249534666509492,1.249534666509492,1.249534666509492,19.822817412163477,19.822817412163477,19.822817412163477,0.0,0.0,0.0,189.68277312341044
2024-01-08,168.26245947369222,176.27192892364613,199.0054372851529,168.26245947369222,168.26245947369222,19.76631482221834,19.76631482221834,19.76631482221834,1.1937952256461157,1.1937952256461157,1.1937952256461157,18.57251959657222,18.57251959657222,18.57251959657222,0.0,0.0,0.0,188.02877429591055
2024-01-09,168.1464722833438,176.488177014965,200.28534924213406,168.1464722833438,168.1464722833438,19.398568057280634,19.398568057280634,19.398568057280634,1.1925851675699335,1.1925851675699335,1.1925851675699335,18.205982889710704,18.205982889710704,18.205982889710704,0.0,0.0,0.0,187.54504034062444
2024-01-10,168.03048509299538,175.77659102557973,199.0198532883335,168.03048509299538,168.03048509299538,18.886833729328362,18.886833729328362,18.886833729328362,1.0228999524132596,1.0228999524132596,1.0228999524132596,17.8639337769151,17.8639337769151,17.8639337769151,0.0,0.0,0.0,186.91731882232375
2024-01-11,167.91449790264696,175.06983631612636,197.85581125616216,167.91449790264696,167.91449790264696,18.574600816640878,18.574600816640878,18.574600816640878,1.029116095348884,1.029116095348884,1.029116095348884,17.54548472129199,17.54548472129199,17.54548472129199,0.0,0.0,0.0,186.48909871928782
2024-01-12,167.79851071229854,175.4210855010199,198.91179340377985,167.79851071229854,167.79851071229854,18.499139391113825,18.499139391113825,18.499139391113825,1.2495346665095746,1.2495346665095746,1.2495346665095746,17.24960472460425,17.24960472460425,17.24960472460425,0.0,0.0,0.0,186.29765010341237
2024-01-16,167.33456195090486,172.39082305723315,196.07028974672133,167.33456195090486,167.33456195090486,17.466194645184796,17.466194645184796,17.466194645184796,1.19258516756863,1.19258516756863,1.19258516756863,16.273609477616166,16.273609477616166,16.273609477616166,0.0,0.0,0.0,184.80075659608966
2024-01-17,167.21857476055644,172.86802363768757,195.46207705436515,167.21857476055644,167.21857476055644,17.102061708072803,17.102061708072803,17.102061708072803,1.0228999524129927,1.0228999524129927,1.0228999524129927,16.079161755659808,16.079161755659808,16.079161755659808,0.0,0.0,0.0,184.32063646862923
2024-01-18,167.102587570208,172.43166720339804,194.88889254825685,167.102587570208,167.102587570208,16.934081619281425,16.934081619281425,16.934081619281425,1.029116095350103,1.029116095350103,1.029116095350103,15.90496552393132,15.90496552393132,15.90496552393132,0.0,0.0,0.0,184.0366691894894
2024-01-19,166.98660037985957,171.99546288617162,196.05859392037502,166.98660037985957,166.98660037985957,17.00159123348836,17.00159123348836,17.00159123348836,1.249534666509657,1.249534666509657,1.249534666509657,15.7520565669787,15.7520565669787,15.7520565669787,0.0,0.0,0.0,183.98819161334794
2024-01-22,166.6386388088143,171.0708314756161,195.20021586338115,166.6386388088143,166.6386388088143,16.632221756500524,16.632221756500524,16.632221756500524,1.1937952256519353,1.1937952256519353,1.1937952256519353,15.438426530848588,15.438426530848588,15.438426530848588,0.0,0.0,0.0,183.27086056531482
2024-01-23,166.52265161846591,170.82183068586951,194.47309947303623,166.52265161846591,166.52265161846591,16.582601156024825,16.582601156024825,16.582601156024825,1.1925851675691743,1.1925851675691743,1.1925851675691743,15.390015988455652,15.390015988455652,15.390015988455652,0.0,0.0,0.0,183.10525277449074
2024-01-24,166.40666442811747,171.99236032549663,194.29505818770005,166.40666442811747,166.40666442811747,16.39714182752676,16.39714182752676,16.39714182752676,1.022899952413422,1.022899952413422,1.022899952413422,15.374241875113338,15.374241875113338,15.374241875113338,0.0,0.0,0.0,182.80380625564422
2024-01-25,166.29067727558478,170.7135520861029,193.64547049603186,166.29067727558478,166.29067727558478,16.423130954584796,16.423130954584796,16.423130954584796,1.029116095349904,1.029116095349904,1.029116095349904,15.39401485923489,15.39401485923489,15.39401485923489,0.0,0.0,0.0,182.71380823016958
2024-01-26,166.17469012305207,171.6537300238773,194.64076841394254,166.17469012305207,166.17469012305207,16.701698289639275,16.701698289639275,16.701698289639275,1.2495346665069458,1.2495346665069458,1.2495346665069458,15.452163623132328,15.452163623132328,15.452163623132328,0.0,0.0,0.0,182.87638841269134
2024-01-29,165.8267286654539,171.74334253352936,193.99978076615335,165.8267286654539,165.8267286654539,17.07446013526431,17.07446013526431,17.07446013526431,1.1937952256426945,1.1937952256426945,1.1937952256426945,15.880664909621618,15.880664909621618,15.880664909621618,0.0,0.0,0.0,182.90118880071822
2024-01-30,165.7107415129212,170.95349305918435,194.3553994431935,165.7107415129212,165.7107415129212,17.306110601131618,17.306110601131618,17.306110601131618,1.1925851675697186,1.1925851675697186,1.1925851675697186,16.113525433561897,16.113525433561897,16.113525433561897,0.0,0.0,0.0,183.01685211405282
2024-01-31,165.5947543603885,171.94549490178517,194.34952588874543,165.5947543603885,165.5947543603885,17.415155386050916,17.415155386050916,17.415155386050916,1.0228999524133926,1.0228999524133926,1.0228999524133926,16.392255433637523,16.392255433637523,16.392255433637523,0.0,0.0,0.0,183.0099097464394
2024-02-01,165.47876720785578,172.06143527934168,194.9130812051917,165.47876720785578,165.47876720785578,17.745122186427242,17.745122186427242,17.745122186427242,1.0291160953490242,1.0291160953490242,1.0291160953490242,16.716006091078217,16.716006091078217,16.716006091078217,0.0,0.0,0.0,183.22388939428302
2024-02-02,165.36278005532307,173.23969929941052,194.69249318734705,165.36278005532307,165.36278005532307,18.332410302946545,18.332410302946545,18.332410302946545,1.2495346665042344,1.2495346665042344,1.2495346665042344,17.082875636442314,17.082875636442314,17.082875636442314,0.0,0.0,0.0,183.69519035826963
2024-02-05,165.01481859772494,172.94998323188977,195.57914885058474,165.01481859772494,165.01481859772494,19.599962079623843,19.599962079623843,19.599962079623843,1.193795225642514,1.193795225642514,1.193795225642514,18.406166853981333,18.406166853981333,18.406166853981333,0.0,0.0,0.0,184.6147806773488
2024-02-06,164.89883144519223,173.7416465747023,196.88621966402093,164.89883144519223,164.89883144519223,20.096290273955162,20.096290273955162,20.096290273955162,1.1925851675684154,1.1925851675684154,1.1925851675684154,18.903705106386745,18.903705106386745,18.903705106386745,0.0,0.0,0.0,184.9951217191474
2024-02-07,164.78284429265952,173.44387777653927,196.13847717706145,164.78284429265952,164.78284429265952,20.440691738931015,20.440691738931015,20.440691738931015,1.022899952413364,1.022899952413364,1.022899952413364,19.417791786517654,19.417791786517654,19.417791786517654,0.0,0.0,0.0,185.22353603159053
2024-02-08,164.66685714012684,174.1025066637386,196.6393771571862,164.66685714012684,164.66685714012684,20.969036549323324,20.969036549323324,20.969036549323324,1.0291160953488245,1.0291160953488245,1.0291160953488245,19.939920453974498,19.939920453974498,19.939920453974498,0.0,0.0,0.0,185.63589368945017
2024-02-09,164.55086998759413,174.46517001174868,197.18430708629757,164.55086998759413,164.55086998759413,21.710290556318714,21.710290556318714,21.710290556318714,1.2495346665129525,1.2495346665129525,1.2495346665129525,20.46075588980576,20.46075588980576,20.46075588980576,0.0,0.0,0.0,186.26116054391284
2024-02-12,164.202908529996,176.1657936517824,198.61999022955644,164.202908529996,164.202908529996,23.10717422379468,23.10717422379468,23.10717422379468,1.1937952256485143,1.1937952256485143,1.1937952256485143,21.913378998146165,21.913378998146165,21.913378998146165,0.0,0.0,0.0,187.31008275379068
2024-02-13,164.08692137746326,176.20222312230018,198.99376212974735,164.08692137746326,164.08692137746326,23.518023556640852,23.518023556640852,23.518023556640852,1.1925851675671122,1.1925851675671122,1.1925851675671122,22.325438389073742,22.325438389073742,22.325438389073742,0.0,0.0,0.0,187.6049449341041
2024-02-14,163.97093422493055,175.95891381973001,198.64421589451646,163.97093422493055,163.97093422493055,23.70662676819753,23.70662676819753,23.70662676819753,1.0228999524130968,1.0228999524130968,1.0228999524130968,22.683726815784436,22.683726815784436,22.683726815784436,0.0,0.0,0.0,187.67756099312808
2024-02-15,163.85494707239783,177.18288921314627,199.28106932809362,163.85494707239783,163.85494707239783,24.007289031924127,24.007289031924127,24.007289031924127,1.0291160953500438,1.0291160953500438,1.0291160953500438,22.978172936574087,22.978172936574087,22.978172936574087,0.0,0.0,0.0,187.86223610432197
2024-02-16,163.73895991986512,176.57595870871566,199.71396946094643,163.73895991986512,163.73895991986512,24.448945735538373,24.448945735538373,24.448945735538373,1.2495346665130351,1.2495346665130351,1.2495346665130351,23.199411069025338,23.199411069025338,23.199411069025338,0.0,0.0,0.0,188.18790565540348
2024-02-20,163.2750113097343,175.65941572604322,199.65099360112876,163.2750113097343,163.2750113097343,24.39481736058768,24.39481736058768,24.39481736058768,1.1925851675706702,1.1925851675706702,1.1925851675706702,23.20223219301701,23.20223219301701,23.20223219301701,0.0,0.0,0.0,187.66982867032198
2024-02-21,163.15902415720157,175.46107960087048,198.67658384632475,163.15902415720157,163.15902415720157,23.979792647252452,23.979792647252452,23.979792647252452,1.0228999524128297,1.0228999524128297,1.0228999524128297,22.95689269483962,22.95689269483962,22.95689269483962,0.0,0.0,0.0,187.13881680445402
2024-02-22,163.0430370046689,175.272036728624,199.29025210797536,163.0430370046689,163.0430370046689,23.637670262611856,23.637670262611856,23.637670262611856,1.0291160953498446,1.0291160953498446,1.0291160953498446,22.60855416726201,22.60855416726201,22.60855416726201,0.0,0.0,0.0,186.68070726728075
2024-02-23,162.92704985213618,174.8701314963719,197.7716253243958,162.92704985213618,162.92704985213618,23.407530654773172,23.407530654773172,23.407530654773172,1.2495346665075302,1.2495346665075302,1.2495346665075302,22.157995988265643,22.157995988265643,22.157995988265643,0.0,0.0,0.0,186.33458050690936
2024-02-26,163.63249245073075,174.0765203298512,196.29109467813714,163.63249245073075,163.63249245073075,21.421370125583415,21.421370125583415,21.421370125583415,1.1937952256512427,1.1937952256512427,1.1937952256512427,20.227574899932172,20.227574899932172,20.227574899932172,0.0,0.0,0.0,185.05386257631417
2024-02-27,163.86763998359558,173.85991476645663,195.94388517977683,163.86763998359558,163.86763998359558,20.60376434874955,20.60376434874955,20.60376434874955,1.1925851675712142,1.1925851675712142,1.1925851675712142,19.411179181178337,19.411179181178337,19.411179181178337,0.0,0.0,0.0,184.47140433234512
2024-02-28,164.10278751646044,172.06750931437657,195.19054424923246,164.10278751646044,164.10278751646044,19.54502658374281,19.54502658374281,19.54502658374281,1.0228999524134967,1.0228999524134967,1.0228999524134967,18.52212663132931,18.52212663132931,18.52212663132931,0.0,0.0,0.0,183.64781410020325
2024-02-29,164.33793504932527,171.9049592544837,194.43622678748903,164.33793504932527,164.33793504932527,18.599734014514222,18.599734014514222,18.599734014514222,1.0291160953510636,1.0291160953510636,1.0291160953510636,17.57061791916316,17.57061791916316,17.57061791916316,0.0,0.0,0.0,182.93766906383948
2024-03-01,164.5730825821901,171.23015032884996,194.010139693195,164.5730825821901,164.5730825821901,17.817359627720606,17.817359627720606,17.817359627720606,1.2495346665076128,1.2495346665076128,1.2495346665076128,16.56782496121299,16.56782496121299,16.56782496121299,0.0,0.0,0.0,182.3904422099107
2024-03-04,165.27852518078464,167.31121761746695,190.57793028195024,165.27852518078464,165.27852518078464,14.566330619829062,14.566330619829062,14.566330619829062,1.1937952256510624,1.1937952256510624,1.1937952256510624,13.372535394178,13.372535394178,13.372535394178,0.0,0.0,0.0,179.84485580061371
2024-03-05,165.51367271364947,167.101537688824,190.29570393179287,165.51367271364947,165.51367271364947,13.479043338417428,13.479043338417428,13.479043338417428,1.1925851675680639,1.1925851675680639,1.1925851675680639,12.286458170849365,12.286458170849365,12.286458170849365,0.0,0.0,0.0,178.9927160520669
2024-03-06,165.74882024651436,166.73925496168576,190.6027579079862,165.74882024651436,165.74882024651436,12.232973882316635,12.232973882316635,12.232973882316635,1.0228999524137055,1.0228999524137055,1.0228999524137055,11.210073929902931,11.210073929902931,11.210073929902931,0.0,0.0,0.0,177.98179412883098
2024-03-07,165.98396777937919,166.30119832022217,187.96235303886027,165.98396777937919,165.98396777937919,11.183731278430914,11.183731278430914,11.183731278430914,1.0291160953473473,1.0291160953473473,1.0291160953473473,10.154615183083568,10.154615183083568,10.154615183083568,0.0,0.0,0.0,177.1676990578101
2024-03-08,166.219115312244,165.9514212932842,187.9980677029013,166.219115312244,166.219115312244,10.379897663207052,10.379897663207052,10.379897663207052,1.2495346665049014,1.2495346665049014,1.2495346665049014,9.13036299670215,9.13036299670215,9.13036299670215,0.0,0.0,0.0,176.59901297545107
2024-03-11,166.92455791083853,162.89818795512332,185.62944222216646,166.92455791083853,166.92455791083853,7.522581009555119,7.522581009555119,7.522581009555119,1.1937952256539721,1.1937952256539721,1.1937952256539721,6.328785783901147,6.328785783901147,6.328785783901147,0.0,0.0,0.0,174.44713892039366
2024-03-12,167.1597054437034,162.30251942774444,185.3570827602642,167.1597054437034,167.1597054437034,6.6983892769265845,6.6983892769265845,6.6983892769265845,1.1925851675686079,1.1925851675686079,1.1925851675686079,5.505804109357976,5.505804109357976,5.505804109357976,0.0,0.0,0.0,173.85809472062996
2024-03-13,167.39485297656825,162.291909165068,185.00908926671454,167.39485297656825,167.39485297656825,5.767244083653469,5.767244083653469,5.767244083653469,1.0228999524134388,1.0228999524134388,1.0228999524134388,4.74434413124003,4.74434413124003,4.74434413124003,0.0,0.0,0.0,173.16209706022173
2024-03-14,167.63000050943307,160.7051111584817,183.32336528105014,167.63000050943307,167.63000050943307,5.074555906730016,5.074555906730016,5.074555906730016,1.029116095348566,1.029116095348566,1.029116095348566,4.04543981138145,4.04543981138145,4.04543981138145,0.0,0.0,0.0,172.7045564161631
2024-03-15,167.8651480422979,161.06460824435248,183.95236441642098,167.8651480422979,167.8651480422979,4.657923891141437,4.657923891141437,4.657923891141437,1.2495346665049842,1.2495346665049842,1.2495346665049842,3.408389224636454,3.408389224636454,3.408389224636454,0.0,0.0,0.0,172.52307193343935
2024-03-18,168.57059064089245,160.9464450792309,183.90885464464031,168.57059064089245,168.57059064089245,3.0308544981427263,3.0308544981427263,3.0308544981427263,1.1937952256447308,1.1937952256447308,1.1937952256447308,1.837059272497995,1.837059272497995,1.837059272497995,0.0,0.0,0.0,171.60144513903518
2024-03-19,168.8057381737573,159.3604075120865,183.18794606608841,168.8057381737573,168.8057381737573,2.6016031930904133,2.6016031930904133,2.6016031930904133,1.192585167567305,1.192585167567305,1.192585167567305,1.4090180255231086,1.4090180255231086,1.4090180255231086,0.0,0.0,0.0,171.40734136684773
2024-03-20,169.04088570662213,160.0839476250911,182.2975981184477,169.04088570662213,169.04088570662213,2.0400939747385514,2.0400939747385514,2.0400939747385514,1.0228999524131717,1.0228999524131717,1.0228999524131717,1.0171940223253795,1.0171940223253795,1.0171940223253795,0.0,0.0,0.0,171.08097968136067
2024-03-21,169.27603323948696,159.81226487337432,182.57165686504757,169.27603323948696,169.27603323948696,1.6824737284693205,1.6824737284693205,1.6824737284693205,1.0291160953483667,1.0291160953483667,1.0291160953483667,0.6533576331209539,0.6533576331209539,0.6533576331209539,0.0,0.0,0.0,170.95850696795628
2024-03-22,169.51118077235182,159.67995871152428,182.23357417821424,169.51118077235182,169.51118077235182,1.5583559229280763,1.5583559229280763,1.5583559229280763,1.249534666502273,1.249534666502273,1.249534666502273,0.3088212564258036,0.3088212564258036,0.3088212564258036,0.0,0.0,0.0,171.0695366952799
2024-03-25,170.21662337094634,158.97870221206736,181.846754834056,170.21662337094634,170.21662337094634,0.49696374354649425,0.49696374354649425,0.49696374354649425,1.193795225647641,1.193795225647641,1.193795225647641,-0.6968314821011466,-0.6968314821011466,-0.6968314821011466,0.0,0.0,0.0,170.71358711449284
2024-03-26,170.45177090381122,158.89021219874428,182.07214710289574,170.45177090381122,170.45177090381122,0.14220310560786242,0.14220310560786242,0.14220310560786242,1.192585167567849,1.192585167567849,1.192585167567849,-1.0503820619599864,-1.0503820619599864,-1.0503820619599864,0.0,0.0,0.0,170.5939740094191
2024-03-27,170.93916436321277,158.05517097085067,181.4342005739798,170.93916436321277,170.93916436321277,-0.4022893904512496,-0.4022893904512496,-0.4022893904512496,1.022899952413143,1.022899952413143,1.022899952413143,-1.4251893428643927,-1.4251893428643927,-1.4251893428643927,0.0,0.0,0.0,170.53687497276152
2024-03-28,171.42655782261428,158.66671713770077,182.05380593084485,171.42655782261428,171.42655782261428,-0.7978572307932273,-0.7978572307932273,-0.7978572307932273,1.0291160953510041,1.0291160953510041,1.0291160953510041,-1.8269733261442314,-1.8269733261442314,-1.8269733261442314,0.0,0.0,0.0,170.62870059182106
2024-04-01,173.37613166022047,159.3089925921039,181.63357849567413,173.37613166022047,173.37613166022047,-2.5764126298197425,-2.5764126298197425,-2.5764126298197425,1.19379522564746,1.19379522564746,1.19379522564746,-3.770207855467202,-3.770207855467202,-3.770207855467202,0.0,0.0,0.0,170.79971903040072
2024-04-02,173.863525119622,159.0829889597864,182.06855063064805,173.863525119622,173.863525119622,-3.1506115694622316,-3.1506115694622316,-3.1506115694622316,1.1925851675695596,1.1925851675695596,1.1925851675695596,-4.343196737031791,-4.343196737031791,-4.343196737031791,0.0,0.0,0.0,170.71291355015978
2024-04-03,174.35091857902353,158.37710877932835,181.3644629550163,174.35091857902353,174.35091857902353,-3.9238698820085878,-3.9238698820085878,-3.9238698820085878,1.0228999524133338,1.0228999524133338,1.0228999524133338,-4.9467698344219215,-4.9467698344219215,-4.9467698344219215,0.0,0.0,0.0,170.42704869701495
2024-04-04,174.83831203842507,159.25402290880987,181.4665944105563,174.83831203842507,174.83831203842507,-4.547000262677146,-4.547000262677146,-4.547000262677146,1.0291160953508047,1.0291160953508047,1.0291160953508047,-5.57611635802795,-5.57611635802795,-5.57611635802795,0.0,0.0,0.0,170.29131177574791
2024-04-05,175.32570549782665,158.80903541862034,182.13906101506103,175.32570549782665,175.32570549782665,-4.975538569146139,-4.975538569146139,-4.975538569146139,1.2495346665082794,1.2495346665082794,1.2495346665082794,-6.225073235654419,-6.225073235654419,-6.225073235654419,0.0,0.0,0.0,170.3501669286805
2024-04-08,176.78788587603123,158.92204500496567,181.19659453936546,176.78788587603123,176.78788587603123,-7.017708709305086,-7.017708709305086,-7.017708709305086,1.1937952256534605,1.1937952256534605,1.1937952256534605,-8.211503934958547,-8.211503934958547,-8.211503934958547,0.0,0.0,0.0,169.77017716672614
2024-04-09,177.27527933543277,157.7609633314934,181.13322400933072,177.27527933543277,177.27527933543277,-7.664294963968841,-7.664294963968841,-7.664294963968841,1.1925851675682564,1.1925851675682564,1.1925851675682564,-8.856880131537096,-8.856880131537096,-8.856880131537096,0.0,0.0,0.0,169.61098437146393
2024-04-10,177.76267279483434,158.30567436752608,181.43451492978204,177.76267279483434,177.76267279483434,-8.454931807807032,-8.454931807807032,-8.454931807807032,1.022899952413543,1.022899952413543,1.022899952413543,-9.477831760220576,-9.477831760220576,-9.477831760220576,0.0,0.0,0.0,169.3077409870273
2024-04-11,178.25006625423586,157.52921807042375,181.06327084349897,178.25006625423586,178.25006625423586,-9.035557906597251,-9.035557906597251,-9.035557906597251,1.0291160953506056,1.0291160953506056,1.0291160953506056,-10.064674001947857,-10.064674001947857,-10.064674001947857,0.0,0.0,0.0,169.2145083476386
2024-04-12,178.7374597136374,157.1634778773967,180.57655719550752,178.7374597136374,178.7374597136374,-9.358540670119462,-9.358540670119462,-9.358540670119462,1.2495346665055684,1.2495346665055684,1.2495346665055684,-10.60807533662503,-10.60807533662503,-10.60807533662503,0.0,0.0,0.0,169.37891904351795
2024-04-15,180.19964009184204,157.83193400158987,180.5576624795337,180.19964009184204,180.19964009184204,-10.70144122463203,-10.70144122463203,-10.70144122463203,1.1937952256532798,1.1937952256532798,1.1937952256532798,-11.89523645028531,-11.89523645028531,-11.89523645028531,0.0,0.0,0.0,169.49819886721002
2024-04-16,180.6870335512436,158.53928479260867,180.36365745584718,180.6870335512436,180.6870335512436,-10.99521652461995,-10.99521652461995,-10.99521652461995,1.1925851675669532,1.1925851675669532,1.1925851675669532,-12.187801692186902,-12.187801692186902,-12.187801692186902,0.0,0.0,0.0,169.69181702662362
2024-04-17,181.1744270106451,158.7130094179831,181.1787531677022,181.1744270106451,181.1744270106451,-11.381523607137066,-11.381523607137066,-11.381523607137066,1.0228999524132758,1.0228999524132758,1.0228999524132758,-12.404423559550343,-12.404423559550343,-12.404423559550343,0.0,0.0,0.0,169.79290340350803
2024-04-18,181.66182047004662,158.97111155736596,181.45273262602166,181.66182047004662,181.66182047004662,-11.513713442629363,-11.513713442629363,-11.513713442629363,1.0291160953518244,1.0291160953518244,1.0291160953518244,-12.54282953798119,-12.54282953798119,-12.54282953798119,0.0,0.0,0.0,170.14810702741727
2024-04-19,182.14921392944822,159.69197091678458,182.0021527769027,182.14921392944822,182.14921392944822,-11.352915200573065,-11.352915200573065,-11.352915200573065,1.2495346665142866,1.2495346665142866,1.2495346665142866,-12.602449867087351,-12.602449867087351,-12.602449867087351,0.0,0.0,0.0,170.79629872887517
2024-04-22,183.61139430765283,161.24245950675643,184.29378065089324,183.61139430765283,183.61139430765283,-11.135108632464975,-11.135108632464975,-11.135108632464975,1.1937952256530988,1.1937952256530988,1.1937952256530988,-12.328903858118073,-12.328903858118073,-12.328903858118073,0.0,0.0,0.0,172.47628567518785
2024-04-23,184.09878776705438,161.38035709525644,184.83878735379,184.09878776705438,184.09878776705438,-10.90948685529691,-10.90948685529691,-10.90948685529691,1.1925851675674974,1.1925851675674974,1.1925851675674974,-12.102072022864409,-12.102072022864409,-12.102072022864409,0.0,0.0,0.0,173.18930091175747
2024-04-24,184.5861812264559,162.91657170602363,184.5602726181654,184.5861812264559,184.5861812264559,-10.79592929973559,-10.79592929973559,-10.79592929973559,1.0228999524132467,1.0228999524132467,1.0228999524132467,-11.818829252148836,-11.818829252148836,-11.818829252148836,0.0,0.0,0.0,173.79025192672032
2024-04-25,185.0735746858574,163.7114759170738,185.9319923876588,185.0735746858574,185.0735746858574,-10.458881441802166,-10.458881441802166,-10.458881441802166,1.0291160953466896,1.0291160953466896,1.0291160953466896,-11.487997537148857,-11.487997537148857,-11.487997537148857,0.0,0.0,0.0,174.61469324405525
2024-04-26,185.6976380950984,164.74490770483084,186.8957496193245,185.6976380950984,185.6976380950984,-9.86989328866248,-9.86989328866248,-9.86989328866248,1.249534666514369,1.249534666514369,1.249534666514369,-11.119427955176848,-11.119427955176848,-11.119427955176848,0.0,0.0,0.0,175.82774480643593
2024-04-29,187.5698283228214,167.23196923495522,190.11660282690244,187.5698283228214,187.5698283228214,-8.70220245824608,-8.70220245824608,-8.70220245824608,1.1937952256469484,1.1937952256469484,1.1937952256469484,-9.895997683893029,-9.895997683893029,-9.895997683893029,0.0,0.0,0.0,178.8676258645753
2024-04-30,188.19389173206235,168.9780471015088,191.00232111513543,188.19389173206235,188.19389173206235,-8.294098604425871,-8.294098604425871,-8.294098604425871,1.1925851675710553,1.1925851675710553,1.1925851675710553,-9.486683771996926,-9.486683771996926,-9.486683771996926,0.0,0.0,0.0,179.89979312763649
2024-05-01,188.81795514130334,169.81275305988595,192.23950066855647,188.81795514130334,188.81795514130334,-8.072359244608656,-8.072359244608656,-8.072359244608656,1.0228999524132179,1.0228999524132179,1.0228999524132179,-9.095259197021873,-9.095259197021873,-9.095259197021873,0.0,0.0,0.0,180.74559589669468
2024-05-02,189.44201855054436,170.31734241022147,192.3629903663679,189.44201855054436,189.44201855054436,-7.703079855976066,-7.703079855976066,-7.703079855976066,1.0291160953493272,1.0291160953493272,1.0291160953493272,-8.732195951325393,-8.732195951325393,-8.732195951325393,0.0,0.0,0.0,181.7389386945683
2024-05-03,190.06608195978535,171.04191529398727,194.80700387032124,190.06608195978535,190.06608195978535,-7.157596782304038,-7.157596782304038,-7.157596782304038,1.2495346665088638,1.2495346665088638,1.2495346665088638,-8.407131448812903,-8.407131448812903,-8.407131448812903,0.0,0.0,0.0,182.9084851774813
2024-05-06,191.9382721875083,174.40781038833387,196.2973414211373,191.9382721875083,191.9382721875083,-6.545444848214271,-6.545444848214271,-6.545444848214271,1.1937952256467672,1.1937952256467672,1.1937952256467672,-7.739240073861039,-7.739240073861039,-7.739240073861039,0.0,0.0,0.0,185.39282733929403
2024-05-07,192.5623355967493,175.5737561940627,198.22447260196162,192.5623355967493,192.5623355967493,-6.446001722696317,-6.446001722696317,-6.446001722696317,1.1925851675715995,1.1925851675715995,1.1925851675715995,-7.6385868902679155,-7.6385868902679155,-7.6385868902679155,0.0,0.0,0.0,186.116333874053
2024-05-08,193.1863990059903,174.72728267978246,198.3550338297477,193.1863990059903,193.1863990059903,-6.581925733261211,-6.581925733261211,-6.581925733261211,1.022899952413189,1.022899952413189,1.022899952413189,-7.604825685674401,-7.604825685674401,-7.604825685674401,0.0,0.0,0.0,186.60447327272908
2024-05-09,193.81046241523129,176.27153754977476,198.64905838304006,193.81046241523129,193.81046241523129,-6.609927434470161,-6.609927434470161,-6.609927434470161,1.0291160953491276,1.0291160953491276,1.0291160953491276,-7.639043529819289,-7.639043529819289,-7.639043529819289,0.0,0.0,0.0,187.20053498076112
2024-05-10,194.43452582447225,176.52579881990025,198.86434994321442,194.43452582447225,194.43452582447225,-6.491149447967473,-6.491149447967473,-6.491149447967473,1.2495346665089468,1.2495346665089468,1.2495346665089468,-7.740684114476419,-7.740684114476419,-7.740684114476419,0.0,0.0,0.0,187.94337637650477
2024-05-13,196.30671605219524,177.51617995531697,199.98024866525864,196.30671605219524,196.30671605219524,-7.227549105343645,-7.227549105343645,-7.227549105343645,1.1937952256527684,1.1937952256527684,1.1937952256527684,-8.421344330996414,-8.421344330996414,-8.421344330996414,0.0,0.0,0.0,189.0791669468516
2024-05-14,196.93077946143623,177.3706610915691,200.3719835876958,196.93077946143623,196.93077946143623,-7.564388910992655,-7.564388910992655,-7.564388910992655,1.192585167568449,1.192585167568449,1.192585167568449,-8.756974078561104,-8.756974078561104,-8.756974078561104,0.0,0.0,0.0,189.36639055044358
2024-05-15,197.5548428706772,178.599342599512,201.0425651778553,197.5548428706772,197.5548428706772,-8.112952559720874,-8.112952559720874,-8.112952559720874,1.022899952412922,1.022899952412922,1.022899952412922,-9.135852512133797,-9.135852512133797,-9.135852512133797,0.0,0.0,0.0,189.44189031095632
2024-05-16,198.1789062799182,177.56954945969665,200.30371933615243,198.1789062799182,198.1789062799182,-8.52089260781267,-8.52089260781267,-8.52089260781267,1.0291160953468297,1.0291160953468297,1.0291160953468297,-9.550008703159499,-9.550008703159499,-9.550008703159499,0.0,0.0,0.0,189.65801367210554
2024-05-17,198.8029696891592,178.09922539078863,201.32598545404608,198.8029696891592,198.8029696891592,-8.741392460271689,-8.741392460271689,-8.741392460271689,1.2495346665090294,1.2495346665090294,1.2495346665090294,-9.990927126780718,-9.990927126780718,-9.990927126780718,0.0,0.0,0.0,190.0615772288875
2024-05-20,200.6751599168822,179.23886801746312,201.69638981056227,200.6751599168822,200.6751599168822,-10.192246388393363,-10.192246388393363,-10.192246388393363,1.1937952256525874,1.1937952256525874,1.1937952256525874,-11.386041614045949,-11.386041614045949,-11.386041614045949,0.0,0.0,0.0,190.48291352848884
2024-05-21,201.29922332612315,178.55886275258996,201.5582123645147,201.29922332612315,201.29922332612315,-10.653870384332727,-10.653870384332727,-10.653870384332727,1.1925851675689931,1.1925851675689931,1.1925851675689931,-11.846455551901721,-11.846455551901721,-11.846455551901721,0.0,0.0,0.0,190.64535294179043
2024-05-22,201.92328673536414,179.01419753644424,202.4546729942125,201.92328673536414,201.92328673536414,-11.268403001175704,-11.268403001175704,-11.268403001175704,1.0228999524133509,1.0228999524133509,1.0228999524133509,-12.291302953589057,-12.291302953589057,-12.291302953589057,0.0,0.0,0.0,190.65488373418845
2024-05-23,202.54735014460513,179.66898778179691,201.6331156301002,202.54735014460513,202.54735014460513,-11.68460312708466,-11.68460312708466,-11.68460312708466,1.0291160953466303,1.0291160953466303,1.0291160953466303,-12.71371922243129,-12.71371922243129,-12.71371922243129,0.0,0.0,0.0,190.86274701752046
2024-05-24,203.17141355384612,180.43090919888425,202.23648534447543,203.17141355384612,203.17141355384612,-11.858258982382308,-11.858258982382308,-11.858258982382308,1.249534666503524,1.249534666503524,1.249534666503524,-13.107793648885833,-13.107793648885833,-13.107793648885833,0.0,0.0,0.0,191.31315457146383
2024-05-28,205.66766719081005,181.2680834395626,203.96977870428233,205.66766719081005,205.66766719081005,-13.128942314396618,-13.128942314396618,-13.128942314396618,1.1925851675695374,1.1925851675695374,1.1925851675695374,-14.321527481966156,-14.321527481966156,-14.321527481966156,0.0,0.0,0.0,192.53872487641343
2024-05-29,206.2917306681062,181.60797255609876,203.91430922449965,206.2917306681062,206.2917306681062,-13.502030626265794,-13.502030626265794,-13.502030626265794,1.0228999524130842,1.0228999524130842,1.0228999524130842,-14.524930578678878,-14.524930578678878,-14.524930578678878,0.0,0.0,0.0,192.7897000418404
2024-05-30,206.91579414540232,181.6108333762515,204.56974837798833,206.91579414540232,206.91579414540232,-13.6595390472348,-13.6595390472348,-13.6595390472348,1.0291160953478493,1.0291160953478493,1.0291160953478493,-14.688655142582649,-14.688655142582649,-14.688655142582649,0.0,0.0,0.0,193.25625509816751
2024-05-31,207.5398576226985,183.44764029805148,205.2301588557365,207.5398576226985,207.5398576226985,-13.565189916017756,-13.565189916017756,-13.565189916017756,1.2495346665036067,1.2495346665036067,1.2495346665036067,-14.814724582521363,-14.814724582521363,-14.814724582521363,0.0,0.0,0.0,193.97466770668075
2024-06-03,209.4120480545869,184.30564669857853,206.75506375452764,209.4120480545869,209.4120480545869,-13.805614760272311,-13.805614760272311,-13.805614760272311,1.1937952256431654,1.1937952256431654,1.1937952256431654,-14.999409985915477,-14.999409985915477,-14.999409985915477,0.0,0.0,0.0,195.6064332943146
2024-06-04,210.03611153188302,185.29328746227796,207.57967157426654,210.03611153188302,210.03611153188302,-13.817564272925043,-13.817564272925043,-13.817564272925043,1.1925851675663866,1.1925851675663866,1.1925851675663866,-15.010149440491432,-15.010149440491432,-15.010149440491432,0.0,0.0,0.0,196.21854725895798
2024-06-05,210.66017500917914,185.46659723536462,208.4683383908291,210.66017500917914,210.66017500917914,-13.980209773884907,-13.980209773884907,-13.980209773884907,1.0228999524132931,1.0228999524132931,1.0228999524132931,-15.0031097262982,-15.0031097262982,-15.0031097262982,0.0,0.0,0.0,196.67996523529425
2024-06-06,211.28423848647526,186.25079786924175,208.91163603779646,211.28423848647526,211.28423848647526,-13.953820876666496,-13.953820876666496,-13.953820876666496,1.0291160953490683,1.0291160953490683,1.0291160953490683,-14.982936972015565,-14.982936972015565,-14.982936972015565,0.0,0.0,0.0,197.33041760980876
2024-06-07,211.90830196377144,186.54921436324466,209.11800645122142,211.90830196377144,211.90830196377144,-13.70452160488207,-13.70452160488207,-13.70452160488207,1.249534666512325,1.249534666512325,1.249534666512325,-14.954056271394395,-14.954056271394395,-14.954056271394395,0.0,0.0,0.0,198.20378035888936
2024-06-10,213.78049239565985,188.51701249275845,211.5079384746644,213.78049239565985,213.78049239565985,-13.658772947053857,-13.658772947053857,-13.658772947053857,1.193795225646075,1.193795225646075,1.193795225646075,-14.85256817269993,-14.85256817269993,-14.85256817269993,0.0,0.0,0.0,200.121719448606
2024-06-11,214.40455587295597,190.13573369619647,211.60523098145651,214.40455587295597,214.40455587295597,-13.630414418158628,-13.630414418158628,-13.630414418158628,1.192585167566931,1.192585167566931,1.192585167566931,-14.822999585725562,-14.822999585725562,-14.822999585725562,0.0,0.0,0.0,200.77414145479733
2024-06-12,215.02861935025214,189.46144582430838,212.54298007228502,215.02861935025214,215.02861935025214,-13.7752790554024,-13.7752790554024,-13.7752790554024,1.022899952413722,1.022899952413722,1.022899952413722,-14.79817900781612,-14.79817900781612,-14.79817900781612,0.0,0.0,0.0,201.25334029484975
2024-06-13,215.65268282754826,190.8885760835664,212.95340965362877,215.65268282754826,215.65268282754826,-13.749243565445923,-13.749243565445923,-13.749243565445923,1.0291160953502874,1.0291160953502874,1.0291160953502874,-14.77835966079621,-14.77835966079621,-14.77835966079621,0.0,0.0,0.0,201.90343926210232
2024-06-14,216.27674630484438,190.93528913427062,215.00642653111322,216.27674630484438,216.27674630484438,-13.513363432736561,-13.513363432736561,-13.513363432736561,1.249534666512407,1.249534666512407,1.249534666512407,-14.76289809924897,-14.76289809924897,-14.76289809924897,0.0,0.0,0.0,202.76338287210783
2024-06-17,218.1489367367328,193.5113271634101,216.31913277274603,218.1489367367328,218.1489367367328,-13.529943252016434,-13.529943252016434,-13.529943252016434,1.1937952256489852,1.1937952256489852,1.1937952256489852,-14.723738477665417,-14.723738477665417,-14.723738477665417,0.0,0.0,0.0,204.61899348471636
2024-06-18,218.77300021402897,193.3381208474773,216.71862576877228,218.77300021402897,218.77300021402897,-13.510670295549964,-13.510670295549964,-13.510670295549964,1.1925851675704886,1.1925851675704886,1.1925851675704886,-14.703255463120453,-14.703255463120453,-14.703255463120453,0.0,0.0,0.0,205.262329918479
2024-06-20,220.0211271686212,194.66683701353642,217.8271223061582,220.0211271686212,220.0211271686212,-13.599145314567703,-13.599145314567703,-13.599145314567703,1.0291160953500882,1.0291160953500882,1.0291160953500882,-14.62826140991779,-14.62826140991779,-14.62826140991779,0.0,0.0,0.0,206.4219818540535
2024-06-21,220.64519064591738,194.85165442710706,218.55169254184835,220.64519064591738,220.64519064591738,-13.315797818579044,-13.315797818579044,-13.315797818579044,1.2495346665096958,1.2495346665096958,1.2495346665096958,-14.565332485088742,-14.565332485088742,-14.565332485088742,0.0,0.0,0.0,207.32939282733832
2024-06-24,222.51738107780574,198.43183890019606,220.44061745938762,222.51738107780574,222.51738107780574,-13.033760608916358,-13.033760608916358,-13.033760608916358,1.1937952256518947,1.1937952256518947,1.1937952256518947,-14.227555834568255,-14.227555834568255,-14.227555834568255,0.0,0.0,0.0,209.48362046888937
2024-06-25,223.1414445551019,198.40498325477722,221.52550728544185,223.1414445551019,223.1414445551019,-12.862291249730461,-12.862291249730461,-12.862291249730461,1.192585167571033,1.192585167571033,1.192585167571033,-14.054876417301493,-14.054876417301493,-14.054876417301493,0.0,0.0,0.0,210.27915330537144
2024-06-26,223.76550803239803,199.66120447699828,222.69130051772734,223.76550803239803,223.76550803239803,-12.82591482787061,-12.82591482787061,-12.82591482787061,1.0228999524134261,1.0228999524134261,1.0228999524134261,-13.848814780284037,-13.848814780284037,-13.848814780284037,0.0,0.0,0.0,210.93959320452743
2024-06-27,224.38957150969424,200.97152919192035,222.94313379122954,224.38957150969424,224.38957150969424,-12.579691245602383,-12.579691245602383,-12.579691245602383,1.0291160953527254,1.0291160953527254,1.0291160953527254,-13.608807340955108,-13.608807340955108,-13.608807340955108,0.0,0.0,0.0,211.80988026409184
2024-06-28,224.71033232628702,201.53686191560442,224.11552494323553,224.71033232628702,224.71033232628702,-12.085875574014187,-12.085875574014187,-12.085875574014187,1.2495346665069853,1.2495346665069853,1.2495346665069853,-13.335410240521172,-13.335410240521172,-13.335410240521172,0.0,0.0,0.0,212.62445675227283
2024-07-01,225.67261477606536,203.18897756909507,226.27506426107072,225.67261477606536,225.67261477606536,-11.144653955980544,-11.144653955980544,-11.144653955980544,1.193795225651714,1.193795225651714,1.193795225651714,-12.338449181632258,-12.338449181632258,-12.338449181632258,0.0,0.0,0.0,214.52796082008481
2024-07-02,225.9933755926581,204.01343465947124,226.71701445892106,225.9933755926581,225.9933755926581,-10.768522342959775,-10.768522342959775,-10.768522342959775,1.1925851675697299,1.1925851675697299,1.1925851675697299,-11.961107510529503,-11.961107510529503,-11.961107510529503,0.0,0.0,0.0,215.22485324969833
2024-07-03,226.3141364092509,204.22920500813203,228.9829280312068,226.3141364092509,226.3141364092509,-10.548163733578166,-10.548163733578166,-10.548163733578166,1.0228999524131588,1.0228999524131588,1.0228999524131588,-11.571063685991327,-11.571063685991327,-11.571063685991327,0.0,0.0,0.0,215.7659726756727
2024-07-05,226.95565804243645,205.70204233072056,228.98043658898607,226.95565804243645,226.95565804243645,-9.533685496235538,-9.533685496235538,-9.533685496235538,1.2495346665042737,1.2495346665042737,1.2495346665042737,-10.783220162739811,-10.783220162739811,-10.783220162739811,0.0,0.0,0.0,217.42197254620092
2024-07-08,227.91794049221474,207.98806445054655,231.27691071511327,227.91794049221474,227.91794049221474,-8.518661681756727,-8.518661681756727,-8.518661681756727,1.1937952256577145,1.1937952256577145,1.1937952256577145,-9.712456907414442,-9.712456907414442,-9.712456907414442,0.0,0.0,0.0,219.39927881045801
2024-07-09,228.23870130880755,208.82437549758842,231.46439114422492,228.23870130880755,228.23870130880755,-8.229262523431801,-8.229262523431801,-8.229262523431801,1.1925851675714403,1.1925851675714403,1.1925851675714403,-9.42184769100324,-9.42184769100324,-9.42184769100324,0.0,0.0,0.0,220.00943878537575
2024-07-10,228.5594621254003,209.47099923867088,231.4107828011911,228.5594621254003,228.5594621254003,-8.156442153025484,-8.156442153025484,-8.156442153025484,1.022899952413368,1.022899952413368,1.022899952413368,-9.17934210543885,-9.17934210543885,-9.17934210543885,0.0,0.0,0.0,220.4030199723748
2024-07-11,228.88022294199305,209.78668066903757,232.15412799376875,228.88022294199305,228.88022294199305,-7.963990539179575,-7.963990539179575,-7.963990539179575,1.0291160953488099,1.0291160953488099,1.0291160953488099,-8.993106634528385,-8.993106634528385,-8.993106634528385,0.0,0.0,0.0,220.91623240281348
2024-07-12,229.20098375858583,209.2649688250135,232.3892832727013,229.20098375858583,229.20098375858583,-7.62088137360866,-7.62088137360866,-7.62088137360866,1.2495346665043563,1.2495346665043563,1.2495346665043563,-8.870416040113017,-8.870416040113017,-8.870416040113017,0.0,0.0,0.0,221.58010238497718
2024-07-15,230.16326620836415,212.44318481642892,233.7064168330972,230.16326620836415,230.16326620836415,-7.744395886155987,-7.744395886155987,-7.744395886155987,1.193795225645383,1.193795225645383,1.193795225645383,-8.93819111180137,-8.93819111180137,-8.93819111180137,0.0,0.0,0.0,222.41887032220816
2024-07-16,230.48402702495693,210.5996647102911,233.6508020058879,230.48402702495693,230.48402702495693,-7.92427104408327,-7.92427104408327,-7.92427104408327,1.192585167570137,1.192585167570137,1.192585167570137,-9.116856211653408,-9.116856211653408,-9.116856211653408,0.0,0.0,0.0,222.55975598087366
2024-07-17,230.8047878415497,211.49864197648756,232.86479377407434,230.8047878415497,230.8047878415497,-8.351844002740922,-8.351844002740922,-8.351844002740922,1.0228999524131013,1.0228999524131013,1.0228999524131013,-9.374743955154024,-9.374743955154024,-9.374743955154024,0.0,0.0,0.0,222.45294383880878
2024-07-18,231.1255486581425,210.9200671778359,233.70915308681097,231.1255486581425,231.1255486581425,-8.68073471430282,-8.68073471430282,-8.68073471430282,1.0291160953486103,1.0291160953486103,1.0291160953486103,-9.709850809651432,-9.709850809651432,-9.709850809651432,0.0,0.0,0.0,222.44481394383968
2024-07-19,231.44630947473524,211.09505015731114,234.25331795213756,231.44630947473524,231.44630947473524,-8.86878830729563,-8.86878830729563,-8.86878830729563,1.2495346664988511,1.2495346664988511,1.2495346664988511,-10.11832297379448,-10.11832297379448,-10.11832297379448,0.0,0.0,0.0,222.5775211674396
2024-07-22,232.4085919245136,210.42973230600361,232.74762918508458,232.4085919245136,232.4085919245136,-10.524947313783601,-10.524947313783601,-10.524947313783601,1.1937952256482929,1.1937952256482929,1.1937952256482929,-11.718742539431892,-11.718742539431892,-11.718742539431892,0.0,0.0,0.0,221.88364461073
2024-07-23,232.72935274110637,210.53605592956515,233.0120904573981,232.72935274110637,232.72935274110637,-11.154836206093634,-11.154836206093634,-11.154836206093634,1.1925851675706813,1.1925851675706813,1.1925851675706813,-12.347421373664316,-12.347421373664316,-12.347421373664316,0.0,0.0,0.0,221.57451653501272
2024-07-24,233.05011355769912,209.90004560802592,233.1030348372721,233.05011355769912,233.05011355769912,-11.982492036100412,-11.982492036100412,-11.982492036100412,1.0228999524130724,1.0228999524130724,1.0228999524130724,-13.005391988513484,-13.005391988513484,-13.005391988513484,0.0,0.0,0.0,221.0676215215987
2024-07-25,233.3708743742919,209.44849791468914,232.35642618208144,233.3708743742919,233.3708743742919,-12.650987248003617,-12.650987248003617,-12.650987248003617,1.029116095348411,1.029116095348411,1.029116095348411,-13.680103343352027,-13.680103343352027,-13.680103343352027,0.0,0.0,0.0,220.71988712628828
2024-07-26,233.6916351908847,209.04491779678116,231.78017032072526,233.6916351908847,233.6916351908847,-13.108810548161072,-13.108810548161072,-13.108810548161072,1.2495346665103633,1.2495346665103633,1.2495346665103633,-14.358345214671438,-14.358345214671438,-14.358345214671438,0.0,0.0,0.0,220.58282464272364
2024-07-29,234.65391764066302,207.559896833625,231.82214298380887,234.65391764066302,234.65391764066302,-15.084992929775304,-15.084992929775304,-15.084992929775304,1.193795225648112,1.193795225648112,1.193795225648112,-16.278788155423417,-16.278788155423417,-16.278788155423417,0.0,0.0,0.0,219.56892471088773
2024-07-30,234.97467845725575,207.7103188049783,230.17931030524088,234.97467845725575,234.97467845725575,-15.644242092428803,-15.644242092428803,-15.644242092428803,1.1925851675693784,1.1925851675693784,1.1925851675693784,-16.83682725999818,-16.83682725999818,-16.83682725999818,0.0,0.0,0.0,219.33043636482694
2024-07-31,234.93617175060692,206.80770800164393,230.8012268958456,234.93617175060692,234.93617175060692,-16.310598773732323,-16.310598773732323,-16.310598773732323,1.022899952413501,1.022899952413501,1.022899952413501,-17.333498726145823,-17.333498726145823,-17.333498726145823,0.0,0.0,0.0,218.6255729768746
2024-08-01,234.8976650439581,206.58828683324847,229.74359924815508,234.8976650439581,234.8976650439581,-16.729153036185934,-16.729153036185934,-16.729153036185934,1.0291160953510483,1.0291160953510483,1.0291160953510483,-17.758269131536984,-17.758269131536984,-17.758269131536984,0.0,0.0,0.0,218.16851200777216
2024-08-02,234.8591583373093,206.9428818259302,230.650646033203,234.8591583373093,234.8591583373093,-16.85255530920255,-16.85255530920255,-16.85255530920255,1.249534666504858,1.249534666504858,1.249534666504858,-18.102089975707408,-18.102089975707408,-18.102089975707408,0.0,0.0,0.0,218.00660302810675
2024-08-05,234.74363821736287,206.47790629158905,228.6552773869792,234.74363821736287,234.74363821736287,-17.3903499870045,-17.3903499870045,-17.3903499870045,1.1937952256479312,1.1937952256479312,1.1937952256479312,-18.58414521265243,-18.58414521265243,-18.58414521265243,0.0,0.0,0.0,217.35328823035837
2024-08-06,234.70513151071404,205.62418746225777,228.73609249719854,234.70513151071404,234.70513151071404,-17.357882159118837,-17.357882159118837,-17.357882159118837,1.1925851675699224,1.1925851675699224,1.1925851675699224,-18.55046732668876,-18.55046732668876,-18.55046732668876,0.0,0.0,0.0,217.3472493515952
2024-08-07,234.6666248040652,205.34939225741948,227.83824394233565,234.6666248040652,234.6666248040652,-17.396407326489484,-17.396407326489484,-17.396407326489484,1.022899952413472,1.022899952413472,1.022899952413472,-18.419307278902956,-18.419307278902956,-18.419307278902956,0.0,0.0,0.0,217.27021747757573
2024-08-08,234.6281180974164,206.38127559130373,228.87881573465478,234.6281180974164,234.6281180974164,-17.16459126700575,-17.16459126700575,-17.16459126700575,1.0291160953508491,1.0291160953508491,1.0291160953508491,-18.193707362356598,-18.193707362356598,-18.193707362356598,0.0,0.0,0.0,217.46352683041064
2024-08-09,234.5896113907676,207.46008115613108,229.3051303595399,234.5896113907676,234.5896113907676,-16.62924493682187,-16.62924493682187,-16.62924493682187,1.2495346665049405,1.2495346665049405,1.2495346665049405,-17.87877960332681,-17.87877960332681,-17.87877960332681,0.0,0.0,0.0,217.96036645394574
2024-08-12,234.47409127082116,207.3819449052465,230.26489677071143,234.47409127082116,234.47409127082116,-15.283381002747614,-15.283381002747614,-15.283381002747614,1.1937952256448712,1.1937952256448712,1.1937952256448712,-16.477176228392484,-16.477176228392484,-16.477176228392484,0.0,0.0,0.0,219.19071026807356
2024-08-13,234.4355845641723,208.31170315380135,231.5394059522826,234.4355845641723,234.4355845641723,-14.69939585386949,-14.69939585386949,-14.69939585386949,1.192585167566772,1.192585167566772,1.192585167566772,-15.891981021436262,-15.891981021436262,-15.891981021436262,0.0,0.0,0.0,219.73618871030283
2024-08-14,234.3970778575235,208.54050844152732,231.44078220354254,234.3970778575235,234.3970778575235,-14.245067604597198,-14.245067604597198,-14.245067604597198,1.022899952413205,1.022899952413205,1.022899952413205,-15.267967557010403,-15.267967557010403,-15.267967557010403,0.0,0.0,0.0,220.1520102529263
2024-08-15,234.3585711508747,209.57687949390677,231.00079490374307,234.3585711508747,234.3585711508747,-13.589317414864249,-13.589317414864249,-13.589317414864249,1.029116095352068,1.029116095352068,1.029116095352068,-14.618433510216317,-14.618433510216317,-14.618433510216317,0.0,0.0,0.0,220.76925373601046
2024-08-16,234.32006444422586,210.08268911119242,232.71911990008937,234.32006444422586,234.32006444422586,-12.707474089733411,-12.707474089733411,-12.707474089733411,1.2495346665136586,1.2495346665136586,1.2495346665136586,-13.95700875624707,-13.95700875624707,-13.95700875624707,0.0,0.0,0.0,221.61259035449245
2024-08-19,234.20454432427942,212.19165801460892,234.23443567641405,234.20454432427942,234.20454432427942,-10.841697974499132,-10.841697974499132,-10.841697974499132,1.1937952256477815,1.1937952256477815,1.1937952256477815,-12.035493200146913,-12.035493200146913,-12.035493200146913,0.0,0.0,0.0,223.36284634978028
2024-08-20,234.16603761763062,213.2571837985165,235.03339139094527,234.16603761763062,234.16603761763062,-10.264962270643395,-10.264962270643395,-10.264962270643395,1.192585167567316,1.192585167567316,1.192585167567316,-11.45754743821071,-11.45754743821071,-11.45754743821071,0.0,0.0,0.0,223.90107534698723
2024-08-21,234.1275309109818,212.99563576923038,236.21409439850578,234.1275309109818,234.1275309109818,-9.906190856211074,-9.906190856211074,-9.906190856211074,1.022899952413176,1.022899952413176,1.022899952413176,-10.92909080862425,-10.92909080862425,-10.92909080862425,0.0,0.0,0.0,224.2213400547707
2024-08-22,234.089024204333,213.01521887992902,235.84375386043317,234.089024204333,234.089024204333,-9.42979877102808,-9.42979877102808,-9.42979877102808,1.0291160953483514,1.0291160953483514,1.0291160953483514,-10.458914866376432,-10.458914866376432,-10.458914866376432,0.0,0.0,0.0,224.6592254333049
2024-08-23,234.05051749768415,213.75093684436067,236.19890813314137,234.05051749768415,234.05051749768415,-8.804545920331904,-8.804545920331904,-8.804545920331904,1.2495346665109475,1.2495346665109475,1.2495346665109475,-10.054080586842852,-10.054080586842852,-10.054080586842852,0.0,0.0,0.0,225.24597157735224
2024-08-26,233.93499737773772,214.34256096050345,237.03827768144632,233.93499737773772,233.93499737773772,-8.079498232567653,-8.079498232567653,-8.079498232567653,1.1937952256476003,1.1937952256476003,1.1937952256476003,-9.273293458215253,-9.273293458215253,-9.273293458215253,0.0,0.0,0.0,225.85549914517006
2024-08-27,233.8964906710889,214.68719600096432,237.50872548068776,233.8964906710889,233.8964906710889,-7.968752274757119,-7.968752274757119,-7.968752274757119,1.1925851675708738,1.1925851675708738,1.1925851675708738,-9.161337442327993,-9.161337442327993,-9.161337442327993,0.0,0.0,0.0,225.9277383963318
2024-08-28,233.8579839644401,214.78025395922694,237.94354782170376,233.8579839644401,233.8579839644401,-8.097425376441986,-8.097425376441986,-8.097425376441986,1.0228999524129092,1.0228999524129092,1.0228999524129092,-9.120325328854896,-9.120325328854896,-9.120325328854896,0.0,0.0,0.0,225.76055858799813
2024-08-29,233.81947725779122,214.47857829259274,237.03646962309136,233.81947725779122,233.81947725779122,-8.116320804112338,-8.116320804112338,-8.116320804112338,1.0291160953495706,1.0291160953495706,1.0291160953495706,-9.145436899461908,-9.145436899461908,-9.145436899461908,0.0,0.0,0.0,225.70315645367887
2024-08-30,233.71472300516382,214.41344214304067,236.61139945233296,233.71472300516382,233.71472300516382,-7.9805836909970465,-7.9805836909970465,-7.9805836909970465,1.249534666508236,1.249534666508236,1.249534666508236,-9.230118357505283,-9.230118357505283,-9.230118357505283,0.0,0.0,0.0,225.73413931416678
2024-09-03,233.29570599465418,213.57783568336416,236.02535454050758,233.29570599465418,233.29570599465418,-8.79252459835549,-8.79252459835549,-8.79252459835549,1.1925851675695707,1.1925851675695707,1.1925851675695707,-9.985109765925062,-9.985109765925062,-9.985109765925062,0.0,0.0,0.0,224.5031813962987
2024-09-04,233.19095174202678,213.02813057659768,235.06172793723462,233.19095174202678,233.19095174202678,-9.201844335534807,-9.201844335534807,-9.201844335534807,1.0228999524131182,1.0228999524131182,1.0228999524131182,-10.224744287947926,-10.224744287947926,-10.224744287947926,0.0,0.0,0.0,223.98910740649197
2024-09-05,233.08619748939938,212.75220724545682,234.93842888463553,233.08619748939938,233.08619748939938,-9.432707111961433,-9.432707111961433,-9.432707111961433,1.0291160953507894,1.0291160953507894,1.0291160953507894,-10.461823207312223,-10.461823207312223,-10.461823207312223,0.0,0.0,0.0,223.65349037743795
2024-09-06,232.98144323677198,212.25660610640566,235.92541522563,232.98144323677198,232.98144323677198,-9.43542346632568,-9.43542346632568,-9.43542346632568,1.249534666508319,1.249534666508319,1.249534666508319,-10.684958132833998,-10.684958132833998,-10.684958132833998,0.0,0.0,0.0,223.5460197704463
2024-09-09,232.66718047888972,211.38299824004733,234.26452787458302,232.66718047888972,232.66718047888972,-9.972797159350815,-9.972797159350815,-9.972797159350815,1.1937952256503293,1.1937952256503293,1.1937952256503293,-11.166592385001145,-11.166592385001145,-11.166592385001145,0.0,0.0,0.0,222.6943833195389
2024-09-10,232.56242622626232,211.08753936086697,233.92085278748812,232.56242622626232,232.56242622626232,-10.042415499907326,-10.042415499907326,-10.042415499907326,1.1925851675682677,1.1925851675682677,1.1925851675682677,-11.235000667475594,-11.235000667475594,-11.235000667475594,0.0,0.0,0.0,222.520010726355
2024-09-11,232.45767197363492,210.374856051599,233.4470284064434,232.45767197363492,232.45767197363492,-10.223043144191633,-10.223043144191633,-10.223043144191633,1.0228999524128513,1.0228999524128513,1.0228999524128513,-11.245943096604485,-11.245943096604485,-11.245943096604485,0.0,0.0,0.0,222.2346288294433
2024-09-12,232.3529177210075,210.36271297075808,233.9353233176258,232.3529177210075,232.3529177210075,-10.16585687831665,-10.16585687831665,-10.16585687831665,1.029116095347073,1.029116095347073,1.029116095347073,-11.194972973663722,-11.194972973663722,-11.194972973663722,0.0,0.0,0.0,222.18706084269084
2024-09-13,232.24816346838008,212.03531454752655,234.13684193097188,232.24816346838008,232.24816346838008,-9.82986238196332,-9.82986238196332,-9.82986238196332,1.2495346665084015,1.2495346665084015,1.2495346665084015,-11.079397048471721,-11.079397048471721,-11.079397048471721,0.0,0.0,0.0,222.41830108641676
2024-09-16,231.93390071049788,211.19329131418124,234.48810528438125,231.93390071049788,231.93390071049788,-9.151249502130598,-9.151249502130598,-9.151249502130598,1.1937952256532391,1.1937952256532391,1.1937952256532391,-10.345044727783838,-10.345044727783838,-10.345044727783838,0.0,0.0,0.0,222.78265120836727
2024-09-17,231.82914645787045,212.21924616903632,235.06626327430234,231.82914645787045,231.82914645787045,-8.787194947333257,-8.787194947333257,-8.787194947333257,1.1925851675688117,1.1925851675688117,1.1925851675688117,-9.979780114902068,-9.979780114902068,-9.979780114902068,0.0,0.0,0.0,223.0419515105372
2024-09-18,231.72439220524305,211.8051201140198,235.06400758474769,231.72439220524305,231.72439220524305,-8.53974816064994,-8.53974816064994,-8.53974816064994,1.0228999524132802,1.0228999524132802,1.0228999524132802,-9.56264811306322,-9.56264811306322,-9.56264811306322,0.0,0.0,0.0,223.1846440445931
2024-09-19,231.61963795261565,212.18430032760537,234.59967024801065,231.61963795261565,231.61963795261565,-8.071627337859317,-8.071627337859317,-8.071627337859317,1.0291160953468739,1.0291160953468739,1.0291160953468739,-9.10074343320619,-9.10074343320619,-9.10074343320619,0.0,0.0,0.0,223.54801061475632
2024-09-20,231.51488369998825,212.401415002976,235.97365196557942,231.51488369998825,231.51488369998825,-7.352713961069184,-7.352713961069184,-7.352713961069184,1.2495346665056901,1.2495346665056901,1.2495346665056901,-8.602248627574875,-8.602248627574875,-8.602248627574875,0.0,0.0,0.0,224.16216973891906
2024-09-23,231.20062094210599,215.06133964393922,235.9397160663934,231.20062094210599,231.20062094210599,-5.786221978470247,-5.786221978470247,-5.786221978470247,1.193795225643998,1.193795225643998,1.193795225643998,-6.980017204114245,-6.980017204114245,-6.980017204114245,0.0,0.0,0.0,225.41439896363573
2024-09-24,231.09586668947858,214.72838437332095,237.20666664345273,231.09586668947858,231.09586668947858,-5.237098027839954,-5.237098027839954,-5.237098027839954,1.1925851675693562,1.1925851675693562,1.1925851675693562,-6.42968319540931,-6.42968319540931,-6.42968319540931,0.0,0.0,0.0,225.85876866163863
2024-09-25,230.99111243685118,215.25691690085011,237.4704857298389,230.99111243685118,230.99111243685118,-4.867858859328006,-4.867858859328006,-4.867858859328006,1.0228999524132512,1.0228999524132512,1.0228999524132512,-5.890758811741257,-5.890758811741257,-5.890758811741257,0.0,0.0,0.0,226.12325357752317
2024-09-26,230.88635818422375,214.94585991830346,237.63774886992107,230.88635818422375,230.88635818422375,-4.343197775171226,-4.343197775171226,-4.343197775171226,1.029116095349511,1.029116095349511,1.029116095349511,-5.3723138705207365,-5.3723138705207365,-5.3723138705207365,0.0,0.0,0.0,226.54316040905252
2024-09-27,230.78160393159635,215.3382560635717,237.2558668995224,230.78160393159635,230.78160393159635,-3.6330915027976465,-3.6330915027976465,-3.6330915027976465,1.249534666502979,1.249534666502979,1.249534666502979,-4.882626169300625,-4.882626169300625,-4.882626169300625,0.0,0.0,0.0,227.1485124287987
2024-09-30,230.46734117371415,216.71435558388154,239.17854715717925,230.46734117371415,230.46734117371415,-2.4587864338707788,-2.4587864338707788,-2.4587864338707788,1.1937952256438173,1.1937952256438173,1.1937952256438173,-3.6525816595145963,-3.6525816595145963,-3.6525816595145963,0.0,0.0,0.0,228.00855473984336
2024-10-01,230.36258677794524,216.85234789707798,239.49602648500533,230.36258677794524,230.36258677794524,-2.145236762006531,-2.145236762006531,-2.145236762006531,1.1925851675680528,1.1925851675680528,1.1925851675680528,-3.337821929574584,-3.337821929574584,-3.337821929574584,0.0,0.0,0.0,228.2173500159387
2024-10-02,230.25783238217633,216.74927151692157,239.40563950097697,230.25783238217633,230.25783238217633,-2.051913177486832,-2.051913177486832,-2.051913177486832,1.0228999524132223,1.0228999524132223,1.0228999524132223,-3.074813129900055,-3.074813129900055,-3.074813129900055,0.0,0.0,0.0,228.2059192046895
2024-10-03,230.1530779864074,216.63621042457092,239.65292876689438,230.1530779864074,230.1530779864074,-1.8346089754569535,-1.8346089754569535,-1.8346089754569535,1.029116095349312,1.029116095349312,1.029116095349312,-2.8637250708062654,-2.8637250708062654,-2.8637250708062654,0.0,0.0,0.0,228.31846901095045
2024-10-04,230.0483235906385,217.127489475377,239.5783396399204,230.0483235906385,230.0483235906385,-1.4536728758388286,-1.4536728758388286,-1.4536728758388286,1.2495346665116969,1.2495346665116969,1.2495346665116969,-2.7032075423505253,-2.7032075423505253,-2.7032075423505253,0.0,0.0,0.0,228.59465071479966
2024-10-07,229.73406040333174,217.87359915362384,240.0924777484917,229.73406040333174,229.73406040333174,-1.296762408733747,-1.296762408733747,-1.296762408733747,1.1937952256498177,1.1937952256498177,1.1937952256498177,-2.490557634383565,-2.490557634383565,-2.490557634383565,0.0,0.0,0.0,228.437297994598
2024-10-08,229.62930600756283,217.64408695706385,239.2035412898598,229.62930600756283,229.62930600756283,-1.2991717248671346,-1.2991717248671346,-1.2991717248671346,1.1925851675667496,1.1925851675667496,1.1925851675667496,-2.491756892433884,-2.491756892433884,-2.491756892433884,0.0,0.0,0.0,228.3301342826957
2024-10-09,229.52455161179392,217.03473484222144,239.27944619360187,229.52455161179392,229.52455161179392,-1.4949355307036494,-1.4949355307036494,-1.4949355307036494,1.022899952413651,1.022899952413651,1.022899952413651,-2.5178354831173007,-2.5178354831173007,-2.5178354831173007,0.0,0.0,0.0,228.02961608109027
2024-10-10,229.419797216025,217.09012228820944,240.18316780450832,229.419797216025,229.419797216025,-1.5320025956092005,-1.5320025956092005,-1.5320025956092005,1.029116095350531,1.029116095350531,1.029116095350531,-2.561118690959731,-2.561118690959731,-2.561118690959731,0.0,0.0,0.0,227.88779462041578
2024-10-11,229.31504282025608,216.5938240021045,239.14813817984168,229.31504282025608,229.31504282025608,-1.3640802191366526,-1.3640802191366526,-1.3640802191366526,1.2495346665117795,1.2495346665117795,1.2495346665117795,-2.613614885648432,-2.613614885648432,-2.613614885648432,0.0,0.0,0.0,227.95096260111944
2024-10-14,229.00077963294933,215.2836079552719,238.34692494513246,229.00077963294933,229.00077963294933,-1.5531325363199235,-1.5531325363199235,-1.5531325363199235,1.193795225649637,1.193795225649637,1.193795225649637,-2.7469277619695607,-2.7469277619695607,-2.7469277619695607,0.0,0.0,0.0,227.4476470966294
2024-10-15,228.89602523718045,215.97853958827625,238.670298028272,228.89602523718045,228.89602523718045,-1.5660714989447333,-1.5660714989447333,-1.5660714989447333,1.1925851675703076,1.1925851675703076,1.1925851675703076,-2.758656666515041,-2.758656666515041,-2.758656666515041,0.0,0.0,0.0,227.32995373823573
2024-10-16,228.79127084141155,216.11104843248654,238.2950534180066,228.79127084141155,228.79127084141155,-1.7204909071328778,-1.7204909071328778,-1.7204909071328778,1.0228999524136222,1.0228999524136222,1.0228999524136222,-2.7433908595465,-2.7433908595465,-2.7433908595465,0.0,0.0,0.0,227.07077993427868
2024-10-17,228.6865164456426,214.04158283863464,238.61197200662878,228.6865164456426,228.6865164456426,-1.6670342948225585,-1.6670342948225585,-1.6670342948225585,1.0291160953503318,1.0291160953503318,1.0291160953503318,-2.6961503901728903,-2.6961503901728903,-2.6961503901728903,0.0,0.0,0.0,227.01948215082004
2024-10-18,228.5817620498737,215.28327789688095,238.92730079072192,228.5817620498737,228.5817620498737,-1.3635609551157801,-1.3635609551157801,-1.3635609551157801,1.2495346665062743,1.2495346665062743,1.2495346665062743,-2.613095621622054,-2.613095621622054,-2.613095621622054,0.0,0.0,0.0,227.21820109475792
2024-10-21,228.26749886256695,215.55481465845676,238.6602544245798,228.26749886256695,228.26749886256695,-0.9357050721106114,-0.9357050721106114,-0.9357050721106114,1.1937952256525468,1.1937952256525468,1.1937952256525468,-2.1295002977631583,-2.1295002977631583,-2.1295002977631583,0.0,0.0,0.0,227.33179379045635
2024-10-22,228.16274446679805,216.6696973196566,238.98560421005655,228.16274446679805,228.16274446679805,-0.6975383256817326,-0.6975383256817326,-0.6975383256817326,1.1925851675690045,1.1925851675690045,1.1925851675690045,-1.890123493250737,-1.890123493250737,-1.890123493250737,0.0,0.0,0.0,227.4652061411163
2024-10-23,228.05799007102914,215.511492641292,238.83343814628992,228.05799007102914,228.05799007102914,-0.5918831373803769,-0.5918831373803769,-0.5918831373803769,1.0228999524133553,1.0228999524133553,1.0228999524133553,-1.614783089793732,-1.614783089793732,-1.614783089793732,0.0,0.0,0.0,227.46610693364877
2024-10-24,227.9532356752602,216.31963298480923,238.94734447172277,227.9532356752602,227.9532356752602,-0.27795241103760177,-0.27795241103760177,-0.27795241103760177,1.0291160953515508,1.0291160953515508,1.0291160953515508,-1.3070685063891525,-1.3070685063891525,-1.3070685063891525,0.0,0.0,0.0,227.6752832642226
2024-10-25,227.8484812794913,217.33094836854636,239.30098427869234,227.8484812794913,227.8484812794913,0.27800642584063356,0.27800642584063356,0.27800642584063356,1.2495346665063571,1.2495346665063571,1.2495346665063571,-0.9715282406657235,-0.9715282406657235,-0.9715282406657235,0.0,0.0,0.0,228.12648770533193
2024-10-28,227.53421809218455,218.1867683339867,240.0935986861023,227.53421809218455,227.53421809218455,1.339785280988675,1.339785280988675,1.339785280988675,1.193795225652366,1.193795225652366,1.193795225652366,0.14599005533630896,0.14599005533630896,0.14599005533630896,0.0,0.0,0.0,228.87400337317322
2024-10-29,227.42946369641564,218.0129145132787,239.80553840382487,227.42946369641564,227.42946369641564,1.7273087667787914,1.7273087667787914,1.7273087667787914,1.192585167567701,1.192585167567701,1.192585167567701,0.5347235992110904,0.5347235992110904,0.5347235992110904,0.0,0.0,0.0,229.15677246319444
2024-10-30,227.3247093006467,219.07050817562026,240.82768767519107,227.3247093006467,227.3247093006467,1.943870471981908,1.943870471981908,1.943870471981908,1.0228999524135645,1.0228999524135645,1.0228999524135645,0.9209705195683434,0.9209705195683434,0.9209705195683434,0.0,0.0,0.0,229.2685797726286
2024-10-31,227.21995489664374,218.77589500876505,240.4430178257506,227.21995489664374,227.21995489664374,2.3278353631023196,2.3278353631023196,2.3278353631023196,1.0291160953478342,1.0291160953478342,1.0291160953478342,1.2987192677544854,1.2987192677544854,1.2987192677544854,0.0,0.0,0.0,229.54779025974605
2024-11-01,227.1152004926408,219.2547044189397,241.03900231222127,227.1152004926408,227.1152004926408,2.912039636109475,2.912039636109475,2.912039636109475,1.2495346665036458,1.2495346665036458,1.2495346665036458,1.6625049696058296,1.6625049696058296,1.6625049696058296,0.0,0.0,0.0,230.0272401287503
2024-11-04,226.8009372806319,218.71792267917158,241.43755779455526,226.8009372806319,226.8009372806319,3.8215605030605855,3.8215605030605855,3.8215605030605855,1.1937952256552757,1.1937952256552757,1.1937952256552757,2.6277652774053095,2.6277652774053095,2.6277652774053095,0.0,0.0,0.0,230.6224977836925
2024-11-05,226.69618287662897,219.25312281502076,241.62868323403063,226.69618287662897,226.69618287662897,4.091205386243687,4.091205386243687,4.091205386243687,1.1925851675731063,1.1925851675731063,1.1925851675731063,2.898620218670582,2.898620218670582,2.898620218670582,0.0,0.0,0.0,230.78738826287267
2024-11-06,226.591428472626,219.6614663398431,242.09376106990692,226.591428472626,226.591428472626,4.165523830090633,4.165523830090633,4.165523830090633,1.0228999524132971,1.0228999524132971,1.0228999524132971,3.1426238776773356,3.1426238776773356,3.1426238776773356,0.0,0.0,0.0,230.75695230271663
2024-11-07,226.48667406862307,219.518737189025,241.31120909792432,226.48667406862307,226.48667406862307,4.390010357174203,4.390010357174203,4.390010357174203,1.0291160953490532,1.0291160953490532,1.0291160953490532,3.360894261825149,3.360894261825149,3.360894261825149,0.0,0.0,0.0,230.87668442579727
2024-11-08,226.38191966462009,219.26230642827986,241.9181568310288,226.38191966462009,226.38191966462009,4.805407394710281,4.805407394710281,4.805407394710281,1.249534666512364,1.249534666512364,1.249534666512364,3.555872728197917,3.555872728197917,3.555872728197917,0.0,0.0,0.0,231.18732705933036
2024-11-11,226.0676564526112,219.65963717111882,242.5717027285198,226.0676564526112,226.0676564526112,5.237907008303997,5.237907008303997,5.237907008303997,1.193795225646035,1.193795225646035,1.193795225646035,4.0441117826579625,4.0441117826579625,4.0441117826579625,0.0,0.0,0.0,231.3055634609152
2024-11-12,225.96290204860824,220.60195050015292,244.19609261718975,225.96290204860824,225.96290204860824,5.387001756585108,5.387001756585108,5.387001756585108,1.192585167569956,1.192585167569956,1.192585167569956,4.194416589015153,4.194416589015153,4.194416589015153,0.0,0.0,0.0,231.34990380519335
2024-11-13,225.85814764460528,220.02785797165947,242.62092584266998,225.85814764460528,225.85814764460528,5.3734602297848735,5.3734602297848735,5.3734602297848735,1.0228999524130304,1.0228999524130304,1.0228999524130304,4.350560277371843,4.350560277371843,4.350560277371843,0.0,0.0,0.0,231.23160787439016
2024-11-14,225.75339324060235,220.4596262458293,242.22830340288132,225.75339324060235,225.75339324060235,5.549775729027015,5.549775729027015,5.549775729027015,1.029116095348854,1.029116095348854,1.029116095348854,4.520659633678162,4.520659633678162,4.520659633678162,0.0,0.0,0.0,231.30316896962935
2024-11-15,225.6486388365994,220.3386593573334,243.8430791552367,225.6486388365994,225.6486388365994,5.96263198237403,5.96263198237403,5.96263198237403,1.2495346665096525,1.2495346665096525,1.2495346665096525,4.713097315864378,4.713097315864378,4.713097315864378,0.0,0.0,0.0,231.61127081897342
2024-11-18,225.33437562459048,221.7698162203209,242.75586572452912,225.33437562459048,225.33437562459048,6.700782998272102,6.700782998272102,6.700782998272102,1.1937952256489446,1.1937952256489446,1.1937952256489446,5.506987772623157,5.506987772623157,5.506987772623157,0.0,0.0,0.0,232.03515862286258
2024-11-19,225.22962122058752,220.13151357490793,243.6721047419797,225.22962122058752,225.22962122058752,7.061715595240425,7.061715595240425,7.061715595240425,1.1925851675705001,1.1925851675705001,1.1925851675705001,5.869130427669925,5.869130427669925,5.869130427669925,0.0,0.0,0.0,232.29133681582795
2024-11-20,225.12486681658459,221.19306658283193,244.12067137055135,225.12486681658459,225.12486681658459,7.313643685039504,7.313643685039504,7.313643685039504,1.0228999524130014,1.0228999524130014,1.0228999524130014,6.2907437326265025,6.2907437326265025,6.2907437326265025,0.0,0.0,0.0,232.43851050162408
2024-11-21,225.02011241258162,221.4780328434909,243.71267239566652,225.02011241258162,225.02011241258162,7.805743928805283,7.805743928805283,7.805743928805283,1.0291160953514913,1.0291160953514913,1.0291160953514913,6.776627833453792,6.776627833453792,6.776627833453792,0.0,0.0,0.0,232.8258563413869
2024-11-22,224.91535800857866,222.02323904265165,245.21911205078132,224.91535800857866,224.91535800857866,8.579771629345593,8.579771629345593,8.579771629345593,1.2495346665069413,1.2495346665069413,1.2495346665069413,7.330236962838653,7.330236962838653,7.330236962838653,0.0,0.0,0.0,233.49512963792426
2024-11-25,224.60109479656978,223.9938728821964,247.4043666795571,224.60109479656978,224.60109479656978,10.602838658629059,10.602838658629059,10.602838658629059,1.1937952256518545,1.1937952256518545,1.1937952256518545,9.409043432977205,9.409043432977205,9.409043432977205,0.0,0.0,0.0,235.20393345519884
2024-11-26,224.49634039256682,225.48859150492294,247.5715578731589,224.49634039256682,224.49634039256682,11.429592809302399,11.429592809302399,11.429592809302399,1.1925851675691972,1.1925851675691972,1.1925851675691972,10.237007641733202,10.237007641733202,10.237007641733202,0.0,0.0,0.0,235.9259332018692
2024-11-27,224.39158598856386,225.49607437904768,247.32160334942256,224.39158598856386,224.39158598856386,12.149081919898872,12.149081919898872,12.149081919898872,1.0228999524131925,1.0228999524131925,1.0228999524131925,11.12618196748568,11.12618196748568,11.12618196748568,0.0,0.0,0.0,236.54066790846272
2024-11-29,224.18207718055797,226.98363011610772,249.30332973174532,224.18207718055797,224.18207718055797,14.31144410102732,14.31144410102732,14.31144410102732,1.2495346665042302,1.2495346665042302,1.2495346665042302,13.06190943452309,13.06190943452309,13.06190943452309,0.0,0.0,0.0,238.4935212815853
2024-12-02,223.8678139366198,230.2688958197367,252.96004858579613,223.8678139366198,223.8678139366198,17.418972364141748,17.418972364141748,17.418972364141748,1.1937952256426134,1.1937952256426134,1.1937952256426134,16.225177138499134,16.225177138499134,16.225177138499134,0.0,0.0,0.0,241.28678630076155
2024-12-03,223.7630595219737,232.23335318709582,253.31421825892343,223.7630595219737,223.7630595219737,18.498432142519718,18.498432142519718,18.498432142519718,1.1925851675678936,1.1925851675678936,1.1925851675678936,17.305846974951823,17.305846974951823,17.305846974951823,0.0,0.0,0.0,242.2614916644934
2024-12-04,223.65830510732766,231.3728956333979,254.02974289575016,223.65830510732766,223.65830510732766,19.40263400527503,19.40263400527503,19.40263400527503,1.0228999524134017,1.0228999524134017,1.0228999524134017,18.37973405286163,18.37973405286163,18.37973405286163,0.0,0.0,0.0,243.06093911260268
2024-12-05,223.55355069268163,232.1524688345122,255.57596205360863,223.55355069268163,223.55355069268163,20.463601108447214,20.463601108447214,20.463601108447214,1.029116095348994,1.029116095348994,1.029116095348994,19.43448501309822,19.43448501309822,19.43448501309822,0.0,0.0,0.0,244.01715180112885
2024-12-06,223.44879627803553,234.09572654988202,256.39110125016623,223.44879627803553,223.44879627803553,21.707384816969405,21.707384816969405,21.707384816969405,1.2495346665043126,1.2495346665043126,1.2495346665043126,20.457850150465095,20.457850150465095,20.457850150465095,0.0,0.0,0.0,245.15618109500494
2024-12-09,223.13453303409736,235.62824802705669,259.1009056295494,223.13453303409736,223.13453303409736,24.418016491055177,24.418016491055177,24.418016491055177,1.1937952256424325,1.1937952256424325,1.1937952256424325,23.224221265412748,23.224221265412748,23.224221265412748,0.0,0.0,0.0,247.55254952515253
2024-12-10,223.0297786194513,237.00117395542372,259.97077453185443,223.0297786194513,223.0297786194513,25.203293002597214,25.203293002597214,25.203293002597214,1.1925851675665908,1.1925851675665908,1.1925851675665908,24.010707835030622,24.010707835030622,24.010707835030622,0.0,0.0,0.0,248.2330716220485
2024-12-11,222.92502420480525,236.83253199058342,259.8677174972523,222.92502420480525,222.92502420480525,25.737866695275944,25.737866695275944,25.737866695275944,1.0228999524131346,1.0228999524131346,1.0228999524131346,24.71496674286281,24.71496674286281,24.71496674286281,0.0,0.0,0.0,248.6628909000812
2024-12-12,222.82026979015916,237.6593418490132,260.6231638302496,222.82026979015916,222.82026979015916,26.359510988567113,26.359510988567113,26.359510988567113,1.0291160953487946,1.0291160953487946,1.0291160953487946,25.330394893218315,25.330394893218315,25.330394893218315,0.0,0.0,0.0,249.17978077872627
2024-12-13,222.71551537551312,238.9051317198331,261.4409270870168,222.71551537551312,222.71551537551312,27.10146650171938,27.10146650171938,27.10146650171938,1.2495346665130307,1.2495346665130307,1.2495346665130307,25.851931835206347,25.851931835206347,25.851931835206347,0.0,0.0,0.0,249.8169818772325
2024-12-16,222.40125213157495,239.23939883163848,262.19942320316954,222.40125213157495,222.40125213157495,28.020870269220012,28.020870269220012,28.020870269220012,1.1937952256484332,1.1937952256484332,1.1937952256484332,26.82707504357158,26.82707504357158,26.82707504357158,0.0,0.0,0.0,250.42212240079496
2024-12-17,222.29649771692885,239.05301446771728,262.01326029934717,222.29649771692885,222.29649771692885,28.147739823472524,28.147739823472524,28.147739823472524,1.192585167567135,1.192585167567135,1.192585167567135,26.955154655905385,26.955154655905385,26.955154655905385,0.0,0.0,0.0,250.4442375404014
2024-12-18,222.19174330228282,237.97128644023203,261.2641751108049,222.19174330228282,222.19174330228282,28.011370972552633,28.011370972552633,28.011370972552633,1.0228999524131055,1.0228999524131055,1.0228999524131055,26.988471020139528,26.988471020139528,26.988471020139528,0.0,0.0,0.0,250.20311427483546
2024-12-19,222.08698888763678,238.46345332474684,262.51129759995644,222.08698888763678,222.08698888763678,27.9605519327998,27.9605519327998,27.9605519327998,1.0291160953485952,1.0291160953485952,1.0291160953485952,26.931435837451208,26.931435837451208,26.931435837451208,0.0,0.0,0.0,250.04754082043658
2024-12-20,221.98223447299068,239.00417235948476,261.4811923785814,221.98223447299068,221.98223447299068,28.039255163825587,28.039255163825587,28.039255163825587,1.2495346665131133,1.2495346665131133,1.2495346665131133,26.789720497312473,26.789720497312473,26.789720497312473,0.0,0.0,0.0,250.02148963681628
2024-12-23,221.6679712290525,238.56574796198862,260.2074701468922,221.6679712290525,221.6679712290525,27.122096978766173,27.122096978766173,27.122096978766173,1.1937952256482522,1.1937952256482522,1.1937952256482522,25.92830175311792,25.92830175311792,25.92830175311792,0.0,0.0,0.0,248.79006820781868
2024-12-24,221.56321681440645,236.94841690195585,260.13647786502605,221.56321681440645,221.56321681440645,26.715864749508,26.715864749508,26.715864749508,1.1925851675706927,1.1925851675706927,1.1925851675706927,25.52327958193731,25.52327958193731,25.52327958193731,0.0,0.0,0.0,248.27908156391445
2024-12-26,221.35370798511434,235.2231280513502,258.18643114820054,221.35370798511434,221.35370798511434,25.619047067224923,25.619047067224923,25.619047067224923,1.0291160953512326,1.0291160953512326,1.0291160953512326,24.58993097187369,24.58993097187369,24.58993097187369,0.0,0.0,0.0,246.97275505233927
2024-12-27,221.24895357046827,235.5438963534838,257.56112295862044,221.24895357046827,221.24895357046827,25.329092606085943,25.329092606085943,25.329092606085943,1.2495346665076084,1.2495346665076084,1.2495346665076084,24.079557939578336,24.079557939578336,24.079557939578336,0.0,0.0,0.0,246.5780461765542
2024-12-30,220.9346903265301,234.07897282668114,255.7732843029696,220.9346903265301,220.9346903265301,23.667691572400184,23.667691572400184,23.667691572400184,1.1937952256480713,1.1937952256480713,1.1937952256480713,22.473896346752113,22.473896346752113,22.473896346752113,0.0,0.0,0.0,244.60238189893028
2024-12-31,220.829935911884,231.95562549411505,255.202704190321,220.829935911884,220.829935911884,23.130719785542727,23.130719785542727,23.130719785542727,1.1925851675712367,1.1925851675712367,1.1925851675712367,21.938134617971492,21.938134617971492,21.938134617971492,0.0,0.0,0.0,243.96065569742674
2025-01-02,220.620427082592,230.6226377823104,253.82436777896677,220.620427082592,220.620427082592,21.930182895424664,21.930182895424664,21.930182895424664,1.0291160953510332,1.0291160953510332,1.0291160953510332,20.901066800073632,20.901066800073632,20.901066800073632,0.0,0.0,0.0,242.55060997801667
2025-01-03,220.51567267349515,230.78264541011356,253.30010725014674,220.51567267349515,220.51567267349515,21.657887568598337,21.657887568598337,21.657887568598337,1.2495346665076907,1.2495346665076907,1.2495346665076907,20.408352902090645,20.408352902090645,20.408352902090645,0.0,0.0,0.0,242.1735602420935
2025-01-06,220.20140944620474,228.88385751273495,251.92018299045964,220.20140944620474,220.20140944620474,20.259800054724696,20.259800054724696,20.259800054724696,1.1937952256540718,1.1937952256540718,1.1937952256540718,19.066004829070625,19.066004829070625,19.066004829070625,0.0,0.0,0.0,240.46120950092944
2025-01-07,220.09665503710795,228.8609219198837,251.98275664192053,220.09665503710795,220.09665503710795,19.86064397640769,19.86064397640769,19.86064397640769,1.1925851675680865,1.1925851675680865,1.1925851675680865,18.668058808839607,18.668058808839607,18.668058808839607,0.0,0.0,0.0,239.95729901351564
2025-01-08,219.99190062801114,227.79482879211326,250.70957055184877,219.99190062801114,219.99190062801114,19.318191817499432,19.318191817499432,19.318191817499432,1.0228999524134768,1.0228999524134768,1.0228999524134768,18.295291865085954,18.295291865085954,18.295291865085954,0.0,0.0,0.0,239.31009244551058
2025-01-10,219.78239180981754,227.82218676080498,250.09436104943964,219.78239180981754,219.78239180981754,18.872474402326688,18.872474402326688,18.872474402326688,1.2495346665077736,1.2495346665077736,1.2495346665077736,17.62293973581891,17.62293973581891,17.62293973581891,0.0,0.0,0.0,238.6548662121442
2025-01-13,219.4681285825271,226.07266035766844,247.60962457269105,219.4681285825271,219.4681285825271,17.976868120524955,17.976868120524955,17.976868120524955,1.193795225653891,1.193795225653891,1.193795225653891,16.783072894871065,16.783072894871065,16.783072894871065,0.0,0.0,0.0,237.44499670305206
2025-01-14,219.36337417343032,225.01068040734037,247.43640905609007,219.36337417343032,219.36337417343032,17.736943418031586,17.736943418031586,17.736943418031586,1.1925851675686303,1.1925851675686303,1.1925851675686303,16.544358250462956,16.544358250462956,16.544358250462956,0.0,0.0,0.0,237.1003175914619
2025-01-15,219.2586197643335,224.74827123223912,248.18632350157978,219.2586197643335,219.2586197643335,17.348210962908997,17.348210962908997,17.348210962908997,1.0228999524134479,1.0228999524134479,1.0228999524134479,16.32531101049555,16.32531101049555,16.32531101049555,0.0,0.0,0.0,236.6068307272425
2025-01-16,219.1538653552367,225.18769083603848,247.6905385218237,219.1538653552367,219.1538653552367,17.15502086025633,17.15502086025633,17.15502086025633,1.0291160953471175,1.0291160953471175,1.0291160953471175,16.12590476490921,16.12590476490921,16.12590476490921,0.0,0.0,0.0,236.30888621549303
2025-01-17,219.04911094613993,225.48659046586047,248.42857947724337,219.04911094613993,219.04911094613993,17.19610242092133,17.19610242092133,17.19610242092133,1.2495346665022684,1.2495346665022684,1.2495346665022684,15.946567754419062,15.946567754419062,15.946567754419062,0.0,0.0,0.0,236.24521336706127
2025-01-21,218.6300933097527,223.44291875615443,247.20580558348308,218.6300933097527,218.6300933097527,16.64787667136267,16.64787667136267,16.64787667136267,1.1925851675691748,1.1925851675691748,1.1925851675691748,15.455291503793495,15.455291503793495,15.455291503793495,0.0,0.0,0.0,235.27796998111538
2025-01-22,218.5253389006559,222.81827794470234,246.43521264892283,218.5253389006559,218.5253389006559,16.42207229940321,16.42207229940321,16.42207229940321,1.0228999524131803,1.0228999524131803,1.0228999524131803,15.39917234699003,15.39917234699003,15.39917234699003,0.0,0.0,0.0,234.9474112000591
2025-01-23,218.42058449155908,223.09249824478036,245.79779702096596,218.42058449155908,218.42058449155908,16.40408240625473,16.40408240625473,16.40408240625473,1.0291160953483365,1.0291160953483365,1.0291160953483365,15.374966310906395,15.374966310906395,15.374966310906395,0.0,0.0,0.0,234.8246668978138
2025-01-24,218.31583008246227,223.87064905599692,245.415483959329,218.31583008246227,218.31583008246227,16.63511622291336,16.63511622291336,16.63511622291336,1.2495346665023508,1.2495346665023508,1.2495346665023508,15.385581556411012,15.385581556411012,15.385581556411012,0.0,0.0,0.0,234.95094630537562
2025-01-27,218.0015668551719,223.04197182224766,246.4976191893295,218.0015668551719,218.0015668551719,16.847641761044382,16.847641761044382,16.847641761044382,1.1937952256444693,1.1937952256444693,1.1937952256444693,15.653846535399913,15.653846535399913,15.653846535399913,0.0,0.0,0.0,234.84920861621626
2025-01-28,217.89681244607505,223.29938028645347,246.06861302045965,217.89681244607505,217.89681244607505,17.02220877758789,17.02220877758789,17.02220877758789,1.1925851675660242,1.1925851675660242,1.1925851675660242,15.829623610021866,15.829623610021866,15.829623610021866,0.0,0.0,0.0,234.91902122366292
2025-01-29,217.79205803697826,222.78900615358276,246.39159263321054,217.79205803697826,217.79205803697826,17.07389870570914,17.07389870570914,17.07389870570914,1.0228999524133897,1.0228999524133897,1.0228999524133897,16.05099875329575,16.05099875329575,16.05099875329575,0.0,0.0,0.0,234.8659567426874
2025-01-30,217.68730362788145,223.28369086581853,246.5869693328212,217.68730362788145,217.68730362788145,17.347417837619727,17.347417837619727,17.347417837619727,1.0291160953495555,1.0291160953495555,1.0291160953495555,16.318301742270172,16.318301742270172,16.318301742270172,0.0,0.0,0.0,235.03472146550118
2025-01-31,217.58254921878466,223.6745523388238,247.42271865874318,217.58254921878466,217.58254921878466,17.880467667578404,17.880467667578404,17.880467667578404,1.249534666511069,1.249534666511069,1.249534666511069,16.630933001067337,16.630933001067337,16.630933001067337,0.0,0.0,0.0,235.46301688636308
2025-02-03,217.26828599149425,224.13019099814534,248.04777186915288,217.26828599149425,217.26828599149425,19.01270093265311,19.01270093265311,19.01270093265311,1.193795225647379,1.193795225647379,1.193795225647379,17.81890570700573,17.81890570700573,17.81890570700573,0.0,0.0,0.0,236.28098692414736
2025-02-04,217.16353158239744,224.57715721100988,248.75105011140383,217.16353158239744,217.16353158239744,19.47785982940855,19.47785982940855,19.47785982940855,1.1925851675714294,1.1925851675714294,1.1925851675714294,18.28527466183712,18.28527466183712,18.28527466183712,0.0,0.0,0.0,236.64139141180598
2025-02-05,217.0587771694912,224.96392081834534,248.53476165839655,217.0587771694912,217.0587771694912,19.800357071510906,19.800357071510906,19.800357071510906,1.0228999524135807,1.0228999524135807,1.0228999524135807,18.777457119097328,18.777457119097328,18.777457119097328,0.0,0.0,0.0,236.85913424100212
2025-02-06,216.95402275658495,225.69075202800624,248.53849513575028,216.95402275658495,216.95402275658495,20.317284677740467,20.317284677740467,20.317284677740467,1.0291160953507748,1.0291160953507748,1.0291160953507748,19.288168582389694,19.288168582389694,19.288168582389694,0.0,0.0,0.0,237.27130743432542
2025-02-07,216.84926834367874,226.54428056018497,249.01907856556588,216.84926834367874,216.84926834367874,21.058666828275086,21.058666828275086,21.058666828275086,1.2495346665111515,1.2495346665111515,1.2495346665111515,19.809132161763934,19.809132161763934,19.809132161763934,0.0,0.0,0.0,237.90793517195382
2025-02-10,216.53500510496008,227.95737661927546,249.17527550308083,216.53500510496008,216.53500510496008,22.532556438746013,22.532556438746013,22.532556438746013,1.193795225650289,1.193795225650289,1.193795225650289,21.338761213095722,21.338761213095722,21.338761213095722,0.0,0.0,0.0,239.0675615437061
2025-02-11,216.43025069205382,228.03697282409095,250.55744958929859,216.43025069205382,216.43025069205382,22.99577540056223,22.99577540056223,22.99577540056223,1.1925851675682788,1.1925851675682788,1.1925851675682788,21.80319023299395,21.80319023299395,21.80319023299395,0.0,0.0,0.0,239.42602609261604
2025-02-12,216.3254962791476,228.10690430402127,250.63550022244223,216.3254962791476,216.3254962791476,23.24995905380075,23.24995905380075,23.24995905380075,1.0228999524135518,1.0228999524135518,1.0228999524135518,22.2270591013872,22.2270591013872,22.2270591013872,0.0,0.0,0.0,239.57545533294834
2025-02-13,216.22074186624138,228.0712318572397,250.77783843399928,216.22074186624138,216.22074186624138,23.628872821713532,23.628872821713532,23.628872821713532,1.0291160953505751,1.0291160953505751,1.0291160953505751,22.599756726362962,22.599756726362962,22.599756726362962,0.0,0.0,0.0,239.84961468795493
2025-02-14,216.11598745333515,228.95806475384728,251.600833883799,216.11598745333515,216.11598745333515,24.160607775661273,24.160607775661273,24.160607775661273,1.2495346665084401,1.2495346665084401,1.2495346665084401,22.911073109152834,22.911073109152834,22.911073109152834,0.0,0.0,0.0,240.27659522899643
2025-02-18,215.69696980171025,228.81774768200242,252.05290079199162,215.69696980171025,215.69696980171025,24.558361733347738,24.558361733347738,24.558361733347738,1.1925851675688233,1.1925851675688233,1.1925851675688233,23.36577656577892,23.36577656577892,23.36577656577892,0.0,0.0,0.0,240.255331535058
2025-02-19,215.59221538880402,228.43121320761608,250.9096054206564,215.59221538880402,215.59221538880402,24.270453452905596,24.270453452905596,24.270453452905596,1.0228999524132845,1.0228999524132845,1.0228999524132845,23.24755350049231,23.24755350049231,23.24755350049231,0.0,0.0,0.0,239.86266884170962
2025-02-20,215.48746097589782,227.2926850279665,250.27885721678484,215.48746097589782,215.48746097589782,24.056990602965865,24.056990602965865,24.056990602965865,1.0291160953532128,1.0291160953532128,1.0291160953532128,23.027874507612655,23.027874507612655,23.027874507612655,0.0,0.0,0.0,239.5444515788637
2025-02-21,215.38270656299156,228.05980724013716,250.64544350900792,215.38270656299156,215.38270656299156,23.954817895968784,23.954817895968784,23.954817895968784,1.2495346665143645,1.2495346665143645,1.2495346665143645,22.70528322945442,22.70528322945442,22.70528322945442,0.0,0.0,0.0,239.33752445896033
2025-02-24,215.0684433242729,225.93576954457265,249.1314073285235,215.0684433242729,215.0684433242729,22.326112383744036,22.326112383744036,22.326112383744036,1.193795225653018,1.193795225653018,1.193795225653018,21.13231715809102,21.13231715809102,21.13231715809102,0.0,0.0,0.0,237.39455570801692
2025-02-25,214.9636889113667,225.34969966025207,247.4290484733929,214.9636889113667,214.9636889113667,21.61182239514731,21.61182239514731,21.61182239514731,1.1925851675675199,1.1925851675675199,1.1925851675675199,20.419237227579792,20.419237227579792,20.419237227579792,0.0,0.0,0.0,236.575511306514
2025-02-26,214.85893449846043,225.0447586045976,247.5650237635935,214.85893449846043,214.85893449846043,20.645363353472415,20.645363353472415,20.645363353472415,1.0228999524130176,1.0228999524130176,1.0228999524130176,19.6224634010594,19.6224634010594,19.6224634010594,0.0,0.0,0.0,235.50429785193285
2025-02-27,214.7541800855542,223.77452197794585,246.87014887855153,214.7541800855542,214.7541800855542,19.779778062215534,19.779778062215534,19.779778062215534,1.029116095348078,1.029116095348078,1.029116095348078,18.750661966867455,18.750661966867455,18.750661966867455,0.0,0.0,0.0,234.53395814776974
2025-02-28,214.64942567264796,222.97114541999923,245.32330867420953,214.64942567264796,214.64942567264796,19.06328833751732,19.06328833751732,19.06328833751732,1.2495346665116531,1.2495346665116531,1.2495346665116531,17.813753671005667,17.813753671005667,17.813753671005667,0.0,0.0,0.0,233.71271401016529
2025-03-03,214.3351624339293,218.71015957662442,242.1405594583257,214.3351624339293,214.3351624339293,15.919341975989669,15.919341975989669,15.919341975989669,1.1937952256468676,1.1937952256468676,1.1937952256468676,14.7255467503428,14.7255467503428,14.7255467503428,0.0,0.0,0.0,230.25450440991898
2025-03-04,214.23040802102307,218.30820575481977,239.90926760789495,214.23040802102307,214.23040802102307,14.836767987834966,14.836767987834966,14.836767987834966,1.192585167571078,1.192585167571078,1.192585167571078,13.644182820263888,13.644182820263888,13.644182820263888,0.0,0.0,0.0,229.06717600885804
2025-03-05,214.12565360811683,216.7768290758838,238.72489275098587,214.12565360811683,214.12565360811683,13.580424824866423,13.580424824866423,13.580424824866423,1.0228999524132267,1.0228999524132267,1.0228999524132267,12.557524872453197,12.557524872453197,12.557524872453197,0.0,0.0,0.0,227.70607843298325
2025-03-06,214.02089919521063,216.1485414024889,238.4497106656182,214.02089919521063,214.02089919521063,12.506748717431092,12.506748717431092,12.506748717431092,1.0291160953492968,1.0291160953492968,1.0291160953492968,11.477632622081796,11.477632622081796,11.477632622081796,0.0,0.0,0.0,226.52764791264173
2025-03-07,213.91614478230434,214.36276321142148,236.63724527678312,213.91614478230434,213.91614478230434,11.665472000325117,11.665472000325117,11.665472000325117,1.2495346665117357,1.2495346665117357,1.2495346665117357,10.415937333813384,10.415937333813384,10.415937333813384,0.0,0.0,0.0,225.58161678262945
2025-03-10,213.60188157349094,211.0974563568614,233.3555750839657,213.60188157349094,213.60188157349094,8.633404660684244,8.633404660684244,8.633404660684244,1.1937952256466866,1.1937952256466866,1.1937952256466866,7.439609435037557,7.439609435037557,7.439609435037557,0.0,0.0,0.0,222.2352862341752
2025-03-11,213.49712717055309,209.8731546118419,232.7956044284343,213.49712717055309,213.49712717055309,7.736440451831933,7.736440451831933,7.736440451831933,1.1925851675697743,1.1925851675697743,1.1925851675697743,6.5438552842621585,6.5438552842621585,6.5438552842621585,0.0,0.0,0.0,221.233567622385
2025-03-12,213.39237276761529,209.33164790102023,232.09678507293,213.39237276761529,213.39237276761529,6.7287608605061155,6.7287608605061155,6.7287608605061155,1.0228999524129596,1.0228999524129596,1.0228999524129596,5.705860908093157,5.705860908093157,5.705860908093157,0.0,0.0,0.0,220.1211336281214
2025-03-13,213.28761836467748,207.5594819545452,230.51072186258673,213.28761836467748,213.28761836467748,5.957971016731454,5.957971016731454,5.957971016731454,1.0291160953490974,1.0291160953490974,1.0291160953490974,4.928854921382357,4.928854921382357,4.928854921382357,0.0,0.0,0.0,219.24558938140893
2025-03-14,213.18286396173966,207.32555873490972,229.36472000802328,213.18286396173966,213.18286396173966,5.463845168271935,5.463845168271935,5.463845168271935,1.2495346665090246,1.2495346665090246,1.2495346665090246,4.21431050176291,4.21431050176291,4.21431050176291,0.0,0.0,0.0,218.6467091300116
2025-03-17,212.86860075292623,204.77167659238108,226.99895221668166,212.86860075292623,212.86860075292623,3.628175701367858,3.628175701367858,3.628175701367858,1.1937952256526871,1.1937952256526871,1.1937952256526871,2.4343804757151712,2.4343804757151712,2.4343804757151712,0.0,0.0,0.0,216.4967764542941
2025-03-18,212.76384634998843,204.9393262392951,227.13259606564623,212.76384634998843,212.76384634998843,3.143212515073932,3.143212515073932,3.143212515073932,1.1925851675703187,1.1925851675703187,1.1925851675703187,1.9506273475036138,1.9506273475036138,1.9506273475036138,0.0,0.0,0.0,215.90705886506237
2025-03-19,212.6590919470506,203.5489099932227,226.98841635504036,212.6590919470506,212.6590919470506,2.5352254309965945,2.5352254309965945,2.5352254309965945,1.0228999524129305,1.0228999524129305,1.0228999524129305,1.5123254785836637,1.5123254785836637,1.5123254785836637,0.0,0.0,0.0,215.1943173780472
2025-03-20,212.5543375441128,203.5619211019992,226.99818487001698,212.5543375441128,212.5543375441128,2.1413108588519396,2.1413108588519396,2.1413108588519396,1.0291160953467997,1.0291160953467997,1.0291160953467997,1.11219476350514,1.11219476350514,1.11219476350514,0.0,0.0,0.0,214.69564840296474
2025-03-21,212.449583141175,203.50467789935175,226.1646226294619,212.449583141175,212.449583141175,1.9916974471926134,1.9916974471926134,1.9916974471926134,1.2495346665091072,1.2495346665091072,1.2495346665091072,0.7421627806835063,0.7421627806835063,0.7421627806835063,0.0,0.0,0.0,214.44128058836762
2025-03-24,212.13531993236157,201.83785754696675,223.972407079641,212.13531993236157,212.13531993236157,0.919505632991562,0.919505632991562,0.919505632991562,1.1937952256525062,1.1937952256525062,1.1937952256525062,-0.2742895926609443,-0.2742895926609443,-0.2742895926609443,0.0,0.0,0.0,213.05482556535313
2025-03-25,212.03056552942377,201.5893809839709,223.73336619063977,212.03056552942377,212.03056552942377,0.5815990928679887,0.5815990928679887,0.5815990928679887,1.1925851675690156,1.1925851675690156,1.1925851675690156,-0.6109860747010271,-0.6109860747010271,-0.6109860747010271,0.0,0.0,0.0,212.61216462229174
2025-03-26,211.92581112648594,201.070261072985,222.4179018352988,211.92581112648594,211.92581112648594,0.06264892904166533,0.06264892904166533,0.06264892904166533,1.0228999524133597,1.0228999524133597,1.0228999524133597,-0.9602510233716944,-0.9602510233716944,-0.9602510233716944,0.0,0.0,0.0,211.9884600555276
2025-03-27,211.82105672354814,199.92931727093725,222.81439777722971,211.82105672354814,211.82105672354814,-0.30004494812980803,-0.30004494812980803,-0.30004494812980803,1.0291160953480183,1.0291160953480183,1.0291160953480183,-1.3291610434778265,-1.3291610434778265,-1.3291610434778265,0.0,0.0,0.0,211.52101177541834
2025-03-28,211.7163023206103,200.31358536999923,222.66066274161034,211.7163023206103,211.7163023206103,-0.4741979737134233,-0.4741979737134233,-0.4741979737134233,1.249534666503602,1.249534666503602,1.249534666503602,-1.7237326402170254,-1.7237326402170254,-1.7237326402170254,0.0,0.0,0.0,211.2421043468969
2025-03-31,211.40203911179688,197.54846444836048,220.51692834193457,211.40203911179688,211.40203911179688,-1.9081084216767317,-1.9081084216767317,-1.9081084216767317,1.1937952256432653,1.1937952256432653,1.1937952256432653,-3.1019036473199972,-3.1019036473199972,-3.1019036473199972,0.0,0.0,0.0,209.49393069012015
2025-04-01,211.29728470885905,197.57037210217996,220.51060479710358,211.29728470885905,211.29728470885905,-2.43957832816702,-2.43957832816702,-2.43957832816702,1.19258516756956,1.19258516756956,1.19258516756956,-3.6321634957365796,-3.6321634957365796,-3.6321634957365796,0.0,0.0,0.0,208.85770638069204
2025-04-02,211.19253030592125,196.94439341999473,219.52674979156703,211.19253030592125,211.19253030592125,-3.1740261158128926,-3.1740261158128926,-3.1740261158128926,1.0228999524133306,1.0228999524133306,1.0228999524133306,-4.196926068226223,-4.196926068226223,-4.196926068226223,0.0,0.0,0.0,208.01850419010836
2025-04-03,211.08777590298345,195.87921265134736,218.61868436254608,211.08777590298345,211.08777590298345,-3.764132028027208,-3.764132028027208,-3.764132028027208,1.0291160953492375,1.0291160953492375,1.0291160953492375,-4.793248123376445,-4.793248123376445,-4.793248123376445,0.0,0.0,0.0,207.32364387495625
2025-04-04,210.98302150004565,195.3070527737768,218.23903470570488,210.98302150004565,210.98302150004565,-4.167144198604612,-4.167144198604612,-4.167144198604612,1.2495346665036848,1.2495346665036848,1.2495346665036848,-5.416678865108296,-5.416678865108296,-5.416678865108296,0.0,0.0,0.0,206.81587730144105
2025-04-07,210.66875829123222,192.51916181652365,215.56997679780474,210.66875829123222,210.66875829123222,-6.191489190038695,-6.191489190038695,-6.191489190038695,1.1937952256461752,1.1937952256461752,1.1937952256461752,-7.38528441568487,-7.38528441568487,-7.38528441568487,0.0,0.0,0.0,204.47726910119354
2025-04-08,210.56400393426358,192.56169004651636,215.06712136598077,210.56400393426358,210.56400393426358,-6.854904207728641,-6.854904207728641,-6.854904207728641,1.1925851675664096,1.1925851675664096,1.1925851675664096,-8.04748937529505,-8.04748937529505,-8.04748937529505,0.0,0.0,0.0,203.70909972653493
2025-04-09,210.45924957729494,190.64582113270384,213.27004918126127,210.45924957729494,210.45924957729494,-7.674543861871391,-7.674543861871391,-7.674543861871391,1.0228999524130638,1.0228999524130638,1.0228999524130638,-8.697443814284455,-8.697443814284455,-8.697443814284455,0.0,0.0,0.0,202.78470571542354
2025-04-10,210.35449522032633,191.00129901760508,212.54909203812483,210.35449522032633,210.35449522032633,-8.296301089217524,-8.296301089217524,-8.296301089217524,1.0291160953490381,1.0291160953490381,1.0291160953490381,-9.325417184566563,-9.325417184566563,-9.325417184566563,0.0,0.0,0.0,202.0581941311088
2025-04-11,210.24974086335772,190.4707842615148,212.82613135911865,210.24974086335772,210.24974086335772,-8.672145497032476,-8.672145497032476,-8.672145497032476,1.2495346665124027,1.2495346665124027,1.2495346665124027,-9.92168016354488,-9.92168016354488,-9.92168016354488,0.0,0.0,0.0,201.57759536632523
2025-04-14,209.93547779245182,188.0921115742906,210.96360931696987,209.93547779245182,209.93547779245182,-10.235011328893242,-10.235011328893242,-10.235011328893242,1.193795225649085,1.193795225649085,1.193795225649085,-11.428806554542328,-11.428806554542328,-11.428806554542328,0.0,0.0,0.0,199.70046646355857
2025-04-15,209.8307234354832,187.5974652139754,211.4344500014667,209.8307234354832,209.8307234354832,-10.618065899612505,-10.618065899612505,-10.618065899612505,1.1925851675669534,1.1925851675669534,1.1925851675669534,-11.810651067179458,-11.810651067179458,-11.810651067179458,0.0,0.0,0.0,199.2126575358707
2025-04-16,209.72596907851457,187.62495439441523,210.24763054066997,209.72596907851457,209.72596907851457,-11.098754950322643,-11.098754950322643,-11.098754950322643,1.0228999524137306,1.0228999524137306,1.0228999524137306,-12.121654902736374,-12.121654902736374,-12.121654902736374,0.0,0.0,0.0,198.62721412819192
2025-04-17,209.62121472154595,185.700975737792,209.69522563364657,209.62121472154595,209.62121472154595,-11.32842457989763,-11.32842457989763,-11.32842457989763,1.0291160953488387,1.0291160953488387,1.0291160953488387,-12.357540675246469,-12.357540675246469,-12.357540675246469,0.0,0.0,0.0,198.2927901416483
2025-04-21,209.20219729367147,187.33751808067208,208.4736607132251,209.20219729367147,209.20219729367147,-11.327911438437136,-11.327911438437136,-11.327911438437136,1.193795225648904,1.193795225648904,1.193795225648904,-12.521706664086041,-12.521706664086041,-12.521706664086041,0.0,0.0,0.0,197.87428585523435
2025-04-22,209.09744293670286,186.44998661258143,209.09844205320422,209.09744293670286,209.09744293670286,-11.18329440650636,-11.18329440650636,-11.18329440650636,1.1925851675705113,1.1925851675705113,1.1925851675705113,-12.37587957407687,-12.37587957407687,-12.37587957407687,0.0,0.0,0.0,197.9141485301965
2025-04-23,208.99268857973425,186.48417561860904,208.92737159612605,208.99268857973425,208.99268857973425,-11.141487336763557,-11.141487336763557,-11.141487336763557,1.0228999524134637,1.0228999524134637,1.0228999524134637,-12.164387289177022,-12.164387289177022,-12.164387289177022,0.0,0.0,0.0,197.8512012429707
2025-04-24,208.8879342227656,186.56677417117234,208.94801263502296,208.8879342227656,208.8879342227656,-10.865349276760577,-10.865349276760577,-10.865349276760577,1.0291160953500578,1.0291160953500578,1.0291160953500578,-11.894465372110634,-11.894465372110634,-11.894465372110634,0.0,0.0,0.0,198.02258494600503
2025-04-25,208.783179865797,186.9446951619274,209.3036286908185,208.783179865797,208.783179865797,-10.3251089164743,-10.3251089164743,-10.3251089164743,1.2495346665069802,1.2495346665069802,1.2495346665069802,-11.57464358298128,-11.57464358298128,-11.57464358298128,0.0,0.0,0.0,198.4580709493227
2025-04-28,208.46891679489113,187.61544135647858,211.08670018359948,208.46891679489113,208.46891679489113,-9.222125660915562,-9.222125660915562,-9.222125660915562,1.193795225648723,1.193795225648723,1.193795225648723,-10.415920886564285,-10.415920886564285,-10.415920886564285,0.0,0.0,0.0,199.24679113397556
2025-04-29,208.36416243792252,188.1439679850479,210.95911890460792,208.36416243792252,208.36416243792252,-8.807249687314291,-8.807249687314291,-8.807249687314291,1.192585167569208,1.192585167569208,1.192585167569208,-9.9998348548835,-9.9998348548835,-9.9998348548835,0.0,0.0,0.0,199.55691275060823
2025-04-30,208.2594080809539,188.72170206758858,210.78700860261802,208.2594080809539,208.2594080809539,-8.564859069387703,-8.564859069387703,-8.564859069387703,1.0228999524136728,1.0228999524136728,1.0228999524136728,-9.587759021801377,-9.587759021801377,-9.587759021801377,0.0,0.0,0.0,199.6945490115662
2025-05-01,208.15465372398526,188.5923872652693,210.7165234517904,208.15465372398526,208.15465372398526,-8.161737026809506,-8.161737026809506,-8.161737026809506,1.0291160953512768,1.0291160953512768,1.0291160953512768,-9.190853122160783,-9.190853122160783,-9.190853122160783,0.0,0.0,0.0,199.99291669717576
2025-05-02,208.04989936701662,189.6803237986067,212.50891900934127,208.04989936701662,208.04989936701662,-7.570224682592058,-7.570224682592058,-7.570224682592058,1.2495346665070628,1.2495346665070628,1.2495346665070628,-8.81975934909912,-8.81975934909912,-8.81975934909912,0.0,0.0,0.0,200.47967468442457
2025-05-05,207.73563629611075,189.9372766543797,212.19392407822372,207.73563629611075,207.73563629611075,-6.760998161567322,-6.760998161567322,-6.760998161567322,1.193795225651633,1.193795225651633,1.193795225651633,-7.954793387218955,-7.954793387218955,-7.954793387218955,0.0,0.0,0.0,200.97463813454343
2025-05-06,207.63088193914214,189.800510666909,212.3973968882754,207.63088193914214,207.63088193914214,-6.581984947044278,-6.581984947044278,-6.581984947044278,1.1925851675679053,1.1925851675679053,1.1925851675679053,-7.774570114612183,-7.774570114612183,-7.774570114612183,0.0,0.0,0.0,201.04889699209787
2025-05-07,207.52612758217353,188.96305295077929,212.5495675965739,207.52612758217353,207.52612758217353,-6.634658012266702,-6.634658012266702,-6.634658012266702,1.0228999524134057,1.0228999524134057,1.0228999524134057,-7.657557964680107,-7.657557964680107,-7.657557964680107,0.0,0.0,0.0,200.89146956990683
2025-05-08,207.42137322520495,190.2935956968734,212.3103381392313,207.42137322520495,207.42137322520495,-6.577791000722353,-6.577791000722353,-6.577791000722353,1.0291160953475604,1.0291160953475604,1.0291160953475604,-7.606907096069914,-7.606907096069914,-7.606907096069914,0.0,0.0,0.0,200.8435822244826
2025-05-09,207.72681639560633,189.87472696911425,212.5549534270741,207.72681639560633,207.72681639560633,-6.374584058494891,-6.374584058494891,-6.374584058494891,1.2495346665071454,1.2495346665071454,1.2495346665071454,-7.624118725002037,-7.624118725002037,-7.624118725002037,0.0,0.0,0.0,201.35223233711145
2025-05-12,208.6431459068106,190.8458929767779,212.73711140992737,208.6431459068106,208.6431459068106,-6.8796948873994745,-6.8796948873994745,-6.8796948873994745,1.1937952256545428,1.1937952256545428,1.1937952256545428,-8.073490113054017,-8.073490113054017,-8.073490113054017,0.0,0.0,0.0,201.76345101941112
2025-05-13,208.94858907721198,190.17855877558065,212.58492381695146,208.94858907721198,208.94858907721198,-7.152472465111949,-7.152472465111949,-7.152472465111949,1.1925851675684491,1.1925851675684491,1.1925851675684491,-8.345057632680398,-8.345057632680398,-8.345057632680398,0.0,0.0,0.0,201.79611661210004
2025-05-14,209.25403224761337,189.33373344429802,212.84691746545676,209.25403224761337,209.25403224761337,-7.645816128301248,-7.645816128301248,-7.645816128301248,1.022899952413377,1.022899952413377,1.022899952413377,-8.668716080714626,-8.668716080714626,-8.668716080714626,0.0,0.0,0.0,201.60821611931212
2025-05-15,209.55947541801478,189.7632728639675,212.73689372350063,209.55947541801478,209.55947541801478,-8.008387002287504,-8.008387002287504,-8.008387002287504,1.0291160953473608,1.0291160953473608,1.0291160953473608,-9.037503097634866,-9.037503097634866,-9.037503097634866,0.0,0.0,0.0,201.5510884157273
2025-05-16,209.86491858841617,190.461419283907,213.14665051264137,209.86491858841617,209.86491858841617,-8.194086352725499,-8.194086352725499,-8.194086352725499,1.2495346665044342,1.2495346665044342,1.2495346665044342,-9.443621019229933,-9.443621019229933,-9.443621019229933,0.0,0.0,0.0,201.67083223569068
2025-05-19,210.7812480996204,189.4209800634143,212.34915039385191,210.7812480996204,210.7812480996204,-9.606577149545746,-9.606577149545746,-9.606577149545746,1.1937952256453017,1.1937952256453017,1.1937952256453017,-10.80037237519105,-10.80037237519105,-10.80037237519105,0.0,0.0,0.0,201.17467095007464
2025-05-20,211.08669127002182,189.7889283255872,212.20985013456422,211.08669127002182,211.08669127002182,-10.076803840942732,-10.076803840942732,-10.076803840942732,1.1925851675701598,1.1925851675701598,1.1925851675701598,-11.269389008512892,-11.269389008512892,-11.269389008512892,0.0,0.0,0.0,201.00988742907907
2025-05-21,211.39213444042323,190.07760986936847,211.38040063155478,211.39213444042323,211.39213444042323,-10.709624432834493,-10.709624432834493,-10.709624432834493,1.0228999524131102,1.0228999524131102,1.0228999524131102,-11.732524385247604,-11.732524385247604,-11.732524385247604,0.0,0.0,0.0,200.68251000758875
2025-05-22,211.69757761082465,189.1873687457927,211.7074764409028,211.69757761082465,211.69757761082465,-11.152825011564683,-11.152825011564683,-11.152825011564683,1.0291160953499985,1.0291160953499985,1.0291160953499985,-12.18194110691468,-12.18194110691468,-12.18194110691468,0.0,0.0,0.0,200.54475259925997
2025-05-23,212.00302078122604,189.911576115939,211.17513601678462,212.00302078122604,212.00302078122604,-11.36102420368445,-11.36102420368445,-11.36102420368445,1.2495346665017228,1.2495346665017228,1.2495346665017228,-12.610558870186173,-12.610558870186173,-12.610558870186173,0.0,0.0,0.0,200.6419965775416
2025-05-27,213.22479346283168,189.9114024955954,212.3893405202205,213.22479346283168,213.22479346283168,-12.817445879883373,-12.817445879883373,-12.817445879883373,1.192585167570704,1.192585167570704,1.192585167570704,-14.010031047454076,-14.010031047454076,-14.010031047454076,0.0,0.0,0.0,200.40734758294832
2025-05-28,213.5302366332331,188.57331052303724,212.12180179531467,213.5302366332331,213.5302366332331,-13.24143412190308,-13.24143412190308,-13.24143412190308,1.022899952413081,1.022899952413081,1.022899952413081,-14.264334074316162,-14.264334074316162,-14.264334074316162,0.0,0.0,0.0,200.28880251133003
2025-05-29,213.8356798036345,188.62450925116843,211.65739061042527,213.8356798036345,213.8356798036345,-13.44874138755102,-13.44874138755102,-13.44874138755102,1.029116095349799,1.029116095349799,1.029116095349799,-14.47785748290082,-14.47785748290082,-14.47785748290082,0.0,0.0,0.0,200.38693841608347
2025-05-30,214.1411229740359,188.74573697507742,212.27875546978015,214.1411229740359,214.1411229740359,-13.401814606100649,-13.401814606100649,-13.401814606100649,1.2495346665076472,1.2495346665076472,1.2495346665076472,-14.651349272608295,-14.651349272608295,-14.651349272608295,0.0,0.0,0.0,200.73930836793525
2025-06-02,215.05745248524013,190.6349387690735,212.47155680051435,215.05745248524013,215.05745248524013,-13.760072381396975,-13.760072381396975,-13.760072381396975,1.1937952256511215,1.1937952256511215,1.1937952256511215,-14.953867607048098,-14.953867607048098,-14.953867607048098,0.0,0.0,0.0,201.29738010384315
2025-06-03,215.36289565564155,189.85454464915446,212.54089493276882,215.36289565564155,215.36289565564155,-13.800811563037342,-13.800811563037342,-13.800811563037342,1.1925851675675536,1.1925851675675536,1.1925851675675536,-14.993396730604896,-14.993396730604896,-14.993396730604896,0.0,0.0,0.0,201.5620840926042
2025-06-04,215.66833882604294,190.76205807279575,212.15361802028048,215.66833882604294,215.66833882604294,-13.986415123515739,-13.986415123515739,-13.986415123515739,1.0228999524135098,1.0228999524135098,1.0228999524135098,-15.00931507592925,-15.00931507592925,-15.00931507592925,0.0,0.0,0.0,201.6819237025272
2025-06-05,215.97378199644433,191.21445057140417,213.34549170582406,215.97378199644433,215.97378199644433,-13.977163902636748,-13.977163902636748,-13.977163902636748,1.0291160953510181,1.0291160953510181,1.0291160953510181,-15.006279997987768,-15.006279997987768,-15.006279997987768,0.0,0.0,0.0,201.99661809380757
2025-06-06,216.27922516684575,191.85269956212932,213.81876059820877,216.27922516684575,216.27922516684575,-13.739429241287253,-13.739429241287253,-13.739429241287253,1.2495346665077296,1.2495346665077296,1.2495346665077296,-14.988963907794982,-14.988963907794982,-14.988963907794982,0.0,0.0,0.0,202.5397959255585
2025-06-09,217.19555467805,192.1003526089406,214.5985227767273,217.19555467805,217.19555467805,-13.700578226718127,-13.700578226718127,-13.700578226718127,1.1937952256509405,1.1937952256509405,1.1937952256509405,-14.894373452369068,-14.894373452369068,-14.894373452369068,0.0,0.0,0.0,203.49497645133187
2025-06-10,217.50099784845136,191.95138062043134,215.4192375577474,217.50099784845136,217.50099784845136,-13.668001723844625,-13.668001723844625,-13.668001723844625,1.1925851675680978,1.1925851675680978,1.1925851675680978,-14.860586891412723,-14.860586891412723,-14.860586891412723,0.0,0.0,0.0,203.83299612460672
2025-06-11,217.8064410188528,193.1091821182169,215.12785129716104,217.8064410188528,217.8064410188528,-13.807076378320385,-13.807076378320385,-13.807076378320385,1.022899952413481,1.022899952413481,1.022899952413481,-14.829976330733867,-14.829976330733867,-14.829976330733867,0.0,0.0,0.0,203.99936464053243
2025-06-12,218.11188418925423,193.2220121624122,214.5770326660999,218.11188418925423,218.11188418925423,-13.774793642718322,-13.774793642718322,-13.774793642718322,1.029116095350819,1.029116095350819,1.029116095350819,-14.803909738069141,-14.803909738069141,-14.803909738069141,0.0,0.0,0.0,204.3370905465359
2025-06-13,218.41732735965562,193.79960379388015,216.15546328960878,218.41732735965562,218.41732735965562,-13.53333102866329,-13.53333102866329,-13.53333102866329,1.2495346665050184,1.2495346665050184,1.2495346665050184,-14.78286569516831,-14.78286569516831,-14.78286569516831,0.0,0.0,0.0,204.88399633099232
2025-06-16,219.33365687085984,193.45983629344084,216.89576308783026,219.33365687085984,219.33365687085984,-13.547552139940372,-13.547552139940372,-13.547552139940372,1.1937952256447903,1.1937952256447903,1.1937952256447903,-14.741347365585161,-14.741347365585161,-14.741347365585161,0.0,0.0,0.0,205.78610473091948
2025-06-17,219.63910004126126,194.5228311219883,217.5742420651673,219.63910004126126,219.63910004126126,-13.53519130266845,-13.53519130266845,-13.53519130266845,1.1925851675686419,1.1925851675686419,1.1925851675686419,-14.72777647023709,-14.72777647023709,-14.72777647023709,0.0,0.0,0.0,206.10390873859282
2025-06-18,219.94454321166265,195.05680621212963,217.71133247218074,219.94454321166265,219.94454321166265,-13.686248828947424,-13.686248828947424,-13.686248828947424,1.022899952413214,1.022899952413214,1.022899952413214,-14.709148781360637,-14.709148781360637,-14.709148781360637,0.0,0.0,0.0,206.25829438271523
2025-06-20,220.55542955246548,196.9230680423659,218.31872084593397,220.55542955246548,220.55542955246548,-13.391425406507276,-13.391425406507276,-13.391425406507276,1.2495346665165306,1.2495346665165306,1.2495346665165306,-14.640960073023805,-14.640960073023805,-14.640960073023805,0.0,0.0,0.0,207.16400414595822
2025-06-23,221.47175906366968,197.89351365669307,219.70573786714604,221.47175906366968,221.47175906366968,-13.20515734588492,-13.20515734588492,-13.20515734588492,1.1937952256446096,1.1937952256446096,1.1937952256446096,-14.39895257152953,-14.39895257152953,-14.39895257152953,0.0,0.0,0.0,208.26660171778477
2025-06-24,221.77720223407113,197.31371004729291,220.64033436814674,221.77720223407113,221.77720223407113,-13.073089064875322,-13.073089064875322,-13.073089064875322,1.1925851675673385,1.1925851675673385,1.1925851675673385,-14.265674232442661,-14.265674232442661,-14.265674232442661,0.0,0.0,0.0,208.7041131691958
2025-06-25,222.08264540447254,197.81496247685865,220.5983788870853,222.08264540447254,222.08264540447254,-13.078230644154269,-13.078230644154269,-13.078230644154269,1.0228999524134226,1.0228999524134226,1.0228999524134226,-14.10113059656769,-14.10113059656769,-14.10113059656769,0.0,0.0,0.0,209.00441476031827
2025-06-26,222.3880885748739,198.08963721274003,220.42216906163583,222.3880885748739,222.3880885748739,-12.874392944796464,-12.874392944796464,-12.874392944796464,1.0291160953483214,1.0291160953483214,1.0291160953483214,-13.903509040144785,-13.903509040144785,-13.903509040144785,0.0,0.0,0.0,209.51369563007745
2025-06-27,222.69353174527532,199.1066534909575,221.7369818731824,222.69353174527532,222.69353174527532,-12.422446463335179,-12.422446463335179,-12.422446463335179,1.2495346665110252,1.2495346665110252,1.2495346665110252,-13.671981129846204,-13.671981129846204,-13.671981129846204,0.0,0.0,0.0,210.27108528194015
2025-06-30,223.60986125647958,200.8547163859232,223.0478536325439,223.60986125647958,223.60986125647958,-11.588767791903456,-11.588767791903456,-11.588767791903456,1.1937952256475193,1.1937952256475193,1.1937952256475193,-12.782563017550975,-12.782563017550975,-12.782563017550975,0.0,0.0,0.0,212.02109346457613
2025-07-01,223.91530442688094,201.229743899154,223.60237726229994,223.91530442688094,223.91530442688094,-11.237437751553916,-11.237437751553916,-11.237437751553916,1.1925851675727437,1.1925851675727437,1.1925851675727437,-12.43002291912666,-12.43002291912666,-12.43002291912666,0.0,0.0,0.0,212.677866675327
2025-07-02,224.22074759728235,202.57604588925915,223.9429654284948,224.22074759728235,224.22074759728235,-11.034002566733099,-11.034002566733099,-11.034002566733099,1.022899952413156,1.022899952413156,1.022899952413156,-12.056902519146256,-12.056902519146256,-12.056902519146256,0.0,0.0,0.0,213.18674503054925
2025-07-03,224.5261907676838,203.10302845949462,225.58073772256228,224.5261907676838,224.5261907676838,-10.640260187707351,-10.640260187707351,-10.640260187707351,1.029116095350959,1.029116095350959,1.029116095350959,-11.669376283058309,-11.669376283058309,-11.669376283058309,0.0,0.0,0.0,213.88593057997645
2025-07-07,225.74796344928941,205.22522667345143,227.93839691665465,225.74796344928941,225.74796344928941,-8.936114241932472,-8.936114241932472,-8.936114241932472,1.1937952256504292,1.1937952256504292,1.1937952256504292,-10.1299094675829,-10.1299094675829,-10.1299094675829,0.0,0.0,0.0,216.81184920735694
2025-07-08,226.05340661969083,206.48475703485505,229.14630147239225,226.05340661969083,226.05340661969083,-8.59901865219266,-8.59901865219266,-8.59901865219266,1.1925851675695933,1.1925851675695933,1.1925851675695933,-9.791603819762255,-9.791603819762255,-9.791603819762255,0.0,0.0,0.0,217.45438796749818
2025-07-09,226.35884979009222,206.16905777078532,229.27156648489688,226.35884979009222,226.35884979009222,-8.467425365664942,-8.467425365664942,-8.467425365664942,1.0228999524128888,1.0228999524128888,1.0228999524128888,-9.490325318077831,-9.490325318077831,-9.490325318077831,0.0,0.0,0.0,217.89142442442727
2025-07-10,226.66429296049364,207.62409621028584,229.60540419971363,226.66429296049364,226.66429296049364,-8.205882744552866,-8.205882744552866,-8.205882744552866,1.0291160953507594,1.0291160953507594,1.0291160953507594,-9.234998839903625,-9.234998839903625,-9.234998839903625,0.0,0.0,0.0,218.45841021594077
2025-07-11,226.969736130895,207.66199696817284,230.89536479562608,226.969736130895,226.969736130895,-7.784440141628512,-7.784440141628512,-7.784440141628512,1.2495346665083966,1.2495346665083966,1.2495346665083966,-9.033974808136907,-9.033974808136907,-9.033974808136907,0.0,0.0,0.0,219.18529598926648
2025-07-14,227.88606564209925,208.81901250859124,231.46981898220275,227.88606564209925,227.88606564209925,-7.632554041407274,-7.632554041407274,-7.632554041407274,1.193795225653339,1.193795225653339,1.193795225653339,-8.826349267060614,-8.826349267060614,-8.826349267060614,0.0,0.0,0.0,220.25351160069198
2025-07-15,228.19150881250067,208.82228605952847,232.18667129624902,228.19150881250067,228.19150881250067,-7.713377380693629,-7.713377380693629,-7.713377380693629,1.1925851675701373,1.1925851675701373,1.1925851675701373,-8.905962548263766,-8.905962548263766,-8.905962548263766,0.0,0.0,0.0,220.47813143180704
2025-07-16,228.4969519829021,209.47959136466537,232.23340473444117,228.4969519829021,228.4969519829021,-8.04182527150296,-8.04182527150296,-8.04182527150296,1.0228999524128601,1.0228999524128601,1.0228999524128601,-9.06472522391582,-9.06472522391582,-9.06472522391582,0.0,0.0,0.0,220.45512671139912
2025-07-17,228.80239515330348,208.68908818121776,231.37803778294713,228.80239515330348,228.80239515330348,-8.273806675906405,-8.273806675906405,-8.273806675906405,1.029116095347043,1.029116095347043,1.029116095347043,-9.302922771253447,-9.302922771253447,-9.302922771253447,0.0,0.0,0.0,220.52858847739708
2025-07-18,229.1078383237049,209.285901357996,232.17681050737002,229.1078383237049,229.1078383237049,-8.369479437922374,-8.369479437922374,-8.369479437922374,1.2495346665056855,1.2495346665056855,1.2495346665056855,-9.61901410442806,-9.61901410442806,-9.61901410442806,0.0,0.0,0.0,220.73835888578253
2025-07-21,230.02416783490915,208.97339856199451,233.06472014253234,230.02416783490915,230.02416783490915,-9.79786307332232,-9.79786307332232,-9.79786307332232,1.1937952256531583,1.1937952256531583,1.1937952256531583,-10.991658298975478,-10.991658298975478,-10.991658298975478,0.0,0.0,0.0,220.22630476158682
2025-07-22,230.3296110053105,208.07395675934794,230.88616880645571,230.3296110053105,230.3296110053105,-10.374949283339138,-10.374949283339138,-10.374949283339138,1.1925851675688344,1.1925851675688344,1.1925851675688344,-11.567534450907972,-11.567534450907972,-11.567534450907972,0.0,0.0,0.0,219.95466172197138
2025-07-23,230.63505417571193,208.60025787028547,229.9590440868016,230.63505417571193,230.63505417571193,-11.164133987554285,-11.164133987554285,-11.164133987554285,1.0228999524130509,1.0228999524130509,1.0228999524130509,-12.187033939967337,-12.187033939967337,-12.187033939967337,0.0,0.0,0.0,219.47092018815763
2025-07-24,230.94049734611332,207.780106576885,230.16475629730857,230.94049734611332,230.94049734611332,-11.809709978577153,-11.809709978577153,-11.809709978577153,1.029116095346844,1.029116095346844,1.029116095346844,-12.838826073923997,-12.838826073923997,-12.838826073923997,0.0,0.0,0.0,219.13078736753616
2025-07-25,231.24594051651476,207.58869552185118,230.5007026701047,231.24594051651476,231.24594051651476,-12.26103537848078,-12.26103537848078,-12.26103537848078,1.249534666502974,1.249534666502974,1.249534666502974,-13.510570044983757,-13.510570044983757,-13.510570044983757,0.0,0.0,0.0,218.98490513803398
2025-07-28,232.16227002771896,206.854683926601,227.91349035695524,232.16227002771896,232.16227002771896,-14.319146004133831,-14.319146004133831,-14.319146004133831,1.1937952256439173,1.1937952256439173,1.1937952256439173,-15.512941229777747,-15.512941229777747,-15.512941229777747,0.0,0.0,0.0,217.84312402358512
2025-07-29,232.46771319812038,206.9021902277838,229.55538175379695,232.46771319812038,232.46771319812038,-14.938459243753083,-14.938459243753083,-14.938459243753083,1.1925851675675312,1.1925851675675312,1.1925851675675312,-16.131044411320612,-16.131044411320612,-16.131044411320612,0.0,0.0,0.0,217.5292539543673
2025-07-30,232.7731563685218,206.5117733060928,228.8443471227781,232.7731563685218,232.7731563685218,-15.679730296315363,-15.679730296315363,-15.679730296315363,1.0228999524134983,1.0228999524134983,1.0228999524134983,-16.702630248728862,-16.702630248728862,-16.702630248728862,0.0,0.0,0.0,217.09342607220643
2025-07-31,233.0785995389232,205.37063904546264,228.19648038275903,233.0785995389232,233.0785995389232,-16.18656748841957,-16.18656748841957,-16.18656748841957,1.0291160953494811,1.0291160953494811,1.0291160953494811,-17.21568358376905,-17.21568358376905,-17.21568358376905,0.0,0.0,0.0,216.89203205050364
2025-08-01,233.38404270932458,206.09395148152967,228.72355318095268,233.38404270932458,233.38404270932458,-16.409805090026833,-16.409805090026833,-16.409805090026833,1.249534666503057,1.249534666503057,1.249534666503057,-17.659339756529892,-17.659339756529892,-17.659339756529892,0.0,0.0,0.0,216.97423761929775
2025-08-04,234.30037222052883,205.84665304002917,228.60536943778993,234.30037222052883,234.30037222052883,-17.29420119963322,-17.29420119963322,-17.29420119963322,1.1937952256437363,1.1937952256437363,1.1937952256437363,-18.487996425276958,-18.487996425276958,-18.487996425276958,0.0,0.0,0.0,217.0061710208956
2025-08-05,234.60581539093025,206.0052975165937,228.45982716234926,234.60581539093025,234.60581539093025,-17.384595058079736,-17.384595058079736,-17.384595058079736,1.1925851675662282,1.1925851675662282,1.1925851675662282,-18.577180225645964,-18.577180225645964,-18.577180225645964,0.0,0.0,0.0,217.22122033285052
2025-08-06,234.9112585613316,205.695210248111,228.14618545791683,234.9112585613316,234.9112585613316,-17.54519787060406,-17.54519787060406,-17.54519787060406,1.0228999524132312,1.0228999524132312,1.0228999524132312,-18.568097823017293,-18.568097823017293,-18.568097823017293,0.0,0.0,0.0,217.36606069072755
2025-08-07,235.21670173173305,207.09262133090368,229.14295659855748,235.21670173173305,235.21670173173305,-17.431989907496305,-17.431989907496305,-17.431989907496305,1.0291160953492817,1.0291160953492817,1.0291160953492817,-18.461106002845586,-18.461106002845586,-18.461106002845586,0.0,0.0,0.0,217.78471182423675
2025-08-08,235.52214490213444,207.37803164117196,229.5495494522358,235.52214490213444,235.52214490213444,-17.00918120422892,-17.00918120422892,-17.00918120422892,1.2495346665117748,1.2495346665117748,1.2495346665117748,-18.258715870740698,-18.258715870740698,-18.258715870740698,0.0,0.0,0.0,218.51296369790552
2025-08-11,236.4384744133387,209.25811765995238,231.86348348940155,236.4384744133387,236.4384744133387,-15.941135356319261,-15.941135356319261,-15.941135356319261,1.193795225649737,1.193795225649737,1.193795225649737,-17.134930581968998,-17.134930581968998,-17.134930581968998,0.0,0.0,0.0,220.49733905701945
2025-08-12,236.74391758374009,210.77352011710644,233.50654939691844,236.74391758374009,236.74391758374009,-15.423325108402357,-15.423325108402357,-15.423325108402357,1.1925851675667725,1.1925851675667725,1.1925851675667725,-16.615910275969128,-16.615910275969128,-16.615910275969128,0.0,0.0,0.0,221.32059247533772
2025-08-13,237.0493607541415,210.98288827690726,233.82969069390356,237.0493607541415,237.0493607541415,-15.01952637926458,-15.01952637926458,-15.01952637926458,1.02289995241366,1.02289995241366,1.02289995241366,-16.04242633167824,-16.04242633167824,-16.04242633167824,0.0,0.0,0.0,222.0298343748769
2025-08-14,237.3548039245429,211.78266043682623,234.62945281159512,237.3548039245429,237.3548039245429,-14.39777512053185,-14.39777512053185,-14.39777512053185,1.0291160953490823,1.0291160953490823,1.0291160953490823,-15.426891215880932,-15.426891215880932,-15.426891215880932,0.0,0.0,0.0,222.95702880401103
2025-08-15,237.66024709494434,213.46278011728236,234.89547051968287,237.66024709494434,237.66024709494434,-13.53293198997178,-13.53293198997178,-13.53293198997178,1.2495346665118574,1.2495346665118574,1.2495346665118574,-14.782466656483637,-14.782466656483637,-14.782466656483637,0.0,0.0,0.0,224.12731510497255
2025-08-18,238.57657660614854,215.040949646806,237.7226144174002,238.57657660614854,238.57657660614854,-11.617883315813758,-11.617883315813758,-11.617883315813758,1.1937952256495559,1.1937952256495559,1.1937952256495559,-12.811678541463314,-12.811678541463314,-12.811678541463314,0.0,0.0,0.0,226.95869329033476
2025-08-19,238.88201977654992,216.116594679702,238.5387114947802,238.88201977654992,238.88201977654992,-10.993948372777506,-10.993948372777506,-10.993948372777506,1.1925851675703303,1.1925851675703303,1.1925851675703303,-12.186533540347835,-12.186533540347835,-12.186533540347835,0.0,0.0,0.0,227.88807140377241
2025-08-20,239.18746294695137,217.74394706553406,240.30622606343587,239.18746294695137,239.18746294695137,-10.574873002517766,-10.574873002517766,-10.574873002517766,1.022899952413393,1.022899952413393,1.022899952413393,-11.597772954931159,-11.597772954931159,-11.597772954931159,0.0,0.0,0.0,228.6125899444336
2025-08-21,239.49290611735276,217.53550711458075,242.01386894633384,239.49290611735276,239.49290611735276,-10.026940329699949,-10.026940329699949,-10.026940329699949,1.0291160953517198,1.0291160953517198,1.0291160953517198,-11.056056425051667,-11.056056425051667,-11.056056425051667,0.0,0.0,0.0,229.4659657876528
2025-08-22,239.79834928775418,219.69909734661104,241.83880904859782,239.79834928775418,239.79834928775418,-9.321042976879868,-9.321042976879868,-9.321042976879868,1.2495346665063523,1.2495346665063523,1.2495346665063523,-10.570577643386223,-10.570577643386223,-10.570577643386223,0.0,0.0,0.0,230.4773063108743
2025-08-25,240.7146787989584,220.8898578140472,243.34337666847856,240.7146787989584,240.7146787989584,-8.323482421163813,-8.323482421163813,-8.323482421163813,1.1937952256493753,1.1937952256493753,1.1937952256493753,-9.51727764681319,-9.51727764681319,-9.51727764681319,0.0,0.0,0.0,232.39119637779459
2025-08-26,241.0201219693598,221.9097925987419,244.23984397322053,241.0201219693598,241.0201219693598,-8.120168910554183,-8.120168910554183,-8.120168910554183,1.1925851675690269,1.1925851675690269,1.1925851675690269,-9.31275407812321,-9.31275407812321,-9.31275407812321,0.0,0.0,0.0,232.8999530588056
2025-08-27,241.3255651397612,222.51809648944013,244.4084703251008,241.3255651397612,241.3255651397612,-8.159627742463252,-8.159627742463252,-8.159627742463252,1.022899952413364,1.022899952413364,1.022899952413364,-9.182527694876617,-9.182527694876617,-9.182527694876617,0.0,0.0,0.0,233.16593739729797
2025-08-28,241.63100831016263,222.36688890044402,244.8389545647367,241.63100831016263,241.63100831016263,-8.095043878421457,-8.095043878421457,-8.095043878421457,1.0291160953515202,1.0291160953515202,1.0291160953515202,-9.124159973772976,-9.124159973772976,-9.124159973772976,0.0,0.0,0.0,233.53596443174118
2025-08-29,241.93645148056402,222.94043860919083,245.41014536513535,241.93645148056402,241.93645148056402,-7.883755775423932,-7.883755775423932,-7.883755775423932,1.2495346665064349,1.2495346665064349,1.2495346665064349,-9.133290441930367,-9.133290441930367,-9.133290441930367,0.0,0.0,0.0,234.05269570514008
2025-09-02,243.1582241621697,223.7277049003779,246.17199431903424,243.1582241621697,243.1582241621697,-8.507082673149306,-8.507082673149306,-8.507082673149306,1.1925851675658767,1.1925851675658767,1.1925851675658767,-9.699667840715183,-9.699667840715183,-9.699667840715183,0.0,0.0,0.0,234.65114148902038
2025-09-03,243.46366733257105,223.70438336812356,245.59618769114866,243.46366733257105,243.46366733257105,-8.903262817944482,-8.903262817944482,-8.903262817944482,1.022899952413335,1.022899952413335,1.022899952413335,-9.926162770357816,-9.926162770357816,-9.926162770357816,0.0,0.0,0.0,234.56040451462655
2025-09-04,243.7691105029725,223.02827278306322,245.88019269606735,243.7691105029725,243.7691105029725,-9.135506822272491,-9.135506822272491,-9.135506822272491,1.0291160953478038,1.0291160953478038,1.0291160953478038,-10.164622917620298,-10.164622917620298,-10.164622917620298,0.0,0.0,0.0,234.6336036807
2025-09-05,244.07455367337388,223.0754559905215,247.41679457610525,244.07455367337388,244.07455367337388,-9.153888072312338,-9.153888072312338,-9.153888072312338,1.2495346665065172,1.2495346665065172,1.2495346665065172,-10.403422738818854,-10.403422738818854,-10.403422738818854,0.0,0.0,0.0,234.92066560106156
2025-09-08,244.99088318457808,223.72841830953467,245.60416970646978,244.99088318457808,244.99088318457808,-9.815918551755946,-9.815918551755946,-9.815918551755946,1.1937952256551947,1.1937952256551947,1.1937952256551947,-11.00971377741114,-11.00971377741114,-11.00971377741114,0.0,0.0,0.0,235.17496463282214
2025-09-09,245.29632635497953,223.8624203659558,246.70539538220822,245.29632635497953,245.29632635497953,-9.948606749230835,-9.948606749230835,-9.948606749230835,1.1925851675712815,1.1925851675712815,1.1925851675712815,-11.141191916802116,-11.141191916802116,-11.141191916802116,0.0,0.0,0.0,235.3477196057487
2025-09-10,245.60176952538092,223.70073029171292,246.64123566777184,245.60176952538092,245.60176952538092,-10.20017503107055,-10.20017503107055,-10.20017503107055,1.0228999524133062,1.0228999524133062,1.0228999524133062,-11.223074983483857,-11.223074983483857,-11.223074983483857,0.0,0.0,0.0,235.40159449431036
2025-09-11,245.9072126957823,224.19689991248566,246.91336786542416,245.9072126957823,245.9072126957823,-10.219751386113519,-10.219751386113519,-10.219751386113519,1.0291160953476046,1.0291160953476046,1.0291160953476046,-11.248867481461122,-11.248867481461122,-11.248867481461122,0.0,0.0,0.0,235.68746130966878
2025-09-12,246.21265586618375,224.25060764661322,247.54502206005452,246.21265586618375,246.21265586618375,-9.964163018552627,-9.964163018552627,-9.964163018552627,1.2495346665124416,1.2495346665124416,1.2495346665124416,-11.213697685065068,-11.213697685065068,-11.213697685065068,0.0,0.0,0.0,236.24849284763113
2025-09-15,247.12898537738795,225.89750350458075,249.44927714590065,247.12898537738795,247.12898537738795,-9.526217211516906,-9.526217211516906,-9.526217211516906,1.1937952256459539,1.1937952256459539,1.1937952256459539,-10.720012437162861,-10.720012437162861,-10.720012437162861,0.0,0.0,0.0,237.60276816587105
2025-09-16,247.43442854778934,226.41982668098748,249.92649685574162,247.43442854778934,247.43442854778934,-9.234961805911821,-9.234961805911821,-9.234961805911821,1.1925851675699788,1.1925851675699788,1.1925851675699788,-10.4275469734818,-10.4275469734818,-10.4275469734818,0.0,0.0,0.0,238.19946674187753
2025-09-17,247.73987171819078,227.9075525600677,250.35416278693444,247.73987171819078,247.73987171819078,-9.053308831163532,-9.053308831163532,-9.053308831163532,1.0228999524130393,1.0228999524130393,1.0228999524130393,-10.07620878357657,-10.07620878357657,-10.07620878357657,0.0,0.0,0.0,238.68656288702726
2025-09-18,248.04531488859223,227.7889643053411,251.25405784679845,248.04531488859223,248.04531488859223,-8.642309992042726,-8.642309992042726,-8.642309992042726,1.0291160953488234,1.0291160953488234,1.0291160953488234,-9.67142608739155,-9.67142608739155,-9.67142608739155,0.0,0.0,0.0,239.4030048965495
2025-09-19,248.3507580589936,229.0391332781337,253.65189283982895,248.3507580589936,248.3507580589936,-7.970451231700613,-7.970451231700613,-7.970451231700613,1.2495346665125244,1.2495346665125244,1.2495346665125244,-9.219985898213139,-9.219985898213139,-9.219985898213139,0.0,0.0,0.0,240.38030682729297
2025-09-22,249.26708757019782,231.50034406629632,253.8333618549587,249.26708757019782,249.26708757019782,-6.475508819532548,-6.475508819532548,-6.475508819532548,1.193795225645773,1.193795225645773,1.193795225645773,-7.66930404517832,-7.66930404517832,-7.66930404517832,0.0,0.0,0.0,242.79157875066528
2025-09-23,249.57253074059926,232.11732281701237,255.70525027484035,249.57253074059926,249.57253074059926,-5.925679906041095,-5.925679906041095,-5.925679906041095,1.1925851675705226,1.1925851675705226,1.1925851675705226,-7.118265073611617,-7.118265073611617,-7.118265073611617,0.0,0.0,0.0,243.64685083455817
2025-09-24,249.87797391100062,234.05462938634506,255.87668364816145,249.87797391100062,249.87797391100062,-5.543665330361842,-5.543665330361842,-5.543665330361842,1.0228999524132483,1.0228999524132483,1.0228999524132483,-6.56656528277509,-6.56656528277509,-6.56656528277509,0.0,0.0,0.0,244.33430858063878
2025-09-25,250.18341708140207,234.10596066841632,256.02540452792863,250.18341708140207,250.18341708140207,-4.994796446590685,-4.994796446590685,-4.994796446590685,1.0291160953500427,1.0291160953500427,1.0291160953500427,-6.023912541940728,-6.023912541940728,-6.023912541940728,0.0,0.0,0.0,245.18862063481137
2025-09-26,250.48886025180346,235.0346413571223,257.65614009660356,250.48886025180346,250.48886025180346,-4.250002072939492,-4.250002072939492,-4.250002072939492,1.249534666507019,1.249534666507019,1.249534666507019,-5.499536739446512,-5.499536739446512,-5.499536739446512,0.0,0.0,0.0,246.23885817886398
2025-09-29,251.40518976300766,237.11979866795497,258.9857840974438,251.40518976300766,251.40518976300766,-2.922249503115452,-2.922249503115452,-2.922249503115452,1.1937952256517734,1.1937952256517734,1.1937952256517734,-4.116044728767225,-4.116044728767225,-4.116044728767225,0.0,0.0,0.0,248.48294025989222
2025-09-30,251.7106329334091,238.17716828836632,260.6015397434782,251.7106329334091,251.7106329334091,-2.5466052510640966,-2.5466052510640966,-2.5466052510640966,1.192585167571067,1.192585167571067,1.192585167571067,-3.7391904186351637,-3.7391904186351637,-3.7391904186351637,0.0,0.0,0.0,249.164027682345
2025-10-01,252.0160761038105,237.7740098505974,262.40738109620764,252.0160761038105,252.0160761038105,-2.3888008638410625,-2.3888008638410625,-2.3888008638410625,1.0228999524134395,1.0228999524134395,1.0228999524134395,-3.411700816254502,-3.411700816254502,-3.411700816254502,0.0,0.0,0.0,249.62727523996944
2025-10-02,252.32151927421188,239.41412496745176,261.9108121877174,252.32151927421188,252.32151927421188,-2.1065619558037163,-2.1065619558037163,-2.1065619558037163,1.0291160953512617,1.0291160953512617,1.0291160953512617,-3.135678051154978,-3.135678051154978,-3.135678051154978,0.0,0.0,0.0,250.21495731840815
2025-10-03,252.62696244461333,239.5375254913153,263.0903821658241,252.62696244461333,252.62696244461333,-1.6621432287058011,-1.6621432287058011,-1.6621432287058011,1.2495346665071017,1.2495346665071017,1.2495346665071017,-2.911677895212903,-2.911677895212903,-2.911677895212903,0.0,0.0,0.0,250.96481921590754
2025-10-06,253.54329195581752,242.26611593138387,263.1567602106473,253.54329195581752,253.54329195581752,-1.3410153123946473,-1.3410153123946473,-1.3410153123946473,1.1937952256425326,1.1937952256425326,1.1937952256425326,-2.53481053803718,-2.53481053803718,-2.53481053803718,0.0,0.0,0.0,252.20227664342286
2025-10-07,253.8487351262189,240.87248269844034,263.8659649945041,253.8487351262189,253.8487351262189,-1.3024094047962367,-1.3024094047962367,-1.3024094047962367,1.1925851675679162,1.1925851675679162,1.1925851675679162,-2.494994572364153,-2.494994572364153,-2.494994572364153,0.0,0.0,0.0,252.54632572142268
2025-10-08,254.15417829662036,241.1701140514354,263.89554111079457,254.15417829662036,254.15417829662036,-1.465935383105002,-1.465935383105002,-1.465935383105002,1.0228999524134101,1.0228999524134101,1.0228999524134101,-2.488835335518412,-2.488835335518412,-2.488835335518412,0.0,0.0,0.0,252.68824291351535
2025-10-09,254.45962146702172,241.64037478446946,264.32407886382003,254.45962146702172,254.45962146702172,-1.4802796902034911,-1.4802796902034911,-1.4802796902034911,1.0291160953475451,1.0291160953475451,1.0291160953475451,-2.5093957855510363,-2.5093957855510363,-2.5093957855510363,0.0,0.0,0.0,252.97934177681822
2025-10-10,254.76506463742317,242.53687573137478,265.2139390997695,254.76506463742317,254.76506463742317,-1.2995842551351573,-1.2995842551351573,-1.2995842551351573,1.2495346665043905,1.2495346665043905,1.2495346665043905,-2.549118921639548,-2.549118921639548,-2.549118921639548,0.0,0.0,0.0,253.465480382288
2025-10-13,255.6813941486274,242.65439925161027,265.1795436061055,255.6813941486274,255.6813941486274,-1.509711133984195,-1.509711133984195,-1.509711133984195,1.193795225645442,1.193795225645442,1.193795225645442,-2.703506359629637,-2.703506359629637,-2.703506359629637,0.0,0.0,0.0,254.1716830146432
2025-10-14,255.98683731902875,243.07916967251023,265.6307737828785,255.98683731902875,255.98683731902875,-1.5478740623301463,-1.5478740623301463,-1.5478740623301463,1.1925851675684604,1.1925851675684604,1.1925851675684604,-2.740459229898607,-2.740459229898607,-2.740459229898607,0.0,0.0,0.0,254.4389632566986
2025-10-15,256.2922804894302,243.3550699879871,266.80243028518356,256.2922804894302,256.2922804894302,-1.7351374316799426,-1.7351374316799426,-1.7351374316799426,1.022899952413143,1.022899952413143,1.022899952413143,-2.758037384093086,-2.758037384093086,-2.758037384093086,0.0,0.0,0.0,254.55714305775027
2025-10-16,256.5977236598316,243.33643018453844,265.30973886279,256.5977236598316,256.5977236598316,-1.720912891353066,-1.720912891353066,-1.720912891353066,1.0291160953487641,1.0291160953487641,1.0291160953487641,-2.7500289867018304,-2.7500289867018304,-2.7500289867018304,0.0,0.0,0.0,254.87681076847855
2025-10-17,256.90316683023303,244.204299448934,267.3642765648775,256.90316683023303,256.90316683023303,-1.461653982809683,-1.461653982809683,-1.461653982809683,1.2495346665131084,1.2495346665131084,1.2495346665131084,-2.7111886493227915,-2.7111886493227915,-2.7111886493227915,0.0,0.0,0.0,255.44151284742335
2025-10-20,257.81949634143723,244.69064362422966,267.6856780450125,257.81949634143723,257.81949634143723,-1.1806770997943716,-1.1806770997943716,-1.1806770997943716,1.1937952256452613,1.1937952256452613,1.1937952256452613,-2.374472325439633,-2.374472325439633,-2.374472325439633,0.0,0.0,0.0,256.63881924164286
2025-10-21,258.1249395118387,245.25758856888945,269.0801356043303,258.1249395118387,258.1249395118387,-0.9908226260179788,-0.9908226260179788,-0.9908226260179788,1.1925851675671573,1.1925851675671573,1.1925851675671573,-2.183407793585136,-2.183407793585136,-2.183407793585136,0.0,0.0,0.0,257.13411688582073
2025-10-22,258.43038268224007,246.20067055846576,269.20996975047086,258.43038268224007,258.43038268224007,-0.9305562846069623,-0.9305562846069623,-0.9305562846069623,1.0228999524128761,1.0228999524128761,1.0228999524128761,-1.9534562370198385,-1.9534562370198385,-1.9534562370198385,0.0,0.0,0.0,257.4998263976331
2025-10-23,258.7358258526414,246.6092578669855,269.70166851715805,258.7358258526414,258.7358258526414,-0.6576949929990824,-0.6576949929990824,-0.6576949929990824,1.029116095348565,1.029116095348565,1.029116095348565,-1.6868110883476473,-1.6868110883476473,-1.6868110883476473,0.0,0.0,0.0,258.07813085964233
2025-10-24,259.0412690230429,247.8984990242174,270.0559690920529,259.0412690230429,259.0412690230429,-0.1372636757456988,-0.1372636757456988,-0.1372636757456988,1.2495346665103972,1.2495346665103972,1.2495346665103972,-1.3867983422560963,-1.3867983422560963,-1.3867983422560963,0.0,0.0,0.0,258.9040053472972
2025-10-27,259.9575985342471,249.2480659267747,272.5555574744763,259.9575985342471,259.9575985342471,0.8600374016806958,0.8600374016806958,0.8600374016806958,1.1937952256481714,1.1937952256481714,1.1937952256481714,-0.3337578239674755,-0.3337578239674755,-0.3337578239674755,0.0,0.0,0.0,260.8176359359278
2025-10-28,260.26304170464846,249.3314927129175,272.6893914008591,260.26304170464846,260.26304170464846,1.2417420224185087,1.2417420224185087,1.2417420224185087,1.192585167570715,1.192585167570715,1.192585167570715,0.04915685484779369,0.04915685484779369,0.04915685484779369,0.0,0.0,0.0,261.504783727067
2025-10-29,260.56848487504993,250.88703444308757,273.21289501208673,260.56848487504993,260.56848487504993,1.4604295594693086,1.4604295594693086,1.4604295594693086,1.0228999524130853,1.0228999524130853,1.0228999524130853,0.4375296070562234,0.4375296070562234,0.4375296070562234,0.0,0.0,0.0,262.02891443451927
2025-10-30,260.8739280454513,251.91725617360945,274.6428534052647,260.8739280454513,260.8739280454513,1.854094449626612,1.854094449626612,1.854094449626612,1.0291160953512024,1.0291160953512024,1.0291160953512024,0.8249783542754094,0.8249783542754094,0.8249783542754094,0.0,0.0,0.0,262.7280224950779
2025-10-31,261.17937121585277,252.55539244446072,274.6516157188118,261.17937121585277,261.17937121585277,2.4549236496817692,2.4549236496817692,2.4549236496817692,1.24953466651048,1.24953466651048,1.24953466651048,1.205388983171289,1.205388983171289,1.205388983171289,0.0,0.0,0.0,263.6342948655345
2025-11-03,262.09570072705696,252.80241851186017,278.00349576285936,262.09570072705696,262.09570072705696,3.44567084632642,3.44567084632642,3.44567084632642,1.1937952256479907,1.1937952256479907,1.1937952256479907,2.251875620678429,2.251875620678429,2.251875620678429,0.0,0.0,0.0,265.5413715733834
2025-11-04,262.4011438974583,254.626557027669,277.2030266181708,262.4011438974583,262.4011438974583,3.7484367433338246,3.7484367433338246,3.7484367433338246,1.192585167569412,1.192585167569412,1.192585167569412,2.5558515757644127,2.5558515757644127,2.5558515757644127,0.0,0.0,0.0,266.1495806407921
2025-11-05,262.7065870678598,255.39644552430875,277.626437837691,262.7065870678598,262.7065870678598,3.856338138214842,3.856338138214842,3.856338138214842,1.0228999524128184,1.0228999524128184,1.0228999524128184,2.8334381858020237,2.8334381858020237,2.8334381858020237,0.0,0.0,0.0,266.5629252060746
2025-11-06,263.01203023826116,256.2049927485215,278.8683321372946,263.01203023826116,263.01203023826116,4.113218002923872,4.113218002923872,4.113218002923872,1.029116095351003,1.029116095351003,1.029116095351003,3.084101907572869,3.084101907572869,3.084101907572869,0.0,0.0,0.0,267.12524824118503
2025-11-07,263.3174734086625,255.61007006153827,279.80896997132186,263.3174734086625,263.3174734086625,4.558162666314142,4.558162666314142,4.558162666314142,1.2495346665077687,1.2495346665077687,1.2495346665077687,3.3086279998063737,3.3086279998063737,3.3086279998063737,0.0,0.0,0.0,267.8756360749767
2025-11-10,264.23380291986683,258.1357489369281,280.772847803026,264.23380291986683,264.23380291986683,5.046702380396328,5.046702380396328,5.046702380396328,1.193795225653991,1.193795225653991,1.193795225653991,3.8529071547423364,3.8529071547423364,3.8529071547423364,0.0,0.0,0.0,269.28050530026314
2025-11-11,264.5392460902682,257.3913138852496,281.3722032492798,264.5392460902682,264.5392460902682,5.199126521145189,5.199126521145189,5.199126521145189,1.1925851675699561,1.1925851675699561,1.1925851675699561,4.0065413535752326,4.0065413535752326,4.0065413535752326,0.0,0.0,0.0,269.7383726114134
2025-11-12,264.84468926066967,259.25708552127196,281.80928748401,264.84468926066967,264.84468926066967,5.179500716703423,5.179500716703423,5.179500716703423,1.0228999524134854,1.0228999524134854,1.0228999524134854,4.156600764289938,4.156600764289938,4.156600764289938,0.0,0.0,0.0,270.0241899773731
2025-11-13,265.15013243107103,258.0916248654439,281.97187756725907,265.15013243107103,265.15013243107103,5.339655587481222,5.339655587481222,5.339655587481222,1.0291160953472864,1.0291160953472864,1.0291160953472864,4.310539492133936,4.310539492133936,4.310539492133936,0.0,0.0,0.0,270.48978801855225
2025-11-14,265.4555756014724,259.75448068659597,282.84671239171223,265.4555756014724,265.4555756014724,5.725904923186634,5.725904923186634,5.725904923186634,1.2495346665078515,1.2495346665078515,1.2495346665078515,4.476370256678782,4.476370256678782,4.476370256678782,0.0,0.0,0.0,271.18148052465904
2025-11-17,266.3719051126767,260.37590975577683,284.2500825640283,266.3719051126767,266.3719051126767,6.322546205351968,6.322546205351968,6.322546205351968,1.1937952256538098,1.1937952256538098,1.1937952256538098,5.128750979698158,5.128750979698158,5.128750979698158,0.0,0.0,0.0,272.69445131802865
2025-11-18,266.67734828307806,262.5544444265993,284.7362123040422,266.67734828307806,266.67734828307806,6.617652883805623,6.617652883805623,6.617652883805623,1.192585167568653,1.192585167568653,1.192585167568653,5.425067716236971,5.425067716236971,5.425067716236971,0.0,0.0,0.0,273.2950011668837
2025-11-19,266.9827914534794,261.22054405247763,285.70196898733246,266.9827914534794,266.9827914534794,6.796134028873953,6.796134028873953,6.796134028873953,1.0228999524132185,1.0228999524132185,1.0228999524132185,5.773234076460735,5.773234076460735,5.773234076460735,0.0,0.0,0.0,273.7789254823534
2025-11-20,267.2882346238809,264.3041705822568,285.8812416877076,267.2882346238809,267.2882346238809,7.208596865042288,7.208596865042288,7.208596865042288,1.0291160953485057,1.0291160953485057,1.0291160953485057,6.1794807696937815,6.1794807696937815,6.1794807696937815,0.0,0.0,0.0,274.4968314889232
2025-11-21,267.5936777942823,264.14980698003507,287.12701615705635,267.5936777942823,267.5936777942823,7.898452713714905,7.898452713714905,7.898452713714905,1.2495346665023463,1.2495346665023463,1.2495346665023463,6.648918047212558,6.648918047212558,6.648918047212558,0.0,0.0,0.0,275.4921305079972
2025-11-24,268.51000730548645,266.9204698610647,289.24377986729564,268.48980246444614,268.5555214898091,9.660827588472175,9.660827588472175,9.660827588472175,1.193795225644569,1.193795225644569,1.193795225644569,8.467032362827604,8.467032362827604,8.467032362827604,0.0,0.0,0.0,278.1708348939586
2025-11-25,268.8154504758879,267.0853349091448,290.4980912231478,268.6892668699576,269.00211132279463,10.40477789748812,10.40477789748812,10.40477789748812,1.1925851675691972,1.1925851675691972,1.1925851675691972,9.212192729918922,9.212192729918922,9.212192729918922,0.0,0.0,0.0,279.2202283733761
2025-11-26,269.12089364628935,269.1091596854102,291.2063588679537,268.8383662016967,269.53352377107655,11.046970248379688,11.046970248379688,11.046970248379688,1.0228999524131892,1.0228999524131892,1.0228999524131892,10.0240702959665,10.0240702959665,10.0240702959665,0.0,0.0,0.0,280.16786389466904
2025-11-27,269.42633681669076,270.3889452522041,292.62900202031335,269.01399371833645,270.036311172526,11.927578613561858,11.927578613561858,11.927578613561858,1.0291160953497245,1.0291160953497245,1.0291160953497245,10.898462518212133,10.898462518212133,10.898462518212133,0.0,0.0,0.0,281.35391543025264
2025-11-28,269.7317799870921,271.0593537766211,294.30527835691197,269.18338818857575,270.65897863435185,13.079096878528945,13.079096878528945,13.079096878528945,1.249534666502429,1.249534666502429,1.249534666502429,11.829562212026516,11.829562212026516,11.829562212026516,0.0,0.0,0.0,282.8108768656211
2025-12-01,270.6481094982964,275.2812997846473,297.6653331284605,269.966305906046,271.8682364791989,16.07712436555562,16.07712436555562,16.07712436555562,1.193795225647479,1.193795225647479,1.193795225647479,14.883329139908142,14.883329139908142,14.883329139908142,0.0,0.0,0.0,286.725233863852
2025-12-02,270.9535526686978,277.2092184850124,299.37330716152024,269.99648978584196,272.4087792276673,17.147970643736212,17.147970643736212,17.147970643736212,1.1925851675660466,1.1925851675660466,1.1925851675660466,15.955385476170163,15.955385476170163,15.955385476170163,0.0,0.0,0.0,288.101523312434
2025-12-03,271.25899583909916,277.9347525143821,300.9999294772889,269.9767509337516,272.97188462250665,18.058734390978294,18.058734390978294,18.058734390978294,1.0228999524131606,1.0228999524131606,1.0228999524131606,17.035834438565136,17.035834438565136,17.035834438565136,0.0,0.0,0.0,289.3177302300775
2025-12-04,271.5644390095006,279.05112436506477,301.92671620193113,270.04465339596453,273.58620865803033,19.14168952677975,19.14168952677975,19.14168952677975,1.0291160953495253,1.0291160953495253,1.0291160953495253,18.112573431430224,18.112573431430224,18.112573431430224,0.0,0.0,0.0,290.70612853628035
2025-12-05,271.869882179902,280.36110653499924,303.86899882623896,270.034805358536,274.1622589618834,20.422800165455104,20.422800165455104,20.422800165455104,1.2495346665111466,1.2495346665111466,1.2495346665111466,19.17326549894396,19.17326549894396,19.17326549894396,0.0,0.0,0.0,292.2926823453571
2025-12-08,272.7862116911062,284.88240068554046,307.3413635074047,270.62830963755493,275.34919560653924,23.331630238677675,23.331630238677675,23.331630238677675,1.1937952256503888,1.1937952256503888,1.1937952256503888,22.13783501302729,22.13783501302729,22.13783501302729,0.0,0.0,0.0,296.1178419297839
2025-12-09,273.0916548615076,285.80956589986664,309.8455833734272,270.6087593806073,275.98473664502603,24.20824830022626,24.20824830022626,24.20824830022626,1.1925851675696049,1.1925851675696049,1.1925851675696049,23.015663132656655,23.015663132656655,23.015663132656655,0.0,0.0,0.0,297.2999031617339
2025-12-10,273.397098031909,286.5215367418011,310.4127243099429,270.41853094309334,276.6700139113506,24.844404673292964,24.844404673292964,24.844404673292964,1.0228999524135896,1.0228999524135896,1.0228999524135896,23.821504720879375,23.821504720879375,23.821504720879375,0.0,0.0,0.0,298.241502705202
2025-12-11,273.70254120231044,287.0251502368029,311.25123329981267,270.42355468785905,277.3797046284685,25.576113659752,25.576113659752,25.576113659752,1.029116095349326,1.029116095349326,1.029116095349326,24.546997564402673,24.546997564402673,24.546997564402673,0.0,0.0,0.0,299.27865486206247
2025-12-12,274.0079843727119,289.6785670620718,312.4870309217296,270.4652563442566,277.97336850002625,26.434704385403023,26.434704385403023,26.434704385403023,1.249534666508436,1.249534666508436,1.249534666508436,25.18516971889459,25.18516971889459,25.18516971889459,0.0,0.0,0.0,300.44268875811497
2025-12-15,274.92431388391606,290.89252723378934,315.58926345699484,271.11915811166597,279.5535136643181,27.72307810548085,27.72307810548085,27.72307810548085,1.1937952256502076,1.1937952256502076,1.1937952256502076,26.529282879830642,26.529282879830642,26.529282879830642,0.0,0.0,0.0,302.6473919893969
2025-12-16,275.2297570543175,292.28157818668194,316.15459431499437,271.0849795638134,280.14260534222285,27.972448810103696,27.972448810103696,27.972448810103696,1.1925851675683015,1.1925851675683015,1.1925851675683015,26.779863642535396,26.779863642535396,26.779863642535396,0.0,0.0,0.0,303.20220586442116
2025-12-17,275.53520022471895,291.82352800309195,316.1052255617922,271.08238001945557,280.77038361958324,27.955061171758274,27.955061171758274,27.955061171758274,1.0228999524133224,1.0228999524133224,1.0228999524133224,26.93216121934495,26.93216121934495,26.93216121934495,0.0,0.0,0.0,303.4902613964772
2025-12-18,275.8406433951203,290.6101974103505,315.61551735031486,271.0673957277032,281.3781407457094,28.017923583700462,28.017923583700462,28.017923583700462,1.029116095350545,1.029116095350545,1.029116095350545,26.98880748834992,26.98880748834992,26.98880748834992,0.0,0.0,0.0,303.85856697882076
2025-12-19,276.1460865655217,292.7139980938659,317.78184190006294,270.8841821820251,281.9858978718358,28.203409572838687,28.203409572838687,28.203409572838687,1.2495346665057245,1.2495346665057245,1.2495346665057245,26.953874906332963,26.953874906332963,26.953874906332963,0.0,0.0,0.0,304.3494961383604
2025-12-22,277.0624160767259,292.2566165344587,317.2968573210455,271.4129401004779,283.20454133876484,27.552582834220278,27.552582834220278,27.552582834220278,1.193795225650027,1.193795225650027,1.193795225650027,26.358787608570253,26.358787608570253,26.358787608570253,0.0,0.0,0.0,304.6149989109462
2025-12-23,277.3678592471274,291.980978285768,317.65078562834697,271.36661636787187,283.93133062293873,27.21418580610371,27.21418580610371,27.21418580610371,1.1925851675688457,1.1925851675688457,1.1925851675688457,26.021600638534867,26.021600638534867,26.021600638534867,0.0,0.0,0.0,304.5820450532311
2025-12-24,277.6733024175287,291.36816685011246,317.40281606567373,271.37034885551,284.8190323968993,26.651926643021053,26.651926643021053,26.651926643021053,1.0228999524135312,1.0228999524135312,1.0228999524135312,25.62902669060752,25.62902669060752,25.62902669060752,0.0,0.0,0.0,304.32522906054976
2025-12-25,277.9787455879301,290.99879743407934,316.7712518094101,271.3807638498021,285.4773419172019,26.219176285651727,26.219176285651727,26.219176285651727,1.029116095351764,1.029116095351764,1.029116095351764,25.190060190299963,25.190060190299963,25.190060190299963,0.0,0.0,0.0,304.19792187358183
2025-12-26,278.2841887583316,291.56579816975875,317.77234912563983,271.3917459347463,286.18804811516986,25.963312338487068,25.963312338487068,25.963312338487068,1.2495346665144427,1.2495346665144427,1.2495346665144427,24.713777671972625,24.713777671972625,24.713777671972625,0.0,0.0,0.0,304.24750109681867
2025-12-29,279.2005182695358,291.37119411683494,317.4903817172903,272.01361436049325,287.639928555207,24.342581338284255,24.342581338284255,24.342581338284255,1.193795225652937,1.193795225652937,1.193795225652937,23.148786112631317,23.148786112631317,23.148786112631317,0.0,0.0,0.0,303.54309960782007
2025-12-30,279.50596143993727,289.0823657274257,317.20892870486813,271.9302394678579,288.231464914705,23.801322803486883,23.801322803486883,23.801322803486883,1.1925851675675423,1.1925851675675423,1.1925851675675423,22.60873763591934,22.60873763591934,22.60873763591934,0.0,0.0,0.0,303.30728424342414
2025-12-31,279.81140461033857,290.36406365102613,316.04090383377815,271.82864072069725,289.00722803756446,23.09425344481316,23.09425344481316,23.09425344481316,1.0228999524132645,1.0228999524132645,1.0228999524132645,22.071353492399894,22.071353492399894,22.071353492399894,0.0,0.0,0.0,302.9056580551517
2026-01-01,280.11684778074,289.0804806863011,317.0648266875908,271.7323174825495,289.92610739427,22.571648615495686,22.571648615495686,22.571648615495686,1.0291160953480476,1.0291160953480476,1.0291160953480476,21.54253252014764,21.54253252014764,21.54253252014764,0.0,0.0,0.0,302.6884963962357
2026-01-02,280.42229095114146,289.37472726302155,317.48759086247713,271.63599424440173,290.71236906346996,22.276802757777144,22.276802757777144,22.276802757777144,1.2495346665117313,1.2495346665117313,1.2495346665117313,21.027268091265416,21.027268091265416,21.027268091265416,0.0,0.0,0.0,302.6990937089186
2026-01-05,281.33862046234566,287.63571199029985,318.92589868690936,272.33168901595644,292.1154419949453,20.792661550131324,20.792661550131324,20.792661550131324,1.1937952256498772,1.1937952256498772,1.1937952256498772,19.598866324481445,19.598866324481445,19.598866324481445,0.0,0.0,0.0,302.13128201247696
2026-01-06,281.6440636327471,287.7969258389483,317.2478491820528,272.27669624976875,292.887329957592,20.36202850980916,20.36202850980916,20.36202850980916,1.1925851675711003,1.1925851675711003,1.1925851675711003,19.169443342238058,19.169443342238058,19.169443342238058,0.0,0.0,0.0,302.0060921425562
2026-01-07,281.94950680314855,287.1660132746064,317.0563202472191,272.0785561059312,293.64077161837577,19.78807391420658,19.78807391420658,19.78807391420658,1.0228999524132356,1.0228999524132356,1.0228999524132356,18.76517396179334,18.76517396179334,18.76517396179334,0.0,0.0,0.0,301.7375807173551
2026-01-08,282.25494997354986,286.1911065141143,318.6576381034806,272.04432010551636,294.43967493482523,19.415260405818998,19.415260405818998,19.415260405818998,1.0291160953478482,1.0291160953478482,1.0291160953478482,18.38614431047115,18.38614431047115,18.38614431047115,0.0,0.0,0.0,301.6702103793689
2026-01-09,282.56039314395133,287.1095407461065,317.6411490000559,272.169914932649,295.42074051174313,19.281482498426083,19.281482498426083,19.281482498426083,1.2495346665118139,1.2495346665118139,1.2495346665118139,18.03194783191427,18.03194783191427,18.03194783191427,0.0,0.0,0.0,301.84187564237743
2026-01-12,283.4767226551555,285.9091352292388,319.578120483984,272.5802636341411,297.0201855985698,18.303596196706764,18.303596196706764,18.303596196706764,1.1937952256496966,1.1937952256496966,1.1937952256496966,17.109800971057066,17.109800971057066,17.109800971057066,0.0,0.0,0.0,301.78031885186226
2026-01-13,283.78216582555683,285.3937203485788,318.53021817935905,272.25576436814094,297.70148623849,18.038451779458246,18.038451779458246,18.038451779458246,1.1925851675697974,1.1925851675697974,1.1925851675697974,16.845866611888447,16.845866611888447,16.845866611888447,0.0,0.0,0.0,301.82061760501506
2026-01-14,284.0876089959583,285.85313114308013,318.79143454586267,271.98425028487213,298.37632102180703,17.62508273127002,17.62508273127002,17.62508273127002,1.0228999524129685,1.0228999524129685,1.0228999524129685,16.60218277885705,16.60218277885705,16.60218277885705,0.0,0.0,0.0,301.71269172722833
2026-01-15,284.3930521663597,285.26506207788486,319.77888960522233,271.92866673542585,299.05570138435985,17.407353963632378,17.407353963632378,17.407353963632378,1.0291160953504856,1.0291160953504856,1.0291160953504856,16.37823786828189,16.37823786828189,16.37823786828189,0.0,0.0,0.0,301.8004061299921
2026-01-16,284.69849533676114,284.53060393176116,320.90607435662764,271.8260639433947,299.8554586961206,17.423434382090786,17.423434382090786,17.423434382090786,1.2495346665063087,1.2495346665063087,1.2495346665063087,16.17389971558448,16.17389971558448,16.17389971558448,0.0,0.0,0.0,302.1219297188519
2026-01-19,285.6148248479654,285.44271038422033,321.5799830758534,272.228850164418,301.3458405216818,16.877836514956094,16.877836514956094,16.877836514956094,1.1937952256495157,1.1937952256495157,1.1937952256495157,15.684041289306577,15.684041289306577,15.684041289306577,0.0,0.0,0.0,302.49266136292147
2026-01-20,285.9202680183668,284.25562193530334,320.77062559028366,272.01307446910477,302.16266412875495,16.758638591858674,16.758638591858674,16.758638591858674,1.1925851675703412,1.1925851675703412,1.1925851675703412,15.566053424288333,15.566053424288333,15.566053424288333,0.0,0.0,0.0,302.6789066102255
2026-01-21,286.2257111887681,284.9061044633246,322.6461441875348,271.98969616779107,302.90928853590185,16.496874143490373,16.496874143490373,16.496874143490373,1.0228999524129396,1.0228999524129396,1.0228999524129396,15.473974191077433,15.473974191077433,15.473974191077433,0.0,0.0,0.0,302.7225853322585
2026-01-22,286.5311543591696,284.8188920904301,324.322086110244,271.7999469925315,303.6523798123937,16.439438892233316,16.439438892233316,16.439438892233316,1.0291160953453509,1.0291160953453509,1.0291160953453509,15.410322796887966,15.410322796887966,15.410322796887966,0.0,0.0,0.0,302.97059325140293
2026-01-23,286.836597529571,285.79517762187135,323.1570614604492,271.6890389691264,304.69013077276617,16.62740195510404,16.62740195510404,16.62740195510404,1.2495346665063913,1.2495346665063913,1.2495346665063913,15.37786728859765,15.37786728859765,15.37786728859765,0.0,0.0,0.0,303.46399948467507
2026-01-26,287.7529270407752,287.1028473834053,324.24257106692704,272.231981405158,306.33876807394137,16.69024793853882,16.69024793853882,16.69024793853882,1.1937952256524256,1.1937952256524256,1.1937952256524256,15.496452712886395,15.496452712886395,15.496452712886395,0.0,0.0,0.0,304.44317497931405
2026-01-27,288.0583702111767,283.46592762037847,327.26402547705567,271.98511216457354,307.371519452237,16.809494847536115,16.809494847536115,16.809494847536115,1.1925851675671908,1.1925851675671908,1.1925851675671908,15.616909679968922,15.616909679968922,15.616909679968922,0.0,0.0,0.0,304.8678650587128
2026-01-28,288.3638133815781,285.9458469157436,325.5841518083191,271.6386103436233,308.10510465212286,16.804336085515644,16.804336085515644,16.804336085515644,1.0228999524133686,1.0228999524133686,1.0228999524133686,15.781436133102277,15.781436133102277,15.781436133102277,0.0,0.0,0.0,305.1681494670937
2026-01-29,288.66925655197946,286.2673223013375,327.6319810470461,271.17127969065046,308.971816287246,17.020463210698143,17.020463210698143,17.020463210698143,1.029116095347988,1.029116095347988,1.029116095347988,15.991347115350154,15.991347115350154,15.991347115350154,0.0,0.0,0.0,305.6897197626776
2026-01-30,288.9746997223809,286.3513217142818,329.13936633886243,270.963100796783,309.77360595103835,17.496720787399216,17.496720787399216,17.496720787399216,1.249534666506474,1.249534666506474,1.249534666506474,16.247186120892746,16.247186120892746,16.247186120892746,0.0,0.0,0.0,306.4714205097801
2026-02-02,289.8910292335851,288.5336613201426,331.4984305090833,271.3674121283262,311.18628195563343,18.47537553054346,18.47537553054346,18.47537553054346,1.1937952256400932,1.1937952256400932,1.1937952256400932,17.281580304903365,17.281580304903365,17.281580304903365,0.0,0.0,0.0,308.36640476412856
2026-02-03,290.19647240398643,287.9791623742191,332.8437579034562,271.16649211798756,311.98807161942574,18.8996832743794,18.8996832743794,18.8996832743794,1.1925851675677352,1.1925851675677352,1.1925851675677352,17.707098106811667,17.707098106811667,17.707098106811667,0.0,0.0,0.0,309.09615567836585
2026-02-04,290.50191557438785,287.14527514288284,333.1735197419936,270.965572107649,312.7853400029396,19.188901088546395,19.188901088546395,19.188901088546395,1.0228999524133395,1.0228999524133395,1.0228999524133395,18.16600113613306,18.16600113613306,18.16600113613306,0.0,0.0,0.0,309.69081666293425
2026-02-05,290.8073587447893,288.3772801580882,333.3627327478137,270.7646520973105,313.5717438018062,19.681488157520103,19.681488157520103,19.681488157520103,1.029116095347789,1.029116095347789,1.029116095347789,18.652372062172315,18.652372062172315,18.652372062172315,0.0,0.0,0.0,310.48884690230943
2026-02-06,291.11280191519074,288.4359243842024,333.74725599230106,270.563732086972,314.3581476006728,20.408725048398793,20.408725048398793,20.408725048398793,1.2495346665037628,1.2495346665037628,1.2495346665037628,19.15919038189503,19.15919038189503,19.15919038189503,0.0,0.0,0.0,311.5215269635895
2026-02-09,292.02913142639494,290.82080322715797,338.27241735079014,271.044622696085,315.8604048171109,21.911380173680218,21.911380173680218,21.911380173680218,1.1937952256460942,1.1937952256460942,1.1937952256460942,20.717584948034123,20.717584948034123,20.717584948034123,0.0,0.0,0.0,313.9405116000752
2026-02-10,292.33457459679624,290.46062069058905,340.11054015691195,270.918209638611,316.73473026163856,22.410163371597726,22.410163371597726,22.410163371597726,1.1925851675682793,1.1925851675682793,1.1925851675682793,21.217578204029447,21.217578204029447,21.217578204029447,0.0,0.0,0.0,314.74473796839396
2026-02-11,292.6400177671977,290.58009547243864,342.5557121984034,270.7279395523492,317.66756208489505,22.713365654611497,22.713365654611497,22.713365654611497,1.0228999524130724,1.0228999524130724,1.0228999524130724,21.690465702198424,21.690465702198424,21.690465702198424,0.0,0.0,0.0,315.3533834218092
2026-02-12,292.94546093759914,293.2772758552192,344.64683752454175,270.48200975533706,318.60802031188587,23.154595747220302,23.154595747220302,23.154595747220302,1.0291160953490077,1.0291160953490077,1.0291160953490077,22.1254796518713,22.1254796518713,22.1254796518713,0.0,0.0,0.0,316.10005668481944
2026-02-13,293.2509041080005,292.1826166701547,347.54133379841034,270.340464845307,319.54847853887657,23.76148181877317,23.76148181877317,23.76148181877317,1.2495346665152747,1.2495346665152747,1.2495346665152747,22.511947152257893,22.511947152257893,22.511947152257893,0.0,0.0,0.0,317.0123859267737
2026-02-16,294.1672336192048,292.5176647627744,346.7554911092232,270.6330464466245,321.0998231066702,24.473696302197652,24.473696302197652,24.473696302197652,1.1937952256459132,1.1937952256459132,1.1937952256459132,23.27990107655174,23.27990107655174,23.27990107655174,0.0,0.0,0.0,318.64092992140246
2026-02-17,294.4726767896062,293.5108853779438,346.91237594811946,270.69542669031637,322.0402813336611,24.568465989145736,24.568465989145736,24.568465989145736,1.192585167566976,1.192585167566976,1.192585167566976,23.375880821578757,23.375880821578757,23.375880821578757,0.0,0.0,0.0,319.041142778752
2026-02-18,294.7781199600076,290.43297127330385,348.46618223656003,270.5659872002148,322.912899377143,24.402715729899917,24.402715729899917,24.402715729899917,1.0228999524132816,1.0228999524132816,1.0228999524132816,23.379815777486634,23.379815777486634,23.379815777486634,0.0,0.0,0.0,319.1808356899075
2026-02-19,295.083563130409,292.15276637145325,350.49137882846793,270.3222798133029,323.6663042813466,24.315641473973493,24.315641473973493,24.315641473973493,1.029116095350227,1.029116095350227,1.029116095350227,23.286525378623264,23.286525378623264,23.286525378623264,0.0,0.0,0.0,319.3992046043825
2026-02-20,295.3890063008105,291.9198926921527,350.73272141570544,269.98783876257517,324.5343430687299,24.34195022671331,24.34195022671331,24.34195022671331,1.2495346665097695,1.2495346665097695,1.2495346665097695,23.09241556020354,23.09241556020354,23.09241556020354,0.0,0.0,0.0,319.7309565275238
2026-02-23,296.3053358120147,291.3791692674366,350.8482348361415,270.1973199751784,326.0599599051294,23.088916849003226,23.088916849003226,23.088916849003226,1.1937952256488231,1.1937952256488231,1.1937952256488231,21.895121623354402,21.895121623354402,21.895121623354402,0.0,0.0,0.0,319.3942526610179
2026-02-24,296.610778982416,290.4980890699392,351.27977603686804,269.88184929168494,326.97469040072605,22.489214781000488,22.489214781000488,22.489214781000488,1.1925851675723813,1.1925851675723813,1.1925851675723813,21.296629613428106,21.296629613428106,21.296629613428106,0.0,0.0,0.0,319.0999937634165
2026-02-25,296.91622215281745,288.1631370124622,352.32000408617216,269.73370602068223,327.88942089632286,21.62856155986901,21.62856155986901,21.62856155986901,1.0228999524134723,1.0228999524134723,1.0228999524134723,20.605661607455538,20.605661607455538,20.605661607455538,0.0,0.0,0.0,318.54478371268647
2026-02-26,297.2216653232189,287.4302152194691,351.6299346774283,269.5855627496795,328.80415139191956,20.858168344575905,20.858168344575905,20.858168344575905,1.029116095351446,1.029116095351446,1.029116095351446,19.82905224922446,19.82905224922446,19.82905224922446,0.0,0.0,0.0,318.0798336677948
2026-02-27,297.52710849362035,286.5256624174284,350.71915699683177,269.4374194786768,329.78557296250875,20.22465773638507,20.22465773638507,20.22465773638507,1.2495346665098521,1.2495346665098521,1.2495346665098521,18.975123069875213,18.975123069875213,18.975123069875213,0.0,0.0,0.0,317.7517662300054
2026-03-02,298.44343800482454,284.8994470216561,350.32500206547815,269.91655827566365,331.41936853829765,17.244686412203638,17.244686412203638,17.244686412203638,1.1937952256517328,1.1937952256517328,1.1937952256517328,16.0508911865519,16.0508911865519,16.0508911865519,0.0,0.0,0.0,315.6881244170282
2026-03-03,298.74888117522585,282.14889980936454,348.3130883649487,269.74833809834325,332.1948839295766,16.18619503043223,16.18619503043223,16.18619503043223,1.1925851675692307,1.1925851675692307,1.1925851675692307,14.993609862863,14.993609862863,14.993609862863,0.0,0.0,0.0,314.9350762056581
2026-03-04,299.05432434562726,279.229340964954,348.9207279705501,269.6356319461534,333.4889775878509,14.938401038608292,14.938401038608292,14.938401038608292,1.0228999524136817,1.0228999524136817,1.0228999524136817,13.915501086194611,13.915501086194611,13.915501086194611,0.0,0.0,0.0,313.99272538423554
2026-03-05,299.35976751602874,281.5874408091724,352.53171258081767,269.47924395811225,334.5198083048542,13.858133605092391,13.858133605092391,13.858133605092391,1.0291160953512466,1.0291160953512466,1.0291160953512466,12.829017509741144,12.829017509741144,12.829017509741144,0.0,0.0,0.0,313.21790112112114
2026-03-06,299.66521068643004,277.80725162823256,351.65519571291816,268.97547752826256,335.54891117416395,12.995867650472595,12.995867650472595,12.995867650472595,1.249534666507141,1.249534666507141,1.249534666507141,11.746332983965454,11.746332983965454,11.746332983965454,0.0,0.0,0.0,312.6610783369026
2026-03-09,300.5815401976344,276.4788195906289,348.3812551216264,268.84695722178424,337.1073692243371,9.826630036198328,9.826630036198328,9.826630036198328,1.193795225654643,1.193795225654643,1.193795225654643,8.632834810543683,8.632834810543683,8.632834810543683,0.0,0.0,0.0,310.4081702338327
2026-03-10,300.8869833680358,275.7643682507704,349.67356085682917,267.9844778235129,338.0549409337075,8.8646152120828,8.8646152120828,8.8646152120828,1.192585167569775,1.192585167569775,1.192585167569775,7.672030044513026,7.672030044513026,7.672030044513026,0.0,0.0,0.0,309.75159858011864
2026-03-11,301.19242653843713,271.7213012538882,352.3032581655363,267.7044314819712,339.00251264307764,7.785443138589389,7.785443138589389,7.785443138589389,1.0228999524134146,1.0228999524134146,1.0228999524134146,6.762543186175973,6.762543186175973,6.762543186175973,0.0,0.0,0.0,308.97786967702655
2026-03-12,301.4978697088386,271.9766810659054,347.0846719141532,267.57027199055625,339.95008435244796,6.938854178730819,6.938854178730819,6.938854178730819,1.0291160953475302,1.0291160953475302,1.0291160953475302,5.909738083383288,5.909738083383288,5.909738083383288,0.0,0.0,0.0,308.4367238875694
2026-03-13,301.80331287924,272.7296938501959,348.96635232596805,267.0617560658795,341.25928682837366,6.36681278072647,6.36681278072647,6.36681278072647,1.2495346665044298,1.2495346665044298,1.2495346665044298,5.11727811422204,5.11727811422204,5.11727811422204,0.0,0.0,0.0,308.1701256599665
2026-03-16,302.7196423904441,271.6707438512724,348.45016473064237,267.1756936585191,342.60271655490567,4.306176281734902,4.306176281734902,4.306176281734902,1.193795225654462,1.193795225654462,1.193795225654462,3.112381056080439,3.112381056080439,3.112381056080439,0.0,0.0,0.0,307.025818672179
2026-03-17,303.0250855608456,268.7519536514559,346.85558496566114,267.29736088761246,343.1648590365476,3.7557632717691427,3.7557632717691427,3.7557632717691427,1.192585167568472,1.192585167568472,1.192585167568472,2.563178104200671,2.563178104200671,2.563178104200671,0.0,0.0,0.0,306.7808488326147
2026-03-18,303.330528731247,267.8472238087358,347.8578070431729,267.6475053591205,344.3155194525422,3.0899411625295166,3.0899411625295166,3.0899411625295166,1.0228999524131477,1.0228999524131477,1.0228999524131477,2.067041210116369,2.067041210116369,2.067041210116369,0.0,0.0,0.0,306.4204698937765
2026-03-19,303.6359719016485,268.33567480280504,350.3894704651034,267.2801181854407,345.4756488869638,2.6471386059464384,2.6471386059464384,2.6471386059464384,1.0291160953473308,1.0291160953473308,1.0291160953473308,1.6180225105991075,1.6180225105991075,1.6180225105991075,0.0,0.0,0.0,306.2831105075949
2026-03-20,303.9414150720499,268.99647176658164,349.19003637603004,266.8270499986357,346.63577832138543,2.4586139219309215,2.4586139219309215,2.4586139219309215,1.2495346665017184,1.2495346665017184,1.2495346665017184,1.2090792554292034,1.2090792554292034,1.2090792554292034,0.0,0.0,0.0,306.4000289939808
2026-03-23,304.8577445832541,264.9532216635108,349.13505440083316,267.6506832184837,348.40679409660976,1.3348146170208748,1.3348146170208748,1.3348146170208748,1.193795225645221,1.193795225645221,1.193795225645221,0.14101939137565372,0.14101939137565372,0.14101939137565372,0.0,0.0,0.0,306.19255920027496
2026-03-24,305.16318775365545,265.07450659616615,352.1151630029833,267.3084455798069,349.56692353103125,1.0014181858459825,1.0014181858459825,1.0014181858459825,1.1925851675720296,1.1925851675720296,1.1925851675720296,-0.19116698172604724,-0.19116698172604724,-0.19116698172604724,0.0,0.0,0.0,306.1646059395014
2026-03-25,305.46863092405687,265.255157789252,350.78215472788946,266.9662079411302,350.72705296545286,0.49696966062549025,0.49696966062549025,0.49696966062549025,1.0228999524133568,1.0228999524133568,1.0228999524133568,-0.5259302917878665,-0.5259302917878665,-0.5259302917878665,0.0,0.0,0.0,305.96560058468236
2026-03-26,305.7740740944583,262.7929754347196,352.2867478161331,266.6239703024536,351.88896561791296,0.15776309662035917,0.15776309662035917,0.15776309662035917,1.0291160953499683,1.0291160953499683,1.0291160953499683,-0.8713529987296091,-0.8713529987296091,-0.8713529987296091,0.0,0.0,0.0,305.93183719107867
2026-03-27,306.07951726485965,264.5991313116449,354.46075898944383,266.28173266377684,353.0526614884114,0.014791932920503442,0.014791932920503442,0.014791932920503442,1.249534666501801,1.249534666501801,1.249534666501801,-1.2347427335812975,-1.2347427335812975,-1.2347427335812975,0.0,0.0,0.0,306.09430919778015
2026-03-30,306.99584677606396,263.76576889329095,354.76677785953973,266.54938571008904,354.82724369971294,-1.2957240715566574,-1.2957240715566574,-1.2957240715566574,1.19379522564504,1.19379522564504,1.19379522564504,-2.4895192972016975,-2.4895192972016975,-2.4895192972016975,0.0,0.0,0.0,305.7001227045073
2026-03-31,307.30128994646526,261.63550463941147,355.5150435768039,266.2051567597842,355.9897532703838,-1.782339468660351,-1.782339468660351,-1.782339468660351,1.1925851675707262,1.1925851675707262,1.1925851675707262,-2.9749246362310773,-2.9749246362310773,-2.9749246362310773,0.0,0.0,0.0,305.51895047780494
2026-04-01,307.60673311686674,260.93880725488924,353.69556198342343,265.86092780947945,357.05011145088076,-2.4733833570104466,-2.4733833570104466,-2.4733833570104466,1.0228999524130895,1.0228999524130895,1.0228999524130895,-3.4962833094235366,-3.4962833094235366,-3.4962833094235366,0.0,0.0,0.0,305.1333497598563
2026-04-02,307.91217628726815,263.08860896338865,354.3630785428077,265.51669885917477,357.7430316554732,-3.023519161691449,-3.023519161691449,-3.023519161691449,1.029116095349769,1.029116095349769,1.029116095349769,-4.052635257041218,-4.052635257041218,-4.052635257041218,0.0,0.0,0.0,304.8886571255767
2026-04-03,308.2176194576696,262.07289828499444,355.63200370665453,265.17246990887,358.61105006966744,-3.391892845868168,-3.391892845868168,-3.391892845868168,1.2495346665105191,1.2495346665105191,1.2495346665105191,-4.641427512378687,-4.641427512378687,-4.641427512378687,0.0,0.0,0.0,304.8257266118015
2026-04-06,309.1339489688737,258.89817564030227,354.94544940182794,265.4391272993679,360.08995482466423,-5.360855691034688,-5.360855691034688,-5.360855691034688,1.1937952256510407,1.1937952256510407,1.1937952256510407,-6.554650916685729,-6.554650916685729,-6.554650916685729,0.0,0.0,0.0,303.773093277839
2026-04-07,309.4393921392751,256.3653448717874,356.3865294423593,265.0948983490632,360.9579732388585,-6.026351509692912,-6.026351509692912,-6.026351509692912,1.1925851675694235,1.1925851675694235,1.1925851675694235,-7.218936677262336,-7.218936677262336,-7.218936677262336,0.0,0.0,0.0,303.4130406295822
2026-04-08,309.7448353096766,255.89632295660152,357.3689170549004,264.7506693987585,361.8231237250125,-6.859810574972633,-6.859810574972633,-6.859810574972633,1.0228999524135185,1.0228999524135185,1.0228999524135185,-7.882710527386151,-7.882710527386151,-7.882710527386151,0.0,0.0,0.0,302.88502473470396
2026-04-09,310.050278480078,256.4596079897659,354.99961521604956,264.02642235933865,362.68437696115814,-7.507517580075511,-7.507517580075511,-7.507517580075511,1.0291160953495695,1.0291160953495695,1.0291160953495695,-8.536633675425081,-8.536633675425081,-8.536633675425081,0.0,0.0,0.0,302.5427609000025
2026-04-10,310.3557216504795,255.36345962053514,355.0470478439891,263.1729135440426,363.6637188105223,-7.921484655113583,-7.921484655113583,-7.921484655113583,1.2495346665078075,1.2495346665078075,1.2495346665078075,-9.171019321621392,-9.171019321621392,-9.171019321621392,0.0,0.0,0.0,302.4342369953659
2026-04-13,311.2720511616837,253.19959146575843,354.02053031255764,262.9312908261242,365.65563958278545,-9.666938469645368,-9.666938469645368,-9.666938469645368,1.1937952256508597,1.1937952256508597,1.1937952256508597,-10.86073369529623,-10.86073369529623,-10.86073369529623,0.0,0.0,0.0,301.60511269203835
2026-04-14,311.577494332085,250.97912386982708,357.35514005938353,262.0787817674028,367.03667401424576,-10.130333294952832,-10.130333294952832,-10.130333294952832,1.19258516756812,1.19258516756812,1.19258516756812,-11.322918462520953,-11.322918462520953,-11.322918462520953,0.0,0.0,0.0,301.44716103713216
2026-04-15,311.88293750248647,251.42831642699565,354.98011046896335,261.22627270868156,368.4177084457061,-10.698731074471924,-10.698731074471924,-10.698731074471924,1.0228999524132518,1.0228999524132518,1.0228999524132518,-11.721631026885175,-11.721631026885175,-11.721631026885175,0.0,0.0,0.0,301.18420642801453
2026-04-16,312.1883806728878,248.62562711676628,357.18810244407996,260.37376364996015,369.4427440358993,-11.021689344754815,-11.021689344754815,-11.021689344754815,1.0291160953522067,1.0291160953522067,1.0291160953522067,-12.050805440107023,-12.050805440107023,-12.050805440107023,0.0,0.0,0.0,301.16669132813297
2026-04-17,312.4938238432892,249.63710396399932,363.7416686972715,259.9913839574546,370.3380179898556,-11.05625205727349,-11.05625205727349,-11.05625205727349,1.2495346665023026,1.2495346665023026,1.2495346665023026,-12.305786723775793,-12.305786723775793,-12.305786723775793,0.0,0.0,0.0,301.4375717860157
2026-04-20,313.41015335449356,246.33211879385166,361.5747249369985,260.29153456175766,371.8400369342986,-11.409218014304512,-11.409218014304512,-11.409218014304512,1.1937952256447095,1.1937952256447095,1.1937952256447095,-12.603013239949222,-12.603013239949222,-12.603013239949222,0.0,0.0,0.0,302.0009353401891
2026-04-21,313.71559652489486,248.54588111215872,362.1239919421417,259.9876093899382,372.7311695379386,-11.354607839386293,-11.354607839386293,-11.354607839386293,1.1925851675686643,1.1925851675686643,1.1925851675686643,-12.547193006954958,-12.547193006954958,-12.547193006954958,0.0,0.0,0.0,302.3609886855086
2026-04-22,314.0210396952963,250.5864775416513,359.4800227686343,259.6870143855718,373.6223021415787,-11.395844069995693,-11.395844069995693,-11.395844069995693,1.0228999524132225,1.0228999524132225,1.0228999524132225,-12.418744022408914,-12.418744022408914,-12.418744022408914,0.0,0.0,0.0,302.6251956253006
2026-04-23,314.32648286569776,250.0849778430117,362.6690189771262,259.3933358205519,374.5134347452189,-11.193928266538055,-11.193928266538055,-11.193928266538055,1.0291160953520075,1.0291160953520075,1.0291160953520075,-12.22304436189006,-12.22304436189006,-12.22304436189006,0.0,0.0,0.0,303.1325545991597
2026-04-24,314.63192603609906,248.7397042081248,364.03436616178806,259.1018139754166,375.40456734885896,-10.7174427628438,-10.7174427628438,-10.7174427628438,1.2495346665138147,1.2495346665138147,1.2495346665138147,-11.966977429357614,-11.966977429357614,-11.966977429357614,0.0,0.0,0.0,303.91448327325526
2026-04-27,315.54825554730326,251.02819776077897,367.9199088341328,259.7754303009366,376.9065862933018,-9.730496693828352,-9.730496693828352,-9.730496693828352,1.1937952256445283,1.1937952256445283,1.1937952256445283,-10.924291919472882,-10.924291919472882,-10.924291919472882,0.0,0.0,0.0,305.8177588534749
2026-04-28,315.85369871770473,249.43974440951246,368.1327639589436,259.10139239212873,377.797718896942,-9.326648675597564,-9.326648675597564,-9.326648675597564,1.192585167565514,1.192585167565514,1.192585167565514,-10.519233843163077,-10.519233843163077,-10.519233843163077,0.0,0.0,0.0,306.5270500421072
2026-04-29,316.15914188810615,248.91366069718717,370.9255725190195,258.8022653085673,378.63830455747944,-9.081023914921998,-9.081023914921998,-9.081023914921998,1.0228999524131934,1.0228999524131934,1.0228999524131934,-10.103923867335192,-10.103923867335192,-10.103923867335192,0.0,0.0,0.0,307.07811797318413
2026-04-30,316.4645850585076,251.02061156709533,370.55502700215874,258.50313822500584,379.4667797059661,-8.660668834326708,-8.660668834326708,-8.660668834326708,1.0291160953482912,1.0291160953482912,1.0291160953482912,-9.689784929675,-9.689784929675,-9.689784929675,0.0,0.0,0.0,307.8039162241809
2026-05-01,316.7700282289089,251.5196106419848,373.9815284529662,258.2574147426778,380.29525485445254,-8.038529431689662,-8.038529431689662,-8.038529431689662,1.2495346665111033,1.2495346665111033,1.2495346665111033,-9.288064098200765,-9.288064098200765,-9.288064098200765,0.0,0.0,0.0,308.7314987972193
2026-05-04,317.68635774011324,249.5884048559258,371.9662704849893,258.6894510122692,381.734616343742,-7.067780562521198,-7.067780562521198,-7.067780562521198,1.1937952256443476,1.1937952256443476,1.1937952256443476,-8.261575788165544,-8.261575788165544,-8.261575788165544,0.0,0.0,0.0,310.61857717759204
2026-05-05,317.9918009105146,251.90078943655516,377.6753015683307,258.32815801103646,382.5630914922285,-6.81661786378791,-6.81661786378791,-6.81661786378791,1.192585167570919,1.192585167570919,1.192585167570919,-8.00920303135883,-8.00920303135883,-8.00920303135883,0.0,0.0,0.0,311.1751830467267
2026-05-06,318.297244080916,251.8817807789062,379.3071416732946,257.90462084416106,383.38823848675054,-6.790958754683015,-6.790958754683015,-6.790958754683015,1.0228999524131648,1.0228999524131648,1.0228999524131648,-7.813858707096179,-7.813858707096179,-7.813858707096179,0.0,0.0,0.0,311.506285326233
2026-05-07,318.6026872513173,250.08895706209336,379.78274885935576,257.5968931634289,384.264696766206,-6.651568604025431,-6.651568604025431,-6.651568604025431,1.02911609534951,1.02911609534951,1.02911609534951,-7.680684699374941,-7.680684699374941,-7.680684699374941,0.0,0.0,0.0,311.9511186472919
2026-05-08,318.9081304217188,249.9472544576186,381.7421781360205,257.28878224908107,385.0488989109849,-6.363703331223438,-6.363703331223438,-6.363703331223438,1.2495346665111857,1.2495346665111857,1.2495346665111857,-7.613237997734623,-7.613237997734623,-7.613237997734623,0.0,0.0,0.0,312.54442709049533
2026-05-11,319.8244599329231,249.10893004978462,381.40397396459804,257.5924077848698,386.4858507884338,-6.62238185616532,-6.62238185616532,-6.62238185616532,1.1937952256503481,1.1937952256503481,1.1937952256503481,-7.816177081815667,-7.816177081815667,-7.816177081815667,0.0,0.0,0.0,313.2020780767578
2026-05-12,320.1299031033244,250.69020637477888,385.6100585974934,257.28599708918904,387.31191632507984,-6.8218711365209455,-6.8218711365209455,-6.8218711365209455,1.1925851675696155,1.1925851675696155,1.1925851675696155,-8.014456304090562,-8.014456304090562,-8.014456304090562,0.0,0.0,0.0,313.30803196680347
2026-05-13,320.4353462737259,248.6765816030949,383.14393415189204,256.9795863935083,388.1379818617259,-7.249131801441814,-7.249131801441814,-7.249131801441814,1.0228999524128977,1.0228999524128977,1.0228999524128977,-8.27203175385471,-8.27203175385471,-8.27203175385471,0.0,0.0,0.0,313.18621447228406
2026-05-14,320.7407894441273,246.84862922276474,382.4863744719286,256.67317569782773,388.96404739837203,-7.554166613001872,-7.554166613001872,-7.554166613001872,1.029116095350729,1.029116095350729,1.029116095350729,-8.583282708352602,-8.583282708352602,-8.583282708352602,0.0,0.0,0.0,313.1866228311254
2026-05-15,321.04623261452866,245.45225953035379,387.7561265754569,256.3696774525348,389.8940631897307,-7.691955155583196,-7.691955155583196,-7.691955155583196,1.2495346665112685,1.2495346665112685,1.2495346665112685,-8.941489822094464,-8.941489822094464,-8.941489822094464,0.0,0.0,0.0,313.3542774589455
2026-05-18,321.96256212573286,245.7554651752484,383.41395201157883,256.4449296411671,391.57288003596454,-9.024876706234114,-9.024876706234114,-9.024876706234114,1.1937952256501672,1.1937952256501672,1.1937952256501672,-10.21867193188428,-10.21867193188428,-10.21867193188428,0.0,0.0,0.0,312.93768541949873
2026-05-19,322.2680052961343,244.68394144448692,386.33667853867354,255.67086303143796,392.3929096596193,-9.490589518051895,-9.490589518051895,-9.490589518051895,1.1925851675701602,1.1925851675701602,1.1925851675701602,-10.683174685622054,-10.683174685622054,-10.683174685622054,0.0,0.0,0.0,312.7774157780824
2026-05-20,322.57344846653575,243.66567082617615,384.70541588132016,255.17556998842954,393.58087482812243,-10.129466087377294,-10.129466087377294,-10.129466087377294,1.022899952413107,1.022899952413107,1.022899952413107,-11.152366039790401,-11.152366039790401,-11.152366039790401,0.0,0.0,0.0,312.44398237915846
2026-05-21,322.87889163693717,246.6864484244512,386.28254087646513,255.66178383992147,394.8486298427019,-10.588615992215969,-10.588615992215969,-10.588615992215969,1.0291160953470129,1.0291160953470129,1.0291160953470129,-11.617732087562983,-11.617732087562983,-11.617732087562983,0.0,0.0,0.0,312.2902756447212
2026-05-22,323.1843348073385,242.7461371819898,387.6304865632116,255.23506918979743,396.1163848572812,-10.821740152886065,-10.821740152886065,-10.821740152886065,1.2495346665057634,1.2495346665057634,1.2495346665057634,-12.071274819391828,-12.071274819391828,-12.071274819391828,0.0,0.0,0.0,312.36259465445244
2026-05-25,324.10066431854284,241.95994759697703,387.93726061164597,255.0493095173457,397.9950262126635,-12.098851442199342,-12.098851442199342,-12.098851442199342,1.1937952256530773,1.1937952256530773,1.1937952256530773,-13.29264666785242,-13.29264666785242,-13.29264666785242,0.0,0.0,0.0,312.0018128763435
2026-05-26,324.40610748894414,241.62979755497227,388.11843242730686,254.25266350409103,399.2650484250309,-12.4429135114307,-12.4429135114307,-12.4429135114307,1.192585167570704,1.192585167570704,1.192585167570704,-13.635498679001405,-13.635498679001405,-13.635498679001405,0.0,0.0,0.0,311.96319397751347
2026-05-27,324.7115506593456,241.34045035549644,388.7723068605416,253.53327291501074,400.53733783518635,-12.917202343168459,-12.917202343168459,-12.917202343168459,1.0228999524132978,1.0228999524132978,1.0228999524132978,-13.940102295581758,-13.940102295581758,-13.940102295581758,0.0,0.0,0.0,311.79434831617715
2026-05-28,325.0169938297469,238.88191720132053,390.0951395627346,253.2538988191285,401.9271822064514,-13.17547031147082,-13.17547031147082,-13.17547031147082,1.0291160953482317,1.0291160953482317,1.0291160953482317,-14.204586406819052,-14.204586406819052,-14.204586406819052,0.0,0.0,0.0,311.8415235182761
2026-05-29,325.32243700014834,238.21680653937912,389.0952833669006,252.80929234721032,403.3316561463191,-13.178742671048106,-13.178742671048106,-13.178742671048106,1.2495346665058462,1.2495346665058462,1.2495346665058462,-14.428277337553952,-14.428277337553952,-14.428277337553952,0.0,0.0,0.0,312.14369432910024
2026-06-01,326.2387665113526,238.20951210804475,393.89093892140704,252.9701253234886,405.3470164269897,-13.670719171975755,-13.670719171975755,-13.670719171975755,1.1937952256438362,1.1937952256438362,1.1937952256438362,-14.86451439761959,-14.86451439761959,-14.86451439761959,0.0,0.0,0.0,312.56804733937685
2026-06-02,326.544209681754,237.7602823523877,399.9469075376587,252.57268922296652,406.7475396965815,-13.7471824196908,-13.7471824196908,-13.7471824196908,1.1925851675675538,1.1925851675675538,1.1925851675675538,-14.939767587258352,-14.939767587258352,-14.939767587258352,0.0,0.0,0.0,312.79702726206324
2026-06-03,326.84965285215543,235.71350751656186,398.81139805395475,252.1752531224444,407.86443386870593,-13.963006821695446,-13.963006821695446,-13.963006821695446,1.022899952413507,1.022899952413507,1.022899952413507,-14.985906774108953,-14.985906774108953,-14.985906774108953,0.0,0.0,0.0,312.88664603046
2026-06-04,327.1550960225569,234.98661473078954,399.47452900991584,251.48205517492184,408.76277490858575,-13.978179956820226,-13.978179956820226,-13.978179956820226,1.0291160953480323,1.0291160953480323,1.0291160953480323,-15.007296052168257,-15.007296052168257,-15.007296052168257,0.0,0.0,0.0,313.1769160657367
2026-06-05,327.4605391929582,235.1609422169996,394.84987264259996,250.74756887709847,410.0350958280391,-13.759023902073722,-13.759023902073722,-13.759023902073722,1.2495346665031348,1.2495346665031348,1.2495346665031348,-15.008558568576857,-15.008558568576857,-15.008558568576857,0.0,0.0,0.0,313.70151529088446
2026-06-08,328.3768687041624,236.57316004498665,397.3181094569033,250.62396892007806,411.91830308829526,-13.743834234248173,-13.743834234248173,-13.743834234248173,1.1937952256467461,1.1937952256467461,1.1937952256467461,-14.937629459894918,-14.937629459894918,-14.937629459894918,0.0,0.0,0.0,314.6330344699142
2026-06-09,328.6823118745639,237.73757351784263,397.50503187942405,249.89518010306722,413.19062400774874,-13.710489537837658,-13.710489537837658,-13.710489537837658,1.1925851675680978,1.1925851675680978,1.1925851675680978,-14.903074705405757,-14.903074705405757,-14.903074705405757,0.0,0.0,0.0,314.97182233672623
2026-06-10,328.9877550449653,234.74355141126517,402.351899269067,249.1698675384213,414.4629449272022,-13.845908298863764,-13.845908298863764,-13.845908298863764,1.0228999524132396,1.0228999524132396,1.0228999524132396,-14.868808251277,-14.868808251277,-14.868808251277,0.0,0.0,0.0,315.1418467461015
2026-06-11,329.29319821536666,235.08553553088143,404.10027875431797,248.78395527439275,415.7352658466556,-13.808125343930936,-13.808125343930936,-13.808125343930936,1.0291160953492513,1.0291160953492513,1.0291160953492513,-14.837241439280186,-14.837241439280186,-14.837241439280186,0.0,0.0,0.0,315.4850728714357
2026-06-12,329.5986413857681,238.1977985323381,407.8822983426099,248.4518619158173,417.00758676610906,-13.560424127317578,-13.560424127317578,-13.560424127317578,1.2495346665118532,1.2495346665118532,1.2495346665118532,-14.80995879382943,-14.80995879382943,-14.80995879382943,0.0,0.0,0.0,316.0382172584505
2026-06-15,330.5149708969723,236.17782283364255,402.32248076916596,248.75301364855721,418.89079402636526,-13.56256774987558,-13.56256774987558,-13.56256774987558,1.1937952256465654,1.1937952256465654,1.1937952256465654,-14.756362975522144,-14.756362975522144,-14.756362975522144,0.0,0.0,0.0,316.9524031470967
2026-06-16,330.82041406737375,234.81641800981023,403.06045014888804,248.48962350276926,420.16311494581873,-13.551778233572456,-13.551778233572456,-13.551778233572456,1.192585167566795,1.192585167566795,1.192585167566795,-14.744363401139251,-14.744363401139251,-14.744363401139251,0.0,0.0,0.0,317.2686358338013
2026-06-17,331.12585723777516,234.16957159814856,411.5263660297014,248.01382142597734,421.3830006107391,-13.708600655056538,-13.708600655056538,-13.708600655056538,1.0228999524136686,1.0228999524136686,1.0228999524136686,-14.731500607470206,-14.731500607470206,-14.731500607470206,0.0,0.0,0.0,317.4172565827186
2026-06-18,331.43130040817647,233.09519407311944,406.1762327439621,247.35395836629598,422.55045102112615,-13.68536932717468,-13.68536932717468,-13.68536932717468,1.0291160953490521,1.0291160953490521,1.0291160953490521,-14.714485422523733,-14.714485422523733,-14.714485422523733,0.0,0.0,0.0,317.7459310810018
2026-06-19,331.73674357857794,231.96238212736213,410.8107880396264,246.45163450599793,423.71790143151327,-13.440007805025214,-13.440007805025214,-13.440007805025214,1.2495346665091416,1.2495346665091416,1.2495346665091416,-14.689542471534356,-14.689542471534356,-14.689542471534356,0.0,0.0,0.0,318.2967357735527
2026-06-22,332.65307308978214,235.2959242003795,410.05138030212237,246.36668891196814,425.67977406474506,-13.33190113340658,-13.33190113340658,-13.33190113340658,1.193795225649475,1.193795225649475,1.193795225649475,-14.525696359056054,-14.525696359056054,-14.525696359056054,0.0,0.0,0.0,319.32117195637557
2026-06-23,332.9585162601836,234.97711162628363,414.2477248728252,245.67574479166623,427.068529426721,-13.235096731903337,-13.235096731903337,-13.235096731903337,1.1925851675703525,1.1925851675703525,1.1925851675703525,-14.42768189947369,-14.42768189947369,-14.42768189947369,0.0,0.0,0.0,319.72341952828026
2026-06-24,333.26395943058503,233.00203843825687,413.8210386077528,244.99933431743722,428.457284788697,-13.278934465882443,-13.278934465882443,-13.278934465882443,1.0228999524136397,1.0228999524136397,1.0228999524136397,-14.301834418296082,-14.301834418296082,-14.301834418296082,0.0,0.0,0.0,319.9850249647026
2026-06-25,333.56940260098645,232.0271194154495,418.442481368177,244.32292384320826,429.84604015067305,-13.116196486288858,-13.116196486288858,-13.116196486288858,1.0291160953516898,1.0291160953516898,1.0291160953516898,-14.145312581640548,-14.145312581640548,-14.145312581640548,0.0,0.0,0.0,320.4532061146976
2026-06-26,333.8748457713878,229.93809142548974,422.564475348983,243.64651336897916,431.2347955126489,-12.70654411018696,-12.70654411018696,-12.70654411018696,1.2495346665092242,1.2495346665092242,1.2495346665092242,-13.956078776696183,-13.956078776696183,-13.956078776696183,0.0,0.0,0.0,321.16830166120087
2026-06-29,334.791175282592,231.78330777151916,419.1617270180262,242.92967079542714,433.23443721542765,-11.99289336017988,-11.99289336017988,-11.99289336017988,1.193795225649294,1.193795225649294,1.193795225649294,-13.186688585829174,-13.186688585829174,-13.186688585829174,0.0,0.0,0.0,322.7982819224121
2026-06-30,335.0966184529934,231.85655853976613,425.0031628114294,242.21812195266008,434.62319257740364,-11.674277723162223,-11.674277723162223,-11.674277723162223,1.1925851675690495,1.1925851675690495,1.1925851675690495,-12.866862890731271,-12.866862890731271,-12.866862890731271,0.0,0.0,0.0,323.4223407298312
2026-07-01,335.4020616233949,231.11111665295405,424.3673103338105,241.90836302059878,436.0119479393797,-11.49740500681271,-11.49740500681271,-11.49740500681271,1.0228999524136109,1.0228999524136109,1.0228999524136109,-12.520304959226321,-12.520304959226321,-12.520304959226321,0.0,0.0,0.0,323.9046566165822
2026-07-02,335.7075047937962,232.40837227373459,426.08020992742775,241.55175781286593,437.41677939710485,-11.122676210286428,-11.122676210286428,-11.122676210286428,1.0291160953514902,1.0291160953514902,1.0291160953514902,-12.151792305637919,-12.151792305637919,-12.151792305637919,0.0,0.0,0.0,324.58482858350976
2026-07-03,336.0129479641977,230.3144464373614,428.16275189371436,240.8753473386369,438.8254716409824,-10.517697518974432,-10.517697518974432,-10.517697518974432,1.249534666506513,1.249534666506513,1.249534666506513,-11.767232185480944,-11.767232185480944,-11.767232185480944,0.0,0.0,0.0,325.49525044522323
2026-07-06,336.9292774754019,231.0021600175019,432.20259277663683,240.81179942733044,440.84505022566276,-9.39698453096261,-9.39698453096261,-9.39698453096261,1.1937952256552946,1.1937952256552946,1.1937952256552946,-10.590779756617906,-10.590779756617906,-10.590779756617906,0.0,0.0,0.0,327.5322929444393
2026-07-07,337.2347206458033,230.1868377746213,431.92819679198584,240.19680684575698,442.2537424695404,-9.02660681329355,-9.02660681329355,-9.02660681329355,1.1925851675677461,1.1925851675677461,1.1925851675677461,-10.219191980861297,-10.219191980861297,-10.219191980861297,0.0,0.0,0.0,328.20811383250975
2026-07-08,337.54016381620477,233.04271354750333,431.45173231790113,239.84659024725647,443.6584045441487,-8.850166501609515,-8.850166501609515,-8.850166501609515,1.022899952413344,1.022899952413344,1.022899952413344,-9.873066454022858,-9.873066454022858,-9.873066454022858,0.0,0.0,0.0,328.68999731459525
2026-07-09,337.8456069866061,229.0334558299891,436.1191748279967,239.21183006517919,445.045753915645,-8.532561660442765,-8.532561660442765,-8.532561660442765,1.0291160953477738,1.0291160953477738,1.0291160953477738,-9.561677755790539,-9.561677755790539,-9.561677755790539,0.0,0.0,0.0,329.3130453261633
2026-07-10,338.1510501570075,228.8894027465197,436.48856936067347,238.3997621573783,446.4331032871413,-8.044518871715496,-8.044518871715496,-8.044518871715496,1.2495346665065956,1.2495346665065956,1.2495346665065956,-9.294053538222093,-9.294053538222093,-9.294053538222093,0.0,0.0,0.0,330.106531285292
2026-07-13,339.06737966821174,231.06808502268902,441.0477446727757,238.2000077615842,448.4051780997885,-7.641075751195672,-7.641075751195672,-7.641075751195672,1.1937952256551139,1.1937952256551139,1.1937952256551139,-8.834870976850787,-8.834870976850787,-8.834870976850787,0.0,0.0,0.0,331.42630391701607
2026-07-14,339.37282283861316,232.61080966406112,439.83124860753,237.53900943610716,449.74020567198096,-7.626025892540945,-7.626025892540945,-7.626025892540945,1.1925851675713042,1.1925851675713042,1.1925851675713042,-8.81861106011225,-8.81861106011225,-8.81861106011225,0.0,0.0,0.0,331.7467969460722
2026-07-15,339.6782660090146,228.43090696294533,440.20464405865505,236.67704523262543,451.0752332441735,-7.855789463883739,-7.855789463883739,-7.855789463883739,1.0228999524130773,1.0228999524130773,1.0228999524130773,-8.878689416296815,-8.878689416296815,-8.878689416296815,0.0,0.0,0.0,331.8224765451308
