Date,Close,High,Low,Open,Volume,Year,Month,Day,DayOfWeek,Quarter,Close_Scaled,MA20,MA50,Daily_Return
2020-01-02,72.33386993408203,72.39407791515757,71.09117632272992,71.34404690340438,135480400,2020,1,2,3,1,0.0894148825395328,,,
2020-01-03,71.63065338134766,72.38927264137095,71.40668140593664,71.56322072155912,146322800,2020,1,3,4,1,0.0859543734055751,,,-0.009721815705080017
2020-01-06,72.20142364501953,72.23995764322866,70.5035611498287,70.75402846338375,118387200,2020,1,6,0,1,0.0887631180279077,,,0.00796824036538113
2020-01-07,71.86185455322266,72.46633779595872,71.6426965801033,72.21105649751387,108872000,2020,1,7,1,1,0.0870921079539787,,,-0.004703080280887173
2020-01-08,73.01783752441406,73.31887745373415,71.56562119935828,71.56562119935828,132079200,2020,1,8,2,1,0.0927806680638805,,,0.016086183391429865
2020-01-09,74.56880187988281,74.76146451044018,73.74275001069596,73.99320996049889,170108400,2020,1,9,3,1,0.1004129206007031,,,0.02124089685551378
2020-01-10,74.73736572265625,75.30091887725054,74.23643856809193,74.80239504412852,140644800,2020,1,10,4,1,0.1012424185914775,,,0.00226051429718499
2020-01-13,76.33409881591797,76.36059415429726,74.93486566437117,75.05287832688332,121532000,2020,1,13,0,1,0.1090998978163899,,,0.021364588888335367
2020-01-14,75.30332946777344,76.48100118582082,75.18051017572739,76.27147857331117,161954400,2020,1,14,1,1,0.1040275104694368,,,-0.013503393164177702
2020-01-15,74.98059844970703,75.98245997667709,74.54950731619692,75.10342506334987,121923600,2020,1,15,2,1,0.1024393600888923,,,-0.004285746996147366
2020-01-16,75.91988372802734,76.03067174908531,75.16126433399904,75.52251236445157,108829200,2020,1,16,3,1,0.1070615568679366,,,0.012527044298670686
2020-01-17,76.7603759765625,76.76277929851412,75.86207008807327,76.16792404225187,137816400,2020,1,17,4,1,0.111197595890009,,,0.01107077892197661
2020-01-21,76.24016571044922,76.83019952815127,76.10288974668396,76.3894803308505,110843200,2020,1,21,1,1,0.1086376556120622,,,-0.006777067718794383
2020-01-22,76.51231384277344,77.06381371935198,76.41838585398544,76.72423978617735,101832400,2020,1,22,2,1,0.1099768890161048,,,0.0035696162224752026
2020-01-23,76.88078308105469,76.96025438766408,76.01860061750638,76.56529382668359,104472000,2020,1,23,3,1,0.1117901159085843,,,0.0048158161709555
2020-01-24,76.65921020507812,77.86818383448923,76.46895092458591,77.12642473209515,146537600,2020,1,24,4,1,0.110699761937005,,,-0.0028820319863672728
2020-01-27,74.40502166748047,75.08416206919466,73.42483402812097,74.67234156024762,161940000,2020,1,27,0,1,0.0996069627221861,,,-0.029405319094304105
2020-01-28,76.5098876953125,76.68087628820244,75.18531223152581,75.28405419350632,162234000,2020,1,28,1,1,0.109964950011802,,,0.028289300650146565
2020-01-29,78.1114273071289,78.95674973344263,77.39856685210137,78.13792264122904,216229200,2020,1,29,2,1,0.1178460819810878,,,0.020932452785635602
2020-01-30,77.99823760986328,78.05122092954578,76.76517927864235,77.19627050016777,126743200,2020,1,30,3,1,0.1172890786231114,75.14835700988769,,-0.0014490798743258537
2020-01-31,74.5398941040039,77.71164655303768,74.24607885109228,77.29019066933044,199588400,2020,1,31,4,1,0.1002706662381139,75.25865821838379,,-0.0443387390771256
2020-02-03,74.33518981933594,75.4984048922783,72.78423148900761,73.28515870612867,173788400,2020,2,3,0,1,0.0992633221360741,75.39388504028321,,-0.0027462379324332264
2020-02-04,76.78926849365234,76.97952779146334,75.53212542449515,75.93672133535755,136616400,2020,2,4,1,1,0.1113397751645208,75.62327728271484,,0.033013686791959485
2020-02-05,77.4154281616211,78.21258127557842,76.81334832632962,77.91394467954083,118826800,2020,2,5,2,1,0.1144210895077289,75.90095596313476,,0.008154260097171129
2020-02-06,78.3209457397461,78.32335641079244,77.12883215929374,77.68515330009288,105425600,2020,2,6,3,1,0.1188771163715399,76.16611137390137,,0.011696861977363637
2020-02-07,77.25634765625,78.06987612347613,76.76629893571341,77.82123085871221,117684000,2020,2,7,4,1,0.1136382587570438,76.30048866271973,,-0.013592763384569717
2020-02-10,77.62330627441406,77.62330627441406,75.76450341427329,75.84416334192943,109348800,2020,2,10,0,1,0.1154440519298631,76.44478569030761,,0.004749883074939509
2020-02-11,77.15497589111328,78.19059906005786,76.9377141953968,78.11818095050265,94323200,2020,2,11,1,1,0.1131394111149952,76.48582954406739,,-0.00603337329699849
2020-02-12,78.98722839355469,78.9920538114317,77.60398368209574,77.60398368209574,113730400,2020,2,12,2,1,0.1221558748142086,76.67002449035644,,0.023747690687211387
2020-02-13,78.42474365234375,78.75063980830953,78.05781303227035,78.2605910618148,94747600,2020,2,13,3,1,0.1193879030178912,76.84223175048828,,-0.00712121127238885
2020-02-14,78.4440689086914,78.69271421468866,77.93712009409066,78.3933688702963,80113600,2020,2,14,4,1,0.1194830020678881,76.96844100952148,,0.00024641784528256494
2020-02-18,77.0076904296875,77.18874299339366,75.94792588727789,76.12897845098405,152531200,2020,2,18,1,1,0.1124146234481218,76.98080673217774,,-0.018310861470939854
2020-02-19,78.12300872802734,78.35234502696264,77.24912913343354,77.24912913343354,93984000,2020,2,19,2,1,0.1179030738318163,77.07494888305663,,0.014483206704636764
2020-02-20,77.3215560913086,78.37166303401608,76.81702354297988,77.88403050271104,100566000,2020,2,20,3,1,0.1139591476557108,77.1154109954834,,-0.01025885523058745
2020-02-21,75.57134246826172,77.35773378298828,74.95576665511149,76.91596137087494,129554000,2020,2,21,4,1,0.1053463950045103,77.04993896484375,,-0.022635519918663527
2020-02-24,71.981689453125,73.43011036441114,69.82113268068633,71.75960237227564,222195200,2020,2,24,0,1,0.0876818121696523,76.8160629272461,,-0.047500188535677945
2020-02-25,69.54351806640625,73.03180163978591,69.07278565467855,72.65038734565039,230673600,2020,2,25,1,1,0.0756836384618703,76.57298774719239,,-0.03387210560411347
2020-02-26,70.64673614501953,71.90927916190874,69.16210602316792,69.16934783382864,198054800,2020,2,26,2,1,0.0811125440002054,76.27983016967774,,0.01586370821159533
2020-02-27,66.02867889404297,69.04139705399142,65.8934935311334,67.85852144500781,320605600,2020,2,27,3,1,0.0583872124703876,75.67569274902344,,-0.06536830295311702
2020-02-28,65.99005889892578,67.20915102510166,61.88861568726967,62.10346834390764,426510000,2020,2,28,4,1,0.0581971645465485,75.07528381347656,,-0.0005848972865133417
2020-03-02,72.1337661743164,72.76865844299596,67.04256816593558,68.14336733709636,341397200,2020,3,2,0,1,0.0884301774928219,74.9549774169922,,0.09310049692182698
2020-03-03,69.84288787841797,73.38669078369585,68.99314253337712,73.30703084112471,319475600,2020,3,3,1,1,0.0771568289959518,74.7303623199463,,-0.03175875068497558
2020-03-04,73.08248901367188,73.24181619852034,70.76260504877715,71.56164999828624,219178400,2020,3,4,2,1,0.0930988162477234,74.54502334594727,,0.04638412347572718
2020-03-05,70.71192932128906,72.31242862903635,70.3474076125405,71.33957264179317,187572800,2020,3,5,3,1,0.0814333578107951,74.20984840393066,,-0.032436767334776184
2020-03-06,69.77288055419922,70.20499505069894,67.88993546579478,68.07581358123565,226176800,2020,3,6,4,1,0.07681232489695,73.78244514465332,,-0.013279920037581605
2020-03-09,64.25437927246094,67.1319051551366,63.48912685930832,63.670179502443226,286744800,2020,3,9,0,1,0.0496559332890489,73.13234672546386,,-0.07909235275805382
2020-03-10,68.882080078125,69.14762542571471,65.0268655374001,66.90257561810807,285290000,2020,3,10,1,1,0.0724287204837684,72.69528541564941,,0.07202156270222448
2020-03-11,66.48976135253906,67.88748961967876,65.627949126833,66.96291749628936,255598800,2020,3,11,2,1,0.0606561864485017,72.1620246887207,,-0.03473063999914938
2020-03-12,59.923587799072266,65.17894285229022,59.86806602728879,61.78481034349421,418474000,2020,3,12,3,1,0.028344228675934,71.20884265899659,,-0.09875465665535965
2020-03-13,67.1029281616211,67.57366791219874,61.06301183278901,63.94537376560975,370732000,2020,3,13,4,1,0.0636735632938241,70.64275188446045,73.73339012145996,0.11980825291405495
2020-03-16,58.47034454345703,62.5428168089279,57.93684117686896,58.40757727472599,322423600,2020,3,16,0,1,0.0211928589586477,69.64406566619873,73.45611961364746,-0.12864689894563186
2020-03-17,61.041282653808594,62.1879454731144,57.550586794967394,59.74977259300015,324056000,2020,3,17,1,1,0.0338443740276798,68.84574527740479,73.24433219909668,0.04396994973136792
2020-03-18,59.547000885009766,60.35087498179023,57.24159672400037,57.8813182089224,300233600,2020,3,18,2,1,0.0264910549262903,67.91694488525391,72.99124374389649,-0.024479855334520795
2020-03-19,59.09074401855469,61.03645549375763,58.56689890473273,59.72080725380135,271857200,2020,3,19,3,1,0.0242458275526464,67.00540428161621,72.73582153320312,-0.0076621300766456235
2020-03-20,55.33933639526367,60.7926402539027,55.03999474688709,59.67011183513416,401693200,2020,3,20,4,1,0.005785254781543,65.99380397796631,72.38225151062012,-0.06348553712766014
2020-03-23,54.16370391845703,55.16070158535809,51.32479999006741,55.05931255400759,336752800,2020,3,23,0,1,0.0,65.10290470123292,71.9741495513916,-0.021244065313859806
2020-03-24,59.59770584106445,59.793242114858536,56.56084893172045,57.05813962396852,287531200,2020,3,24,1,1,0.0267405726074113,64.60561408996583,71.67135635375976,0.10032552298838837
2020-03-25,59.26937484741211,62.342439670855896,58.97486234983203,60.53191383336734,303602000,2020,3,25,2,1,0.0251248649024697,64.03674602508545,71.33006187438964,-0.005509121349871027
2020-03-26,62.38833236694336,62.446266859922645,59.47217711965345,59.51080257065681,252087200,2020,3,26,3,1,0.0404731682704666,63.85472869873047,71.07176193237305,0.05262342529444508
2020-03-27,59.80530548095703,61.767913466106,59.63873647362711,61.01473571142301,204216800,2020,3,27,4,1,0.0277621646721333,63.54549102783203,70.76825607299804,-0.04140240310951082
2020-03-30,61.51202392578125,61.68342202785463,60.20603013475776,60.52951361729588,167976400,2020,3,30,0,1,0.036160878758773,63.014403915405275,70.48009887695312,0.028537910325826532
2020-03-31,61.38649368286133,63.366001623216455,60.83368129501873,61.70273535835759,197002000,2020,3,31,1,1,0.0355431479182187,62.59158420562744,70.1726212310791,-0.0020407431735848247
2020-04-01,58.15651321411133,60.04187380235648,57.726815314664734,59.505957782413006,176218400,2020,4,1,2,2,0.0196485036992329,61.845285415649414,69.81094818115234,-0.052617119417781466
2020-04-02,59.12695693969727,59.18006600388776,57.18848714731951,58.01891576899804,165934000,2020,4,2,3,2,0.0244240303322794,61.26603679656982,69.46324104309082,0.01668675909116346
2020-04-03,58.277225494384766,59.31284498948773,57.68820030765842,58.61277624472143,129880000,2020,4,3,4,2,0.0202425254793557,60.6912540435791,69.09116989135742,-0.014371303535528401
2020-04-06,63.36116027832031,63.5156546468286,60.201190178307634,60.56812074968202,201820400,2020,4,6,0,2,0.0452604274156031,60.64659309387207,68.82520889282226,0.08723707659050106
2020-04-07,62.6273193359375,65.5893455207901,62.52351758063344,65.3720764386448,202887200,2020,4,7,1,2,0.0416492165103514,60.333855056762694,68.58965484619141,-0.01158187348778561
2020-04-08,64.23021697998047,64.54403851459621,63.06182517929843,63.42633937506472,168895200,2020,4,8,2,2,0.0495370313185237,60.22087783813477,68.34406143188477,0.02559422407088685
2020-04-09,64.6937255859375,65.19584902236409,63.89951332637289,64.86512738575412,161834800,2020,4,9,3,2,0.0518179443009407,60.459384727478025,68.07570739746093,0.007216363695322636
2020-04-13,65.9635009765625,66.07213548949194,64.17228391165321,64.77096719479518,131022800,2020,4,13,0,2,0.0580664737478753,60.4024133682251,67.83501266479492,0.01962748905128775
2020-04-14,69.29486846923828,69.58455560243435,67.12223707141726,67.59297682109842,194994800,2020,4,14,1,2,0.074460040696987,60.94363956451416,67.73011215209961,0.05050319409000825
2020-04-15,68.66239929199219,69.12106449233013,67.7450688913163,68.17235045630129,131154400,2020,4,15,2,2,0.0713476774337839,61.32469539642334,67.61665634155274,-0.009127215206806594
2020-04-16,69.20797729492188,69.57249897577765,68.16028687860133,69.37454631683273,157125200,2020,4,16,3,2,0.0740324516403685,61.80774421691895,67.46503051757813,0.00794580452409721
2020-04-17,68.26890563964844,69.27073604048029,66.83496828577375,68.72516178272222,215250000,2020,4,17,4,2,0.0694113060944074,62.266652297973636,67.28210006713867,-0.013568835443227734
2020-04-20,66.85186767578125,67.99853426971617,66.83255863780644,67.09810395402242,130015200,2020,4,20,0,2,0.0624381016127154,62.84227886199951,67.05271850585937,-0.02075671128151524
2020-04-21,64.78544616699219,66.92911009651182,64.07571939662287,66.69494844279068,180991600,2020,4,21,1,2,0.0522692987340488,63.37336597442627,66.80330047607421,-0.030910452925725473
2020-04-22,66.65150451660156,67.08602784822331,65.71003238672124,66.05040482183006,116862400,2020,4,22,2,2,0.0614521200686891,63.72605590820312,66.58386444091796,0.028803665946814494
2020-04-23,66.3932113647461,68.0154433517939,66.35458591659604,66.59598944224571,124814400,2020,4,23,3,2,0.0601810666389041,64.08224773406982,66.36862915039063,-0.0038752786411765383
2020-04-24,68.3099365234375,68.31959472449138,66.86875759043463,66.91704122865521,126161200,2020,4,24,4,2,0.0696132179344719,64.37832794189453,66.15508331298828,0.028869294304224136
2020-04-27,68.35823822021484,68.68895986495261,67.58091858862758,68.02750920842628,117087600,2020,4,27,0,2,0.0698509092434061,64.80597457885742,65.9537532043457,0.0007070962035042871
2020-04-28,67.25020599365234,69.00038194653797,67.15847882168735,68.81932926175669,112004800,2020,4,28,1,2,0.0643983134166588,65.09288368225097,65.72987594604493,-0.016209198121709845
2020-04-29,69.45904541015625,69.92736888191205,68.53205667132409,68.73483476728254,137280800,2020,4,29,2,2,0.0752679508655159,65.49651126861572,65.5789030456543,0.0328450951765471
2020-04-30,70.92434692382812,71.10057413486881,69.60870223992275,69.99735834734561,183064000,2020,4,30,3,2,0.0824786589359486,66.13490295410156,65.4349298095703,0.021095906300169442
2020-05-01,69.78250885009766,72.17964374552773,69.0051893150792,69.10174923798432,240616800,2020,5,1,4,2,0.0768597054737744,66.66768054962158,65.2841488647461,-0.016099380865033375
2020-05-04,70.76985931396484,70.89780288941466,69.11866006272429,69.80666159250394,133568000,2020,5,4,0,2,0.0817184296965536,67.29231224060058,65.18811920166016,0.014148967701751003
2020-05-05,71.83203887939453,72.66246767070962,71.08368641004002,71.2285300116976,147751200,2020,5,5,1,2,0.0869453858507856,67.71585617065429,65.18512619018554,0.015008925773293047
2020-05-06,72.57312774658203,73.2031872790944,72.14825527383692,72.53208591439893,142333600,2020,5,6,2,2,0.0905922635927911,68.21314659118653,65.24571838378907,0.010316968288089257
2020-05-07,73.32392120361328,73.66913392278244,72.89663951815068,73.19839399385799,115215200,2020,5,7,3,2,0.0942868973520077,68.66783180236817,65.29926208496094,0.010345336908351932
2020-05-08,75.06910705566406,75.12235986877249,73.6554956559562,73.98227394607653,133838400,2020,5,8,4,2,0.1028749084817127,69.1866008758545,65.48007064819336,0.023801043689474444
2020-05-11,76.25037384033203,76.74416477518758,74.36958632362644,74.57775917368724,145946400,2020,5,11,0,2,0.1086878895358269,69.70094451904296,65.68527694702148,0.015735724467750067
2020-05-12,75.37895965576172,77.38319101183461,75.25793117438776,76.93296121988755,162301200,2020,5,12,1,2,0.1043996845249517,70.00514907836914,65.75018081665038,-0.011428326717388249
2020-05-13,74.46882629394531,76.4779036027934,73.39409274246334,75.55808267285332,200622400,2020,5,13,2,2,0.0999209435177345,70.2954704284668,65.84269958496094,-0.012074103516057755
2020-05-14,74.92630767822266,74.98682191354754,72.98742921457588,73.70876155896555,158929200,2020,5,14,3,2,0.1021721967095879,70.58138694763184,65.87957595825195,0.006143260301586517
2020-05-15,74.48336791992188,74.5293593473761,72.66794016355354,72.70183169409641,166348400,2020,5,15,4,2,0.099992502455474,70.89211006164551,65.95500473022462,-0.005911672041855054
2020-05-18,76.23827362060547,76.61104348348049,75.11513293810333,75.80499689236754,135178400,2020,5,18,0,2,0.1086283446904676,71.36143035888672,66.08431259155273,0.023561041205471867
2020-05-19,75.79771423339844,77.09997437404789,75.76624564907384,76.25519801175672,101729600,2020,5,19,1,2,0.1064603641764244,71.91204376220703,66.31517929077148,-0.005778716729597622
2020-05-20,77.27183532714844,77.34202651721908,76.61585573751951,76.6545857322091,111504800,2020,5,20,2,2,0.1137144731555805,72.44306030273438,66.48297439575195,0.0194480942949129
2020-05-21,76.69577026367188,77.67368271832201,76.45855171857032,77.13389289033314,102688800,2020,5,21,3,2,0.1108796729703984,72.95818824768067,66.6870945739746,-0.0074550456972797274
2020-05-22,77.18956756591797,77.27186606725144,76.3326836366315,76.43434344951643,81803200,2020,5,22,4,2,0.113309635786407,73.40216979980468,67.03241416931152,0.006438390286041429
2020-05-26,76.66670227050781,78.48454498542678,76.6110265113562,78.3054252019707,125522000,2020,5,26,1,2,0.1107366301829967,73.81759300231934,67.22368965148925,-0.006773781896933673
2020-05-27,77.00074005126953,77.1459757123096,75.7856167074525,76.52389490649263,112945200,2020,5,27,2,2,0.112380420828877,74.3051197052002,67.5942975616455,0.004357012508287017
2020-05-28,77.0346450805664,78.29092158030248,76.40045688271769,76.6763980387844,133560800,2020,5,28,3,2,0.1125472665368068,74.6838996887207,67.91416481018067,0.00044032082385569993
2020-05-29,76.95960998535156,77.736610955793,76.60378586836536,77.2767040924692,153532400,2020,5,29,4,2,0.1121780209163095,74.98566284179688,68.2624169921875,-0.0009740434986929003
2020-06-01,77.90604400634766,78.02707250180976,76.78289602270274,76.91360886615988,80791200,2020,6,1,0,2,0.1168353964596046,75.39183959960937,68.63872299194335,0.012297801680339004
2020-06-02,78.2667236328125,78.29093081458433,77.19925118352937,77.63979677599443,87642800,2020,6,2,1,2,0.1186102908885837,75.76668281555176,69.09727073669434,0.004629674514540216
2020-06-03,78.69755554199219,78.95898118849432,78.01495316022684,78.58621141173712,104491200,2020,6,3,2,2,0.1207304027532996,76.10995864868164,69.58794776916504,0.005504662635437807
2020-06-04,78.01980590820312,78.81859097042819,77.6470360985682,78.5208656190316,87560400,2020,6,4,3,2,0.1173952156204826,76.38229255676269,69.95638977050781,-0.008612079868572597
2020-06-05,80.24188232421875,80.30239656428226,78.24007392223491,78.26911957554665,137250400,2020,6,5,4,2,0.1283299919764635,76.72819061279297,70.37583992004394,0.028480927248525578
2020-06-08,80.71630859375,80.75020011255444,79.2300827598663,79.93930785149966,95654400,2020,6,8,0,2,0.1306646304782431,77.01055068969727,70.74239944458007,0.0059124518990509856
2020-06-09,83.26517486572266,83.65730597576551,80.36533708864444,80.3968056767083,147712400,2020,6,9,1,2,0.1432075306433505,77.3612907409668,71.21159683227539,0.031578082749066816
2020-06-10,85.40740203857422,85.87457033611071,83.77351707727777,84.21163971297698,166651600,2020,6,10,2,2,0.1537493710904219,77.86271286010742,71.68950439453126,0.025727768857823463
2020-06-11,81.30693054199219,84.97651490391192,81.20527075656385,84.55291522831224,201662400,2020,6,11,3,2,0.1335710646892421,78.20461807250976,72.08791313171386,-0.04801072739257484
2020-06-12,82.00890350341797,84.18741636682982,80.90028576320306,83.44188410385023,200146000,2020,6,12,4,2,0.1370254541448938,78.55874786376953,72.5649609375,0.0086336177832127
2020-06-15,83.02312469482422,83.67425858934295,80.50331054070764,80.665491974399,138808800,2020,6,15,0,2,0.1420164084719324,78.98573570251465,73.04288429260254,0.012367208291767628
2020-06-16,85.22343444824219,85.49454452238783,83.44189828296469,85.07336027406866,165428800,2020,6,16,1,2,0.1528440716855362,79.43499374389648,73.5818084716797,0.026502372218654147
2020-06-17,85.10481262207031,86.02704912393895,84.98378413219785,85.96653487900272,114406400,2020,6,17,2,2,0.1522603369720139,79.90034866333008,74.01668151855469,-0.0013918921120682493
2020-06-18,85.13871002197266,85.55504835135272,84.53114459703605,85.06125001022909,96820400,2020,6,18,3,2,0.1524271451359051,80.29369239807129,74.46690933227539,0.0003983017981941117
2020-06-19,84.65219116210938,86.3078604847737,83.54598867934699,85.84311508911084,264476000,2020,6,19,4,2,0.1500329993328049,80.69151344299317,74.87534881591797,-0.005714426020052676
2020-06-22,86.86698913574219,87.00980187063504,84.99830891368086,85.0443003318489,135445200,2020,6,22,0,2,0.1609319586758773,81.17538452148438,75.31881408691406,0.026163504372751056
2020-06-23,88.72113037109375,90.13716495464834,87.68996543764521,88.10872660527849,212155600,2020,6,23,1,2,0.1700561362220868,81.77810592651367,75.77396667480468,0.021344601140189212
2020-06-24,87.15503692626953,89.26819705246864,86.78226710315806,88.35079901624333,192623200,2020,6,24,2,2,0.1623494338565458,82.28582077026367,76.13117004394532,-0.01765186532535956
2020-06-25,88.31204986572266,88.35077986114183,86.55229863575047,87.30993801209478,137522400,2020,6,25,3,2,0.1680430624116706,82.84969100952148,76.52416305541992,0.013275342197742734
2020-06-26,85.59859466552734,88.42824081207692,85.45093609470156,88.20796811592135,205256800,2020,6,26,4,2,0.1546902246999452,83.28164024353028,76.85197540283202,-0.030725763973558418
2020-06-29,87.57138061523438,87.66578639039905,85.02978213117639,85.5066347136651,130646000,2020,6,29,0,2,0.164398249591793,83.76490707397461,77.23802490234375,0.023046943205266457
2020-06-30,88.30238342285156,88.58801627360432,87.14051287267962,87.15987418081895,140223200,2020,6,30,1,2,0.1679954941146528,84.26669006347656,77.66703521728516,0.008347508084051158
2020-07-01,88.1353759765625,88.92206127344404,88.08696900587378,88.37985592496987,110737200,2020,7,1,2,3,0.1671736551077707,84.73858108520508,78.13403381347656,-0.0018913130066865458
2020-07-02,88.1353759765625,89.67486242954287,88.02161627129679,89.04067423366814,114041600,2020,7,2,3,3,0.1671736551077707,85.24435958862304,78.56371124267578,0.0
2020-07-06,90.49300384521484,90.9601720457748,89.52961440129422,89.56108299075036,118655600,2020,7,6,0,3,0.1787754763991227,85.75691566467285,79.04570709228516,0.026750074445467842
2020-07-07,90.21219635009766,91.64759214853022,90.10085223248504,90.87059148435712,112424400,2020,7,7,1,3,0.1773936305111692,86.23171005249023,79.48375228881837,-0.003103085135702899
2020-07-08,92.31327056884766,92.34473915860562,91.10056271828748,91.18770707353976,117092000,2020,7,8,2,3,0.1877329584135571,86.68411483764649,79.96285293579102,0.02329035655662448
2020-07-09,92.71024322509766,93.2572869587544,91.66455533300416,93.20403412942578,125642800,2020,7,9,3,3,0.1896864498345754,87.04925689697265,80.47205368041992,0.004300277238622252
2020-07-10,92.87242889404295,92.93052759776585,91.69603540831204,92.30601639495104,90257200,2020,7,10,4,3,0.1904845610090065,87.62753181457519,80.94032135009766,0.0017493824123782087
2020-07-13,92.44397735595705,96.77921853086478,92.23096604261151,94.17468319640058,191649200,2020,7,13,0,3,0.1883761628843614,88.14928550720215,81.37071395874024,-0.0046133340452926275
2020-07-14,93.97376251220705,94.16498216403885,90.89479813530976,91.82671138557993,170989200,2020,7,14,1,3,0.1959041931697858,88.69681739807129,81.85453903198243,0.016548240350580556
2020-07-15,94.6200714111328,96.09419752364778,93.42430934647336,95.84487913129124,153198000,2020,7,15,2,3,0.199084661319169,89.16664924621583,82.33154327392577,0.006877546260231959
2020-07-16,93.45575714111328,94.31021778955152,92.85787624181572,93.49448713549184,110577600,2020,7,16,3,3,0.1933551031190198,89.58419647216797,82.76401763916016,-0.012305151038836892
2020-07-17,93.26698303222656,94.06092970486094,92.79496892260524,93.90601706451432,92186800,2020,7,17,4,3,0.1924261509697606,89.99061012268066,83.17789474487304,-0.0020199302286073584
2020-07-20,95.23247528076172,95.37044953138845,93.01039399095431,93.35411815070974,90318000,2020,7,20,0,3,0.2020982837606227,90.51962432861328,83.61606582641602,0.02107382682096648
2020-07-21,93.9180908203125,96.0966032362476,93.66877247263514,96.02156617732469,103433200,2020,7,21,1,3,0.1956302343194788,90.8721794128418,83.99304550170899,-0.013801851275777377
2020-07-22,94.18193817138672,94.86211761268852,93.53322731563136,93.620364272229,89001600,2020,7,22,2,3,0.1969286198094287,91.14521980285645,84.35167678833008,0.002809334695474286
2020-07-23,89.89513397216797,93.99315739757402,89.08666444146189,93.91569738113668,197004400,2020,7,23,3,3,0.17583337535137,91.28222465515137,84.6420002746582,-0.04551620281393953
2020-07-24,89.67242431640625,90.01614846898383,86.31267234298356,88.09663844239333,185438800,2020,7,24,4,3,0.1747374273180262,91.35024337768554,84.94607223510742,-0.002477438387606945
2020-07-27,91.79768371582033,91.88966654711751,90.50994623863684,90.7326345162056,121214000,2020,7,27,0,3,0.1851957698230554,91.66019783020019,85.28349975585938,0.023700255854745
2020-07-28,90.2896728515625,91.54594911832494,90.2848269844815,91.36924487069622,103625600,2020,7,28,1,3,0.1777748902240467,91.79611244201661,85.59962585449219,-0.016427548095071742
2020-07-29,92.02037048339844,92.20433612820618,90.73504867705178,90.7713557419502,90329200,2020,7,29,2,3,0.186291605224283,91.98201179504395,85.91526779174805,0.01916827890916406
2020-07-30,93.13385009765624,93.23793283077006,90.7883172670131,91.1949712384762,158130000,2020,7,30,3,3,0.1917710074946536,92.23193550109863,86.2619905090332,0.01210036004428705
2020-07-31,102.88390350341795,103.03397765297316,97.62157959922048,99.61613418906327,374336800,2020,7,31,4,3,0.2397507496324344,92.9693618774414,86.77423187255859,0.10468861102100058
2020-08-03,105.47633361816406,108.09054616095987,104.4645371706777,104.76226254133908,308151200,2020,8,3,0,3,0.2525080262584509,93.71852836608886,87.34984313964844,0.025197625930474032
2020-08-04,106.18071746826172,107.26997389606046,104.94380243901392,105.6651349105181,173071600,2020,8,4,1,3,0.2559742796303279,94.51695442199707,87.9296661376953,0.006678122247286256
2020-08-05,106.56558227539062,106.8850992523654,105.43759589570148,105.90234853375506,121776800,2020,8,5,2,3,0.2578681886619481,95.22957000732421,88.52764373779297,0.003624620517787891
2020-08-06,110.2835693359375,110.77736760867772,106.30899814130088,106.8971947883488,202428800,2020,8,6,3,3,0.2761642997715783,96.10823631286621,89.19330032348633,0.03488919199952112
2020-08-07,107.77620697021484,110.26176460572712,106.98082882286342,109.80587577731004,198045600,2020,8,7,4,3,0.2638256391769341,96.85342521667481,89.8081315612793,-0.02273559316968532
2020-08-10,109.34270477294922,110.35875275642206,106.69710077257368,109.21903076531764,212403600,2020,8,10,0,3,0.2715343313765256,97.69836158752442,90.45579345703125,0.014534727531905878
2020-08-11,106.0908660888672,109.10505737675729,105.83139636601508,108.60794885006548,187902400,2020,8,11,1,3,0.2555321234866985,98.30421676635743,91.01948989868164,-0.029739877853163454
2020-08-12,109.6167221069336,109.8737645271132,106.98566715289093,107.17965891895842,165598000,2020,8,12,2,3,0.2728827630700466,99.05404930114746,91.64648986816407,0.03323430327275245
2020-08-13,111.5566635131836,112.55816241863091,110.5066629686095,110.9940770606822,210082000,2020,8,13,3,3,0.2824291608753423,99.95909461975097,92.3036720275879,0.017697495135436947
2020-08-14,111.45724487304688,111.54696624880587,109.65066604650144,111.3820725095563,165565200,2020,8,14,4,3,0.2819399245071979,100.868607711792,92.97242080688477,-0.0008911940981900512
2020-08-17,111.1662368774414,112.60180092329254,110.54060722184435,112.57755010556632,119561600,2020,8,17,0,3,0.2805078822395185,101.66529579162598,93.59090789794922,-0.0026109383552135323
2020-08-18,112.09256744384766,112.5169308684593,110.58425829007268,110.91890034610188,105633600,2020,8,18,1,3,0.2850663292408705,102.57401962280274,94.21843307495118,0.008332840909488715
2020-08-19,112.23322296142578,113.64453639963617,112.13865437862,112.4999671955,145538000,2020,8,19,2,3,0.2857584911381239,103.4765838623047,94.79779403686524,0.0012548157365437351
2020-08-20,114.7236328125,114.83760501028006,112.25747159683876,112.27444791147464,126907200,2020,8,20,3,3,0.2980137288788033,104.71800880432129,95.38411865234374,0.02218959578421953
2020-08-21,120.6356201171875,121.11817961837232,115.6693525872738,115.6814742972318,338054800,2020,8,21,4,3,0.3271064542820422,106.26616859436035,96.17069244384766,0.05153242762413068
2020-08-24,122.07846069335938,124.91806397068724,120.2161130032418,124.83318239328597,345937600,2020,8,24,0,3,0.3342066327025772,107.7802074432373,96.97208358764648,0.011960319636689976
2020-08-25,121.07695770263672,121.42130160395936,119.35768029886763,120.9532910946764,211495600,2020,8,25,1,3,0.3292782642880316,109.31957168579102,97.73316024780273,-0.008203764898693011
2020-08-26,122.72348022460938,123.17936898693924,121.32671591454528,122.39126546065717,163022400,2020,8,26,2,3,0.3373807559094223,110.85472717285157,98.48316116333008,0.013598975009072367
2020-08-27,121.25640106201172,123.65708422717836,120.11425182681508,123.32486945527224,155552400,2020,8,27,3,3,0.3301613000779753,112.26085472106934,99.2061929321289,-0.01195434777365012
2020-08-28,121.05998229980467,122.64588380173387,120.8368851164902,122.2287948592591,187630000,2020,8,28,4,3,0.3291947288019505,113.16965866088867,99.92461837768555,-0.0016198630380477308
2020-08-31,125.16541290283205,127.06656806710367,122.21669905690888,123.7492594402055,225702700,2020,8,31,0,3,0.3493974388282777,114.15411262512207,100.7348828125,0.03391236744823156
2020-09-01,130.1510772705078,130.75247109042868,126.61067882372832,128.77371625173845,151948100,2020,9,1,1,3,0.3739317547742032,115.35263061523438,101.6005645751953,0.03983260432773239
2020-09-02,127.45451354980467,133.8369410345014,123.1866360174791,133.45865195686625,200119000,2020,9,2,2,3,0.3606620395641332,116.39707717895507,102.37523223876953,-0.02071871994650154
2020-09-03,117.25040435791016,124.97139321089942,116.88181705951084,123.09935129507484,257599600,2020,9,3,3,3,0.31044790150787,116.74541893005372,102.97713958740235,-0.08006079116144538
2020-09-04,117.32801818847656,119.98574406174012,107.56038329847304,116.46474218511382,332607200,2020,9,4,4,3,0.3108298370134438,117.2230094909668,103.55745895385742,0.0006619493637691765
2020-09-08,109.43242645263672,115.41716207276087,109.29663073421304,110.52849400857392,231366600,2020,9,8,1,3,0.2719758492714974,117.22749557495118,104.03413558959961,-0.06729502345429805
2020-09-09,113.7973175048828,115.56266939432574,111.799173992742,113.7391214492864,176940500,2020,9,9,2,3,0.2934553569655286,117.61281814575196,104.55865432739257,0.03988663318303787
2020-09-10,110.08231353759766,116.8818312711873,109.12204164322466,116.74603554472291,182274400,2020,9,10,3,3,0.2751739255750255,117.63609771728515,104.9942529296875,-0.03264579560169101
2020-09-11,108.63705444335938,111.77007275174712,106.6971070425851,111.12988655734183,180860300,2020,9,11,4,3,0.2680618456942263,117.49011726379395,105.40428649902344,-0.013128894622519538
2020-09-14,111.89617919921876,112.44906397434094,109.41304861625773,111.27539655347849,140150100,2020,9,14,0,3,0.2840999081410006,117.51206398010254,105.87950256347656,0.030000120792658347
2020-09-15,112.07076263427734,115.26197700807842,110.1987130897774,114.77699015613864,184642000,2020,9,15,1,3,0.2849590283782999,117.55729026794434,106.31105773925782,0.0015602269559871207
2020-09-16,108.7631378173828,112.51693833812011,108.67584374495958,111.7700619173575,154679000,2020,9,16,2,3,0.2686822984775854,117.3908187866211,106.68207656860352,-0.029513717397358863
2020-09-17,107.0269012451172,108.83105303274591,105.44584667867372,106.42552224944929,178011000,2020,9,17,3,3,0.2601383265052617,117.13050270080566,106.9763491821289,-0.015963465261371934
2020-09-18,103.63198852539062,107.5506832359034,102.90450823656477,107.08509999522968,287104900,2020,9,18,4,3,0.2434320552579169,116.5759204864502,107.19478408813477,-0.03172018137712329
2020-09-21,106.77471160888672,106.88140931284494,100.0042916137138,101.40105617439414,195713800,2020,9,21,0,3,0.2588973083064271,115.88287506103515,107.47282974243164,0.03032580121461348
2020-09-22,108.45275115966795,109.47122644967509,105.8823269140235,109.29663089711131,183055400,2020,9,22,1,3,0.2671548943516383,115.20158958435059,107.79300521850585,0.015715702018731292
2020-09-23,103.90357208251952,108.74373815268274,103.56407541081022,108.26845317272524,150718700,2020,9,23,2,3,0.2447685104030964,114.34292030334473,107.9916014099121,-0.04194618420007601
2020-09-24,104.97052764892578,106.93957256285896,101.8472119646276,102.01210567459113,167743300,2020,9,24,3,3,0.2500189691255472,113.45527267456055,108.19861053466796,0.010268709198552717
2020-09-25,108.90863800048828,109.0638373334494,104.43705897382922,105.17424100477152,149981400,2020,9,25,4,3,0.2693983008394058,112.83788452148437,108.50766815185547,0.03751634329907838
2020-09-28,111.5081787109375,111.85736984450416,109.39363569114488,111.55668035738763,137672400,2020,9,28,0,3,0.2821905685094795,112.36029434204102,108.87249206542968,0.02386900394840641
2020-09-29,110.66429138183594,111.84766043177646,110.15990833447874,111.11048577797068,99382200,2020,9,29,1,3,0.2780378223901909,111.6352382659912,109.18112838745117,-0.0075679411040258104
2020-09-30,112.33263397216795,113.73910005377913,110.20839693905523,110.37329066576837,142675200,2020,9,30,2,3,0.2862476899622295,110.74431610107422,109.54941925048828,0.015075708428616608
2020-10-01,113.28321075439452,114.18528644364022,112.35203704296524,114.10768678427674,116120400,2020,10,1,3,4,0.2909254519185322,110.0357509613037,109.93144470214844,0.008462160537089147
2020-10-02,109.6264190673828,111.90586307346008,108.8504445847348,109.50032515653432,144712000,2020,10,2,4,4,0.2729304815432192,109.65455169677735,110.32607040405273,-0.03228008513053082
2020-10-05,113.00191497802734,113.14741248595816,110.14049605673377,110.48968711564348,106243800,2020,10,5,0,4,0.2895412032121027,109.43824653625488,110.79266021728516,0.03079089821012726
2020-10-06,109.76221466064452,112.63333559022072,108.8795351442964,112.22594105943094,161498200,2020,10,6,1,4,0.2735987278878282,109.45473594665528,111.15195083618164,-0.028669428460683766
2020-10-07,111.62458801269533,112.08047688818796,110.70310845150664,111.17840094740608,96849000,2020,10,7,2,4,0.2827634154517824,109.34609947204589,111.57864913940429,0.016967344890122416
2020-10-08,111.51786041259766,112.90492288741171,111.14926572678704,112.75942537460811,83477200,2020,10,8,3,4,0.2822382118945747,109.41787681579589,111.96859893798828,-0.0009561298455634804
2020-10-09,113.4578094482422,113.48690747123634,111.46936067345082,111.81855175000258,100506900,2020,10,9,4,4,0.2917846472439092,109.65891456604004,112.375078125,0.01739585953736067
2020-10-12,120.66471862792967,121.42129686008032,115.69845107798898,116.4550293101396,240226800,2020,10,12,0,4,0.3272496472455984,110.09734153747559,112.73069442749023,0.06352060924440073
2020-10-13,117.46381378173828,121.62500184957032,116.05735487456656,121.50860234126792,262330500,2020,10,13,1,4,0.3114980833580529,110.36699409484864,112.97044403076171,-0.02652726399720373
2020-10-14,117.55110168457033,119.33584953717632,116.02824344500344,117.36680433445795,150712000,2020,10,14,2,4,0.3119276247046834,110.806392288208,113.1978517150879,0.0007431046210897296
2020-10-15,117.08553314208984,117.56081821833106,114.60240265361524,115.15528740769942,112559200,2020,10,15,3,4,0.3096365748318206,111.30932388305663,113.40825073242188,-0.00396056298757419
2020-10-16,115.4462432861328,117.90028246955836,115.24254973816036,117.63838547908624,115393800,2020,10,16,4,4,0.301569674959106,111.90003662109375,113.51150421142579,-0.014000789098066235
2020-10-19,112.49754333496094,116.80422116143151,112.18715207359088,116.35803418573154,120639300,2020,10,19,0,4,0.2870592043584724,112.18617820739746,113.6059309387207,-0.025541757507548613
2020-10-20,113.98162078857422,115.4074834270812,112.15806534871491,112.71095010647144,124423700,2020,10,20,1,4,0.2943623083081166,112.46262168884277,113.69870925903321,0.013192087663589591
2020-10-21,113.36080932617188,115.14555707254408,112.95341481857756,113.1668101796244,89946000,2020,10,21,2,4,0.2913073123360288,112.93548355102538,113.8441081237793,-0.005446592688429064
2020-10-22,112.2744598388672,114.49570058030427,111.14928675399084,113.92341222842757,101988000,2020,10,22,3,4,0.285961416667233,113.30068016052246,113.89726287841796,-0.009583113368385798
2020-10-23,111.58576965332033,113.05043193781697,110.84858760677534,112.895232601571,82572600,2020,10,23,4,4,0.2825723913829374,113.43453674316406,113.8978450012207,-0.006133987966054466
2020-10-26,111.59546661376952,113.05042702646372,109.49061825916864,110.58669317293084,111850700,2020,10,26,0,4,0.2826201098561098,113.43890113830567,113.90060943603515,8.690140758371712e-05
2020-10-27,113.09889221191406,113.75847439223642,111.10074945989756,112.0222211910892,92276800,2020,10,27,1,4,0.2900184254878669,113.56063117980958,113.9392625427246,0.01347210279919242
2020-10-28,107.86107635498048,111.96406850952522,107.76408046155812,111.5954811543954,143937800,2020,10,28,2,4,0.2642432790633003,113.3370532989502,113.85463272094727,-0.0463118228171453
2020-10-29,111.85736083984376,113.41901900582576,108.83104039265947,108.99594153712782,146129200,2020,10,29,3,4,0.2839088840721556,113.26576080322266,113.84711547851562,0.03705029302425222
2020-10-30,105.5913314819336,108.6273463236584,104.48556211975593,107.72527053869118,190272600,2020,10,30,4,4,0.2530739275535962,113.06400642395019,113.6644694519043,-0.056018033242191456
2020-11-02,105.5040283203125,107.35668150297612,104.09756951905206,105.83382320217856,122866900,2020,11,2,0,4,0.2526443111188886,112.68911209106446,113.36183761596679,-0.0008268023557977955
2020-11-03,107.12390899658205,108.14237704788208,105.46525468419668,106.3673306155269,107624400,2020,11,3,1,4,0.2606156989571806,112.55719680786133,113.06274658203125,0.015353732952750887
2020-11-04,111.49846649169922,112.1192490266788,108.97653651830576,110.71279021468384,138235500,2020,11,4,2,4,0.2821427749482296,112.55089073181152,112.8711767578125,0.0408364251836324
2020-11-05,115.45596313476562,116.02825144019144,113.36082388514863,114.40838980980128,126387100,2020,11,5,3,4,0.3016175060643947,112.74779586791992,112.72582641601562,0.03549373159639857
2020-11-06,115.32481384277344,115.82034860014043,112.8373918555085,114.96530169353449,114457900,2020,11,6,4,4,0.3009721240393466,112.84114608764648,112.60719467163086,-0.0011359248013816936
2020-11-09,113.0219955444336,118.53123307425452,112.75965407719043,117.08348090470506,154515300,2020,11,9,0,4,0.2896400191219298,112.45900993347168,112.44643493652343,-0.019968107657033496
2020-11-10,112.68191528320312,114.25597883957684,110.8940807658282,112.27382528066764,138023400,2020,11,10,1,4,0.2879664935974086,112.21991500854492,112.19676498413087,-0.003008974134568021
2020-11-11,116.10210418701172,116.23813418126792,113.138585125769,113.86732041488948,112295000,2020,11,11,2,4,0.304797148244927,112.147465133667,111.91578552246094,0.030352598242696205
2020-11-12,115.8300552368164,117.1126291713714,115.2082016572188,116.22843412444456,103162300,2020,11,12,3,4,0.3034584029133874,112.08469123840332,111.68329635620117,-0.002343187077446185
2020-11-13,115.8786163330078,116.27698772427064,114.52802767720522,116.05351307902214,81581900,2020,11,13,4,4,0.303697370719637,112.10630989074707,111.65586059570313,0.0004192443497683662
2020-11-16,116.88916015625,117.559591677798,114.80011721095168,115.54828228699444,91183000,2020,11,16,0,4,0.308670228820028,112.32589073181153,111.64708343505859,0.008720710129452414
2020-11-17,116.00493621826172,117.24864320805052,115.58712770640344,116.16040329852451,74271000,2020,11,17,1,4,0.3043189873681956,112.4270565032959,111.7785336303711,-0.007564635906411765
2020-11-18,114.68350219726562,116.42275133775613,114.65435397133162,115.24705927558566,76322100,2020,11,18,2,4,0.297816247235304,112.49319114685059,111.79625732421874,-0.01139118785867732
2020-11-19,115.27620697021484,115.68429695756758,113.498091065648,114.2559745887542,74113000,2020,11,19,3,4,0.3007329309688649,112.64327850341797,111.90013519287109,0.005168178173785787
2020-11-20,114.0130844116211,115.40254027143864,113.96450649711626,115.27622879802983,73604300,2020,11,20,4,4,0.2945171399236662,112.764644241333,112.00765579223633,-0.010957357045241034
2020-11-23,110.6220245361328,114.28513837643996,110.52486130551306,113.85761126601786,127959300,2020,11,23,0,4,0.2778298284158589,112.71597213745117,111.98217269897461,-0.029742725521270552
2020-11-24,111.90459442138672,112.56531474410036,109.39774313111327,110.68032441615657,113874200,2020,11,24,1,4,0.2841413192156735,112.6562572479248,111.9788493347168,0.011594163916562428
2020-11-25,112.7402114868164,113.43979858279867,111.90459439029078,112.27382503154756,76499200,2020,11,25,2,4,0.2882533675970242,112.9002140045166,112.05839080810547,0.007467227505272067
2020-11-27,113.28433227539062,114.158816151439,112.92482759135008,113.26490259506916,46691300,2020,11,27,4,4,0.2909309708922195,112.97156257629395,112.18353942871094,0.004826324000978488
2020-11-30,115.67459869384766,117.5401594833683,113.49810369299398,113.6535707986605,169410200,2020,11,30,0,4,0.302693405581079,113.47572593688965,112.42439163208007,0.02109970876331224
2020-12-01,119.24053955078124,119.9692749139944,116.60737666127396,117.57902381222485,127728200,2020,12,1,1,4,0.3202413015436944,114.16255149841308,112.67370819091796,0.030827345823532415
2020-12-02,119.59032440185548,119.87210294466338,117.4624149241799,118.56037345602128,89004200,2020,12,2,2,4,0.321962583085427,114.78587226867675,112.89645965576172,0.0029334390165627333
2020-12-03,119.45430755615234,120.270487635051,118.745001847803,120.01785729073868,78967600,2020,12,3,3,4,0.3212932479636958,115.18366432189941,113.20747436523438,-0.0011373566079316833
2020-12-04,118.78385925292967,119.3765645833526,118.07455360054388,119.12393425897255,78260400,2020,12,4,4,4,0.3179939904759034,115.35005912780761,113.48374099731446,-0.005612592102695935
2020-12-07,120.24132537841795,121.03807568238211,118.78385476777048,118.84215122001116,86712000,2020,12,7,0,4,0.3251661408186034,115.59588470458985,113.71039474487304,0.012269900428010683
2020-12-08,120.85346221923828,121.43645640289948,119.6000365852931,120.84375108576852,82225500,2020,12,8,1,4,0.328178449218703,115.98745803833008,113.89730041503907,0.005090902307454126
2020-12-09,118.3271713256836,122.37893756571138,117.56928784632052,120.99920059491816,115089200,2020,12,9,2,4,0.3157466418640735,116.2697208404541,114.05055801391602,-0.020903752752832072
2020-12-10,119.74577331542967,120.35791566525567,116.74338766599487,117.08346263085474,81312200,2020,12,10,3,4,0.3227275428736965,116.451904296875,114.19882080078125,0.011988810125795446
2020-12-11,118.93931579589844,119.2793907717679,117.13205173775964,118.95874547462876,86939800,2020,12,11,4,4,0.3187589878082117,116.6073673248291,114.31194290161133,-0.0067347472666687835
2020-12-14,118.3271713256836,119.85265683014164,118.09397811966689,119.12392157489586,79184500,2020,12,14,0,4,0.3157466418640735,116.72979507446288,114.48595794677735,-0.005146695742434648
2020-12-15,124.25424194335938,124.27367903878984,120.6105649235341,120.81460994707471,157243700,2020,12,15,1,4,0.3449135918317988,117.09804916381836,114.71100448608398,0.050090529092106095
2020-12-16,124.18621063232422,124.73033062366706,122.9716517851633,123.79755773169585,98208600,2020,12,16,2,4,0.3445788116388172,117.50711288452149,114.99948440551758,-0.0005475170100524007
2020-12-17,125.05099487304688,125.90604917528668,124.40970414636703,125.245321352785,94359800,2020,12,17,3,4,0.3488343908800725,118.02548751831054,115.2680125427246,0.006963609214899025
2020-12-18,123.06881713867188,125.43963827870924,122.54412684965976,125.30360828671483,192541500,2020,12,18,4,4,0.3390801492765996,118.4151180267334,115.4990316772461,-0.015850955335359962
2020-12-21,124.59429931640624,124.67203286094654,119.94982751976666,121.47531311924553,121251600,2020,12,21,0,4,0.3465870047242039,118.94417877197266,115.72176147460938,0.012395359061714739
2020-12-22,128.1408233642578,130.59908932336018,125.97403967211778,127.87847449783372,168904800,2020,12,22,1,4,0.3640393511083583,119.8201187133789,115.87128356933594,0.028464577170141725
2020-12-23,127.24691009521484,128.67521768491736,127.0720059084982,128.4128836440795,88223700,2020,12,23,2,4,0.3596404287273919,120.58723449707031,116.06694549560547,-0.006976022516274161
2020-12-24,128.228271484375,129.67603102914552,127.3829432351903,127.5967067874694,54930100,2020,12,24,3,4,0.364469680879801,121.36163749694825,116.28048889160156,0.007712261055500935
2020-12-28,132.81443786621094,133.44600251933943,129.72459253226933,130.19099379190865,124486200,2020,12,28,0,4,0.3870380783279027,122.33814277648926,116.59506698608398,0.03576564145134542
2020-12-29,131.04608154296875,134.85493761395435,130.5311096013663,134.1359280187464,121047300,2020,12,29,1,4,0.378336045952702,123.10671691894531,116.9070637512207,-0.013314488632806043
2020-12-30,129.9286651611328,132.13430846309575,129.61773093964035,131.73592955161843,96452100,2020,12,30,2,4,0.3728372709583682,123.6411231994629,117.25568618774415,-0.008526896559433172
2020-12-31,128.92784118652344,130.9197204767935,127.98534242224186,130.27842990655225,99116600,2020,12,31,3,4,0.3679122439632659,124.10799903869629,117.55461059570312,-0.007702872752276768
2021-01-04,125.74085998535156,129.82177500940742,123.16599358092328,129.73433032505793,143301900,2021,1,4,0,1,0.3522291979463261,124.42232666015624,117.80221160888672,-0.02471910777254993
2021-01-05,127.2955093383789,128.0048225528177,124.78865748776748,125.23562177595956,97664900,2021,1,5,1,1,0.359879584253835,124.84790916442871,118.10263259887695,0.012363915382863189
2021-01-06,123.0105209350586,127.33435496235823,122.7967573877346,124.0987683518539,155088000,2021,1,6,2,1,0.338793275276984,124.98636894226074,118.33112762451172,-0.03366174050908499
2021-01-07,127.20803833007812,127.89791430422592,124.23480053472449,124.72062409151188,109578200,2021,1,7,3,1,0.3594491418502761,125.30409774780273,118.6433790588379,0.03412323891576352
2021-01-08,128.30601501464844,128.8695721666665,126.53761000388556,128.67523086681507,105158200,2021,1,8,4,1,0.3648522546340326,125.80303993225098,118.94752151489257,0.008631346721355015
2021-01-11,125.3230438232422,126.47930629071162,124.85665734789744,125.5270962459198,100384500,2021,1,11,0,1,0.3501731362116121,126.0819034576416,119.2967608642578,-0.02324888035113304
2021-01-12,125.1481704711914,126.01293594243306,123.26317240831035,124.85667332698576,91951100,2021,1,12,1,1,0.3493125893008425,126.39234619140625,119.56257705688476,-0.001395380663570811
2021-01-13,127.1789093017578,127.72302939531502,124.84696180760956,125.10929589304284,88636800,2021,1,13,2,1,0.359305798710565,126.83493309020996,119.99432861328125,0.01622667613054607
2021-01-14,125.2550277709961,127.28576659581172,125.10927181431389,127.09144014639318,90221800,2021,1,14,3,1,0.3498384311067078,126.8849723815918,120.38934860229492,-0.01512736302995732
2021-01-15,123.53521728515624,126.52789226757407,123.39918727805356,125.12871800814143,111598500,2021,1,15,4,1,0.3413752914496792,126.8524227142334,120.71757476806641,-0.013730470676068918
2021-01-19,124.20565032958984,125.0607045202907,123.34088500532488,124.15706500945308,90757300,2021,1,19,1,1,0.3446744738493944,126.81015548706054,120.97171844482422,0.005427060065681832
2021-01-20,128.28656005859375,128.73352422939956,124.90523244341398,125.0121142129877,104319500,2021,1,20,2,1,0.3647565173353779,127.07104263305663,121.22833038330079,0.03285607150862213
2021-01-21,132.98931884765625,135.70993338633443,129.80231790485385,130.00637029637122,120150900,2021,1,21,3,1,0.3878986627827109,127.49079360961915,121.58162048339844,0.03665823440050575
2021-01-22,135.12696838378906,135.88485193048166,131.19179469063414,132.4160646907934,114459400,2021,1,22,4,1,0.3984179768065694,127.8401008605957,122.02371994018554,0.016073843784263353
2021-01-25,138.86782836914062,140.97630120112478,132.66871393860882,139.013584357772,157611700,2021,1,25,0,1,0.4168266449441865,128.421146774292,122.5474382019043,0.027684036947581925
2021-01-26,139.1009979248047,140.20867499016745,137.36174136904043,139.52852500725305,98390600,2021,1,26,1,1,0.4179740658545716,128.96478309631348,123.00741607666015,0.0016790754086271065
2021-01-27,138.03221130371094,140.20870656534407,136.42899920964183,139.363363343346,140843800,2021,1,27,2,1,0.4127145965628358,129.22567176818848,123.45145919799805,-0.007683529500424724
2021-01-28,133.2030792236328,137.96415826033868,132.8241374993332,135.564189064389,142621100,2021,1,28,3,1,0.3889505716586735,129.3335216522217,123.79794845581054,-0.03498554456577263
2021-01-29,128.2185821533203,132.8630549859489,126.51819940588042,131.97885239900157,177523800,2021,1,29,4,1,0.3644219999506671,129.24801750183104,124.02453689575195,-0.03742028412079046
2021-02-01,130.33673095703125,131.54157860190338,127.21773749244758,129.9577892114423,106239800,2021,2,1,0,1,0.374845351411639,129.31846199035644,124.31117279052734,0.016519827065144987
2021-02-02,131.16261291503906,132.44517904055598,130.7933823696511,131.88162209144176,83305400,2021,2,2,1,1,0.3789094935996238,129.58954963684081,124.6407550048828,0.006336525029771334
2021-02-03,130.1423797607422,131.92049525214782,129.82173452529324,131.91076929503612,89880900,2021,2,3,2,1,0.3738889545700988,129.73189315795898,124.93807846069336,-0.007778383882591111
2021-02-04,133.49459838867188,133.5043095225396,130.7739834636992,132.43550657690793,84183100,2021,2,4,3,1,0.3903851293769451,130.25609703063964,125.32770874023437,0.02575808613683339
2021-02-05,133.08099365234375,133.72324245824956,132.20521062487953,133.65513325973174,75693800,2021,2,5,4,1,0.3883497919515868,130.54974479675292,125.77688812255859,-0.0030982881803495177
2021-02-08,133.22695922851562,133.27561713779653,131.29048728628555,132.37062753976116,71297200,2021,2,8,0,1,0.3890680844997672,130.7957920074463,126.20333541870117,0.0010968176008152586
2021-02-09,132.3511505126953,134.17085520152048,132.19546600344356,132.9447413211224,76774200,2021,2,9,1,1,0.3847582541226076,131.14719734191894,126.59555419921875,-0.006573809992301172
2021-02-10,131.7479248046875,133.30488975603777,130.78455107060373,132.80859956803178,73046600,2021,2,10,2,1,0.3817897971596958,131.47718505859376,126.96482604980469,-0.004557767013517178
2021-02-11,131.494873046875,132.72097244544923,130.17145780866096,132.24414858851415,64280000,2021,2,11,3,1,0.3805445364844896,131.6929832458496,127.28123153686523,-0.001920726707366649
2021-02-12,131.7283935546875,131.88409294253404,130.09359452723146,130.7358433658653,60145100,2021,2,12,4,1,0.3816936844206544,132.01665153503419,127.53098861694336,0.0017758905910290057
2021-02-16,129.60707092285156,132.3512026514084,129.21782237561078,131.84520181246612,80576300,2021,2,16,1,1,0.3712547146395883,132.32024421691895,127.73132354736327,-0.016103761494330127
2021-02-17,127.32025909423828,128.66314035492906,125.987118325664,127.7192332149234,97918500,2021,2,17,2,1,0.3600013771153391,132.47597465515136,127.888642578125,-0.017644190338770183
2021-02-18,126.22068786621094,126.50288006540656,123.98255701846796,125.7243978338029,96856700,2021,2,18,3,1,0.3545904176274969,132.37268104553223,128.03737915039062,-0.008636262884239687
2021-02-19,126.37637329101562,127.19378780631595,125.33516499223074,126.7364300489586,87668800,2021,2,19,4,1,0.3553565412809658,132.0420337677002,128.16008010864257,0.0012334382535588162
2021-02-22,122.61048126220705,126.23041094448013,122.22124015432108,124.56640502266376,103916400,2021,2,22,0,1,0.3368246911524132,131.41620941162108,128.19522048950196,-0.029799019632701484
2021-02-23,122.4742431640625,123.3013758456432,115.20519230196524,120.43073670834654,158273000,2021,2,23,1,1,0.3361542672535601,130.59653015136718,128.27816192626952,-0.0011111456112238294
2021-02-24,121.97796630859376,122.1823162213377,118.94190197736168,121.57899955251936,111039900,2021,2,24,2,1,0.3337121026249779,129.74037857055663,128.32280578613282,-0.0040520916288001585
2021-02-25,117.7352294921875,123.0580814668372,117.29733797299156,121.32596667655264,148199500,2021,2,25,3,1,0.3128337125343814,128.72552947998048,128.2987240600586,-0.03478281319818455
2021-02-26,117.99798583984376,121.49140765726708,117.93959485190196,119.29220185674814,164560400,2021,2,26,4,1,0.3141267292267991,127.96527481079102,128.2921403503418,0.0022317563637457294
2021-03-01,124.35232543945312,124.48855870917816,119.48683030882653,120.42100448300808,116307900,2021,3,1,0,1,0.3453962579931728,127.77196197509765,128.29410202026367,0.05385125478526365
2021-03-02,121.75414276123048,125.2572974809927,121.64710128326875,124.95563918354922,102260900,2021,3,2,1,1,0.3326106731619856,127.34283256530762,128.2454606628418,-0.02089372007351553
2021-03-03,118.77647399902344,122.32828720569532,118.56239100874602,121.45249652917722,112966300,2021,3,3,2,1,0.3179576478464533,126.72352561950683,128.11997024536132,-0.02445640612037725
2021-03-04,116.89838409423828,120.27503892466773,115.42900990064756,118.47480719948628,178155000,2021,3,4,3,1,0.3087156195628019,126.06132583618164,127.99656158447266,-0.015811968831475842
2021-03-05,118.15367126464844,118.65968686991202,114.40724183835442,117.7255127803743,153766600,2021,3,5,4,1,0.3148928528802679,125.29427947998047,127.8677490234375,0.010738276496604193
2021-03-08,113.22979736328124,117.74497601487798,113.0838310321506,117.67685938357114,154376600,2021,3,8,0,1,0.290662606103677,124.30171966552734,127.56952850341797,-0.04167347360995988
2021-03-09,117.83255767822266,118.77646492277744,115.5944343694315,115.82797605727136,129525800,2021,3,9,1,1,0.3133126618359253,123.5319995880127,127.38124145507813,0.04064972668081479
2021-03-10,116.75241088867188,118.88349246045178,116.2366622283132,118.41640913957764,111943300,2021,3,10,2,1,0.3079972894705829,122.75206260681152,127.15172424316407,-0.00916679405789056
2021-03-11,118.6791534423828,119.89552719538874,117.997987110362,119.24355264557504,103026500,2021,3,11,3,1,0.317478736088948,122.09862403869629,126.8690185546875,0.01650280742851762
2021-03-12,117.77418518066406,117.91041846338685,115.95449457965704,117.16113540841164,88105100,2021,3,12,4,1,0.3130254123959228,121.41258964538574,126.6035806274414,-0.007625334656251037
2021-03-15,120.654541015625,120.6642740842342,117.18057793774676,118.14395127784393,92403800,2021,3,15,0,1,0.3271995634979886,120.85889701843261,126.41809814453126,0.024456597432981786
2021-03-16,122.1920394897461,123.79765430298438,121.36490683570096,122.31853968534864,115227900,2021,3,16,1,1,0.3347655508065267,120.48814544677734,126.28338211059571,0.01274298058886969
2021-03-17,121.4038543701172,122.47426197089396,119.04894873941927,120.71295485121438,111932600,2021,3,17,2,1,0.3308869137136998,120.19232521057128,126.19664199829101,-0.006450380261432964
2021-03-18,117.28762817382812,119.8663421601818,117.08327826271947,119.57440947336566,121229700,2021,3,18,3,1,0.3106310788726292,119.74567222595215,125.996484375,-0.03390523486791586
2021-03-19,116.76215362548828,118.16341864155612,116.46049529392349,116.67457827406234,185549500,2021,3,19,4,1,0.3080452332079876,119.26496124267578,125.8715170288086,-0.0044802214566147525
2021-03-22,120.07067108154295,120.53776181396456,117.02487423771213,117.09299086284076,111912300,2021,3,22,0,1,0.3243263557612285,119.13797073364258,125.7287696838379,0.028335529564371242
2021-03-23,119.24356079101562,120.89782623844285,118.8543196786337,120.0123099463268,95467100,2021,3,23,1,1,0.320256168983015,118.97643661499023,125.54752059936523,-0.0068885289228176605
2021-03-24,116.85945129394533,119.59386443754735,116.83999258124882,119.51601473844956,88530500,2021,3,24,2,1,0.3085240323333768,118.72051086425782,125.3782487487793,-0.019993612076451228
2021-03-25,117.34603118896484,118.387254479895,115.7988069952294,116.32428146408988,98844700,2021,3,25,3,1,0.3109184784887864,118.70105094909668,125.22220596313477,0.004163804378950697
2021-03-26,117.94933319091795,118.21207408800578,115.72093550893464,117.11246742653448,94071200,2021,3,26,4,1,0.313887310892085,118.6986183166504,125.03761444091796,0.005141222040834004
2021-03-29,118.12449645996094,119.28248673827066,117.4822549291758,118.3775042989523,80819200,2021,3,29,0,1,0.3147492844763246,118.38722686767578,124.89500381469726,0.0014850721433028458
2021-03-30,116.6745834350586,117.16113298447571,115.66255948137214,116.87893335491496,85671900,2021,3,30,1,1,0.3076143027319258,118.13324890136718,124.7577911376953,-0.012274448301193841
2021-03-31,118.8640594482422,120.19720049628938,117.8909603245139,118.37750988637804,118323800,2021,3,31,2,1,0.3183886534105925,118.13762817382812,124.65095932006835,0.018765663855164094
2021-04-01,119.6911849975586,120.8394421912494,119.19490239563412,120.33343394406754,75089100,2021,4,1,3,2,0.3224589152768834,118.27726821899414,124.47905181884765,0.006958584059435946
2021-04-05,122.5131607055664,122.76616851425374,119.75928886344587,120.53777100210417,88651200,2021,4,5,0,2,0.336345779394908,118.49524269104003,124.26952865600586,0.023577139018762017
2021-04-06,122.81483459472656,123.71008397089405,122.26990148299974,123.09703422020137,80171300,2021,4,6,1,2,0.3378303082286734,118.9744945526123,124.02328598022461,0.00246237944905503
2021-04-07,124.45936584472656,124.47882455845117,121.7736104771957,122.4450511751175,83466700,2021,4,7,2,2,0.3459230008559666,119.3058349609375,123.73511672973633,0.013390330699273756
2021-04-08,126.85318756103516,126.88237934347556,125.06268894589844,125.48111439308596,88844600,2021,4,8,3,2,0.3577029310668548,119.81087379455566,123.49016052246094,0.01923376115619213
2021-04-09,129.4221954345703,129.46111286986317,125.9871563977436,126.3082809200934,106686700,2021,4,9,4,2,0.3703449474940987,120.34802589416503,123.31796020507812,0.020251819626519785
2021-04-12,127.70953369140624,129.2762238665418,127.11594263503032,128.95509937555343,91420000,2021,4,12,0,2,0.361916986601321,120.84479331970215,123.20808929443359,-0.013233137773728476
2021-04-13,130.81369018554688,131.0375136441806,128.38094270892825,128.87723269707828,91266500,2021,4,13,1,2,0.3771924545342631,121.35275077819824,123.25999145507812,0.024306380302361985
2021-04-14,128.47828674316406,131.36839256751463,128.11824478906962,131.31000899099288,87222800,2021,4,14,2,2,0.3656999990276094,121.66706314086915,123.22282257080079,-0.017852897805040624
2021-04-15,130.88180541992188,131.36835488244947,130.04493975044198,130.22010527807376,89347100,2021,4,15,3,2,0.3775276477116702,122.14096069335938,123.21720642089844,0.018707586610044125
2021-04-16,130.55096435546875,131.04723949609195,129.69463249088383,130.6871976204425,84922400,2021,4,16,4,2,0.3758995880180003,122.8041275024414,123.22537811279297,-0.0025277849995395396
2021-04-19,131.21267700195312,131.82573417670255,129.75302837507442,129.91845343765638,94264200,2021,4,19,0,2,0.3791558575814949,123.52665367126465,123.17973968505859,0.0050686155383934395
2021-04-20,129.5292205810547,131.88411859918818,128.2641887932471,131.38784340823202,94812300,2021,4,20,1,2,0.3708716152688152,123.99958114624023,123.10870422363281,-0.012829983042517923
2021-04-21,129.90872192382812,130.15199668398512,127.76790700410928,128.7993896114448,68847100,2021,4,21,2,2,0.3727391308412376,124.53283920288087,123.04233947753906,0.0029298512032345236
2021-04-22,128.3906707763672,130.5412110225183,127.8749295491014,129.46107065350094,84566500,2021,4,22,3,2,0.3652688432873155,125.10940017700196,122.9631298828125,-0.011685521379781183
2021-04-23,130.7066650390625,131.4851323617936,128.60476763173878,128.60476763173878,78657500,2021,4,23,4,2,0.3766657867595466,125.77743186950684,122.9423046875,0.01803864913775044
2021-04-26,131.09591674804688,131.42676689058607,129.9671181870508,131.20295824690538,66905100,2021,4,26,0,2,0.3785812836134125,126.43476104736328,122.93432556152344,0.002978055548032321
2021-04-27,130.7747344970703,131.76729933465325,130.5022680472723,131.37805094329332,66015800,2021,4,27,1,2,0.3770007546727217,127.06727294921875,122.9152523803711,-0.0024499790607044325
2021-04-28,129.98655700683594,131.38782184344353,129.50000754125335,130.69691506905932,107760100,2021,4,28,2,2,0.3731221551239334,127.73287162780761,122.92284210205078,-0.006026985971453347
2021-04-29,129.88925170898438,133.38268843991688,128.886960916459,132.79882309453924,151101000,2021,4,29,3,2,0.3726433184545057,128.28413124084472,122.97422195434571,-0.0007485797000258421
2021-04-30,127.92359924316406,129.96709820494203,127.54409123252586,128.23498319758693,109839500,2021,4,30,4,2,0.3629703972388312,128.695751953125,123.00828018188477,-0.015133295788202217
2021-05-03,128.9745330810547,130.46338819019584,128.28364111599663,128.48798358801744,75135100,2021,5,3,0,2,0.3681420134800369,129.01882057189943,123.06024337768555,0.008215324178715067
2021-05-04,124.41070556640624,127.95279275381807,123.29164023246338,127.66086008438737,137564700,2021,5,4,1,2,0.345683544977214,129.0986141204834,123.09624786376953,-0.035385493598029116
2021-05-05,124.65399169921876,126.94076551104096,124.5274840738415,125.72439172337612,84000900,2021,5,5,2,2,0.3468807492828996,129.108345413208,123.13984283447266,0.0019555080224400445
2021-05-06,126.2498779296875,126.2596035749363,123.71008135413716,124.44963872166365,78128300,2021,5,6,3,2,0.3547340611195174,129.07817993164062,123.22528106689452,0.01280252809167548
2021-05-07,126.9224624633789,127.9459401484153,126.21088280565188,127.54630313860244,78973300,2021,5,7,4,2,0.3580438309381426,128.95319328308105,123.40902572631836,0.005327407398096673
2021-05-10,123.64730072021484,126.26937877664058,123.6083097443316,126.14267111936448,88071200,2021,5,10,0,2,0.341926850922046,128.75008163452148,123.52201202392578,-0.025804429567453768
2021-05-11,122.7310028076172,123.08190661407824,119.67027531129932,120.381847398056,126142800,2021,5,11,1,2,0.3374177743315688,128.345947265625,123.48958557128907,-0.007410577564252785
2021-05-12,119.67028045654295,121.49306907963458,119.1634127705143,120.28437887697672,112172300,2021,5,12,2,2,0.3223560446108779,127.90554695129394,123.44790832519531,-0.024938461196084116
2021-05-13,121.8147430419922,122.96495055227784,121.12267010296466,121.4345904055794,105861300,2021,5,13,3,2,0.3329088854612851,127.45219383239746,123.5086737060547,0.01791975900171794
2021-05-14,124.23212432861328,124.66101753625983,122.67252280548946,123.06242504546208,81918000,2021,5,14,4,2,0.3448047516636421,127.1362518310547,123.65534851074219,0.01984473493317429
2021-05-17,123.0819091796875,123.72524895126948,122.00968366381709,123.61802565600584,74244600,2021,5,17,0,2,0.3391445748469883,126.7297134399414,123.75391326904297,-0.00925859680128538
2021-05-18,121.6977767944336,123.783745326629,121.62954445690448,123.36460169987382,63342900,2021,5,18,1,2,0.3323332978041581,126.33814125061035,123.92327285766602,-0.011245620046673177
2021-05-19,121.54182434082033,121.76601312715728,119.75802646818856,120.05045503106064,92612000,2021,5,19,2,2,0.3315658601093351,125.91979637145997,123.99745819091797,-0.0012814733162849201
2021-05-20,124.0956573486328,124.49530918227134,121.94145662294912,122.06817912472064,76857100,2021,5,20,3,2,0.3441332014436283,125.70504570007324,124.14432312011719,0.02101196869195543
2021-05-21,122.26313018798828,124.76824225453444,122.0486835817306,124.59278661639333,79295400,2021,5,21,4,2,0.3351153861590222,125.28286895751953,124.2160026550293,-0.014767053092730187
2021-05-24,123.8909683227539,124.70976380781524,122.7602599555712,122.82849229292908,63092900,2021,5,24,0,2,0.3431259324296659,124.92262153625488,124.33833831787109,0.013314219358384616
2021-05-25,123.6960220336914,125.08017543327662,123.1306641265909,124.59279202902988,72009500,2021,5,25,1,2,0.3421666071531081,124.56868591308594,124.39916793823242,-0.0015735310789938284
2021-05-26,123.64730072021484,124.17366773948622,123.22815702543032,123.7545240447017,56575900,2021,5,26,2,2,0.341926850922046,124.25172309875488,124.42827316284179,-0.0003938793881608227
2021-05-27,122.1169204711914,124.41733561849657,121.92197306010468,123.24763627844212,94625600,2021,5,27,3,2,0.3343958922016038,123.86310653686523,124.44253448486329,-0.012376980654728031
2021-05-28,121.46383666992188,122.62379382802952,121.4053539348129,122.39959761550024,71311100,2021,5,28,4,2,0.3311820849458654,123.54011840820313,124.52605865478516,-0.005348020558900379
2021-06-01,121.14217376708984,122.18515807859856,120.81076166659518,121.92197831860382,67637100,2021,6,1,1,2,0.3295991907307373,123.14850044250488,124.61365905761718,-0.002648219516613426
2021-06-02,121.9024658203125,122.07792145343016,120.9179717914318,121.1421605557248,59278900,2021,6,2,2,2,0.3333405668181206,123.0230884552002,124.65029495239258,0.00627603112591002
2021-06-03,120.42083740234376,121.69775987143738,120.02118559755706,121.5320538514475,76229200,2021,6,3,3,2,0.3260495145048954,122.81143074035644,124.67384048461913,-0.012154212041556978
2021-06-04,122.71153259277344,122.9747198057444,120.72303755703824,120.93748419375008,75169300,2021,6,4,4,2,0.3373219619448367,122.63451347351074,124.7908821105957,0.01902241538792926
2021-06-07,122.72126770019533,123.1306617200527,121.67828344764422,122.98444744531308,71057600,2021,6,7,0,2,0.3373698681382029,122.42445373535156,124.89838684082031,7.933327223774711e-05
2021-06-08,123.54005432128906,125.21663622404849,123.0234370016728,123.4035896495703,74403800,2021,6,8,1,2,0.3413990943702076,122.41909141540528,125.01020126342773,0.006671921146496063
2021-06-09,123.9202117919922,124.524560673672,123.32561251203369,123.9981937322284,56877900,2021,6,9,2,2,0.3432698387299574,122.47855186462402,125.12611557006836,0.0030772001258350112
2021-06-10,122.9259796142578,124.95346562999302,122.76027355328648,123.81300009816206,71186400,2021,6,10,3,2,0.3383772497842813,122.64133682250977,125.25114349365235,-0.008023163964594238
2021-06-11,124.1346435546875,124.2223750861466,122.91620377217826,123.33534735483208,53522400,2021,6,11,4,2,0.3443250514813245,122.75733184814453,125.35655517578125,0.009832453190306012
2021-06-14,127.18563079833984,127.24411353581664,123.86173050218788,124.59279446771669,96906500,2021,6,14,0,2,0.3593388750086492,122.90500717163086,125.50644409179688,0.02457804812810571
2021-06-15,126.3668441772461,127.30261260822044,126.12315618593904,126.65927274152148,62746300,2021,6,15,1,2,0.3553096487766444,123.06925392150879,125.58351776123047,-0.006437728978928359
2021-06-16,126.8639678955078,127.58528973592168,125.21664949570912,127.07841452715692,91815000,2021,6,16,2,2,0.357755980793521,123.3275634765625,125.6645004272461,0.003933972724399215
2021-06-17,128.4625701904297,129.20339129093645,126.3766013323592,126.52282306860803,96721700,2021,6,17,3,2,0.3656226583079119,123.67360076904296,125.74456451416016,0.012600916725532318
2021-06-18,127.1661605834961,128.18963835001367,126.95171393992158,127.40984859905475,108953300,2021,6,18,4,2,0.3592430626219173,123.82712593078614,125.75082397460938,-0.01009173026050958
2021-06-21,128.95968627929688,129.06690958900398,125.9477063159808,127.0101823744656,79663300,2021,6,21,0,2,0.3680689527807499,124.16195373535156,125.74157379150391,0.014103796855793105
2021-06-22,130.59725952148438,130.69474066397615,128.29684436989922,128.7939773736595,74783600,2021,6,22,1,2,0.3761274052447596,124.49726829528808,125.79932830810547,0.012698334568222336
2021-06-23,130.32431030273438,130.9286665216875,129.8661757752273,130.39255006678223,60214200,2021,6,23,2,2,0.3747842297166548,124.82868270874023,125.78954071044922,-0.0020900072463243546
2021-06-24,130.04164123535156,131.24058178501798,129.57374966230876,131.0553765632134,68711000,2021,6,24,3,2,0.3733932230832614,125.14839973449708,125.82080780029297,-0.002168966532231753
2021-06-25,129.7491912841797,130.50949637284592,129.4567628177243,130.09036030729925,70783700,2021,6,25,4,2,0.3719540849922699,125.53001327514649,125.79815551757812,-0.0022488946493884887
2021-06-28,131.3770751953125,131.8352098315601,129.98318695524438,130.04166969629122,62111300,2021,6,28,0,2,0.3799648565271457,126.02567520141602,125.814677734375,0.01254638965392374
2021-06-29,132.887939453125,133.04390333984907,130.95793469390316,131.39657011097157,64556100,2021,6,29,1,2,0.3873997775966237,126.61296348571777,125.84818298339843,0.011500212313041436
2021-06-30,133.50198364257812,133.940618881177,132.4394931109139,132.7319215611561,63261400,2021,6,30,2,2,0.3904214720063951,127.19293937683105,125.92763824462891,0.00462076688057711
2021-07-01,133.80421447753906,133.86269721920397,132.33232940247316,133.15113240638843,52485800,2021,7,1,3,3,0.3919087415549848,127.86210823059082,126.00554809570312,0.002263867747239523
2021-07-02,136.42630004882812,136.4652835854969,134.27209152787285,134.41829838230024,78852600,2021,7,2,4,3,0.4048119518593817,128.54784660339357,126.16626068115234,0.019596434847193978
2021-07-06,138.43429565429688,139.5357553993497,136.53353205806397,136.53353205806397,108181800,2021,7,6,1,3,0.414693242489775,129.33349800109863,126.32081329345704,0.014718537442927504
2021-07-07,140.91990661621094,141.2318195282519,139.0581266890823,139.91589835234652,104911600,2021,7,7,2,3,0.4269248650301196,130.20249061584474,126.51729309082032,0.017955167468914013
2021-07-08,139.62347412109375,140.42276298269945,137.11835448019005,138.0053823208354,105575500,2021,7,8,3,3,0.4205451567120087,130.9876537322998,126.69426788330078,-0.009199782530710632
2021-07-09,141.4462432861328,141.97260274724476,139.04834716131978,139.1458282969305,99890800,2021,7,9,4,3,0.4295149531711328,131.91366691589354,126.92346160888673,0.013054890493973792
2021-07-12,140.85165405273438,142.62570970674338,140.364278087154,142.51848639937432,76299700,2021,7,12,0,3,0.426588996060016,132.7495174407959,127.14270965576172,-0.004203641041180872
2021-07-13,141.962890625,143.73694652851253,140.00364432229037,140.39353920017592,100827100,2021,7,13,1,3,0.4320573603830123,133.4883804321289,127.42349548339844,0.007889410882243375
2021-07-14,145.3842315673828,145.79364043052715,143.95134516697595,144.3607540301203,127050800,2021,7,14,2,3,0.4488936841803725,134.43924980163575,127.751689453125,0.024100248503817756
2021-07-15,144.7311553955078,146.21278242197317,143.37625087333885,145.47197634550716,106820300,2021,7,15,3,3,0.4456799144686728,135.33260917663574,128.15809844970704,-0.0044920701841885124
2021-07-16,142.69393920898438,145.97884856339024,142.1968210625346,144.7116829108476,93251400,2021,7,16,4,3,0.4356548301701042,136.04417762756347,128.51889739990236,-0.014075864874817934
2021-07-19,138.8533935546875,140.43250161447835,138.09308832622733,140.1205738932986,121434600,2021,7,19,0,3,0.4167556116229887,136.62853927612304,128.77096771240235,-0.02691456746927523
2021-07-20,142.45997619628906,143.3860023478585,139.35053030452949,139.83790622702588,96350000,2021,7,20,1,3,0.4345035046796955,137.30355377197264,129.08171798706056,0.025974033109829042
2021-07-21,141.7289581298828,142.44053791570667,140.97840967554887,141.8556806702285,74993500,2021,7,21,2,3,0.4309061850687584,137.8601387023926,129.44335113525392,-0.0051313925912708225
2021-07-22,143.09356689453125,144.45821346206498,142.1285572602189,142.25527975346566,77338200,2021,7,22,3,3,0.4376213869165859,138.49860153198242,129.8506024169922,0.009628298850527628
2021-07-23,144.80914306640625,144.9651069434816,143.2105505102186,143.82464898024415,71447400,2021,7,23,4,3,0.4460636896321424,139.23697662353516,130.35337966918945,0.01198919147175559
2021-07-26,145.22828674316406,146.04707474588002,143.97084849928373,144.5264642055409,72434100,2021,7,26,0,3,0.4481262840295882,140.01093139648438,130.82165054321288,0.002894455887813674
2021-07-27,143.06431579589844,145.44271240050767,141.8751174935938,145.35497344078965,104818600,2021,7,27,1,3,0.4374774430722558,140.59529342651368,131.1982943725586,-0.014900478383337301
2021-07-28,141.3195343017578,143.25929604709813,138.94113715127986,141.15382825419624,118931200,2021,7,28,2,3,0.4288914217766012,141.01687316894532,131.563046875,-0.012195784004096488
2021-07-29,141.962890625,142.84991857675627,140.92965581242072,141.03687913486968,56699500,2021,7,29,3,3,0.4320573603830123,141.4399185180664,131.96834915161133,0.004552493938088098
2021-07-30,142.1773223876953,142.63545700170118,140.47150644681145,140.73469364228038,70440600,2021,7,30,4,3,0.4331125731343795,141.85857391357422,132.38105911254883,0.0015104775744652077
2021-08-02,141.8458709716797,143.23975875771586,141.58268384916155,142.6646588267022,62880000,2021,8,2,0,3,0.4314815099176146,142.1295524597168,132.73606338500977,-0.0023312537502415687
2021-08-03,143.6394500732422,144.30227426975748,141.51448305654833,142.12858155366985,64786600,2021,8,3,1,3,0.440307662884718,142.38981018066406,133.16358978271484,0.012644563350882487
2021-08-04,143.23980712890625,144.05859526042843,142.58672505684436,143.55173491626834,56368300,2021,8,4,2,3,0.438341031050159,142.50580520629882,133.5505665588379,-0.002782264511122512
2021-08-05,143.34703063964844,144.10733603044793,142.4795019309908,143.2690486927029,46397700,2021,8,5,3,3,0.4388686749698812,142.69198303222657,133.94358673095704,0.000748559446507091
2021-08-06,142.6636505126953,143.6105775396916,142.16578765248929,142.86866162914254,54126800,2021,8,6,4,3,0.4355057803365125,142.7528533935547,134.32391372680664,-0.004767312750768027
2021-08-09,142.6148681640625,143.21035833317768,142.05843483321482,142.72225212556916,48908700,2021,8,9,0,3,0.435265723753141,142.84101409912108,134.73387268066406,-0.0003419395792656488
2021-08-10,142.13650512695312,144.19631350606738,141.84363848192044,142.9565198163916,69023100,2021,8,10,1,3,0.4329117125273982,142.84969482421874,135.1473260498047,-0.0033542297746899097
2021-08-11,142.3903350830078,143.2298783064216,142.06818321748432,142.57581781429272,48493500,2021,8,11,2,3,0.4341608026945507,142.7,135.57228927612306,0.0017858181881422741
2021-08-12,145.3481903076172,145.50438778780742,142.37074101066642,142.71242113660614,72282600,2021,8,12,3,3,0.44871632614161,142.73085174560546,136.04120376586914,0.020772865116758465
2021-08-13,145.5532684326172,145.88517705910473,144.7430103885552,145.42635605950554,59375000,2021,8,13,4,3,0.4497255099015457,142.87381820678712,136.5438523864746,0.001410943779664331
2021-08-16,147.52520751953125,147.59354953492934,142.98582599022765,145.00657783567002,103296000,2021,8,16,0,3,0.4594293674050991,143.3074089050293,137.04012588500976,0.013547885994926734
2021-08-17,146.61732482910156,148.07187159409528,145.5434853619502,146.65636676617194,92229700,2021,8,17,1,3,0.4549617018892949,143.51527633666993,137.5180470275879,-0.006154085160730904
2021-08-18,142.8784637451172,147.13475089008148,142.67345256358962,146.23663716721276,86326000,2021,8,18,2,3,0.4365628702898141,143.57275161743163,137.90481521606446,-0.02550081368857615
2021-08-19,143.2103271484375,144.4794059910355,141.06266328178802,141.58005455752308,86960300,2021,8,19,3,3,0.4381959608846683,143.57858963012694,138.29061752319336,0.002322697169479193
2021-08-20,144.6649169921875,144.96754045087513,143.28845394220284,143.93275769698107,60549600,2021,8,20,4,3,0.445353957124783,143.571378326416,138.72539627075196,0.010157017812286062
2021-08-23,146.1487579345703,146.61733569322217,144.37204430196212,144.7820517027598,60131800,2021,8,23,0,3,0.4526558972092277,143.61740188598634,139.1656785583496,0.01025708909412315
2021-08-24,146.06085205078125,147.2713604372929,145.60203116452846,145.89489777853456,48606400,2021,8,24,1,3,0.4522233147954637,143.76722869873046,139.54318298339842,-0.000601482250218055
2021-08-25,144.8308563232422,146.74423897086186,144.28417982272728,146.24636116832204,58991300,2021,8,25,2,3,0.4461705399662486,143.9427947998047,139.91246322631835,-0.008421118391883864
2021-08-26,144.0303955078125,145.57281315038713,144.00111032248313,144.82114019917077,48597200,2021,8,26,3,3,0.4422314945151726,144.04617004394532,140.25579177856446,-0.005526866551442411
2021-08-27,145.06515502929688,145.21158091727293,143.33725507209095,143.97178711441077,55802400,2021,8,27,4,3,0.4473235173943597,144.1905616760254,140.5878434753418,0.00718431354601301
2021-08-30,149.47763061523438,149.83883931473636,145.07491826892314,145.45564049048158,90956700,2021,8,30,0,3,0.4690371872576885,144.57214965820313,141.03407287597656,0.030417198293045455
2021-08-31,148.21829223632812,149.1652192116683,147.69112933468762,149.0285501067643,86453100,2021,8,31,1,3,0.4628400180556791,144.80109176635742,141.4192449951172,-0.008424928691490141
2021-09-01,148.8821258544922,151.293371319359,148.71617155840954,149.1945209265185,80313700,2021,9,1,2,3,0.466106724861929,145.0832077026367,141.78494232177735,0.00447875635421302
2021-09-02,149.99502563476562,151.0395800272227,148.77476016459727,150.20979354918074,71115500,2021,9,2,3,3,0.4715832737853593,145.41560745239258,142.17835662841796,0.007475039558214824
2021-09-03,150.6295623779297,150.9517142276546,149.44833892893834,150.1023993889916,57808700,2021,9,3,4,3,0.474705811483047,145.81390304565429,142.59011505126952,0.004230385244302415
2021-09-07,152.96273803710938,153.5191714127496,150.7174463222015,151.2836513561049,82278300,2021,9,7,1,3,0.4861873041304037,146.33129653930663,143.05438598632813,0.01548949371123931
2021-09-08,151.42030334472656,153.3043860941943,150.31717858511598,153.24581573453693,74420200,2021,9,8,2,3,0.4785970258288344,146.7954864501953,143.45525054931642,-0.010083728313026175
2021-09-09,150.40505981445312,152.3965266648195,150.28790419091163,151.79127971049817,57305700,2021,9,9,3,3,0.4736010406006116,147.19622268676758,143.80559295654297,-0.0067048044935038575
2021-09-10,145.4263458251953,151.78148246152148,145.16276433644302,151.3129047338198,140893200,2021,9,10,4,3,0.4491009272739308,147.20013046264648,144.0440802001953,-0.03310203789287269
2021-09-13,145.99253845214844,147.8180505115286,145.21156570783384,147.04684942260073,102404300,2021,9,13,0,3,0.4518871454730506,147.22209396362305,144.2878466796875,0.003893329119564637
2021-09-14,144.5965576171875,147.4763957492906,143.4153491043727,146.7735217186003,109296300,2021,9,14,1,3,0.4450175625381377,147.07566146850587,144.4512518310547,-0.009562001248567209
2021-09-15,145.4849090576172,145.88515965134906,142.88818092204215,145.02608811276684,83281300,2021,9,15,2,3,0.4493891153149004,147.01904067993163,144.59226409912108,0.006143655527274472
2021-09-16,145.2506103515625,145.4263362978241,143.71796490468603,144.90894501042473,68034100,2021,9,16,3,3,0.4482361378867895,147.1376480102539,144.67887817382814,-0.0016104674194207247
2021-09-17,142.58560180664062,145.27995796165817,142.29273506424897,145.27995796165817,129868800,2021,9,17,4,3,0.4351217048207334,147.10641174316407,144.73812072753907,-0.01834765815077488
2021-09-20,139.539794921875,141.3945924183066,137.9095220938746,140.37933813407227,123478900,2021,9,20,0,3,0.4201333736956779,146.85015563964845,144.6999917602539,-0.02136125138985645
2021-09-21,140.0181427001953,141.16032435989862,139.38361057442205,140.50624891873463,75834000,2021,9,21,1,3,0.4224873098333431,146.5436248779297,144.68332153320313,0.003428038421499302
2021-09-22,142.38058471679688,142.94677480134484,140.28171911608493,141.01387841720836,76404300,2021,9,22,2,3,0.4341128214131073,146.35961151123047,144.69167541503907,0.016872399326564258
2021-09-23,143.33729553222656,143.58134867828787,142.17560017364323,143.16156952123504,64838200,2021,9,23,3,3,0.4388207687765153,146.2849334716797,144.65073669433593,0.006719390971266392
2021-09-24,143.4251251220703,143.96204492535793,142.09747565204063,142.1951028511181,53477900,2021,9,24,4,3,0.4392529757498925,146.2546699523926,144.62461608886719,0.0006127476419701683
2021-09-27,141.91195678710938,142.48793328173883,140.39883985731234,142.0095839613355,74150700,2021,9,27,0,3,0.4318067163807306,146.0970100402832,144.6089764404297,-0.010550231932327514
2021-09-28,138.5343017578125,141.30674132874793,138.31953384357482,139.8424227657557,108972300,2021,9,28,1,3,0.4151853697488984,145.54984359741212,144.6025946044922,-0.023801060219075798
2021-09-29,139.43240356445312,141.0138627120859,138.6514307510702,139.08096654322168,74602000,2021,9,29,2,3,0.4196049038071044,145.11054916381835,144.54204315185547,0.006482883987899868
2021-09-30,138.13406372070312,140.9455603850025,137.91929578685694,140.24268621892764,89056700,2021,9,30,3,3,0.4132158094793217,144.5731460571289,144.47014526367187,-0.009311607707815472
2021-10-01,139.25668334960938,139.5202648503588,135.80089824481317,138.52452409983053,94639600,2021,10,1,4,4,0.4187401895080406,144.0362289428711,144.39340759277343,0.008127029630982996
2021-10-04,135.8301544189453,138.82713279141288,134.980854637217,138.38782541869764,98322000,2021,10,4,0,4,0.4018783357643725,143.29625854492187,144.21382781982422,-0.024605849056893225
2021-10-05,137.75331115722656,138.8564357660988,136.04493972017434,136.17185207930245,80861100,2021,10,5,1,4,0.4113421366845543,142.53578720092773,144.06432830810547,0.014158540469221492
2021-10-06,138.6221466064453,138.76857249312508,135.07849119061893,136.15233067899587,83221100,2021,10,6,2,4,0.4156176518103529,141.89587936401367,143.97548492431642,0.0063071837759827165
2021-10-07,139.88148498535156,140.7893703718494,139.32505159657362,139.6569602773058,61732700,2021,10,7,3,4,0.4218148210123623,141.36970062255858,143.94672393798828,0.009084683867156995
2021-10-08,139.50076293945312,140.75031377150447,139.16885425815033,140.6038878520535,58773200,2021,10,8,4,4,0.4199412983937497,141.07342147827148,143.89748138427734,-0.002721747241518857
2021-10-11,139.41290283203125,141.3653278052875,138.43669034540312,138.88575464341304,64452200,2021,10,11,0,4,0.4195089412442178,140.74443969726562,143.84219299316408,-0.0006298181140415027
2021-10-12,138.143798828125,139.84241361250955,137.68497785008697,139.82288519545196,73035900,2021,10,12,1,4,0.4132637156726877,140.4218017578125,143.76815155029297,-0.009103203348654887
2021-10-13,137.55810546875,138.03644005527403,135.88877555756454,137.8802573777795,78762700,2021,10,13,2,4,0.4103815349106811,140.02546157836915,143.64652465820313,-0.0042397368853573925
2021-10-14,140.3402862548828,140.45744186952987,138.1438084019397,138.72954178771872,69907100,2021,10,14,3,4,0.4240725693229087,139.77994537353516,143.58853424072265,0.02022549508552851
2021-10-15,141.39454650878906,141.45311684711749,140.09618272452653,140.35000738503422,67940300,2021,10,15,4,4,0.4292605547649825,139.72039260864258,143.54948455810546,0.007512171180779292
2021-10-18,143.0639190673828,143.34701408719482,139.7545598847163,140.03765490452832,85589200,2021,10,18,0,4,0.437475490782244,139.89659881591797,143.55748992919922,0.011806484760640945
2021-10-19,145.2213592529297,145.62160993395176,143.06393807186709,143.51298745891924,76378900,2021,10,19,1,4,0.4480921940424595,140.1567596435547,143.60961975097655,0.015080253634955465
2021-10-20,145.7094268798828,146.1877762179813,144.5965455732881,145.1627504339508,58418800,2021,10,20,2,4,0.4504939612854133,140.32320175170898,143.68107818603517,0.0033608529038973156
2021-10-21,145.9241943359375,146.08039186170322,144.35249211048287,145.2701339545865,61421000,2021,10,21,3,4,0.4515508259744828,140.45254669189453,143.75175537109374,0.0014739434548165509
2021-10-22,145.15301513671875,146.6075619891813,145.1042015405824,146.12922747617256,58883400,2021,10,22,4,4,0.4477558745438916,140.53894119262696,143.7478518676758,-0.005284793263572118
2021-10-25,145.10418701171875,145.8168177773373,144.10844635434742,145.14322894722775,50720600,2021,10,25,0,4,0.4475155926962879,140.69855270385742,143.7388702392578,-0.00033639070434743346
2021-10-26,145.7680206298828,147.25185252804923,145.4653823192533,145.77777738990952,60893400,2021,10,26,1,4,0.4507822995025378,141.06023864746095,143.70372650146484,0.0045748756933556844
2021-10-27,145.3092041015625,146.16826078037482,144.95776708428832,145.80706700277705,56094900,2021,10,27,2,4,0.448524476103914,141.3540786743164,143.67756408691406,-0.0031475801505550516
2021-10-28,148.9407196044922,149.52643805425132,146.1585085567286,146.256135746264,100077900,2021,10,28,3,4,0.4663950630790535,141.89441146850587,143.79880920410156,0.024991641275465826
2021-10-29,146.23660278320312,146.37327190681347,142.92724374395107,143.7179733088264,124953200,2021,10,29,4,4,0.4530881792706823,142.24340744018554,143.85933471679687,-0.018155658361727833
2021-11-01,145.4165802001953,146.13896771640327,144.2841704394488,145.44586537540286,74588300,2021,11,1,0,4,0.44905287090441,142.72272872924805,143.87436798095703,-0.005607505695571335
2021-11-02,146.4513702392578,147.96450225059075,145.11394928812004,145.12372094423125,69122000,2021,11,2,1,4,0.4541450439597517,143.15763168334962,143.8804202270508,0.00711603888385981
2021-11-03,147.88641357421875,148.35499132920407,146.25614074482093,146.81257403590004,54511500,2021,11,3,2,4,0.4612068523727476,143.62084503173827,143.91693145751952,0.009798770285429859
2021-11-04,147.36904907226562,148.8040677773685,147.056653914814,147.9742960700519,60394600,2021,11,4,3,4,0.4586609160212315,143.99522323608397,143.9676953125,-0.0034983910249029027
2021-11-05,147.89694213867188,148.79636649786093,146.70422366033108,148.49330137784227,65463900,2021,11,5,4,4,0.4612586631461371,144.41503219604493,144.04502624511719,0.003582116256632517
2021-11-08,147.07574462890625,148.18047945260236,146.80200740282297,148.02405391839477,55020900,2021,11,8,0,4,0.4572175729979069,144.79817428588868,144.08523803710938,-0.005552498232151759
2021-11-09,147.4374542236328,148.0435844748696,146.70422637098488,146.8410949734435,56787900,2021,11,9,1,4,0.4589975358721088,145.26285705566406,144.04443450927735,0.002459342263669617
2021-11-10,144.61204528808594,146.77262935345158,144.54361846371455,146.6650887001066,65187100,2021,11,10,2,4,0.4450937769366745,145.61555404663085,143.9723095703125,-0.019163440866669434
2021-11-11,144.56320190429688,146.0883134852804,144.37744845730748,145.62883774477925,41000000,2021,11,11,3,4,0.4448534200009935,145.82669982910156,143.8859310913086,-0.0003377546019196487
2021-11-12,146.63577270507812,147.03659252052734,144.18189439318962,145.11064651980587,63804000,2021,11,12,4,4,0.4550524833748427,146.08876113891603,143.81874603271484,0.014336779854622561
2021-11-15,146.6455535888672,148.48351596746593,146.08829332480207,147.00727451410145,59222800,2021,11,15,0,4,0.4551006148324408,146.26784286499023,143.7390658569336,6.670189414648142e-05
2021-11-16,147.6232147216797,148.1022623119589,146.0003334167105,146.5869216938867,59256200,2021,11,16,1,4,0.4599116581260862,146.38793563842773,143.632275390625,0.006666831069106038
2021-11-17,150.05752563476562,151.53375230300938,147.61343285568483,147.6232038564801,88807000,2021,11,17,2,4,0.4718908345502921,146.60534057617187,143.60501983642578,0.016490027789161976
2021-11-18,154.339599609375,155.12171245230584,149.62739546351074,150.2726396777458,137827700,2021,11,18,3,4,0.4929628017043642,147.02611083984374,143.68371063232422,0.028536216071107123
2021-11-19,156.9596405029297,157.41913113659675,153.02953515610952,154.12448394226502,117305600,2021,11,19,4,4,0.5058559502063927,147.6164421081543,143.9143765258789,0.016975817613793742
2021-11-22,157.4191131591797,161.9944471367291,157.39955624235793,158.06434223873077,117467900,2021,11,22,0,4,0.5081170023923437,148.23218841552733,144.14290802001952,0.0029273299478627113
2021-11-23,157.8004150390625,158.18169292863084,155.502961782972,157.51689191338718,96041900,2021,11,23,1,4,0.5099933783578966,148.83380813598632,144.40698516845703,0.0024222082835472225
2021-11-24,158.3185577392578,158.51408217991855,156.06998937776268,157.15516717862224,69463600,2021,11,24,2,4,0.5125431442013589,149.4842758178711,144.66365814208984,0.0032835319226951487
2021-11-26,153.3032684326172,156.8618668141861,152.8633347292546,156.001556326016,76959800,2021,11,26,4,4,0.4878630447532075,149.70240325927733,144.82471130371093,-0.03167846763043747
2021-11-29,156.6565704345703,157.58532267329434,155.2389847402696,155.8060160344783,88748200,2021,11,29,0,4,0.5043645508135475,150.2234016418457,145.10613067626954,0.0218736497677936
2021-11-30,161.6033935546875,161.81847488073362,156.3437019010155,156.41214364910118,174048100,2021,11,30,1,4,0.528707730058512,151.03274230957032,145.54740264892578,0.031577501705766675
2021-12-01,161.08526611328125,166.49159798116264,160.85062784337472,163.7346542506034,152052500,2021,12,1,2,4,0.5261580393031271,151.7644371032715,145.9687451171875,-0.003206166838513269
2021-12-02,160.09786987304688,160.52803264766237,154.27116024660182,155.19014164372396,136739200,2021,12,2,3,4,0.5212990898161157,152.3750099182129,146.3230908203125,-0.006129649620096211
2021-12-03,158.22076416015625,161.27100166043388,156.14817855062066,160.35202051883033,118023100,2021,12,3,4,4,0.5120619047134551,152.91759567260743,146.6207601928711,-0.011724738838681081
2021-12-06,161.62295532226562,164.12570364495514,160.60620449270007,160.61597549233863,107497000,2021,12,6,0,4,0.5288039929737083,153.6038963317871,146.984716796875,0.021502810836291797
2021-12-07,167.3519287109375,167.74299254141582,164.57544264356054,165.2988995417756,120405400,2021,12,7,1,4,0.5569961119768976,154.61770553588866,147.49351623535156,0.03544653280995069
2021-12-08,171.1647186279297,172.02504411674911,166.882663021836,168.28069194116756,116998900,2021,12,8,2,4,0.5757587453112658,155.8040687561035,148.1461245727539,0.022783065282611314
2021-12-09,170.65634155273438,172.7973693361273,170.03065436230736,170.9985205283445,108923700,2021,12,9,3,4,0.5732570358373243,157.10628356933594,148.77060333251953,-0.002970104349018343
2021-12-10,175.4369659423828,175.61294836881706,170.78341894665584,171.29179439045112,115402700,2021,12,10,4,4,0.5967823557435078,158.64997177124025,149.51666137695312,0.02801316579361446
2021-12-13,171.80995178222656,178.05705234389498,171.60464142456377,177.06962931153166,153237000,2021,12,13,0,4,0.5789339197511942,159.90868072509767,150.16772674560548,-0.020674172861308127
2021-12-14,170.43150329589844,173.76524989300478,168.35891710300444,171.3309277742781,139380400,2021,12,14,1,4,0.5721506130171865,161.0979782104492,150.85975372314454,-0.008023100361935653
2021-12-15,175.29029846191406,175.48582285763158,168.45661118755606,171.19399748026692,131063300,2021,12,15,2,4,0.5960606091437681,162.48133239746093,151.6104934692383,0.0285087854771775
2021-12-16,168.4077606201172,177.08918279763162,166.93153397693786,175.27077720416733,150185800,2021,12,16,3,4,0.562191831490941,163.39884414672852,152.20620574951172,-0.03926365521758901
2021-12-17,167.3127899169922,169.59068583995457,165.89521929851176,166.12984262332955,195432700,2021,12,17,4,4,0.5568035110584277,164.04750366210936,152.75483184814453,-0.006501901688455769
2021-12-20,165.95388793945312,166.76532847471316,163.71510567618958,164.51676029378936,107499100,2021,12,20,0,4,0.550116392151539,164.49721603393556,153.28389434814454,-0.008121925276682318
2021-12-21,169.1215057373047,169.32680124540954,165.3380387090317,167.7234764441015,91185900,2021,12,21,1,4,0.5657041513982883,165.08233566284179,153.87806640625,0.019087337074062738
2021-12-22,171.7122039794922,171.92728536537462,168.30024464668514,169.1703411922784,92135300,2021,12,22,2,4,0.5784529055275225,165.77792510986328,154.54943450927735,0.015318561828627564
2021-12-23,172.33786010742188,172.89512039322665,171.35045204505695,171.9174833311616,68356600,2021,12,23,3,4,0.5815317419641772,166.4788902282715,155.24502960205078,0.0036436322720800884
2021-12-27,176.29730224609375,176.3852860059842,173.1102106304085,173.12975263201184,74919600,2021,12,27,0,4,0.6010160468102078,167.62859191894532,155.964169921875,0.022974882804067898
2021-12-28,175.280517578125,177.27490525734726,174.5375188860444,176.13107184612667,79144300,2021,12,28,1,4,0.5960124776861699,168.55978927612304,156.6418893432617,-0.005767443148672946
2021-12-29,175.3685302734375,176.59057652650236,174.1562550200767,175.31964543980357,62348900,2021,12,29,2,4,0.5964455857164757,169.24804611206054,157.28798156738281,0.0005021248027365921
2021-12-30,174.2149200439453,176.53193000592643,174.10737937130014,175.45652327947462,59773000,2021,12,30,3,4,0.5907687018026058,169.90452880859374,157.86785278320312,-0.006578205494985112
2021-12-31,173.5989990234375,175.22186501048878,173.29591904054473,174.10735949284833,64062300,2021,12,31,4,4,0.587737771559317,170.57958526611327,158.4256442260742,-0.00353540913919681
2022-01-03,177.93968200683594,178.79023623086843,173.7358553840875,173.85316703531066,104487900,2022,1,3,0,1,0.609098152018591,171.56553115844727,159.06595397949218,0.025004078409532893
2022-01-04,175.68136596679688,178.84891521802436,175.11433471652768,178.54585013474667,99310400,2022,1,4,1,1,0.5979850414788417,172.26845169067383,159.67652099609376,-0.012691469460714755
2022-01-05,171.00828552246094,176.14088047095728,170.7345483186125,175.5934060632604,94537600,2022,1,5,2,1,0.5749889423420055,172.45126953125,160.1946029663086,-0.026599750170539616
2022-01-06,168.15357971191406,171.3797850968752,167.80162976232634,168.83792269234627,96904000,2022,1,6,3,1,0.5609410142980089,172.30071258544922,160.6423141479492,-0.016693377176580926
2022-01-07,168.3197784423828,170.24572473108867,167.2052727402814,169.02367835082143,86709100,2022,1,7,4,1,0.5617588736367901,172.18388442993165,161.1025256347656,0.00098837462011514
2022-01-10,168.33929443359375,168.64235947540746,164.40919005325154,165.2988431820016,106765600,2022,1,10,0,1,0.5618549112877542,171.8290008544922,161.49049713134767,0.00011594591789232389
2022-01-11,171.1647186279297,171.26247339503044,166.9999896269401,168.46644539148625,76138300,2022,1,11,1,1,0.5757587453112658,171.79673919677734,161.9890594482422,0.01678410381748696
2022-01-12,171.60462951660156,173.21772467571947,170.91051556767007,172.1814317936139,74805200,2022,1,12,2,1,0.5779235345820206,171.8553955078125,162.5128204345703,0.0025701026017408424
2022-01-13,168.33929443359375,172.67021859186923,167.94823073645128,171.84900720420214,84505800,2022,1,13,3,1,0.5618549112877542,171.5078453063965,162.95057891845704,-0.01902824587079055
2022-01-14,169.19969177246094,169.89380588973404,167.26395921098248,167.5083685317949,80440800,2022,1,14,4,1,0.5660889027067638,171.54744186401368,163.3768444824219,0.005111090323635548
2022-01-18,166.0027618408203,168.68147761318977,165.62148401611884,167.6745127192973,90956700,2022,1,18,1,1,0.5503568992633747,171.48194046020507,163.74951873779298,-0.01889441935828018
2022-01-19,162.51260375976562,167.25414945182573,162.22909557704548,166.19829964047344,94815000,2022,1,19,2,1,0.533181928237048,171.30987625122071,164.04183197021484,-0.021024698880620973
2022-01-20,160.8310546875,165.8854360990158,160.50843269303434,163.24581922868165,91420500,2022,1,20,3,1,0.5249070719340403,170.89535369873047,164.3169381713867,-0.010347191746132967
2022-01-21,158.77804565429688,162.6103813121943,158.67050497614542,160.74309086318223,122848900,2022,1,21,4,1,0.5148042714753873,170.2486457824707,164.54375,-0.012765003855705559
2022-01-24,158.00572204589844,158.67052310978175,151.24047430258736,156.44151145113543,162294600,2022,1,24,0,1,0.5110036884389929,169.53203887939452,164.81162353515626,-0.004864171272645601
2022-01-25,156.20684814453125,159.1202024043847,153.5085752311325,155.4247355135648,115798400,2022,1,25,1,1,0.5021514799090399,168.52751617431642,165.04449645996092,-0.011384865548379586
2022-01-26,156.11886596679688,160.7137572085088,154.29068942101793,159.84366081362626,108275300,2022,1,26,2,1,0.5017185220548889,167.56943359375,165.23415832519532,-0.0005632414889580328
2022-01-27,155.6593475341797,160.1760252131081,154.7403664665498,158.81711052646853,121954600,2022,1,27,3,1,0.4994572446047058,166.5839744567871,165.41443420410155,-0.0029433882303174785
2022-01-28,166.52090454101562,166.5404614570555,159.15929945417386,162.00422657695262,179935700,2022,1,28,4,1,0.5529066651068371,166.19927368164062,165.79238800048827,0.06977773695505785
2022-01-31,170.8714141845703,171.0864955438015,165.71926239899202,166.35473547583268,115541600,2022,1,31,0,1,0.5743154022879413,166.06289443969726,166.20866577148436,0.0261259068676456
2022-02-01,170.70521545410156,170.93006781127377,168.45664712970438,170.1186272242385,86213900,2022,2,1,1,1,0.5734975429491601,165.70117111206054,166.5359780883789,-0.0009726538008822949
2022-02-02,171.90769958496094,171.94681342176997,169.45383589849953,170.84207875406224,84914300,2022,2,2,2,1,0.5794149339748659,165.51248779296876,166.83493927001953,0.0070442143648663524
2022-02-03,169.03343200683594,172.2987509371964,168.27087633720052,170.57810026310062,89418100,2022,2,3,3,1,0.5652707430156731,165.4137451171875,167.06722564697264,-0.016719830380281908
2022-02-04,168.74957275390625,170.42346859121156,167.0756769166009,168.05455952783922,82465400,2022,2,4,4,1,0.5638738795122444,165.44354476928712,167.28620880126954,-0.0016793083448616297
2022-02-07,168.03497314453125,170.27660749223818,167.33995999905824,169.20962915449093,77251200,2022,2,7,0,1,0.5603573546725641,165.42930450439454,167.480537109375,-0.004234675073323757
2022-02-08,171.1380157470703,171.6470387890935,167.80980654806993,168.10347426218178,74829200,2022,2,8,1,1,0.5756273411758576,165.56924057006836,167.83723205566406,0.01846664741553572
2022-02-09,172.5574493408203,172.91963117728815,171.20658637108463,172.33231049138615,71285000,2022,2,9,2,1,0.5826123344856976,165.63887710571288,168.15524963378905,0.008294087012483686
2022-02-10,168.4852752685547,171.7743215374217,167.92731993059743,170.4626223841964,90865900,2022,2,10,3,1,0.562573278924012,165.48290939331054,168.2928872680664,-0.023598946830876155
2022-02-11,165.07875061035156,169.4249914689082,164.4914151129285,168.69082956541044,98670700,2022,2,11,4,1,0.545809865649784,165.31988220214845,168.3727569580078,-0.020218530389515266
2022-02-14,165.313720703125,165.9989356288058,163.04270559336564,163.83559821712237,86185500,2022,2,14,0,1,0.5469661469532995,165.12558364868164,168.47707397460937,0.0014233818217346261
2022-02-15,169.14112854003906,169.29775335068365,166.65477315145358,167.35956986279012,62527400,2022,2,15,1,1,0.5658007146657941,165.2825019836426,168.69548126220704,0.023152390622115604
2022-02-16,168.9062042236328,169.67951494494773,166.45899759893967,168.2209893560315,61177400,2022,2,16,2,1,0.5646446586265107,165.60218200683593,168.84114624023437,-0.001388924848935491
2022-02-17,165.313720703125,168.2797341887302,164.91237519788157,167.41831260412283,69589300,2022,2,17,3,1,0.5469661469532995,165.8263153076172,168.80038208007812,-0.02126910338800425
2022-02-18,163.76705932617188,166.93862933962222,162.68049906023276,166.23384762062662,82772700,2022,2,18,4,1,0.539355069254297,166.07576599121094,168.65242889404297,-0.009355916558980937
2022-02-22,160.85003662109375,163.16998418925112,158.72584769849567,161.49608794845346,91162800,2022,2,22,1,1,0.5250004815022963,166.2179817199707,168.45630279541015,-0.01781202347456423
2022-02-23,156.68975830078125,162.6413518716535,156.37650867254357,162.04423283731927,90009200,2022,2,23,2,1,0.5045278673818406,166.24212722778321,168.08135864257812,-0.025864329332499048
2022-02-24,159.3033447265625,159.41102239990326,148.79014121364656,149.357894860665,141147500,2022,2,24,3,1,0.5173892536271391,166.40135116577147,167.83122650146484,0.016680008024291038
2022-02-25,161.36883544921875,161.63312305071847,157.472871153436,160.3801542624622,91974200,2022,2,25,4,1,0.5275534761330857,166.68682556152345,167.64997314453126,0.012965771222202438
2022-02-28,161.63308715820312,161.92675492011216,158.99989062280463,159.61659142915732,95056600,2022,2,28,0,1,0.5288538514570861,166.44243469238282,167.37682891845702,0.0016375634629124391
2022-03-01,159.75364685058594,163.0818568508139,158.5496253630897,161.22197083806662,83474400,2022,3,1,1,1,0.519605177878587,165.88654632568358,167.2037466430664,-0.01162781915919009
2022-03-02,163.0426788330078,163.82578787806702,159.50891214996344,160.91850544375748,79724800,2022,3,2,2,1,0.5357904129570185,165.5034194946289,167.11834442138672,0.020588149611996176
2022-03-03,162.71966552734375,165.34307890598984,162.0540324670775,164.91236813214016,76678400,2022,3,3,3,1,0.5342008734470425,165.04401779174805,167.05365997314453,-0.0019811579886693798
2022-03-04,159.72434997558594,162.05409647991786,158.6769528495969,161.01648280753923,83737200,2022,3,4,4,1,0.5194610087700247,164.57856369018555,166.86571685791014,-0.018407827609837835
2022-03-07,155.93597412109375,161.5351828168675,155.68145512983824,159.91023439793054,96418800,2022,3,7,0,1,0.5008185163594583,163.93788375854493,166.5501922607422,-0.02371821112479877
2022-03-08,154.11524963378906,159.44037235523825,152.50988307246044,155.46611214466617,131148300,2022,3,8,1,1,0.4918587817027026,163.2418975830078,166.18574005126953,-0.01167610294909105
2022-03-09,159.5089111328125,159.959203685233,156.04367342146804,158.06995256595388,91454900,2022,3,9,2,1,0.5184008402055507,162.66044235229492,165.8499722290039,0.03499758467666192
2022-03-10,155.17247009277344,157.00297572975708,152.68609998585092,156.81698565051138,105342000,2022,3,10,3,1,0.4970613342317872,161.79119338989258,165.44781127929687,-0.027186199248946052
2022-03-11,151.46255493164062,155.91647534911107,151.23741603499275,155.5738603413947,96970100,2022,3,11,4,1,0.478804944715089,160.94005737304687,164.96969177246095,-0.023908333475098686
2022-03-14,147.4393310546875,150.865421052167,146.93032272367594,148.2518056179064,108732100,2022,3,14,0,1,0.4590067717056261,160.05808639526367,164.43417999267578,-0.02656249842589098
2022-03-15,151.81491088867188,152.28478532825997,147.20438184151632,147.713390079557,92964300,2022,3,15,1,1,0.4805388785978594,159.383145904541,163.99849822998047,0.029677154682432816
2022-03-16,156.2198944091797,156.6212399212536,151.19823606106897,153.73353879751855,102300200,2022,3,16,2,1,0.5022156802151965,158.73708419799806,163.56410247802734,0.02901548665228315
2022-03-17,157.22811889648438,157.60009906528276,154.30126947324382,155.2605702418383,75615400,2022,3,17,3,1,0.5071771249278263,158.15317993164064,163.1950375366211,0.006453880225164577
2022-03-18,160.51718139648438,161.00662274780382,156.38629519642316,157.1204572234023,123511700,2022,3,18,4,1,0.5233625101824126,157.9133529663086,162.98521545410156,0.020919047579303962
2022-03-21,161.8876190185547,162.83713639325782,159.56765695852218,160.05709828830467,95811400,2022,3,21,0,1,0.5301063956757979,157.81938095092772,162.85989624023438,0.008537638215097232
2022-03-22,165.25498962402344,165.84231029999864,161.42755456550665,162.01487524148183,81532000,2022,3,22,1,1,0.5466771329434786,158.0396286010742,162.7986004638672,0.02080066793176316
2022-03-23,166.61561584472656,168.9942934206818,164.1096638130363,164.4424952526729,98062700,2022,3,23,2,1,0.5533727368031109,158.5359214782715,162.76412689208985,0.008233495544060387
2022-03-24,170.39413452148438,170.4626485498089,166.6156463524789,167.44768776251115,90131400,2022,3,24,3,1,0.5719667223156923,159.09046096801757,162.74871520996095,0.022678058461693684
2022-03-25,171.03038024902344,171.57855215101324,169.1019802060181,170.20812239603873,80546200,2022,3,25,4,1,0.5750976698780461,159.57353820800782,162.73723022460936,0.0037339649590979462
2022-03-28,171.8917694091797,172.01901397467847,168.36778650765086,168.53419473681177,90371900,2022,3,28,0,1,0.5793365420220852,160.08647232055665,162.8082797241211,0.005036468719195053
2022-03-29,175.18081665039062,175.2297488255487,172.6161343745908,172.95874922006587,100589400,2022,3,29,1,1,0.5955218521885941,160.8578308105469,162.9279022216797,0.01913440796214938
2022-03-30,174.01596069335938,175.8171010585222,172.96854916161706,174.77948791199498,92633200,2022,3,30,2,1,0.589789628361698,161.40649490356446,163.08816619873048,-0.006649449290763165
2022-03-31,170.92271423339844,174.27049138056103,170.7171422878286,174.0845012718467,103049300,2022,3,31,3,1,0.5745678484040799,161.8166473388672,163.25636840820312,-0.01777564797870279
2022-04-01,170.62904357910156,171.18701389593227,168.30909632537671,170.35495761395958,78751300,2022,4,1,4,2,0.5731227032668983,162.36188201904298,163.45232818603515,-0.0017181487879712742
2022-04-04,174.67184448242188,174.720791608407,170.75631338866327,170.88357292891146,76468400,2022,4,4,0,2,0.5930172142796349,163.29867553710938,163.77020416259765,0.02369350972448081
2022-04-05,171.36318969726562,174.53477477488693,170.73670541562527,173.7516656886956,73401800,2022,4,5,1,2,0.5767354159336976,164.16107254028321,164.037353515625,-0.018942118547842002
2022-04-06,168.20135498046875,169.96334618717503,166.53725798279694,168.72016142792123,89058800,2022,4,6,2,2,0.5611761150682737,164.595694732666,164.27724365234374,-0.018451072966035764
2022-04-07,168.5048370361328,169.69907490999924,166.2632026288955,167.5455363451221,77594700,2022,4,7,3,2,0.5626695418392081,165.26231307983397,164.52496307373048,0.0018042783050071787
2022-04-08,166.49815368652344,168.15246782773184,165.62694868711696,168.15246782773184,76575500,2022,4,8,4,2,0.5527947087834693,166.01409301757812,164.74173919677733,-0.011908758139560605
2022-04-11,162.24981689453125,165.46055114101816,162.0050962053992,165.14731642594322,72246700,2022,4,11,0,2,0.5318887613684757,166.7546173095703,164.65631744384766,-0.02551581923239099
2022-04-12,164.11949157714844,166.2828141709391,163.12102695263263,164.4718899777678,79265200,2022,4,12,1,2,0.5410893785774542,167.36984634399414,164.5212789916992,0.011523431695658282
2022-04-13,166.80160522460938,167.42808955183875,163.24827119923606,163.85517369033073,70618900,2022,4,13,2,2,0.554287985378249,167.89893188476563,164.44320678710938,0.016342444286699065
2022-04-14,161.79949951171875,167.65322825491936,161.55477886000992,167.01694559853848,75329400,2022,4,14,3,2,0.5296727620289505,168.12750091552735,164.24104278564454,-0.029988354765261183
2022-04-18,161.58419799804688,163.08188755230427,160.1158737341422,160.45847376711322,69023900,2022,4,18,0,2,0.5286132692571729,168.18085174560548,164.09205810546874,-0.0013306686010872149
2022-04-19,163.86495971679688,164.27610359926777,160.44866861751814,161.53522902332887,67723800,2022,4,19,1,2,0.5398368343587424,168.27971878051758,163.99436584472656,0.014115004728231906
2022-04-20,163.6985321044922,165.31369734743882,162.59240492951264,165.19622127922986,67929800,2022,4,20,2,2,0.5390178486988007,168.201895904541,163.9076370239258,-0.0010156388076640877
2022-04-21,162.9056396484375,167.90773030576432,162.40641490220864,165.34306268686478,87227800,2022,4,21,3,2,0.5351160469341032,168.01639709472656,163.74298950195313,-0.004843613720058038
2022-04-22,158.3734588623047,164.32506872590315,158.08958939152427,162.94485517960146,84882400,2022,4,22,4,2,0.5128133111037584,167.41536331176758,163.45930969238282,-0.02782089555594025
2022-04-25,159.44041442871094,159.7242838315626,155.11375480994548,157.71757136622622,96046400,2022,4,25,0,2,0.518063769826209,166.83586502075195,163.27841247558592,0.006736959425341027
2022-04-26,153.48878479003906,158.91178747297153,153.41047239469103,158.8236916294158,95623200,2022,4,26,1,2,0.4887759655979469,165.91571578979492,163.04661315917969,-0.03732823738571611
2022-04-27,153.26364135742188,156.4156292897006,152.09876878373368,152.61757531774515,88063200,2022,4,27,2,2,0.4876680410162616,164.8198570251465,162.80561157226563,-0.0014668396321279031
2022-04-28,160.18435668945312,161.04577820352466,155.57381282317428,155.88706244158715,130216800,2022,4,28,3,2,0.5217246890386839,164.12827682495117,162.6264761352539,0.04515562380441973
2022-04-29,154.32081604003906,162.69026417943107,153.92926902509257,158.4223359956449,131747600,2022,4,29,4,2,0.4928703682811142,163.2981819152832,162.33476837158204,-0.03660495176056189
2022-05-02,154.62432861328125,154.8886162063275,150.03336604127583,153.40072515321864,123055300,2022,5,2,0,2,0.4943639452282033,162.4979461669922,162.12098052978516,0.0019667636617697326
2022-05-03,156.11221313476562,157.31624964341847,153.01895506893698,154.81029731534235,88966500,2022,5,3,1,2,0.5016857836531529,161.56996459960936,161.96788360595704,0.009622577086207507
2022-05-04,162.51409912109375,162.964376768375,155.8968429541357,156.29818841895514,108256500,2022,5,4,2,2,0.5331892868686309,161.12751007080078,162.00116485595703,0.04100823284595689
2022-05-05,153.45945739746094,160.6150881198339,151.67788357069364,160.38994926297363,130525300,2022,5,5,3,2,0.4886316463132298,160.3904151916504,161.93655883789063,-0.05571603800902192
2022-05-06,154.18487548828125,156.3023722983105,151.14587460582203,152.93986371222095,116124600,2022,5,6,4,2,0.49220140859977,159.6744171142578,161.834189453125,0.004727099281613301
2022-05-09,149.06761169433594,152.76342612282588,148.5088364921623,151.88112823098254,131577900,2022,5,9,0,2,0.4670194955305137,158.80289001464843,161.58816497802735,-0.03318914243527249
2022-05-10,151.46937561035156,153.65550196924158,149.92046680625165,152.45950928453797,115366700,2022,5,10,1,2,0.4788385090856761,158.26386795043945,161.3848907470703,0.01611190981539612
2022-05-11,143.61700439453125,152.39087300235883,142.9405806152843,150.47925033829725,142689800,2022,5,11,2,2,0.4401972083228976,157.2387435913086,161.06215789794922,-0.051841312372081116
2022-05-12,139.75453186035156,143.3228989996902,136.06853101088905,139.96040581157675,182602000,2022,5,12,3,2,0.4211900882085926,155.8863899230957,160.5963949584961,-0.026894256362352875
2022-05-13,144.21498107910156,145.18550397266762,140.29369821646105,141.74456868725608,113990900,2022,5,13,4,2,0.4431398349871921,155.00716400146484,160.22630126953126,0.03191631183171273
2022-05-16,142.6759033203125,144.616949555646,141.3426662408205,142.68571610317943,86643800,2022,5,16,0,2,0.4355660760626456,154.06174926757814,159.8853323364258,-0.01067210734469315
2022-05-17,146.30311584472656,146.82268479374127,143.79348144376362,145.9305890667493,78336300,2022,5,17,1,2,0.453415488199965,153.18365707397462,159.69267517089844,0.025422740911412722
2022-05-18,138.0487823486328,144.46007380411618,137.14687404841018,143.96011558077154,109742900,2022,5,18,2,2,0.4127961422148662,151.90116958618165,159.3713458251953,-0.05641939645943139
2022-05-19,134.64707946777344,138.87226008655338,133.91183880440775,137.12729010884627,136095600,2022,5,19,3,2,0.3960564567730892,150.48824157714844,158.87410919189452,-0.024641310288913698
2022-05-20,134.88235473632812,137.93115346240322,130.00036063657,136.3528361484188,137426100,2022,5,20,4,2,0.3972142398381522,149.3136863708496,158.46830688476564,0.0017473477292242467
2022-05-23,140.2937469482422,140.4407891232643,134.9411873997547,135.0784317492794,117726300,2022,5,23,0,2,0.4238435506869114,148.35635299682616,158.24493072509765,0.04011934861674393
2022-05-24,137.5978546142578,139.17617200488684,134.62748321427134,138.03899606760518,104132700,2022,5,24,1,2,0.410577139352246,147.56180648803712,158.04810119628905,-0.019216054832286722
2022-05-25,137.7546844482422,138.99968110716551,135.61757730341805,135.70580258630076,92482700,2022,5,25,2,2,0.4113488946115181,146.78635864257814,157.76689666748047,0.0011397694711450246
2022-05-26,140.9505615234375,141.4995389264538,134.44123025043575,134.68631051667606,90601500,2022,5,26,3,2,0.4270757169775683,145.82466888427734,157.46151000976562,0.02319977057764655
2022-05-27,146.69520568847656,146.73441193920726,142.4013957458045,142.5288422380691,90978500,2022,5,27,4,2,0.4553449514362229,145.44338836669922,157.25085174560547,0.040756447529893824
2022-05-31,145.9109344482422,147.69512536408004,143.95029298038023,146.13641898717157,103718400,2022,5,31,1,2,0.4514855744352429,145.00771865844726,156.9587268066406,-0.005346263612049151
2022-06-01,145.7835235595703,148.75389460714223,144.7737792988703,146.95009283292427,74286600,2022,6,1,2,2,0.450858588989152,144.4912841796875,156.63664489746094,-0.0008732100109815066
2022-06-02,148.2343292236328,148.2931460840145,143.96992734384497,144.9208398093746,72348100,2022,6,2,3,2,0.4629189356250015,143.77729568481445,156.29623168945312,0.016811266487608556
2022-06-03,142.51902770996094,145.05805472503135,141.61713446378366,144.00910439920688,88570300,2022,6,3,4,2,0.4347940955391413,143.23027420043945,155.81429992675783,-0.03855585641737225
2022-06-06,143.2640838623047,145.6462712304333,142.0484806619193,144.13656879270374,71598400,2022,6,6,0,2,0.4384604961812645,142.68423461914062,155.27169891357423,0.005227766174913828
2022-06-07,145.7835235595703,146.06781003090646,141.26424373812603,141.50932395629872,67808200,2022,6,7,1,2,0.450858588989152,142.52003021240233,154.76676177978516,0.017585982678583578
2022-06-08,145.04827880859375,146.9206802540853,144.55811838609154,145.6560729457736,53950200,2022,6,8,2,2,0.4472404699807816,142.19897537231446,154.22989196777343,-0.005043400879771731
2022-06-09,139.83299255371094,145.0384948829892,139.72515664096548,144.18562036487367,69473000,2022,6,9,3,2,0.4215761911024608,142.00977478027343,153.52293548583984,-0.035955519760182186
2022-06-10,134.431396484375,137.98995082700978,134.36276684809005,137.51940103001422,91437900,2022,6,10,4,2,0.3949950867993771,141.7436180114746,152.73124420166016,-0.03862890989235712
2022-06-13,129.2847442626953,132.53940235521404,128.85340060932865,130.2552525242583,122207100,2022,6,13,0,2,0.3696685540930943,140.9971061706543,151.8984848022461,-0.03828459984999033
2022-06-14,130.1474151611328,131.25518271689248,128.89260543359612,130.51014411570253,84784300,2022,6,14,1,2,0.3739137336356329,140.3706817626953,151.0888522338867,0.006672642649039995
2022-06-15,132.7648468017578,134.63726323315953,129.5592083618082,131.64728162043858,91533000,2022,6,15,2,2,0.3867940420764302,139.6937683105469,150.25071228027343,0.020111284095688076
2022-06-16,127.5005340576172,129.7846835531672,126.50060254968962,129.4807864670593,108123900,2022,6,16,3,2,0.3608885052054998,139.1663558959961,149.37345916748046,-0.03965140525489541
2022-06-17,128.97103881835938,130.46113104749855,127.25547692933144,127.51036998343508,134520300,2022,6,17,4,2,0.3681248183103178,138.8825538635254,148.5888528442383,0.011533322363007859
2022-06-21,133.1962127685547,134.36279718069025,130.69640612370614,130.79442925101708,81000500,2022,6,21,1,2,0.3889167820238542,138.79824676513672,147.88268035888672,0.03276064137271906
2022-06-22,132.68643188476562,135.04899374439103,131.27476747959807,132.1374396483602,73409200,2022,6,22,2,2,0.386408164446794,138.4178810119629,147.20644592285157,-0.003827292632372914
2022-06-23,135.54898071289062,135.86267563561398,132.96093402675356,134.1275183400123,72433800,2022,6,23,3,2,0.4004946877625619,138.31543731689453,146.67242919921875,0.02157378706672164
2022-06-24,138.87222290039062,139.1173030558868,137.0194175231798,137.14684903225404,89116800,2022,6,24,4,2,0.4168482703104709,138.37131423950194,146.1674838256836,0.02451691019749558
2022-06-27,138.87222290039062,140.66621143364327,138.19579927786032,139.89174976551223,70207900,2022,6,27,0,2,0.4168482703104709,138.26739730834962,145.6088961791992,0.0
2022-06-28,134.73529052734375,140.59760460905184,134.61765682035212,139.33299738336785,67083400,2022,6,28,1,2,0.3964905409484007,137.66940155029297,145.0676119995117,-0.02978948767900247
2022-06-29,136.49009704589844,137.90176176618252,133.9804775247322,134.75493953918553,66242400,2022,6,29,2,2,0.4051258951108915,137.19835968017577,144.56572998046875,0.013024104610503295
2022-06-30,134.0294647216797,135.64698810352084,131.1375212724895,134.5490335635321,98964500,2022,6,30,3,2,0.3930171917532117,136.61065673828125,143.9690200805664,-0.018027918343345384
2022-07-01,136.19595336914062,136.3037892489926,132.99031531614665,133.36282702594735,71051600,2022,7,1,4,3,0.4036784222433112,136.00873794555665,143.41896850585937,0.016164271430612498
2022-07-05,138.7742156982422,138.82323473193733,134.2353254229341,135.05880629688934,73353800,2022,7,5,1,3,0.4163659795894837,135.8214973449707,142.93634002685548,0.018930535491855194
2022-07-06,140.1074981689453,141.2838805673682,138.3037108274626,138.56840172862474,74064300,2022,7,6,2,3,0.4229270256144579,135.66366806030274,142.57102081298828,0.009607566247048949
2022-07-07,143.46998596191406,143.66604717243726,140.4603932776671,140.47019110271424,66253700,2022,7,7,3,3,0.4394737346973784,135.54799118041993,142.25161224365235,0.02399934219733324
2022-07-08,144.14637756347656,144.64635079248632,142.1465295229667,142.40140757015126,64547800,2022,7,8,4,3,0.4428022389913089,135.50289611816407,142.0647640991211,0.004714516398865776
2022-07-11,142.01910400390625,143.75427642973983,140.95055766241197,142.80336382609462,63141600,2022,7,11,0,3,0.4323339848600661,135.61220169067383,141.83987335205077,-0.014757731658109452
2022-07-12,142.98959350585938,145.5286208059207,142.19553604555907,142.89155544175705,77588800,2022,7,12,1,3,0.4371097367573446,136.04011154174805,141.4959780883789,0.006833513763940147
2022-07-13,142.62689208984375,143.56799177024092,139.3232005090592,140.17608985764943,71185600,2022,7,13,2,3,0.4353248931581134,136.70721893310548,141.262099609375,-0.002536558130719957
2022-07-14,145.54824829101562,146.01879814456234,140.4309718883509,141.244640047542,78140700,2022,7,14,3,3,0.4497008059240889,137.4772605895996,141.08057800292968,0.02048250619758063
2022-07-15,147.21478271484375,147.8912065060331,145.2835494113212,146.83245817528143,76259900,2022,7,15,4,3,0.4579017755589585,138.19975738525392,140.90262939453126,0.011450047962761944
2022-07-18,144.17581176757812,148.58725611818477,143.8130828380742,147.77358792071823,81420900,2022,7,18,0,3,0.4429470838925674,139.03352127075195,140.53586364746093,-0.02064310995963048
2022-07-19,148.02847290039062,148.25394254490203,144.01896354895925,145.0090823866063,82982400,2022,7,19,1,3,0.4619059223731196,139.98639297485352,140.42724395751952,0.026721965949623172
2022-07-20,150.02830505371094,150.6949310490213,147.41085002655058,148.14609070693865,64823400,2022,7,20,2,3,0.4717470408821167,140.82799758911133,140.34411254882812,0.013509780342502165
2022-07-21,152.2928466796875,152.50851845862235,148.94994906470606,151.45956799212024,65086600,2022,7,21,3,3,0.4828907873574355,141.8083183288574,140.40861724853517,0.015094095911873717
2022-07-22,151.05763244628906,153.2045374479934,150.3910214648786,152.3320525114364,66675400,2022,7,22,4,3,0.4768123324057578,142.58375091552733,140.40038238525392,-0.00811078301002821
2022-07-25,149.94007873535156,151.9889458272938,149.28326552705713,150.97921649648936,53623900,2022,7,25,0,3,0.4713128816187277,143.13714370727538,140.52684387207032,-0.007398194270884395
2022-07-26,148.61666870117188,150.07733740905363,147.8324089141252,149.26366918886245,55138700,2022,7,26,1,3,0.4648004175798159,143.62436599731444,140.7040866088867,-0.008826259432046513
2022-07-27,153.7045135498047,154.2338952339947,149.1656377708993,149.5773707705413,78620700,2022,7,27,2,3,0.489837560835891,144.5728271484375,140.8938772583008,0.03423468506660643
2022-07-28,154.25347900390625,154.53776544520662,151.37133354934207,153.89075014754778,81378700,2022,7,28,3,3,0.4925390045956532,145.46099624633788,141.12542877197265,0.0035715636543338647
2022-07-29,159.3119354248047,160.409904944982,156.36117506106663,158.0669387195233,101786900,2022,7,29,4,3,0.5174315282147018,146.72511978149413,141.3856051635742,0.03279314316645232
2022-08-01,158.3316192626953,160.3706884793457,157.72382510643268,157.84145882480365,67829400,2022,8,1,0,3,0.512607419595593,147.83190307617187,141.79126190185548,-0.006153438281289891
2022-08-02,156.8611602783203,159.21393969022574,156.48864846428177,156.94940053816907,59907000,2022,8,2,1,3,0.505371331755007,148.7362503051758,142.2355435180664,-0.009287209915634698
2022-08-03,162.86073303222656,163.31167231688755,157.58660124880873,157.67482654904526,82507500,2022,8,3,2,3,0.5348950627223852,149.87391204833983,142.79511108398438,0.03824766273092162
2022-08-04,162.54701232910156,163.89986001020398,161.19416464799912,162.74307352499065,55474100,2022,8,4,3,3,0.5333512518515312,150.82776336669923,143.24017639160155,-0.0019263127291888615
2022-08-05,162.32122802734375,162.81206933981915,160.01426786699392,160.22042780912037,56697000,2022,8,5,4,3,0.5322401735705962,151.73650588989258,143.73464385986327,-0.0013890399984755053
2022-08-08,161.85000610351562,164.73615535552312,161.1922805564501,163.32253000929188,60276900,2022,8,8,0,3,0.5299213035650656,152.72805099487306,144.21655029296875,-0.0029030209391266437
2022-08-09,161.89910888671875,162.78263230320212,160.25970057725633,161.0156004495246,63135500,2022,8,9,1,3,0.530162936998062,153.67352676391602,144.63552124023437,0.0003033845001632063
2022-08-10,166.13995361328125,166.23811287684435,163.8428051524665,164.60851631297595,70170500,2022,8,10,2,3,0.5510320161670639,154.84917984008788,145.02441619873048,0.02619436731754865
2022-08-11,165.40370178222656,167.85790820975464,165.10919401506573,166.9449356294848,57149200,2022,8,11,3,3,0.5474089413455867,155.84195251464843,145.41427154541014,-0.004431515809667497
2022-08-12,168.94757080078125,169.01628078921996,166.29701596444957,166.70933581222894,68039400,2022,8,12,4,3,0.5648482224042775,156.9285919189453,145.87755249023436,0.02142557258616029
2022-08-15,170.01760864257812,170.21394216296972,168.21131628811554,168.3782005294128,54091700,2022,8,15,0,3,0.5701138489183581,158.2206817626953,146.3132180786133,0.006333549732174815
2022-08-16,169.86056518554688,170.52811724537264,168.51566461022102,169.61514449782814,56377100,2022,8,16,1,3,0.5693410424260027,159.31228637695312,146.860048828125,-0.0009236893653844502
2022-08-17,171.35272216796875,172.9234055360259,169.40899457207655,169.6053281206725,79542000,2022,8,17,2,3,0.5766839055126175,160.378507232666,147.42182159423828,0.00878459918458363
2022-08-18,170.9600372314453,171.69629926083016,169.9489052427666,170.56737014082248,62290100,2022,8,18,3,3,0.574751513841342,161.3118667602539,147.92535186767577,-0.0022916760910194345
2022-08-19,168.37818908691406,170.5575254675204,168.1720291679761,169.8605242913159,70346300,2022,8,19,4,3,0.5620463107969861,162.17789459228516,148.39195007324219,-0.015102056517664164
2022-08-22,164.5005645751953,166.74861119438174,164.07843325743647,166.58172694573366,69026800,2022,8,22,0,3,0.5429646282218464,162.90591888427736,148.88530151367186,-0.023029256537004272
2022-08-23,164.16676330566406,165.61966421752064,163.59738564765863,164.01951691966545,54147100,2022,8,23,1,3,0.5413220014411655,163.68342361450195,149.48000885009765,-0.002029180084538007
2022-08-24,164.46127319335938,165.03065085876125,163.20472075222654,164.2551282502834,53841500,2022,8,24,2,3,0.5427712764226028,164.22126159667968,150.18353942871093,0.001793967803013663
2022-08-25,166.9154815673828,167.02346724627097,165.2662620854037,165.688378388784,51218200,2022,8,25,3,3,0.5548483676997072,164.8543617248535,150.91890075683594,0.014922712966827012
2022-08-26,160.6228790283203,167.91678748247466,160.56398047750997,167.44558409670634,78961000,2022,8,26,4,3,0.5238826452943973,164.9199089050293,151.4760614013672,-0.03769933429765304
2022-08-29,158.42393493652344,159.91608162954805,156.89251255304256,158.19813716461735,73314000,2022,8,29,0,3,0.5130617024637187,164.9245246887207,152.0945294189453,-0.01369010507780255
2022-08-30,155.99917602539062,159.58231130465205,154.8309714061125,159.16019500251252,77906200,2022,8,30,1,3,0.5011295311759503,164.8814254760742,152.63509216308594,-0.015305508679003266
2022-08-31,154.34011840820312,157.63857209111154,154.261582013457,157.37351363125413,87991100,2022,8,31,2,3,0.492965354698995,164.45539474487305,153.05797027587892,-0.010635040898661297
2022-09-01,155.0666046142578,155.51817026416148,151.836860169279,153.77077627080038,74229900,2022,9,1,3,3,0.4965403731509514,164.08137435913085,153.50557373046874,0.004707047095384942
2022-09-02,152.9559326171875,157.42259054092534,152.1313229947609,156.82376367669738,76957800,2022,9,2,4,3,0.486153814847894,163.61310958862305,153.8537127685547,-0.013611389778739325
2022-09-06,151.6994171142578,154.21252227519972,150.87480729194033,153.60388383195894,73714800,2022,9,6,1,3,0.4799705369401992,163.10558013916017,154.11025665283202,-0.008214885695701946
2022-09-07,153.10321044921875,153.80019664109167,150.7962505650505,151.98409298992328,87449600,2022,9,7,2,3,0.4868785649707287,162.66578521728516,154.39487640380858,0.009253781996430677
2022-09-08,151.63067626953125,153.49586691377095,149.88326774543208,151.80737191866996,84923800,2022,9,8,3,3,0.4796322651516196,161.94032135009766,154.73278411865235,-0.009617918366094047
2022-09-09,154.48739624023438,154.92916542303703,151.91539245059826,152.62220516793604,68028800,2022,9,9,4,3,0.4936901048218297,161.39450607299804,155.09273010253906,0.018839987006489034
2022-09-12,160.43637084960938,161.2511691580026,156.38203213199495,156.6667134786447,104956000,2022,9,12,0,3,0.5229648437246285,160.96894607543945,155.62086822509767,0.03850783140991054
2022-09-13,151.02206420898438,157.59933535695706,150.56067213786503,156.97105902298662,122656600,2022,9,13,1,3,0.4766373020973939,160.01916885375977,155.91739044189453,-0.05867937918796373
2022-09-14,152.46510314941406,154.22232317214238,150.79624593389804,151.95462406702927,87965400,2022,9,14,2,3,0.4837384566629349,159.14939575195314,156.19120819091796,0.009555153069771283
2022-09-15,149.57899475097656,152.3964344091801,148.6071384221947,151.8172302065752,90481100,2022,9,15,3,3,0.4695359973556983,158.06070938110352,156.3806381225586,-0.01892963267541392
2022-09-16,147.93955993652344,148.57766259301448,145.65223775657734,148.44022763272653,162278800,2022,9,16,4,3,0.4614683841462488,156.90968551635743,156.47002960205077,-0.0109603277999194
2022-09-19,151.6503143310547,151.7288507316376,146.36887246061372,146.57501740526791,81474200,2022,9,19,0,3,0.4797289035072026,156.07329177856445,156.62010833740234,0.025082908156029537
2022-09-20,154.02597045898438,155.1843635395565,150.2759512881002,150.59008188296497,107689800,2022,9,20,1,3,0.4914194413619747,155.5495620727539,156.8602456665039,0.015665355778581525
2022-09-21,150.90423583984375,155.83228620825895,150.78643873263653,154.45792171393398,101696800,2022,9,21,2,3,0.4760574719638952,154.88643569946288,157.0185385131836,-0.020267586107966862
2022-09-22,149.94219970703125,151.6405063427645,148.14571882351763,149.58879338602387,86652500,2022,9,22,3,3,0.471323318861483,154.16048202514648,157.16484466552734,-0.006375143331520006
2022-09-23,147.6745147705078,148.69547312127722,145.83877299693037,148.4206031759059,96029900,2022,9,23,4,3,0.4601641042422248,153.19843368530275,157.20736999511718,-0.01512372728260769
2022-09-26,148.00828552246094,150.95333323742267,146.8989794231201,146.91861726875362,93339400,2022,9,26,0,3,0.4618065808467511,152.56770401000978,157.22324005126953,0.002260178423283188
2022-09-27,148.98016357421875,151.88595100420483,147.20332025510484,149.94222342090066,84442700,2022,9,27,1,3,0.4665891657590708,152.09551544189452,157.31932708740234,0.00656637598582499
2022-09-28,147.0952911376953,147.88064007446383,142.18687900699845,144.9355927960457,146691400,2022,9,28,2,3,0.4573137608250258,151.65032119750975,157.30066345214843,-0.012651834924214178
2022-09-29,139.87014770507812,144.0324877695267,138.10311583907216,143.42384928540386,128138200,2022,9,29,3,3,0.4217590305708718,150.92682266235352,157.09750030517577,-0.0491187948759948
2022-09-30,135.6685333251953,140.4787870882612,135.47219979960417,138.69211755301987,124925300,2022,9,30,4,3,0.4010830028488041,149.9569190979004,156.76501403808595,-0.030039393314591267
2022-10-03,139.84066772460938,140.44932105441077,135.16786446408517,135.67834355315813,114311700,2022,10,3,0,4,0.421613960405381,149.3011558532715,156.54067474365235,0.030752410283772402
2022-10-04,143.423828125,143.54162523892447,141.61752082886468,142.3734205948832,87830100,2022,10,4,1,4,0.4392465932633155,148.8873764038086,156.4103497314453,0.02562316426754352
2022-10-05,143.7183074951172,144.6803670999918,140.39040452379436,141.43100052371705,79471000,2022,10,5,2,4,0.4406957180685981,148.41813125610352,156.31238250732423,0.0020532109201585325
2022-10-06,142.76611328125,144.83746445591814,142.55996829483985,143.13915751475955,68402200,2022,10,6,3,4,0.4360099967760934,147.97490310668945,156.0936145019531,-0.006625420452432862
2022-10-07,137.52391052246094,140.47878470691822,136.8956342636469,139.9290298735793,85925600,2022,10,7,4,4,0.4102132625292811,147.1267288208008,155.75902313232422,-0.036718816799767406
2022-10-10,137.84788513183594,139.2909599221613,136.03178109548642,137.84788513183594,74899000,2022,10,10,0,4,0.4118075325881317,145.9973045349121,155.32974212646485,0.00235576932145265
2022-10-11,136.43426513671875,138.76086345268553,135.6881916352389,137.33741147407548,77033700,2022,10,11,1,4,0.404851147835772,145.26791458129884,154.8917950439453,-0.010254926970879708
2022-10-12,135.80593872070312,137.78894134975735,135.6292430799311,136.58147619996143,70433700,2022,10,12,2,4,0.4017591709855764,144.4349563598633,154.47069061279296,-0.004605341740111957
2022-10-13,140.3708038330078,140.9598044199806,131.90868942611982,132.5173428390662,113224000,2022,10,13,3,4,0.424222745477661,143.97454681396485,154.0208920288086,0.03361314796175985
2022-10-14,135.8452606201172,141.8727919675868,135.65873850521228,141.66663200393148,88598000,2022,10,14,4,4,0.4019526729609748,143.36983184814454,153.4868569946289,-0.03223991805499982
2022-10-17,139.80145263671875,140.282467627112,137.70065202144465,138.48600126569377,85250900,2022,10,17,0,4,0.4214209840465243,142.77738876342772,153.0364614868164,0.02912278277903857
2022-10-18,141.11685180664062,144.01281203046764,138.03436952113134,142.8249846575733,99136600,2022,10,18,1,4,0.4278940268448137,142.13193283081054,152.6217984008789,0.009409052231667436
2022-10-19,141.22483825683594,142.2948685353432,138.9080670690917,139.09458913180654,61758300,2022,10,19,2,4,0.4284254251684047,141.64796295166016,152.20831298828125,0.0007652271774265529
2022-10-20,140.76345825195312,143.21766459219867,140.0370077826972,140.40024050696854,64522000,2022,10,20,3,4,0.4261549869727817,141.18902587890625,151.70078308105468,-0.0032669890833489923
2022-10-21,144.57237243652344,145.14175003074126,140.0369895251427,140.25296085326963,86548600,2022,10,21,4,4,0.4448985479354965,141.03391876220704,151.28415649414063,0.027058969933466015
2022-10-24,146.71246337890625,147.47817461798252,143.3256613631015,144.49386606815804,75981900,2022,10,24,0,4,0.4554298760517352,140.9691276550293,150.83945434570313,0.014802903945720702
2022-10-25,149.54954528808594,149.6968066869272,146.62413491177583,147.34075911907576,74732300,2022,10,25,1,4,0.4693910773663623,140.99759674072266,150.43009307861328,0.019337702086376307
2022-10-26,146.61428833007812,149.20592954793565,145.32827166402765,148.19479776463467,88194300,2022,10,26,2,4,0.4549467593618971,140.9735466003418,149.96516754150392,-0.019627321182110302
2022-10-27,142.1476287841797,146.3197794029668,141.48990330767347,145.35773474859954,109180200,2022,10,27,3,4,0.4329664517358055,141.08742065429686,149.38106567382812,-0.03046537685223749
2022-10-28,152.88726806640625,154.6150242142885,145.11234293200243,145.48537216958695,164762400,2022,10,28,4,4,0.4858159184997012,141.94835739135743,149.01961029052734,0.07555271497727456
2022-10-31,150.5312042236328,151.4147275390832,149.13721674827332,150.35450854811523,97943200,2022,10,31,0,4,0.4742217937362802,142.4828842163086,148.6626705932617,-0.015410464668320745
2022-11-01,147.89047241210938,152.60255171953904,146.3983256985316,152.2393339638939,80379300,2022,11,1,1,4,0.4612268258013297,142.70621643066406,148.33046875,-0.017542753511758935
2022-11-02,142.3734130859375,149.38262560122348,142.34396380900958,146.22160672381153,93604600,2022,11,2,2,4,0.4340775300167405,142.63897171020508,147.89460174560546,-0.037305035518435004
2022-11-03,136.3360595703125,140.18425286730874,136.20843606207234,139.45780248243508,97918500,2022,11,3,3,4,0.404367880969779,142.3174690246582,147.33209747314453,-0.04240506274848388
2022-11-04,136.0706024169922,140.28900066971147,132.13735779737468,139.71867839937045,140814800,2022,11,4,4,4,0.403061573687666,142.24480361938475,146.71519989013672,-0.001947079548557773
2022-11-07,136.60157775878906,136.8277351131925,133.40581664759068,134.82178704829124,83374600,2022,11,7,0,4,0.4056744886042016,142.18248825073243,146.2347738647461,0.0039022046817260847
2022-11-08,137.171875,139.06965789658196,135.19542542837,138.06669154902085,89908500,2022,11,8,1,4,0.4084809054961357,142.2193687438965,145.80973266601563,0.004174894979748878
2022-11-09,132.6191864013672,136.23777968306217,132.34386044564616,136.18861111865357,74917800,2022,11,9,2,4,0.3860772512897973,142.06003112792968,145.34213287353515,-0.03318966514551769
2022-11-10,144.41888427734375,144.41888427734375,137.17188688278108,138.88285345399055,118854000,2022,11,10,3,4,0.4441432369651698,142.26243515014647,145.14370819091798,0.08897428943852215
2022-11-11,147.20166015625,147.50648417895965,141.96061049585242,143.38642351170455,93979700,2022,11,11,4,4,0.457837199812415,142.83025512695312,144.98640930175782,0.01926878117658193
2022-11-14,145.80535888671875,147.77198095425382,144.96953850636208,146.48384590068005,73374100,2022,11,14,0,4,0.4509660400278772,143.1304504394531,144.84339782714844,-0.009485635338956855
2022-11-15,147.5359649658203,151.0267217594032,146.0806689942232,149.6795905900005,89868300,2022,11,15,1,4,0.4594823044996493,143.4514060974121,144.7601287841797,0.011869289937732175
2022-11-16,146.30682373046875,147.36880131400713,144.83185736513215,146.6411608430867,64218300,2022,11,16,2,4,0.4534337346027673,143.70550537109375,144.6242010498047,-0.008331129536017334
2022-11-17,148.20465087890625,148.95196191687904,143.71091192910288,143.98623783804743,80389400,2022,11,17,3,4,0.4627728893145049,144.07756500244142,144.5556805419922,0.012971555940095802
2022-11-18,148.76512145996094,150.15159363499748,147.4671586821555,149.76810292744864,74829600,2022,11,18,4,4,0.4655309494846086,144.28720245361328,144.4412350463867,0.0037817340935719646
2022-11-21,145.5398712158203,147.8604860232478,145.2547175972566,147.65399909356225,58724100,2022,11,21,0,4,0.4496595825696095,144.22857284545898,144.14330505371095,-0.021680150646122276
2022-11-22,147.67364501953125,147.9096450709946,144.47788413446048,145.65786938764137,51804100,2022,11,22,1,4,0.4601598242218144,144.13477783203126,144.0763366699219,0.014661094488305437
2022-11-23,148.54881286621094,149.29612388958984,146.84767388557262,146.9558387051269,58301400,2022,11,23,2,4,0.4644665008997242,144.23150405883788,143.99801086425782,0.005926364494923453
2022-11-25,145.6382293701172,146.39538323134536,144.6647458342524,145.83488861865806,35195900,2022,11,25,4,4,0.4501436003163761,144.40603408813476,143.91919555664063,-0.01959344837521615
2022-11-28,141.81314086914062,144.19275214587688,140.98716307142482,142.7177853624681,69246000,2022,11,28,0,4,0.4313204459916426,143.8523277282715,143.79666717529298,-0.026264316158744916
2022-11-29,138.81402587890625,142.39327767480953,138.007718580844,141.8819517027843,83763800,2022,11,29,1,4,0.4165618843833581,143.26646881103517,143.53994140625,-0.02114835742198129
2022-11-30,145.55955505371094,146.23804217919428,138.20439151332914,139.04019702693043,111380900,2022,11,30,2,4,0.4497564461894247,143.14992294311523,143.37061309814453,0.04859400289052296
2022-12-01,145.8348846435547,146.64120704597445,144.16325857031342,145.73656252403373,71250400,2022,12,1,3,4,0.4511113354576,143.3229965209961,143.26922607421875,0.0018915253604763205
2022-12-02,145.34320068359375,145.53003217962117,143.21924526160134,143.52408428382984,65447400,2022,12,2,4,4,0.4486917723403081,143.77335357666016,143.17724609375,-0.003371511289378404
2022-12-05,144.18289184570312,148.40128929094377,143.3372438141924,145.30386574755366,68826400,2022,12,5,0,4,0.44298192476047,144.1789680480957,143.10741363525392,-0.007983234388903915
2022-12-06,140.52496337890625,144.84169760083205,139.5514801929375,144.615540296504,64727200,2022,12,6,1,4,0.4249813603233924,144.37513732910156,142.9577471923828,-0.025370058957559283
2022-12-07,138.5878448486328,140.97728320609625,137.6635301739463,139.8169835109002,69721100,2022,12,7,2,4,0.4154488538124113,144.4459358215332,142.7499008178711,-0.01378487126910155
2022-12-08,140.26930236816406,141.1247931057231,138.7451823842777,139.98414879173407,62128300,2022,12,8,3,4,0.4237232595869548,144.82844161987305,142.61338104248046,0.012132792175011842
2022-12-09,139.78753662109375,143.1406317217956,138.54855479274573,139.96452545134943,76097000,2022,12,9,4,4,0.4213525037199572,144.59687423706055,142.61172882080078,-0.003434577194986188
2022-12-12,142.07864379882812,142.08847150955347,138.70587850686456,140.31850830999085,70462700,2022,12,12,0,4,0.4326269785379879,144.34072341918946,142.73993103027342,0.01638992454631083
2022-12-13,143.0422821044922,147.46718252429508,141.8328135242381,147.00502505789572,93886200,2022,12,13,1,4,0.4373690158885246,144.20256958007812,142.80396331787108,0.00678242894145642
2022-12-14,140.82000732421875,144.2124280542218,138.80421630941913,142.9242927483946,82291200,2022,12,14,2,4,0.4264332633875378,143.86677169799805,142.75188690185547,-0.015535789471326167
2022-12-15,134.2219696044922,139.43352160827794,133.7598121718234,138.75503452609877,98931900,2022,12,15,3,4,0.3939645029373892,143.2625289916992,142.56196014404296,-0.04685440545770947
2022-12-16,132.26516723632812,135.35276341025192,131.49818579850947,134.40879318099954,160156900,2022,12,16,4,4,0.384335132806593,142.4655548095703,142.35194122314454,-0.014578853029277639
2022-12-19,130.16087341308594,132.94364536804903,129.12840885731634,132.8551509782634,79592600,2022,12,19,0,4,0.3739799613198787,141.53534240722655,142.20468048095702,-0.015909659868968307
2022-12-20,130.09205627441406,131.0261987808424,127.72227301817315,129.19723960857664,77432800,2022,12,20,1,4,0.3736413140909123,140.76295166015626,142.0495639038086,-0.0005287083350575816
2022-12-21,133.1894989013672,134.52680273214906,130.53456166494178,130.7607190395491,85928000,2022,12,21,2,4,0.3888837432698088,140.03874435424805,141.98466857910157,0.023809621553059657
2022-12-22,130.02322387695312,132.31434056379908,128.12544063659777,132.10785363301125,77852100,2022,12,22,3,4,0.3733025917738684,139.11246490478516,141.86901428222657,-0.02377270768740436
2022-12-23,129.65939331054688,130.21004508793624,127.47644161865644,128.73507853958515,63814900,2022,12,23,4,4,0.3715121916569112,138.31352310180665,141.65478607177735,-0.0027981967802195307
2022-12-27,127.85993957519533,129.21691367798962,126.57180445054809,129.18741554567987,69007800,2022,12,27,1,4,0.3626571297800179,137.61586303710936,141.4950796508789,-0.01387831370644843
2022-12-28,123.9365234375,128.8432433891337,123.76936236247,127.505939784758,85438400,2022,12,28,2,4,0.3433501078846724,136.87198791503906,141.17778106689454,-0.030685265069970824
2022-12-29,127.44696044921876,128.30243635978945,125.59833816334044,125.8539936642562,75703700,2022,12,29,3,4,0.3606248709658322,135.96635818481445,140.9043832397461,0.028324475419782447
2022-12-30,127.76161193847656,127.78128236285382,125.30334153820444,126.26698977683236,77034200,2022,12,30,4,4,0.3621732622094059,135.06269454956055,140.63511871337892,0.002468881863864958
2023-01-03,122.98272705078124,128.7154254385632,122.0977455022682,128.1057773178633,112117500,2023,1,3,1,1,0.3386565023440432,133.9446708679199,140.27950408935547,-0.0374047009519306
2023-01-04,124.25119018554688,126.51280869797894,122.99255318811517,124.77234386397704,89113600,2023,1,4,2,1,0.3448985742163236,132.9480857849121,139.87308044433593,0.010314156834738908
2023-01-05,122.93354034423828,125.637645647583,122.67788488068354,125.00832719533364,80962700,2023,1,5,3,1,0.3384144559266212,132.06851463317872,139.39750198364257,-0.010604726114421315
2023-01-06,127.45679473876952,128.11561145155684,122.80573689838651,123.90704815865084,87754700,2023,1,6,4,1,0.3606732652317009,131.51196212768554,138.95564697265624,0.03679430676010176
2023-01-09,127.97794342041016,131.18354745345354,127.72228791640812,128.292610198386,70790800,2023,1,9,0,1,0.3632378234264064,130.89739418029785,138.5829200744629,0.004088826199566409
2023-01-10,128.54823303222656,129.06938662217885,125.9817909176488,128.0860756971166,63896200,2023,1,10,1,1,0.3660442027743017,130.3354290008545,138.31093215942383,0.004456155463781641
2023-01-11,131.26220703125,131.28186245070447,128.28277553296553,129.0595847172529,69458900,2023,1,11,2,1,0.379399593480658,129.7946071624756,137.8784309387207,0.021112495559103106
2023-01-12,131.1835479736328,132.019353473187,129.2464237509339,131.6457054280313,71379600,2023,1,12,3,1,0.3790125144417838,129.20167045593263,137.4914778137207,-0.000599251371710241
2023-01-13,132.51097106933594,132.66830441383743,129.4627162913207,129.82653652186357,57809700,2023,1,13,4,1,0.3855447266450456,128.78621864318848,137.18388778686523,0.010118822948514294
2023-01-17,133.6713104248047,134.99877137842552,131.89151977321038,132.5798345273993,63646600,2023,1,17,1,1,0.3912547244010383,128.7586856842041,137.00984573364258,0.008756553107301723
2023-01-18,132.95350646972656,136.2967583598761,132.77650266153844,134.53663801277594,69672800,2023,1,18,2,1,0.387722431065109,128.79310264587403,136.94219467163086,-0.0053699178439783335
2023-01-19,133.01251220703125,133.9761529962307,131.5375453850544,131.84236946093412,58280400,2023,1,19,3,1,0.3880127966603226,128.9356845855713,136.88103286743163,0.0004438073043084856
2023-01-20,135.56910705566406,135.71661273457056,131.98002726434026,133.02233471040634,80223600,2023,1,20,4,1,0.400593728936621,129.20953712463378,136.86038345336914,0.01922070943712062
2023-01-23,138.75503540039062,140.92815961902411,135.59860004292767,135.81492969380113,81760300,2023,1,23,0,1,0.4162715938762219,129.48781394958496,136.89204666137695,0.02350040074704074
2023-01-24,140.15133666992188,140.77082749424633,137.95855701188813,137.96838472187488,66435100,2023,1,24,1,1,0.4231427536607597,129.9942195892334,137.04268966674806,0.010063067372669376
2023-01-25,139.4925537109375,140.0530333983735,136.49345098511384,138.53874046691914,65799300,2023,1,25,2,1,0.4199009010081213,130.48587760925292,136.94416305541992,-0.0047005114231333245
2023-01-26,141.55746459960938,141.8426182007582,139.53183124401357,140.78064047196506,54105100,2023,1,26,3,1,0.4300622701671277,131.17075386047364,136.83127914428712,0.014803018754326214
2023-01-27,143.49456787109375,144.77287517943125,140.69214050710963,140.77080718806803,70555800,2023,1,27,4,1,0.4395947015900313,132.1486560821533,136.7850633239746,0.013684218468898113
2023-01-30,140.6134796142578,143.12092578303154,140.46598895897412,142.54077586673455,64015300,2023,1,30,0,1,0.4254169462602515,132.80698204040527,136.64661361694337,-0.02007803012741305
2023-01-31,141.88197326660156,141.93114182979278,139.90552306108117,140.31851198443744,65874500,2023,1,31,1,1,0.4316591683086865,133.51300010681152,136.55811660766602,0.00902113834195406
2023-02-01,143.00294494628906,144.16325999959267,138.96155019582764,141.56731895311415,77663600,2023,2,1,2,1,0.4371754388250488,134.5140110015869,136.45408248901367,0.007900733644161662
2023-02-02,148.30299377441406,148.65697138188685,145.6972102432423,146.41502317640206,118339000,2023,2,2,3,1,0.4632568319731942,135.71660118103028,136.44483993530272,0.037062515251805817
2023-02-03,151.92153930664062,154.7534795979514,145.36285717719954,145.55951636317744,154357300,2023,2,3,4,1,0.4810635940825639,137.1660011291504,136.57247329711913,0.024399679602765012
2023-02-06,149.1977996826172,150.5449461888697,148.2636570715711,150.02379246889225,69858300,2023,2,6,0,1,0.467660147006687,138.25305137634277,136.60295639038085,-0.01792859417074366
2023-02-07,152.06906127929688,152.63938353904294,148.12598902287087,148.12598902287087,83322600,2023,2,7,1,1,0.4817895456146367,139.4576072692871,136.67336135864258,0.019244664484245888
2023-02-08,149.38462829589844,152.00023955919008,148.64714493246836,151.3119247541495,64120100,2023,2,8,2,1,0.4685795254260807,140.4994270324707,136.7482893371582,-0.017652722788023878
2023-02-09,148.35214233398438,151.75440537570756,147.9096553354024,151.213581264491,56007100,2023,2,9,3,1,0.4634986906704228,141.35392379760742,136.87906936645507,-0.006911594410295874
2023-02-10,148.71649169921875,149.04148154329528,146.9536843926681,147.1900447411898,57450700,2023,2,10,4,1,0.4652916437820108,142.2305709838867,137.07711868286134,0.002455976432171214
2023-02-13,151.51341247558594,151.91717418893083,148.6279039729175,148.65744714640496,62199000,2023,2,13,0,1,0.4790552132769837,143.18069305419922,137.19619583129884,0.01880706533895382
2023-02-14,150.87326049804688,151.43461079325414,148.56880303013764,149.8096612758476,61707600,2023,2,14,1,1,0.4759050431668217,144.04079055786133,137.29696334838866,-0.004225051545467706
2023-02-15,152.97093200683594,153.13834833360136,150.55814431502776,150.7846469892343,65573800,2023,2,15,2,1,0.4862276264279547,145.0416618347168,137.4495179748535,0.013903534011689311
2023-02-16,151.37554931640625,153.9557534849536,151.02101618410566,151.17857477742453,68167900,2023,2,16,3,1,0.4783767924978902,145.95981369018554,137.59337112426758,-0.010429319279811833
2023-02-17,150.23313903808594,150.67630162569367,148.55896091432058,150.03617955770974,59144100,2023,2,17,4,1,0.4727550232328144,146.69301528930663,137.78753463745116,-0.007546861322580201
2023-02-21,146.2249298095703,149.0021077790729,146.15600076088242,147.91880821074704,58867200,2023,2,21,1,1,0.4530307368914895,147.06651000976564,137.9402763366699,-0.02667992730618174
2023-02-22,146.6483917236328,147.67258982358598,144.92497033349784,146.60899081957194,51011300,2023,2,22,2,1,0.4551145812148328,147.39136276245117,138.0678581237793,0.0028959625052580318
2023-02-23,147.13096618652344,148.05669224456878,145.00378282832062,147.81048914517564,48394200,2023,2,23,3,1,0.4574893167499312,147.77328338623047,138.2147267150879,0.0032906904550311644
2023-02-24,144.48182678222656,144.95453250364176,143.50685714395402,144.87574571223192,55469600,2023,2,24,4,1,0.4444529752843463,147.91950149536132,138.26279037475587,-0.018005315080568796
2023-02-27,145.67344665527344,146.9044621404894,145.21058363066865,145.46664446890208,44998500,2023,2,27,0,1,0.4503169035989603,148.0284454345703,138.31541366577147,0.008247541573813022
2023-02-28,145.17120361328125,146.8158385647427,144.6000106018143,144.8166705381309,50547000,2023,2,28,1,1,0.447845379532124,148.25633163452147,138.40243759155274,-0.0034477322636616847
2023-03-01,143.1030731201172,144.99391093566584,142.80762642427203,144.59999202590106,55479000,2023,3,1,2,1,0.4376681667887911,148.31738662719727,138.58005966186522,-0.014246148283466153
2023-03-02,143.69398498535156,144.481837933212,141.71450238763347,142.1872231725768,52238100,2023,3,2,3,1,0.4405760276732604,148.3519386291504,138.8086360168457,0.004129274461760701
2023-03-03,148.7362518310547,148.8150386455079,145.09244806812092,145.79165662743975,70732300,2023,3,3,4,1,0.4653888828422129,148.37360153198242,139.1801435852051,0.035090312557043646
2023-03-06,151.49366760253906,153.92615502016272,151.12929188498998,151.45426669807628,87558000,2023,3,6,0,1,0.4789580493048591,148.35220794677736,139.60817581176758,0.01853896234131569
2023-03-07,149.29754638671875,151.69063299374776,148.83468341689917,151.3656431408717,56182000,2023,3,7,1,1,0.468150997768495,148.35719528198243,139.93033676147462,-0.014496455532267416
2023-03-08,150.5482940673828,151.1391876253047,149.52409559763862,150.4892077170001,47204800,2023,3,8,2,1,0.4743058923829416,148.28115692138672,140.3408381652832,0.00837755014020325
2023-03-09,148.3029022216797,152.1929083670859,147.9483691410299,151.2277963802791,53833600,2023,3,9,3,1,0.4632563814447299,148.2270706176758,140.71370834350586,-0.014914761137699295
2023-03-10,146.24462890625,148.64757336129242,145.3681465462101,147.92866457828163,68572400,2023,3,10,4,1,0.4531276755993821,148.12169494628907,141.08140213012695,-0.01387884717423149
2023-03-13,148.18470764160156,150.81415467329558,145.4567733693173,145.56510332314932,84457100,2023,3,13,0,1,0.4626747491973741,148.0951057434082,141.56636581420898,0.013265982825223954
2023-03-14,150.2725372314453,151.07023295988367,147.82036369988242,148.98243524821328,73695900,2023,3,14,1,1,0.4729489006485996,148.03306198120117,142.0228773498535,0.014089372804198863
2023-03-15,150.66648864746094,150.92253451978002,147.6431066809658,148.89382292012243,77167900,2023,3,15,2,1,0.4748875246302974,148.02272338867186,142.4809748840332,0.0026215795864874547
2023-03-16,153.48304748535156,154.0837837636838,149.33697988783769,149.84908663995225,76161100,2023,3,16,3,1,0.4887477324808534,148.04832916259767,143.09098129272462,0.01869399667553795
2023-03-17,152.6459197998047,154.35949876084172,151.93685367986137,153.70951897971963,98944600,2023,3,17,4,1,0.4846282503798425,148.1118476867676,143.65887588500976,-0.0054542029185781216
2023-03-20,155.0094757080078,155.42311016638172,151.80883520237765,152.71487589238697,73641400,2023,3,20,0,1,0.4962592433892551,148.35066452026368,144.30039459228516,0.015483911468468614
2023-03-21,156.86090087890625,156.97907354545168,154.1625097854557,154.93067719913012,73938300,2023,3,21,1,1,0.5053700552576916,148.88246307373046,144.8884767150879,0.011943948345364275
2023-03-22,155.43292236328125,159.67746084227036,155.41322191031108,156.8805976022137,75701800,2023,3,22,2,1,0.4983430126245209,149.3216896057129,145.4375762939453,-0.009103470065669028
2023-03-23,156.51625061035156,159.09646969740976,155.28523492873595,156.41777837205046,67622100,2023,3,23,3,1,0.5036740408539963,149.79095382690429,145.99693664550782,0.0069697476609127396
2023-03-24,157.81619262695312,157.9048221395663,155.45264879499626,156.44730394409444,59196500,2023,3,24,4,1,0.5100710194299036,150.45767211914062,146.52801635742188,0.008305476342119755
2023-03-27,155.87611389160156,158.32830230982592,155.47233717929535,157.5109061704178,52390300,2023,3,27,0,1,0.5005239458319115,150.96780548095703,147.02186767578124,-0.012293280575698118
2023-03-28,155.2556610107422,156.08291480553032,153.61102618902072,155.57080817581272,45992200,2023,3,28,1,1,0.4974707144296421,151.47202835083007,147.47676147460936,-0.003980423076821449
2023-03-29,158.3282928466797,158.60403911493316,156.92986104995282,156.94954647836764,51305700,2023,3,29,2,1,0.512591050394725,152.2332893371582,147.96990112304687,0.019790787762160367
2023-03-30,159.8941650390625,160.0024950198449,158.8207229739758,159.07676882534926,49501700,2023,3,30,3,1,0.520296663983144,153.04329833984374,148.5087142944336,0.009890033955580968
2023-03-31,162.3955535888672,162.4940408365555,159.45097422374334,159.9729235769942,68749800,2023,3,31,4,1,0.5326059275954955,153.72626342773438,149.0963751220703,0.015644026467092065
2023-04-03,163.64627075195312,163.76444342844442,161.725889623748,161.7751332479675,56976200,2023,4,3,0,2,0.5387606720337873,154.3338935852051,149.6579183959961,0.007701671230804452
2023-04-04,163.11448669433594,164.30610131295074,162.60238002597387,164.06975594835677,46278300,2023,4,4,1,2,0.5361437774491506,155.02474060058594,150.145107421875,-0.003249594721429605
2023-04-05,161.2729034423828,162.54332009164784,159.34267919173706,162.23803059475318,51511700,2023,4,5,2,2,0.5270813973906218,155.56097106933595,150.56753875732423,-0.011290126887405827
2023-04-06,162.1592254638672,162.45467221127325,159.53962067833683,159.96308282888376,45390100,2023,4,6,3,2,0.5314429634530935,156.2537872314453,151.02087219238283,0.0054957900711511964
2023-04-10,159.56915283203125,159.56915283203125,157.64877164706385,158.96841666370352,47716900,2023,4,10,0,2,0.5186972879350318,156.92001342773438,151.38110595703125,-0.01597240381746312
2023-04-11,158.35781860351562,159.89412336543904,158.0722146254148,159.88428065231392,47644200,2023,4,11,1,2,0.5127363458244478,157.42866897583008,151.6783709716797,-0.007591280689386859
2023-04-12,157.66845703125,159.59868074602483,157.35330987869057,158.77144201112134,50133100,2023,4,12,2,2,0.5093440166647476,157.7984649658203,152.01947052001952,-0.004353189367880872
2023-04-13,163.04556274414062,163.28192316496492,158.9684394039646,159.17525665056672,68445600,2023,4,13,3,2,0.5358046046036425,158.41741867065429,152.44274230957032,0.03410387730137354
2023-04-14,162.7008819580078,163.79402444901268,161.3319931654023,162.09028798128088,49386500,2023,4,14,4,2,0.5341084400237924,158.8783103942871,152.83670104980467,-0.0021140151276223262
2023-04-17,162.72055053710938,162.8781241294329,161.53877864877254,162.5826774005875,41516200,2023,4,17,0,2,0.5342052285555303,159.38204193115234,153.1250521850586,0.00012088796855214134
2023-04-18,163.94171142578125,164.86743742961687,163.13415809407996,163.57733566867122,49923000,2023,4,18,1,2,0.5402145273879445,159.82865371704102,153.3654556274414,0.007504650670373536
2023-04-19,165.08412170410156,165.60607111909823,163.02585218946157,163.2819130529251,47720200,2023,4,19,2,2,0.5458362966530204,160.23981475830078,153.6831820678711,0.006968393024477493
2023-04-20,164.11900329589844,165.3204757933169,163.04556123695718,163.56751067945328,52456400,2023,4,20,3,2,0.5410869757589781,160.67411880493165,153.9241809082031,-0.005846221903357929
2023-04-21,162.5137939453125,163.9220688758568,161.9918444229521,162.54333712378204,58337300,2023,4,21,4,2,0.5331877851070833,160.9739959716797,154.1867642211914,-0.009780764678980036
2023-04-24,162.81906127929688,163.08496487632468,161.400928797878,162.49407133338445,41949600,2023,4,24,0,2,0.5346899971830709,161.22413940429686,154.47610260009765,0.0018784087588719078
2023-04-25,161.28274536132812,163.78416246885476,161.24334444666383,162.68117729099055,48714100,2023,4,25,1,2,0.5271298292005294,161.4944709777832,154.72742767333983,-0.009435725190267363
2023-04-26,161.2729034423828,162.76982277852977,160.327491776325,160.58353763858076,45498800,2023,4,26,2,2,0.5270813973906218,161.79533309936522,154.92261749267578,-6.102276423469721e-05
2023-04-27,165.85226440429688,165.9999802574992,162.6811671878293,162.6811671878293,64902300,2023,4,27,3,2,0.5496163055562137,162.1715316772461,155.22219757080077,0.028395104597035425
2023-04-28,167.1029510498047,167.2703823718156,165.33030085507357,165.93103698503495,55275900,2023,4,28,4,2,0.5557708998183507,162.5319709777832,155.50483795166016,0.0075409681622375935
2023-05-01,167.01434326171875,167.86128258741087,166.07877442017465,166.70905380019818,52472900,2023,5,1,0,2,0.5553348633530274,162.76291046142578,155.81761383056642,-0.0005302586670627996
2023-05-02,165.98028564453125,167.76280882251325,164.9954731830596,167.50674796522142,48425700,2023,5,2,1,2,0.5502462945253996,162.87961120605468,156.13255676269532,-0.006191430011295962
2023-05-03,164.90684509277344,168.32414556576836,164.6212560883793,166.925713661642,65136000,2023,5,3,2,2,0.544963923370064,162.96922912597657,156.50619506835938,-0.006467277409419103
2023-05-04,163.27203369140625,164.50304913491388,161.8145156138655,162.38570858289833,81235400,2023,5,4,3,2,0.5369190618480596,163.06918563842774,156.83866790771484,-0.009913544828581644
2023-05-05,170.9338836669922,171.65279246173276,168.16654839153733,168.38320830672657,113453200,2023,5,5,4,2,0.5746228128767192,163.50791854858397,157.31472625732422,0.046926897413841706
2023-05-08,170.86492919921875,171.2096195052504,169.49604074216262,169.86041647416434,55962800,2023,5,8,0,2,0.5742834898550564,164.07270736694335,157.84238830566406,-0.0004033984736915297
2023-05-09,169.16123962402344,170.9043468501181,168.993823309898,170.421798364417,45326900,2023,5,9,1,2,0.5658996807517759,164.61287841796874,158.31214416503906,-0.009970972880039675
2023-05-10,170.92404174804688,171.38690478906514,169.28924951921832,170.39224965147537,53724500,2023,5,10,2,2,0.5745743810668117,165.2756576538086,158.82720092773437,0.010420839478011867
2023-05-11,171.11111450195312,171.93835311809138,169.55510947043143,171.20960172974912,49514700,2023,5,11,3,2,0.5754949608954434,165.6789352416992,159.3873617553711,0.0010944788807534245
2023-05-12,170.18414306640625,171.6535334613317,168.63584185680983,171.2196142676148,45533100,2023,5,12,4,2,0.5709333601948416,166.05309829711913,159.9171649169922,-0.005417365425062992
2023-05-15,169.69105529785156,170.81529363826058,169.09934457223466,170.76598190315437,37266700,2023,5,15,0,2,0.5685068889744309,166.40162353515626,160.3362609863281,-0.0028973778618275325
2023-05-16,169.69105529785156,170.74625419954612,169.42478396654107,169.6121595312474,42110300,2023,5,16,1,2,0.5685068889744309,166.68909072875977,160.7002087402344,0.0
2023-05-17,170.30250549316406,170.53917778241149,168.06388478776768,169.3360585337975,57951600,2023,5,17,2,2,0.5715158184110485,166.95000991821288,161.12030792236328,0.003603314236211519
2023-05-18,172.62986755371094,172.81724313624747,170.19401507639674,170.60820660461047,65496700,2023,5,18,3,2,0.5829687025009249,167.37555313110352,161.56193939208984,0.013666047095474365
2023-05-19,172.73834228515625,173.9513327998332,172.5213826746833,173.9513327998332,55809500,2023,5,19,4,2,0.5835025036429919,167.88678054809571,162.05064819335936,0.0006283659541796993
2023-05-22,171.79161071777344,172.2945693897219,171.05197977463047,171.57465110395842,43570900,2023,5,22,0,2,0.5788436638821881,168.33540802001954,162.56158782958985,-0.005480726252541812
2023-05-23,169.18812561035156,170.9829707500323,168.9119979039132,170.73642708015296,50747300,2023,5,23,1,2,0.5660319859441126,168.7306770324707,162.98165618896485,-0.015154902480651322
2023-05-24,169.46424865722656,170.03623176135926,168.16250594092847,168.72461766792532,45143500,2023,5,24,2,2,0.5673907797923117,169.1402442932129,163.36549041748046,0.0016320474376017025
2023-05-25,170.5983428955078,171.4957503105663,169.3163129553576,170.02635984381527,56058300,2023,5,25,3,2,0.5729716260552175,169.37754821777344,163.7641275024414,0.0066922330064742575
2023-05-26,173.00460815429688,173.33991896491864,170.71669083708804,170.92379413047703,54835000,2023,5,26,4,2,0.584812790593206,169.67263107299806,164.15455871582031,0.014104857163020013
2023-05-30,174.84877014160156,176.51540772383512,174.1288668535482,174.51347436884586,55964400,2023,5,30,1,2,0.5938878605368115,170.0643524169922,164.59861572265626,0.010659611943168334
2023-05-31,174.79946899414062,176.8704419237823,174.31623796446905,174.87836477742368,99625300,2023,5,31,2,2,0.5936452509588092,170.50531158447265,164.9944155883789,-0.0002819645080774924
2023-06-01,177.60015869140625,177.62974272201325,174.4838437196236,175.24320228346932,68901800,2023,6,1,3,2,0.607427367208894,171.1399772644043,165.40920074462892,0.016022300945087498
2023-06-02,178.44830322265625,179.26683000310032,176.7816656255451,178.52719900186148,61996900,2023,6,2,4,2,0.6116010629017705,171.8987907409668,165.8695083618164,0.004775584309717473
2023-06-05,177.0972442626953,182.3929972823034,175.57852688511534,180.10507993454968,121946500,2023,6,5,0,2,0.6049525392666532,172.20695877075195,166.28112823486327,-0.007571150498837609
2023-06-06,176.73233032226562,177.6297376380402,174.97692595213158,177.4818174892389,64848400,2023,6,6,1,2,0.6031568078962022,172.5003288269043,166.65945098876952,-0.0020605286205831463
2023-06-07,175.361572265625,178.70470351330488,174.8684849721747,175.97299569419778,61944600,2023,6,7,2,2,0.5964113455531921,172.8103454589844,167.04916015625,-0.007756125062919117
2023-06-08,178.07354736328125,178.3398036598064,175.00654388250445,175.44044804834044,50214900,2023,6,8,3,2,0.609756899721412,173.1678207397461,167.50551788330077,0.015465047801626275
2023-06-09,178.4581756591797,179.71060666093933,178.13273621096323,178.99070336218668,48900000,2023,6,9,4,2,0.6116496448878329,173.53517379760743,167.90811553955078,0.0021599406626846562
2023-06-12,181.2490234375,181.34764691680863,178.468018885392,178.7638742754878,54274900,2023,6,12,0,2,0.6253833293280102,174.08841781616212,168.33521270751953,0.01563866585552387
2023-06-13,180.77569580078125,181.60407900123244,179.91772856087343,180.27275208218572,54929100,2023,6,13,1,2,0.6230540971678017,174.64264984130858,168.70281555175782,-0.002611476893733311
2023-06-14,181.4068298339844,181.84074910193183,179.50351991974284,180.8348467124019,57462900,2023,6,14,2,2,0.6261598902242346,175.22843856811522,169.05802673339844,0.0034912548968899504
2023-06-15,183.43832397460932,183.94128262941163,181.23915892536104,181.41667817053525,65433200,2023,6,15,3,2,0.636156816493787,175.8852294921875,169.4645034790039,0.011198553783691834
2023-06-16,182.3634033203125,184.4047919439357,181.722395856144,184.14837692000424,101256200,2023,6,16,4,2,0.6308671617949461,176.37190628051758,169.8863134765625,-0.005859847773388993
2023-06-20,182.4521484375,183.5270901354668,181.8604527350327,181.8604527350327,49799100,2023,6,20,1,2,0.6313038740529657,176.85759658813475,170.29217193603515,0.000486638851719734
2023-06-21,181.4166717529297,182.8466218007744,180.06560242478363,182.34366316376423,49515700,2023,6,21,2,2,0.6262083220341421,177.33884963989257,170.72912231445312,-0.005675332921196152
2023-06-22,184.4146728515625,184.4639845971855,181.13070922445527,181.19974867789384,51245300,2023,6,22,3,2,0.6409614022127781,178.1001770019531,171.25025939941406,0.016525499391344622
2023-06-23,184.0990753173828,184.96691381940127,182.45216546765664,182.98470820219737,53117000,2023,6,23,4,2,0.639408355508407,178.83191833496093,171.77887176513673,-0.001711347200847313
2023-06-26,182.7085876464844,185.45015206010265,182.66913223239737,184.2470177435845,48088700,2023,6,26,0,2,0.6325658042813497,179.43743057250975,172.17213226318358,-0.0075529313143003485
2023-06-27,185.45999145507807,185.78543087633776,183.10303478095216,183.3199943951253,50730800,2023,6,27,1,2,0.6461053860415091,180.06019973754883,172.627314453125,0.015058973658738095
2023-06-28,186.63357543945312,187.27458302156515,185.00639308619472,185.33181751858007,51216800,2023,6,28,2,2,0.6518805602486647,180.6494400024414,173.1055749511719,0.0063279631103581035
2023-06-29,186.9688720703125,187.44224679697888,186.32786448538863,186.46592835204143,46347300,2023,6,29,3,2,0.6535305456609285,181.25791015625,173.5661181640625,0.0017965504334891413
2023-06-30,191.28829956054688,191.79124321876165,188.61575961709715,188.9806544729764,85213200,2023,6,30,4,2,0.6747863284284175,181.94231719970702,174.09020172119142,0.023102388340931812
2023-07-03,189.79917907714844,191.19954526937025,189.10884478636748,191.10092178559267,31458200,2023,7,3,0,3,0.6674584078692005,182.50986099243164,174.6038052368164,-0.007784691937873123
2023-07-05,188.684799194336,190.31198136153697,187.98460856583768,188.9214865295673,46920300,2023,7,5,2,3,0.6619745754022649,183.08923873901367,175.12722534179687,-0.00587136302817981
2023-07-06,189.1581573486328,189.36526064633148,186.5842409083175,187.21539208287064,45094300,2023,7,6,3,3,0.664303957738628,183.71053009033204,175.6540072631836,0.0025087243716399588
2023-07-07,188.04373168945312,190.00622420776023,187.6098275836588,188.7636498524292,46815000,2023,7,7,4,3,0.65881990000746,184.34463806152343,176.1892269897461,-0.005891501983315006
2023-07-10,186.0023956298828,187.36332142042107,184.4540942539423,186.6434031135775,59922200,2023,7,10,0,3,0.6487745419279999,184.7410804748535,176.68381683349608,-0.0108556453396782
2023-07-11,185.479721069336,186.68285528837708,184.02018687082847,186.5447914459214,46638100,2023,7,11,1,3,0.6462024749255569,185.09215774536133,177.07636596679689,-0.002810042089924858
2023-07-12,187.14637756347656,189.0496875169185,185.86434744027207,187.05761040387253,60750200,2023,7,12,2,3,0.6544040452650454,185.38702545166015,177.4772344970703,0.008985653442499686
2023-07-13,187.9056854248047,188.5467078881079,187.1561982107916,187.86624506525828,41342300,2023,7,13,3,3,0.6581405781714379,185.74352493286133,177.89506134033203,0.004057293927960615
2023-07-14,188.0536499023437,188.53686585919,187.00830716161784,187.6000029338883,41616200,2023,7,14,4,3,0.6588687072577545,186.07586593627929,178.33652862548828,0.0007874401309597712
2023-07-17,191.3080139160156,191.63345333608896,189.1581454873636,189.2468975888844,50520200,2023,7,17,0,3,0.6748833422243874,186.4693504333496,178.86455200195311,0.01730550837679501
2023-07-18,191.05162048339844,191.6433313227349,189.75973403360663,190.67688432979497,48288200,2023,7,18,1,3,0.6736216372602358,186.9037612915039,179.42014373779296,-0.0013402127144015452
2023-07-19,192.4026641845703,195.4893803490621,189.9865244553515,190.4303150490968,80507300,2023,7,19,2,3,0.6802700858072759,187.40128707885742,179.84951934814453,0.007071616025833505
2023-07-20,190.4599151611328,193.7537348839622,189.8386203157028,192.3928090502892,59581200,2023,7,20,3,3,0.670709871795743,187.85344924926758,180.24141906738282,-0.010097308328193555
2023-07-21,189.286376953125,192.2744851317762,188.58618628535973,191.4165179461729,71951700,2023,7,21,4,3,0.6649349228528199,188.0970344543457,180.64392181396485,-0.006161602072619732
2023-07-24,190.08514404296875,192.21528467718613,189.5920567691868,190.73602285584008,45377800,2023,7,24,0,3,0.6688656335273072,188.396337890625,181.0271438598633,0.004219886833385589
2023-07-25,190.94314575195312,191.7518162507371,190.25282645288885,190.6571617022808,37283200,2023,7,25,1,3,0.6730878361181687,188.80806579589844,181.4237844848633,0.004513775725631719
2023-07-26,191.8109588623047,192.9351972994816,190.6472800623453,190.99243214213985,47471900,2023,7,26,2,3,0.6773583203427831,189.12561416625977,181.85632080078125,0.004544876994322156
2023-07-27,190.5486602783203,194.47363103189025,189.8879250921341,193.3099522093675,47460200,2023,7,27,3,3,0.6711465840537628,189.3213684082031,182.27347290039063,-0.006580951325573348
2023-07-28,193.12255859375,193.9115012215072,191.45592124266813,191.9785925358936,48291400,2023,7,28,4,3,0.6838126662098059,189.629052734375,182.7421029663086,0.01350782688091412
2023-07-31,193.7340240478516,193.7734794641123,192.5604737033273,193.34941650238693,38824100,2023,7,31,0,3,0.6868216707345008,189.75133895874023,183.21073333740233,0.003166204189474664
2023-08-01,192.90562438964844,194.0101351852124,192.5801849485631,193.52691923606864,35175100,2023,8,1,1,3,0.682745139013749,189.90666122436522,183.6162484741211,-0.004275963720231979
2023-08-02,189.91749572753903,192.48154051645844,189.19759252290805,192.3434766820384,50389300,2023,8,2,2,3,0.6680406408211752,189.9682960510254,183.95983154296874,-0.015490106478563415
2023-08-03,188.52700805664065,189.710414639766,188.0536484329567,188.92148694956984,61235200,2023,8,3,3,3,0.661198089594118,189.93673858642578,184.2945394897461,-0.007321535415005798
2023-08-04,179.4739227294922,184.78940327661547,179.40488328381886,182.95511789971007,115956800,2023,8,4,4,3,0.6166481080226093,189.50824813842775,184.5002554321289,-0.048020097600172895
2023-08-07,176.37734985351562,180.59817633552169,174.8980878140883,179.61200164257014,97576100,2023,8,7,0,3,0.6014099588641232,189.02699584960936,184.6385174560547,-0.017253608930383746
2023-08-08,177.31422424316406,177.77772758258462,175.12491507972354,177.20574441802663,67823000,2023,8,8,1,3,0.6060202917269422,188.61872100830078,184.7728350830078,0.00531176134819189
2023-08-09,175.72647094726562,178.42857997538025,174.5627769846933,178.36941190145535,60378500,2023,8,9,2,3,0.5982070018355656,188.04772567749023,184.82727233886717,-0.008954460944549103
2023-08-10,175.50950622558594,178.25107058876787,175.14462641506705,176.9986245515979,54686900,2023,8,10,3,3,0.597139324463354,187.42791671752929,184.84048706054688,-0.0012346729579790772
2023-08-11,175.5687255859375,176.38835756307438,174.34422750725284,175.10461152163393,52036700,2023,8,11,4,3,0.5974307412916509,186.80367050170898,184.8558721923828,0.0003374139761720407
2023-08-14,177.21788024902344,177.44500246999712,175.09473274674426,175.74649049543365,43675600,2023,8,14,0,3,0.6055461856063891,186.0991638183594,184.84822662353517,0.009393214295895236
2023-08-15,175.23300170898438,177.23763842738072,174.8380051896738,176.64514364841483,43622600,2023,8,15,1,3,0.5957786534132206,185.30823287963867,184.7839205932617,-0.011200216012345665
2023-08-16,174.36399841308594,176.30937200366554,174.29486573787133,174.91699954220002,46964900,2023,8,16,2,3,0.5915023123185709,184.40629959106445,184.72925567626953,-0.00495913034316231
2023-08-17,171.82608032226562,175.2922216904398,171.3125728746346,174.92684921501044,66062900,2023,8,17,3,3,0.5790132878489808,183.4746078491211,184.63113067626952,-0.01455528729507416
2023-08-18,172.30999755859375,172.9123770667114,169.8116075662743,170.14735612669347,61172200,2023,8,18,4,3,0.5813946311348884,182.62578887939452,184.5700991821289,0.0028163200570048286
2023-08-21,173.64312744140625,173.92951274494206,171.56937297444222,172.88275833759562,46311900,2023,8,21,0,3,0.5879549262790889,181.8036880493164,184.4814907836914,0.007736810990083054
2023-08-22,175.01571655273438,175.46009132134986,174.0479647127042,174.84784230984178,42038900,2023,8,22,1,3,0.5947093991913841,181.00731658935547,184.4126416015625,0.007904655551607132
2023-08-23,178.8571319580078,179.28176749229362,176.1019960768648,176.28962468028294,52722800,2023,8,23,2,3,0.61361289775891,180.35962524414063,184.36480377197265,0.021948973960381313
2023-08-24,174.1763916015625,178.8374232276998,173.8110039705464,178.4127876208845,54945800,2023,8,24,3,3,0.5905791044072309,179.54101181030273,184.23281768798827,-0.02617027515315551
2023-08-25,176.37852478027344,176.91177162464882,173.62338845938783,175.16389608553052,51449600,2023,8,25,4,3,0.6014157406460812,178.7038101196289,184.13225158691407,0.012643120910142747
2023-08-28,177.9387664794922,178.33376298082638,176.31925671498092,177.8400098200833,43820700,2023,8,28,0,3,0.6090936467339484,177.91404724121094,184.0222604370117,0.008845984516326233
2023-08-29,181.81964111328125,182.5898947624316,177.25736718090633,177.4548654120463,53003900,2023,8,29,1,3,0.6281913230695692,177.35974807739257,184.0113851928711,0.021810169366529575
2023-08-30,185.3055419921875,185.50305529692773,182.43191025327192,182.62940848986256,60813900,2023,8,30,2,3,0.645345344522308,177.129150390625,184.06845306396485,0.019172300954737764
2023-08-31,185.52281188964844,186.75719481874472,185.13768501849643,185.4931879048022,60794500,2023,8,31,3,3,0.6464145236560671,176.97894058227538,184.15057586669923,0.001172495410148633
2023-09-01,187.0929718017578,187.5472163139728,185.9277063979524,187.12259578872167,45766500,2023,9,1,4,3,0.6541412369942289,177.35989303588866,184.20414184570313,0.008463433127799513
2023-09-05,187.3299560546875,187.6064566338381,185.26607135025952,185.92769881238064,45280000,2023,9,5,1,3,0.655307429923958,177.90752334594725,184.26875946044922,0.001266665715165427
2023-09-06,180.62478637695312,186.4905763861184,179.20277485131902,186.04618648324464,81755800,2023,9,6,2,3,0.6223114760825514,178.07305145263672,184.2270834350586,-0.03579336598881666
2023-09-07,175.3416290283203,175.98351721110967,171.3718491931888,172.99135904079122,112488800,2023,9,7,3,3,0.5963132054360615,178.05380935668944,184.02471618652345,-0.029249348633731742
2023-09-08,175.95388793945312,177.9881638364286,175.56876103562882,176.121777292026,65551300,2023,9,8,4,3,0.59932611454078,178.0760284423828,183.81112243652345,0.003491805765269307
2023-09-11,177.119140625,178.0473990105972,175.12437356668377,177.82027676778657,58953100,2023,9,11,0,3,0.6050602906576878,178.15354919433594,183.6141278076172,0.006622488989546094
2023-09-12,174.0973663330078,177.87951732730735,172.6358612060169,177.24751388848827,90370200,2023,9,12,1,3,0.5901902232544998,177.99752349853514,183.2703091430664,-0.017060687406958097
2023-09-13,172.03346252441406,175.08485308011382,171.80632524830068,174.30471474035696,84267900,2023,9,13,2,3,0.5800338099086002,177.83754653930663,182.9149948120117,-0.011854882426228008
2023-09-14,173.54434204101562,173.8998448696545,171.41132506918257,171.8260758579031,60895800,2023,9,14,3,3,0.5874688060661556,177.79656372070312,182.6121856689453,0.008782474609479785
2023-09-15,172.823486328125,174.29487626046748,171.64836639188815,174.27512191376346,109259500,2023,9,15,4,3,0.583921495114751,177.8464340209961,182.28549224853515,-0.004153726387232215
2023-09-18,175.74649047851562,177.13887792290447,173.9689761950564,174.2751007250675,67257600,2023,9,18,0,3,0.5983055173930831,178.01825866699218,182.0395474243164,0.016913234494303486
2023-09-19,176.83274841308594,177.38574949277796,174.91698390976052,175.30211073798526,51826900,2023,9,19,1,3,0.6036509625334148,178.17773971557617,181.85615447998046,0.00618082290925237
2023-09-20,173.29751586914062,177.45490967025808,173.20862883503193,177.02040441249267,58436200,2023,9,20,2,3,0.5862541813265189,178.0918296813965,181.61251037597657,-0.01999195610355453
2023-09-21,171.75694274902344,174.09734264324985,171.6878251518227,172.36920682730067,63149100,2023,9,21,3,3,0.5786730637703894,177.73682022094727,181.3047216796875,-0.00888975881962728
2023-09-22,172.60621643066406,174.86761425499944,171.87547142547365,172.48772049861157,56725400,2023,9,22,4,3,0.5828523159809919,177.65831146240234,180.9987322998047,0.004944625050072204
2023-09-25,173.88014221191406,174.7590223733822,171.97424687659256,172.0236252140543,46172700,2023,9,25,0,3,0.5891212693849728,177.53339233398438,180.7152621459961,0.007380532448909349
2023-09-26,169.81158447265625,173.01109513731117,169.51532957863083,172.63585300181884,64588900,2023,9,26,1,3,0.5691000096976252,177.12703323364258,180.2853335571289,-0.023398633607622177
2023-09-27,168.3007049560547,170.8780972082127,166.93795639924983,170.4633463371719,66921800,2023,9,27,2,3,0.5616650135400699,176.45108642578126,179.83031524658202,-0.00889738778007132
2023-09-28,168.55746459960938,169.8807195182162,165.5258128129139,167.2243249736919,56294400,2023,9,28,3,3,0.5629285206180785,175.61368255615236,179.35341125488281,0.0015256005233117431
2023-09-29,169.07095336914062,170.90771561508154,168.21181267677895,169.870831028669,51861100,2023,9,29,4,3,0.5654553845979411,174.79108963012695,178.92563201904298,0.00304637217195336
2023-10-02,171.57920837402344,172.12233981703872,168.79443355791753,169.08081880430257,52164500,2023,10,2,0,4,0.5777984378451119,174.01540145874023,178.57148864746094,0.014835517011644317
2023-10-03,170.24609375,171.46073744550782,168.6858469308082,170.1078434596355,49594600,2023,10,3,1,4,0.5712382177889889,173.16120834350585,178.17470764160157,-0.007769674639816482
2023-10-04,171.49034118652344,172.03347264460572,168.83394692911625,168.95244285882518,53020300,2023,10,4,2,4,0.5773611248824732,172.70448608398436,177.78565155029298,0.007308522675125717
2023-10-05,172.7247314453125,173.2579782200924,170.52258153582127,171.61871413723316,48527900,2023,10,5,3,4,0.5834355250779725,172.573641204834,177.40392700195312,0.007198016227902171
2023-10-06,175.2725067138672,175.76625988669193,171.0163417068709,171.6286058875163,57266700,2023,10,6,4,4,0.5959730564455474,172.5395721435547,177.09840393066406,0.014750494889965271
2023-10-09,176.75375366210938,176.81300162773064,173.60360623261292,174.60098214625398,42390800,2023,10,9,0,4,0.6032622315568383,172.52130279541015,176.77102783203125,0.008451108368412452
2023-10-10,176.16123962402344,177.4746247468579,175.72673446240606,175.87486944103904,43698000,2023,10,10,1,4,0.6003464864242446,172.62449645996094,176.4195721435547,-0.003352200594385235
2023-10-11,177.55364990234375,177.60302823490863,175.38113888285298,175.9736336691769,47551100,2023,10,11,2,4,0.6071984987490515,172.90050582885743,176.1125326538086,0.007904180745390343
2023-10-12,178.4522705078125,180.06189553412176,176.80312172309905,177.82026707710477,56743100,2023,10,12,3,4,0.6116205858018884,173.14590225219726,175.88322814941407,0.005061121559387871
2023-10-13,176.6155242919922,179.65703072033497,175.91438812346496,179.15340788479125,51427100,2023,10,13,4,4,0.6025820086638877,173.33550415039062,175.64499847412108,-0.010292646939114691
2023-10-16,176.48712158203125,176.84262444155877,174.3047260977915,174.5417330268598,52517000,2023,10,16,0,4,0.6019501424927673,173.3725357055664,175.58526245117187,-0.0007270182532123082
2023-10-17,174.93673706054688,176.19087429527403,172.61610626933813,174.44298390478113,57549400,2023,10,17,1,4,0.5943207433028851,173.27773513793946,175.5564501953125,-0.008784689259968226
2023-10-18,173.64312744140625,175.36139405816417,172.92225196490105,173.38638119353993,54764400,2023,10,18,2,4,0.5879549262790889,173.29501571655274,175.48302825927735,-0.007394728179324073
2023-10-19,173.2678680419922,175.6181228712257,173.00123711265553,173.84060845589931,59302900,2023,10,19,3,4,0.586108285192177,173.37056198120118,175.43385620117186,-0.0021610956042051876
2023-10-20,170.72010803222656,173.2283676109075,170.48310107616433,173.11974130623128,64244000,2023,10,20,4,4,0.5735708289126793,173.2762565612793,175.3380682373047,-0.014704168975797405
2023-10-23,170.838623046875,171.83599917885627,167.80697088494813,168.7747380957869,55980100,2023,10,23,0,4,0.5741540380096599,173.12418060302736,175.24346618652345,0.0006942065349797577
2023-10-24,171.2731170654297,171.50023932449824,169.30797385167378,170.88799016172553,43816600,2023,10,24,1,4,0.576292171012946,173.197257232666,175.12457092285158,0.0025433008695900927
2023-10-25,168.96234130859375,170.89784530264086,168.51795139973865,169.73259505065448,57157000,2023,10,25,2,4,0.5649209076631776,173.23033905029297,174.99915771484376,-0.013491759806958936
2023-10-26,164.804931640625,169.2388405091802,163.600172706508,168.2414494672427,70625300,2023,10,26,3,4,0.5444624101012687,173.04271240234374,174.80797637939452,-0.024605540120775427
2023-10-27,166.11834716796875,166.8491074136446,164.74571371476873,164.82471604415156,58499100,2023,10,27,4,4,0.5509256914494992,172.89508209228515,174.6938217163086,0.007969515925699389
2023-10-30,168.16244506835938,169.03145545417337,166.7601878982554,166.90832288755587,51131000,2023,10,30,0,4,0.5609846404709645,172.72424392700196,174.6108706665039,0.012305070061428891
2023-10-31,168.63645935058594,168.76482492650203,165.80230595130433,167.23420217717043,44846000,2023,10,31,1,4,0.563317251594655,172.64376220703124,174.5107373046875,0.002818788000102268
2023-11-01,171.79649353027344,172.05323977559237,167.9945877763323,168.86359824995364,56934900,2023,11,1,2,4,0.5788676920669484,172.65906982421876,174.44635284423828,0.018738736521489496
2023-11-02,175.35150146484375,175.5588693503195,173.26786256268767,173.32711052996643,77334800,2023,11,2,3,4,0.5963617874221239,172.7904083251953,174.376240234375,0.020693134426191584
2023-11-03,174.44296264648438,174.61085195895754,171.18420427007575,172.06308417750907,79829200,2023,11,3,4,4,0.5918908931189925,172.74893112182616,174.38157165527343,-0.0051812434496977255
2023-11-06,176.9907684326172,177.1882666996337,174.0085099439187,174.1763842242903,63841300,2023,11,6,0,4,0.6044285746627223,172.76078186035156,174.39381652832031,0.014605380162546533
2023-11-07,179.5484161376953,180.1606652677133,176.7340169447808,176.94138484513783,70530000,2023,11,7,1,4,0.6170146880163596,172.93014068603514,174.4260095214844,0.014450740723530142
2023-11-08,180.6050262451172,181.15802736111343,179.32126504404005,180.07177947416378,49340300,2023,11,8,2,4,0.6222142370223493,173.08270950317382,174.4017172241211,0.005884819984218526
2023-11-09,180.1310577392578,181.8196853547634,179.53854783351557,180.6741893081628,53763500,2023,11,9,3,4,0.619881851162891,173.1666488647461,174.2982275390625,-0.0026243372940025766
2023-11-10,184.31369018554688,184.48180071812672,181.47581782404296,181.9108954867133,66133400,2023,11,10,4,4,0.6404644693167026,173.55155715942382,174.27404510498047,0.023219940518772075
2023-11-13,182.7315826416016,183.9478113332898,182.14818998578377,183.7401702602705,43627500,2023,11,13,0,4,0.6326789620139556,173.86378021240233,174.18681732177734,-0.008583776616661432
2023-11-14,185.342025756836,186.0045247766197,184.214786141562,185.5991101996175,60108400,2023,11,14,1,4,0.6455248801153145,174.3840446472168,174.14705871582032,0.014285670147969887
2023-11-15,185.90565490722656,187.3789832148446,185.6782334530312,185.7474572062222,53790500,2023,11,15,2,4,0.648298483517435,174.9971710205078,174.2526760864258,0.0030410218518386323
2023-11-16,187.58663940429688,188.8226485285232,186.5384909930313,187.4482069859036,54412900,2023,11,16,3,4,0.6565705615615798,175.71310958862304,174.49757629394531,0.009042137518136206
2023-11-17,187.5668487548828,188.24912816814668,186.4593894684262,188.12057839811112,50922700,2023,11,17,4,4,0.6564731723252228,176.55544662475586,174.7298355102539,-0.0001055013804656113
2023-11-20,189.30714416503903,189.7620021367657,187.75472463510505,187.76460727588125,46505100,2023,11,20,0,4,0.6650371177261287,177.47887268066407,174.9735955810547,0.009278267570782095
2023-11-21,188.5062255859375,189.37638084971888,187.61630503925363,189.2676114417462,38134500,2023,11,21,1,4,0.6610958196327316,178.34052810668945,175.26177276611327,-0.00423078897858864
2023-11-22,189.16873168945312,190.77059476808083,188.69410838615653,189.34672485819107,39617700,2023,11,22,2,4,0.6643559937762497,179.35084762573243,175.60447814941406,0.0035145051653140413
2023-11-24,187.84371948242188,188.76330300712377,187.1317770364584,188.73363999587545,24048300,2023,11,24,4,4,0.6578356454892134,180.50278701782227,175.8904656982422,-0.007004393354005489
2023-11-27,187.6657257080078,188.5358809364272,186.78568783853885,187.79427548166112,40552600,2023,11,27,0,4,0.6569597430666204,181.5801559448242,176.18731048583984,-0.0009475630854440809
2023-11-28,188.26889038085932,188.9412871423915,187.28008315178343,187.6558347269926,38415400,2023,11,28,1,4,0.6599278996772225,182.58547821044922,176.4377584838867,0.003214037462493158
2023-11-29,187.2504272460937,189.9399842182602,186.8549103746581,188.7633011569372,43014200,2023,11,29,2,4,0.6549160708646733,183.51617660522462,176.64611206054687,-0.005409619893681383
2023-11-30,187.823959350586,188.1898283420745,186.08366378848976,187.7151899349547,48794400,2023,11,30,3,4,0.6577384064290114,184.31754989624022,176.93664093017577,0.0030629147977245808
2023-12-01,189.0995178222656,189.4159283197641,187.11200544734405,188.19969953750024,45704800,2023,12,1,4,4,0.6640153942572713,185.00495071411132,177.28349243164064,0.006791244717074152
2023-12-04,187.30975341796875,187.92282418358675,185.3519192531924,187.8536004326293,43389500,2023,12,4,0,4,0.655208013309512,185.64829025268554,177.5775631713867,-0.009464669317555074
2023-12-05,191.255111694336,192.22413865175915,188.0513705178724,188.08104861869373,66628400,2023,12,5,1,4,0.6746230118601245,186.36150741577148,177.92506256103516,0.021063282634105285
2023-12-06,190.1674194335937,192.5800964734148,189.9597632703297,192.27356863697852,41089700,2023,12,6,2,4,0.6692705084405193,186.8924575805664,178.3321792602539,-0.005687127790239943
2023-12-07,192.0955810546875,192.817406093886,191.42318430562543,191.4627450433353,47477700,2023,12,7,3,4,0.6787589382500807,187.46698532104492,178.80807678222655,0.010139284777785695
2023-12-08,193.5194854736328,193.79635031367133,191.50231010992096,192.02637677770835,53406400,2023,12,8,4,4,0.6857659323665919,188.13640670776368,179.30731719970703,0.007412478783361154
2023-12-11,191.0177764892578,191.3243194093573,189.2774811684409,190.9485678278168,60943700,2023,12,11,0,4,0.6734550919046155,188.47161102294922,179.74625366210938,-0.012927426807962772
2023-12-12,192.5306701660156,192.54055280703432,189.57413099725628,190.9189094878757,52696900,2023,12,12,1,4,0.6808999996883844,188.96156539916993,180.16528289794923,0.007920172167027895
2023-12-13,195.74432373046875,195.7838693885932,192.6691320471581,192.90643617191267,70404200,2023,12,13,2,4,0.6967142996645779,189.48168029785157,180.6752474975586,0.016691644825637786
2023-12-14,195.89260864257807,197.38570218691584,193.96443748585023,195.80361960949875,66831600,2023,12,14,3,4,0.6974440056005191,189.98102798461915,181.1632928466797,0.0007575438678544266
2023-12-15,195.3586578369141,196.17935458626624,194.7950304557912,195.3190970971854,128538400,2023,12,15,4,4,0.6948164485088956,190.36962890625,181.61597137451173,-0.002725732274249326
2023-12-18,193.6974639892578,194.4291868327445,192.21425301938103,193.8952224343076,55751900,2023,12,18,0,4,0.6866417597011075,190.67615966796876,181.98447052001953,-0.008503302930362278
2023-12-19,194.73573303222656,194.74561567460933,193.6974822378966,193.964464462268,40714100,2023,12,19,1,4,0.691751052838091,190.9475891113281,182.34411010742187,0.005360261417910683
2023-12-20,192.6493530273437,195.46744514462725,192.6493530273437,194.6961765577493,52242800,2023,12,20,2,4,0.6814840347542162,191.15474548339844,182.6738723754883,-0.010713904286572817
2023-12-21,192.50100708007807,194.8741537657828,191.3342216528088,193.9051267903215,46482500,2023,12,21,3,4,0.680754028465965,191.32135925292968,182.97281951904296,-0.0007700308614302376
2023-12-22,191.4330902099609,193.22282892375424,190.81013681243016,192.9953923922105,37149600,2023,12,22,4,4,0.6754988391946397,191.50082778930664,183.23243591308594,-0.005547591081811465
2023-12-26,190.8892364501953,191.71983089218512,190.67169765519787,191.4429660781885,28919300,2023,12,26,1,4,0.6728225499407987,191.66200332641603,183.51791015625,-0.0028409600407593993
2023-12-27,190.9881134033203,191.3342019743918,188.9511728919884,190.33551208827305,48087700,2023,12,27,2,4,0.6733091206821963,191.79796447753907,183.80792999267578,0.0005179807670863124
2023-12-28,191.413330078125,192.4812438348005,191.0079154404236,191.9670597842524,34049900,2023,12,28,3,4,0.6754016001344377,192.00610961914063,184.13746185302733,0.0022264038699975064
2023-12-29,190.3750457763672,192.2241103808097,189.5839970121992,191.7297067892047,42672100,2023,12,29,4,4,0.6702922319093768,192.1336639404297,184.47210021972657,-0.005424305095857451
2024-01-02,183.56216430664065,186.3308274284663,181.8317517414996,185.05525771688224,82488700,2024,1,2,1,1,0.6367662313297722,191.85679626464844,184.67798614501953,-0.03578663076320199
2024-01-03,182.187728881836,183.7994894661828,181.37689972544035,182.1580658725045,58414500,2024,1,3,2,1,0.6300026727601145,191.6006950378418,184.90733856201172,-0.007487574740667524
2024-01-04,179.8739471435547,181.0407325644792,178.85547678867908,180.1112512492328,71983600,2024,1,4,3,1,0.6186166170591026,191.03163681030273,185.0880450439453,-0.012699986725132284
2024-01-05,179.152099609375,180.7144169560074,178.15340966673114,179.953046197359,62379700,2024,1,5,4,1,0.6150644253826686,190.4808708190918,185.24562469482422,-0.004013074409289441
2024-01-08,183.48306274414065,183.5226234816637,179.46850790157933,180.0519005320401,59144500,2024,1,8,0,1,0.6363769747366541,190.05024490356445,185.53603912353515,0.024174783015152634
2024-01-09,183.0677947998047,183.07767744176536,180.68476543102267,181.8614486084712,42841800,2024,1,9,1,1,0.6343334527108617,189.52766036987305,185.90129638671874,-0.00226324946905343
2024-01-10,184.1060333251953,184.31367440860305,181.8614365329183,182.2866315170422,46792900,2024,1,10,2,1,0.6394425956716905,189.18207321166992,186.26105010986328,0.005671333543543211
2024-01-11,183.5127716064453,184.95643712674624,181.56481971672645,184.45213566932392,49128400,2024,1,11,3,1,0.6365231712233054,188.7311782836914,186.568056640625,-0.0032223915101255995
2024-01-12,183.83905029296875,184.64987951630312,183.1172251929773,183.97748271061096,40477800,2024,1,12,4,1,0.6381287795818398,188.13591461181642,186.87210845947266,0.0017779617389419577
2024-01-16,181.5746917724609,182.1976301200088,178.90489995610474,180.12114381484557,65603000,2024,1,16,1,1,0.6269859341634495,187.42001876831054,187.0676724243164,-0.012317070377046213
2024-01-17,180.63531494140625,180.8825167727283,178.281963767062,179.24110807963172,47317400,2024,1,17,2,1,0.622363286855941,186.68385162353516,187.17334869384766,-0.005173500898637551
2024-01-18,186.51873779296875,187.0230241166397,183.7500741577492,184.00715864056133,78005800,2024,1,18,3,1,0.6513154473783318,186.3249153137207,187.41486419677733,0.03257072324684107
2024-01-19,189.4159240722656,189.80155831594573,186.70660172518024,187.2108880167613,68903000,2024,1,19,4,1,0.6655724206297433,186.05892486572264,187.6633673095703,0.015532950273943191
2024-01-22,191.7198486328125,193.14373357255337,190.10808789018887,190.1476486318496,60133900,2024,1,22,0,1,0.67690996943277,186.0124496459961,187.90679595947265,0.012163309773617126
2024-01-23,192.9954071044922,193.55903452389103,191.66052626402544,192.83720939883847,42355600,2024,1,23,1,1,0.6831869572610303,186.03716964721679,188.15460357666015,0.0066532415958802105
2024-01-24,192.32302856445312,194.18199120084623,192.16481576816372,193.23272951111284,53631300,2024,1,24,2,1,0.6798782011314497,186.0816665649414,188.39844299316405,-0.003483909540267005
2024-01-25,191.9967193603516,194.07322080915367,190.94858599423333,193.03497008475264,54822100,2024,1,25,3,1,0.6782724425967607,186.1370407104492,188.55210357666016,-0.0016966725541771588
2024-01-26,190.26629638671875,192.5801018175765,189.7916731135176,192.09559590318423,44594000,2024,1,26,4,1,0.669757079181917,186.10094985961913,188.7027978515625,-0.009012773652580353
2024-01-29,189.58399963378903,190.04874022336423,187.45807019569023,189.8608644418764,47145600,2024,1,29,0,1,0.6663995158020418,186.00948333740234,188.78763732910156,-0.003586009534462864
2024-01-30,185.935302734375,189.65322753238257,185.3716904655712,188.80285272092348,55859400,2024,1,30,1,1,0.6484443796517768,185.78749618530273,188.78823028564454,-0.01924580611476734
2024-01-31,182.3360595703125,185.0058513431809,182.2866312758536,184.94651023142663,55467800,2024,1,31,2,1,0.630732603960288,185.72619094848633,188.68321868896484,-0.019357502911667823
2024-02-01,184.7685546875,184.85754373397813,181.7625867762094,181.9306822266693,64885400,2024,2,1,3,1,0.6427028449032861,185.85523223876953,188.6272528076172,0.013340724390555891
2024-02-02,183.7698211669922,185.2332515745558,177.24368771791086,177.84686070362292,102551700,2024,2,2,4,1,0.6377881049747842,186.0500259399414,188.51650634765625,-0.005405321929356277
2024-02-05,185.5793609619141,187.13179578344227,183.75995901240583,186.04410163536497,69668800,2024,2,5,0,1,0.6466928000708233,186.37138900756835,188.4579690551758,0.009846773444251111
2024-02-06,187.1812286376953,187.19111127921155,184.67954732588265,184.7685363635356,43490800,2024,2,6,1,1,0.6545755464337726,186.5562973022461,188.41821899414063,0.008631712424691296
2024-02-07,187.2899932861328,188.91163664571195,186.49894443287428,188.50622203381667,53439000,2024,2,7,2,1,0.6551107742493099,186.7674072265625,188.40714447021483,0.0005810660034080151
2024-02-08,186.2121734619141,187.41850432812907,185.2530293001529,187.2701892878568,40962000,2024,2,8,3,1,0.6498068528157674,186.87271423339843,188.37807342529297,-0.005754817998055439
2024-02-09,186.9745178222656,188.10319576406224,186.1329532143,186.7764919564484,45155200,2024,2,9,4,1,0.6535583282495575,187.04580154418946,188.35218597412108,0.004093955546399464
2024-02-12,185.2914123535156,186.796321504533,184.9349868995182,186.54880424779185,41781900,2024,2,12,0,1,0.6452758129626575,187.1184196472168,188.31300567626954,-0.00900179066299256
2024-02-13,183.202377319336,184.3607714461939,181.68757282391297,183.9251386304961,56529500,2024,2,13,1,1,0.6349957295533196,187.19980392456054,188.22057403564452,-0.011274321932383757
2024-02-14,182.3212280273437,183.68752828939827,180.62821823999963,183.4796222278504,54630500,2024,2,14,2,1,0.6306596183490781,187.28409957885742,188.0850082397461,-0.004809704463913045
2024-02-15,182.0341033935547,182.6578517542401,179.54903541760635,181.727184392981,65434500,2024,2,15,3,1,0.6292466859970911,187.05986785888672,187.9794952392578,-0.0015748283230405669
2024-02-16,180.49948120117188,183.0142649801448,179.86583763061847,181.5984584212064,49752500,2024,2,16,4,1,0.6216948527911385,186.61404571533203,187.76438262939453,-0.008430410366924379
2024-02-20,179.7569122314453,180.6182673648721,178.21240712023044,179.984623854957,53665600,2024,2,20,1,1,0.6180406915056276,186.01589889526366,187.55617248535157,-0.0041139673354460005
2024-02-21,180.5094146728516,181.0737462325576,178.8658962581704,180.13318356154335,41371400,2024,2,21,2,1,0.6217437351295104,185.39159927368163,187.32444915771484,0.004186222560595532
2024-02-22,182.53903198242188,183.1231842228548,180.64801151557128,181.6578711029192,52292200,2024,2,22,3,1,0.6317314255655456,184.90239944458008,187.10484008789064,0.011243830762227569
2024-02-23,180.70741271972656,183.2023759242145,180.42028422645075,183.17267506039363,45119700,2024,2,23,4,1,0.6227180780215433,184.33793411254882,186.8986328125,-0.01003412389560443
2024-02-26,179.36093139648438,180.94503297704767,178.85598645977296,180.4302078946742,40867400,2024,2,26,0,1,0.6160920808096387,183.79266586303712,186.6352380371094,-0.007451168178311263
2024-02-27,180.8163146972656,182.0934971193568,177.77679547469845,179.30151026553332,54318900,2024,2,27,1,1,0.6232539816297769,183.35428161621093,186.3366778564453,0.00811427153867772
2024-02-28,179.61831665039062,181.30143093346825,178.34113428414614,180.6974882375532,48953900,2024,2,28,2,1,0.6173586664988199,183.0384323120117,186.01119201660157,-0.006625497532569136
2024-02-29,178.9549560546875,180.75688872813024,177.74707077204522,179.46979611956436,136682600,2024,2,29,3,1,0.6140942874229686,182.86937713623047,185.68311798095704,-0.0036931678688109093
2024-03-01,177.8758087158203,178.73716395290236,175.61845249589473,177.76690051629518,73563100,2024,3,1,4,1,0.6087838333266944,182.52473983764648,185.3666848754883,-0.0060302735540747054
2024-03-04,173.36109924316406,175.14321147352493,172.06409607852763,174.4006596751229,81510100,2024,3,4,0,1,0.5865670733449453,182.0043037414551,184.93919219970704,-0.02538124495540084
2024-03-05,168.4305419921875,170.33147275577412,167.93550746706842,169.0641855800497,95132400,2024,3,5,1,1,0.5623039379904636,181.14686279296876,184.4548159790039,-0.028440966701882453
2024-03-06,167.4404754638672,169.53943215491887,167.00484265804033,169.36121186741923,68587700,2024,3,6,2,1,0.5574318480899114,180.15982513427736,183.9536053466797,-0.005878188816647256
2024-03-07,167.32167053222656,169.0344857697736,166.81674075207243,167.47017484778516,71765100,2024,3,7,3,1,0.5568472123194607,179.16140899658203,183.471376953125,-0.000709535321800181
2024-03-08,169.03448486328125,171.9749911536114,167.26226790901475,167.32166963491963,76267000,2024,3,8,4,1,0.5652759240930121,178.3025245666504,183.0342819213867,0.010236655692035912
2024-03-11,171.03443908691406,172.6482565736913,170.34139373001014,171.2225546353428,60139500,2024,3,11,0,1,0.5751176433066282,177.50552062988282,182.6352084350586,0.011831634386618939
2024-03-12,171.50965881347656,172.3017170819102,169.31170429451927,171.43045147590772,59825400,2024,3,12,1,1,0.5774561863884313,176.81643295288086,182.23713500976564,0.0027785031429898854
2024-03-13,169.4305419921875,171.4700820663792,169.06420612614593,171.05425482761498,52488700,2024,3,13,2,1,0.5672249102293877,176.12784118652343,181.81824493408203,-0.012122447421752391
2024-03-14,171.2819366455078,172.57892461566286,170.34137411890524,171.1928340614332,72913500,2024,3,14,3,1,0.5763355719216695,175.57587661743165,181.57264038085938,0.010927160071326991
2024-03-15,170.90570068359375,170.90570068359375,168.5988381717502,169.47010369924573,121752700,2024,3,15,4,1,0.5744841251978056,175.0194564819336,181.34699981689454,-0.0021965886729360395
2024-03-18,171.99478149414062,175.94516209588443,171.79677072295308,173.82641511894556,75604200,2024,3,18,0,1,0.5798434616324517,174.59422149658204,181.18941650390624,0.006372407744099418
2024-03-19,174.33139038085938,174.85612585981306,171.31167623303145,172.60866449637948,55215200,2024,3,19,1,1,0.591341849097218,174.32294540405275,181.09300231933594,0.013585347569387451
2024-03-20,176.89561462402344,176.89561462402344,173.35116602745083,173.97491429018868,53423100,2024,3,20,2,1,0.6039603254122045,174.14225540161132,180.96125335693358,0.01470890720002882
2024-03-21,169.66810607910156,175.7273381457555,169.1433707597941,175.29170540355622,106181300,2024,3,21,3,1,0.5683939565060572,173.49870910644532,180.69325958251954,-0.04085747722058186
2024-03-22,170.56910705566406,171.33146450930536,168.37115239719608,170.05426688241553,71160100,2024,3,22,4,1,0.5728277572989647,172.99179382324218,180.4225210571289,0.00531037327747641
2024-03-25,169.15330505371094,170.2324767040703,167.76719930445816,168.87608692531137,54288300,2024,3,25,0,1,0.5658606349515403,172.4814125061035,180.1353317260742,-0.008300459716255038
2024-03-26,168.024658203125,169.71766815187948,167.89594436696248,168.31177163695932,57388400,2024,3,26,1,1,0.5603065951322578,171.8418296813965,179.81904388427733,-0.006672331056301606
2024-03-27,171.58885192871094,171.87598039200594,168.42063422483255,168.7176579392829,60273300,2024,3,27,2,1,0.5778458935100136,171.4403564453125,179.61932708740235,0.021212325403317855
2024-03-28,169.7770538330078,170.51960569647457,168.81668554767697,170.04437673388762,65672700,2024,3,28,3,1,0.568930085378523,170.98146133422853,179.40216186523438,-0.010558949927911732
2024-04-01,168.34144592285156,169.54933141950085,167.79690490268092,169.48992969134684,46240500,2024,4,1,0,2,0.5618654987066642,170.50474319458007,179.03861602783203,-0.008455841809861475
2024-04-02,167.1632537841797,167.65828830624176,166.55931106297376,167.40087579338118,49329500,2024,4,2,1,2,0.5560676479001413,170.19485092163086,178.59356262207032,-0.0069988239213046866
2024-04-03,167.96519470214844,168.98496453257434,166.90582876011774,167.11373478373662,47691700,2024,4,3,2,2,0.5600139768947229,170.1715835571289,178.11846954345702,0.004797351689529217
2024-04-04,167.14346313476562,170.2126681045212,167.14346313476562,168.59885072968464,53704400,2024,4,4,3,2,0.5559702586637845,170.15673294067383,177.6014306640625,-0.004892272883319615
2024-04-05,167.8959197998047,168.69787335368648,167.2721714324497,167.90581505219322,42104800,2024,4,5,4,2,0.559673077023435,170.18544540405273,177.11288848876953,0.004501861161225085
2024-04-08,166.7771453857422,167.5196972486415,166.56923932419392,167.35138730592178,37425500,2024,4,8,0,2,0.554167619190215,170.07257843017578,176.60849700927736,-0.006663499716946686
2024-04-09,167.9850311279297,168.3909631058002,166.6781477036779,167.02466284236104,42373800,2024,4,9,1,2,0.5601115913953119,169.92010803222655,176.16287170410158,0.007242513591378286
2024-04-10,166.11378479003906,167.4107728345435,165.45044033625643,167.12365945587084,49709300,2024,4,10,2,2,0.5509032401143638,169.6503143310547,175.69346740722656,-0.01113936358094647
2024-04-11,173.30166625976562,173.71750852250418,166.49000200344838,166.6682071669761,91070300,2024,4,11,3,2,0.5862746052835651,169.8438705444336,175.44079467773437,0.04327083076706573
2024-04-12,174.7967071533203,176.58872985356905,172.47994902506244,172.52944039553972,101670900,2024,4,12,4,2,0.593631660016804,170.0196090698242,175.29000762939452,0.008626811996797157
2024-04-15,170.97499084472656,174.87586450170738,170.78687534747343,173.61847284158247,73531800,2024,4,15,0,2,0.5748251001571707,170.02307357788087,175.01413635253905,-0.021863777475176316
2024-04-16,167.6978759765625,172.03436750787574,166.59889888763496,170.04433444727837,73711200,2024,4,16,1,2,0.5586985088671699,169.80822830200196,174.69269744873046,-0.019167217684721072
2024-04-17,166.3315887451172,168.9552655008738,166.3315887451172,167.9256004082147,50901200,2024,4,17,2,2,0.551975047330831,169.40823822021486,174.30774200439453,-0.008147313873171913
2024-04-18,165.38111877441406,166.96523521407434,164.8959946340493,166.36129252101995,43122900,2024,4,18,3,2,0.54729781099107,168.83251342773437,173.8717398071289,-0.005714308255418632
2024-04-19,163.3614044189453,164.7474951408098,162.4505426435407,164.55939469854349,68149400,2024,4,19,4,2,0.5373588527172517,168.51717834472657,173.39316802978516,-0.012212484535333856
2024-04-22,164.1930389404297,165.59893510418706,163.13367296874276,163.8762247169617,48116400,2024,4,22,0,2,0.5414513031104072,168.19837493896483,172.95278533935547,0.005090765009289511
2024-04-23,165.24252319335938,165.39104261951863,163.28219064755024,163.70792820716713,49537800,2024,4,23,1,2,0.5466157859842623,168.00283584594726,172.51814544677734,0.006391770684690545
2024-04-24,167.3414764404297,167.6186945681344,164.55938480415762,164.88609429896647,48251800,2024,4,24,2,2,0.5569446766438949,167.9686767578125,172.15914672851562,0.012702258513773712
2024-04-25,168.2028350830078,168.9156860278579,166.4801094484109,167.84640961058278,50558300,2024,4,25,3,2,0.5611833986117792,167.79937591552735,171.85915588378907,0.005147311120353049
2024-04-26,167.61868286132812,169.63841695172266,167.49986430971396,168.19292468782604,44838400,2024,4,26,4,2,0.5583088017455876,167.69145736694335,171.56510498046876,-0.0034729035416758425
2024-04-29,171.7769775390625,174.28185098854456,171.38095596804143,171.64826373021612,68169400,2024,4,29,0,2,0.5787716544159843,167.8632339477539,171.3599624633789,0.024808062005680753
2024-04-30,168.6384735107422,173.2521991943247,168.31174889120035,171.60868084411632,65934800,2024,4,30,1,2,0.5633271632208686,167.93699493408204,171.1227423095703,-0.018270807143562662
2024-05-01,167.61868286132812,170.9948217396029,167.43056733625505,167.8959009696714,50383100,2024,5,1,2,2,0.5583088017455876,167.919669342041,170.87997772216798,-0.006047200429320165
2024-05-02,171.3116455078125,171.69777183075684,169.19289835753364,170.79680537480178,94214900,2024,5,2,3,2,0.5764817684083209,168.12807846069336,170.69602233886718,0.022031927368977078
2024-05-03,181.5588836669922,185.14292911827533,180.84603267784937,184.7963988764884,163224100,2024,5,3,4,2,0.626908142915288,168.81122665405275,170.6764193725586,0.05981635474228386
2024-05-06,179.90545654296875,182.3707188474722,178.62825898838415,180.53910014061185,78569700,2024,5,6,0,2,0.6187716739388844,169.46764221191407,170.66038024902343,-0.009106836804835594
2024-05-07,180.588607788086,183.06378067502385,179.5193463953144,181.6281834220512,77305800,2024,5,7,1,2,0.6221334422510927,170.0978210449219,170.68493377685547,0.0037972791834364195
2024-05-08,180.9252166748047,181.25194126160503,179.64801918938014,181.0341248704048,45057100,2024,5,8,2,2,0.6237898852380107,170.83839263916016,170.68711181640626,0.0018639541599085874
2024-05-09,182.737060546875,182.826163139894,180.3014839202349,180.7470119925852,48983000,2024,5,9,3,2,0.6327059186337335,171.31016235351564,170.74948669433593,0.010014324732449564
2024-05-10,181.4779510498047,183.5004246665796,180.56585391849484,183.3120539854214,50759500,2024,5,10,4,2,0.6265098757528847,171.64422454833985,170.7999465942383,-0.006890279909845254
2024-05-13,184.6802215576172,185.4931866387208,183.0344740478803,183.84743912898392,72044800,2024,5,13,0,2,0.6422681600233554,172.32948608398436,170.93603485107423,0.01764550728773484
2024-05-14,185.8203582763672,186.68289706997305,184.6901491140281,185.8996730578337,52393600,2024,5,14,1,2,0.6478787411649022,173.2356101989746,171.18522003173828,0.006173572400628213
2024-05-15,188.09068298339844,189.0126888680272,185.76085876781028,186.2962297111884,70400000,2024,5,15,2,2,0.6590509460215466,174.32356491088868,171.5784228515625,0.012217847000674853
2024-05-16,188.20962524414065,189.458813878606,188.03117836935675,188.8342195613733,52845200,2024,5,16,3,2,0.6596362575846938,175.464990234375,171.99380584716798,0.0006323665736953643
2024-05-17,188.2393951416016,189.17132485957904,187.55531842828847,187.88248620977504,41282900,2024,5,17,4,2,0.6597827544236547,176.70888977050782,172.41216033935547,0.00015817414982000066
2024-05-20,189.3993225097656,190.27176982167657,187.38675756521693,187.7040166341828,44361300,2024,5,20,0,2,0.6654907248015581,177.9692039489746,172.81945709228515,0.006161979894226954
2024-05-21,190.69808959960932,191.07481584379752,189.28036268210627,189.44890089382773,42309400,2024,5,21,1,2,0.6718819215955074,179.24198226928712,173.21273010253907,0.006857295330487512
2024-05-22,189.26055908203125,191.1640835786065,188.6359797615981,190.6188039117619,34648500,2024,5,22,2,2,0.6648078738258995,180.3379364013672,173.56774810791015,-0.007538253375250492
2024-05-23,185.27505493164065,189.35966699130785,185.0272019643745,189.33983451815809,51005900,2024,5,23,3,2,0.6451953185437105,181.19154739379883,173.88463836669922,-0.02105829217519728
2024-05-24,188.34841918945312,188.9432723510632,186.4250777783575,187.19839293954828,36327000,2024,5,24,4,2,0.6603192587365072,182.22803421020507,174.2259680175781,0.016588116834975075
2024-05-28,188.35836791992188,191.3425125399711,187.4760118609873,189.86530324069457,52280100,2024,5,28,1,2,0.6603682161629565,183.05710372924804,174.57502136230468,5.2820886480287044e-05
2024-05-29,188.65576171875,190.5989356775744,187.8824616554793,187.98160889548623,53068000,2024,5,29,2,2,0.6618316827910179,184.05796813964844,174.90824096679688,0.0015788722429075364
2024-05-30,189.6471710205078,190.52952698465035,188.99285067972127,189.12172393667825,49889100,2024,5,30,3,2,0.6667103804423792,185.1593925476074,175.21455657958984,0.005255123367161385
2024-05-31,190.59893798828125,190.9161970579539,188.2790377703441,189.79589676882185,75158300,2024,5,31,4,2,0.6713939992687172,186.12375717163087,175.488623046875,0.005018619379618894
2024-06-03,192.36366271972656,193.31542486412093,190.86663609575572,191.24336235629545,50080500,2024,6,3,0,2,0.6800781606815025,186.66399612426758,175.9425341796875,0.009258838218467957
2024-06-04,192.680908203125,193.64257895328527,191.37223723797064,192.9684109970025,47471400,2024,6,4,1,2,0.6816393168982302,187.3027687072754,176.38477020263673,0.0016491965213860649
2024-06-05,194.18788146972656,195.2090347134809,193.1964693784895,193.7219165766253,54156800,2024,6,5,2,2,0.6890550905079773,187.98273239135742,176.88546173095702,0.007821082434451121
2024-06-06,192.80978393554688,194.81244022862765,192.5024486640224,194.0093990023229,41181800,2024,6,6,3,2,0.6822735107997493,188.57696075439452,177.38116424560548,-0.007096722636600439
2024-06-07,195.1990966796875,195.24867030234284,192.4727138388465,192.97832848334124,53103900,2024,6,7,4,2,0.6940312524837728,189.20006256103517,177.853369140625,0.012392072100134266
2024-06-10,191.4614715576172,195.6055813883456,190.49980075281104,195.20900753042525,97010200,2024,6,10,0,2,0.6756385030185595,189.6992385864258,178.28705749511718,-0.019147758292158423
2024-06-11,205.37095642089844,205.3808802210458,191.9670792480836,191.98689659289,172373300,2024,6,11,1,2,0.7440866918885017,190.73377532958983,179.02764770507812,0.07264900217324088
2024-06-12,211.2401428222656,218.30889945026047,205.1231180281253,205.58908283581823,198134300,2024,6,12,2,2,0.7729687952347003,192.00476455688477,179.90918548583986,0.028578463594134185
2024-06-13,212.40011596679688,214.8885546834631,209.7827888470424,212.8958219752939,97862700,2024,6,13,3,2,0.7786769908768362,193.2202362060547,180.7978839111328,0.005491253362327253
2024-06-14,210.6651306152344,213.3221073788285,209.4853479747781,212.01345147179217,70122700,2024,6,14,4,2,0.7701391761268573,194.34301147460937,181.66831726074219,-0.008168476479710085
2024-06-17,214.8092193603516,217.0696373326701,210.8931452933454,211.5375569916551,93728300,2024,6,17,0,2,0.7905321217972169,195.67150268554687,182.6065832519531,0.019671450766506338
2024-06-18,212.4496612548828,216.75240063817128,211.1707464886947,215.7213237330737,79943300,2024,6,18,1,2,0.7789208018640766,196.82401962280272,183.52003356933594,-0.01098443592176801
2024-06-20,207.87924194335932,212.4000929584359,207.05638337080816,212.0927425591543,86172500,2024,6,20,3,2,0.756429895311827,197.68307723999024,184.31791778564454,-0.02151295174832124
2024-06-21,205.7080993652344,210.07030649667257,205.3313579313177,208.5831883662621,241805100,2024,6,21,4,2,0.745745762958128,198.50545425415038,185.10980407714842,-0.010444249064158528
2024-06-24,206.3524780273437,210.87331399723783,204.8157865138524,205.93608683303725,80727000,2024,6,24,0,2,0.748916732465723,199.55932540893554,185.7708203125,0.003132490476056571
2024-06-25,207.2744903564453,209.56464939365068,206.8184342324815,207.35378999494392,55549700,2024,6,25,1,2,0.7534539295411778,200.50562896728516,186.4203759765625,0.00446814275222529
2024-06-26,211.4185943603516,213.01476817493463,208.8310086144187,209.68362348048936,66213200,2024,6,26,2,2,0.7738469502996147,201.65864028930665,187.229248046875,0.01999331416412975
2024-06-27,212.2613067626953,213.8872217725645,210.5263358320774,212.8462361886446,49772700,2024,6,27,3,2,0.7779939146369453,202.83891754150392,188.12051666259765,0.003985989997206119
2024-06-28,208.81118774414065,214.2143951724623,208.4939437749064,213.9169685509796,82542700,2024,6,28,4,2,0.7610159747256536,203.79711837768554,188.9701086425781,-0.016254111835897755
2024-07-01,214.8885498046875,215.6420174745076,210.100028055994,210.26856627972688,60402900,2024,7,1,0,3,0.7909225047114953,205.01159896850587,189.9602572631836,0.029104580679812697
2024-07-02,218.37831115722656,218.4873670751859,213.2527132686293,214.2936836981781,58046200,2024,7,2,1,3,0.8080955234478103,206.31233139038085,191.0605953979492,0.016239866459664354
2024-07-03,219.6472930908203,219.6472930908203,217.1489310533617,218.1106017348668,37369800,2024,7,3,2,3,0.8143401483147213,207.66065063476563,192.16968048095703,0.0058109339103740165
2024-07-05,224.3961639404297,224.5052198536283,219.7464397478406,219.7464397478406,60412400,2024,7,5,4,3,0.8377092099318851,209.1710647583008,193.35275329589842,0.02162043876245634
2024-07-08,225.8634796142578,225.89322076278884,221.3327197032473,225.13973799267995,59085900,2024,7,8,0,3,0.8449298296285316,210.82374954223633,194.523193359375,0.00653895168287133
2024-07-09,226.7160797119141,227.4298975332092,224.4259205051531,225.97252074204383,48076100,2024,7,9,1,3,0.849125451040002,212.39959869384765,195.69345825195313,0.0037748470851171056
2024-07-10,230.9791717529297,231.07831900756045,227.28120909695767,227.33078272427315,62627700,2024,7,10,2,3,0.8701040086258182,214.37548370361327,196.96066802978515,0.018803659830536334
2024-07-11,225.6156311035156,230.39422897123265,223.83108651749723,229.40281699319425,64710600,2024,7,11,3,3,0.8437101739877103,215.38771743774413,198.03744110107422,-0.023220884414423715
2024-07-12,228.56011962890625,230.642090914666,226.71609267309665,226.9540370030468,53046500,2024,7,12,4,3,0.8581999202789884,216.25371627807618,199.2358740234375,0.013050906583860211
2024-07-15,232.386947631836,235.1926451763578,231.08820043911544,234.44908623752588,62631300,2024,7,15,0,3,0.8770316346445429,217.25305786132813,200.53123931884767,0.016743200909865807
2024-07-16,232.8033599853516,234.24090427881208,230.33473879844303,232.98180687397965,43234300,2024,7,16,1,3,0.8790807882761383,218.35996932983397,201.76107360839845,0.0017918921770740948
2024-07-17,226.91439819335932,229.4722431354341,224.69362972259933,227.47949520376963,57345900,2024,7,17,2,3,0.8501013707816597,218.96522827148436,202.66818389892578,-0.025295862535501312
2024-07-18,222.25473022460932,228.46097889584823,220.3611448415193,228.3023493485251,66034600,2024,7,18,3,3,0.827171274064837,219.4554817199707,203.5151693725586,-0.020534915394744502
2024-07-19,222.38360595703125,224.8522270905052,221.3624528868853,222.88923571935769,49151500,2024,7,19,4,3,0.8278054679663563,220.1806999206543,204.3510693359375,0.0005798559710818996
2024-07-22,222.03663635253903,225.82382229500527,221.1740976327557,225.06043082550624,48201800,2024,7,22,0,3,0.8260980401748995,220.99712677001952,205.1732977294922,-0.0015602301392633189
2024-07-23,223.0775909423828,224.9910238167192,220.76759935066607,222.44308791792704,39960300,2024,7,23,1,3,0.8312205488135015,221.8333824157715,205.98010833740236,0.004688210949975735
2024-07-24,216.6631317138672,222.86937936668875,215.265252549738,222.0762468879687,61777600,2024,7,24,2,3,0.7996551730222655,222.30281448364258,206.6838119506836,-0.02875438631651872
2024-07-25,215.6221923828125,218.9533371697593,212.77682977395943,217.0498128962932,51391200,2024,7,25,3,3,0.7945327394717411,222.51299438476562,207.3026513671875,-0.004804413758910275
2024-07-26,216.08816528320312,217.60502442671483,214.15489978899527,216.82180047841348,41601300,2024,7,26,4,3,0.7968257791786545,222.704337310791,207.9080075073242,0.0021610618797685
2024-07-29,216.36575317382807,217.41664743865044,213.8971319294418,215.096747065996,36311800,2024,7,29,0,3,0.7981917814822813,223.0820655822754,208.47350891113283,0.001284604782779919
2024-07-30,216.92095947265625,218.4378186982869,214.26396731336547,217.3076095668808,41643800,2024,7,30,1,3,0.8009239362656905,223.18368606567384,209.04773559570313,0.0025660544272092523
2024-07-31,220.17274475097656,221.8978068103832,218.73520059867647,219.5382417741392,50036300,2024,7,31,2,3,0.816925881347247,223.27340774536134,209.68640258789063,0.014990645838122596
2024-08-01,216.48472595214844,222.5521625800544,215.15623749650504,222.4431066544272,62501000,2024,8,1,3,3,0.7987772432215835,223.11527938842772,210.2281106567383,-0.016750569208733856
2024-08-02,217.97183227539065,223.6625423233413,215.84030263063204,217.2679231335739,105568600,2024,8,2,4,3,0.8060952521545869,222.79406280517577,210.7735855102539,0.006869336008356264
2024-08-05,207.4727935791016,211.6664621054212,194.3167520967801,197.3802115476467,119548600,2024,8,5,0,3,0.7544297741947584,221.87452850341796,211.1378302001953,-0.04816695160420703
2024-08-06,205.4502868652344,208.18659343179937,199.343200967242,203.5368691310161,69660500,2024,8,6,1,3,0.7444770748027804,220.81123886108398,211.5413348388672,-0.00974829845868963
2024-08-07,208.0180511474609,211.80523672133984,204.61750047992084,205.1231151005704,63516400,2024,8,7,2,3,0.7571129715517179,219.66318283081054,211.93472747802736,0.012498226804184664
2024-08-08,211.47808837890625,212.36044444161047,207.0365669160157,211.279809007194,47161100,2024,8,8,3,3,0.7741397187133042,218.95630569458007,212.39712188720702,0.01663335086719253
2024-08-09,214.3829040527344,214.9182597959333,210.1495712142523,210.2784595957283,42201600,2024,8,9,4,3,0.7884342360034043,218.2474449157715,212.9116647338867,0.013735776108509068
2024-08-12,215.9114532470703,217.8767166928247,213.9958208022464,214.46232494953352,38028100,2024,8,12,0,3,0.7959561841545612,217.4236701965332,213.43695037841798,0.007129995747981344
2024-08-13,219.6236572265625,220.2390393048837,217.380462936734,217.380462936734,44155300,2024,8,13,1,3,0.8142238368828657,216.76468505859376,214.0174447631836,0.01719317768309514
2024-08-14,220.0703125,221.3705631337125,218.06533789669703,218.92887503482297,41960600,2024,8,14,2,3,0.8164218150838206,216.42248077392577,214.57157775878906,0.002033730241440823
2024-08-15,223.0479736328125,223.6732909687273,221.10255033510867,222.9288713384501,46414000,2024,8,15,3,3,0.8310748028553144,216.46214294433594,215.17891906738282,0.013530498952749381
2024-08-16,224.3680877685547,225.1422830006272,221.98593577772976,222.25393109506464,44340200,2024,8,16,4,3,0.837571047869513,216.5613670349121,215.78252319335937,0.005918521088720485
2024-08-19,224.20925903320312,224.30852103873067,221.38045847347976,224.0405257400108,40687800,2024,8,19,0,3,0.8367894560721044,216.6699981689453,216.4105126953125,-0.0007078936088067422
2024-08-20,224.8246459960937,225.47973889834265,223.7725353535306,224.0901616619868,30299000,2024,8,20,1,3,0.839817758232685,216.75735092163086,217.00302368164063,0.0027446991508921492
2024-08-21,224.7154693603516,226.2837152200136,223.375523094966,224.8345868015738,34765500,2024,8,21,2,3,0.8392805030390588,217.15996780395508,217.6681036376953,-0.0004856079512919331
2024-08-22,222.859375,226.6410241305216,222.2340576918725,226.09511339685903,43695300,2024,8,22,3,3,0.830146714218945,217.52182693481444,218.01787200927734,-0.008259753392300673
2024-08-23,225.15219116210932,226.52192810531065,222.66087229355688,223.98097823318813,38677300,2024,8,23,4,3,0.8414295989016415,217.97502822875975,218.29611297607423,0.010288174603869882
2024-08-26,225.4896697998047,225.58893181224727,222.22415556593285,225.07279660900764,30602200,2024,8,26,0,3,0.8430903219089704,218.43122406005858,218.5579040527344,0.0014988911986753006
2024-08-27,226.33334350585932,227.1472495725316,223.2167072550592,224.31844891527624,35934600,2024,8,27,1,3,0.8472420167951754,218.90184326171874,218.87126831054687,0.003741518211471284
2024-08-28,224.80479431152344,228.14971479709,224.0008084384826,226.22414704916852,38052200,2024,8,28,2,3,0.8397200686440186,219.1334457397461,219.0711798095703,-0.006753530746548164
2024-08-29,228.08026123046875,231.1869775896776,227.1770435151196,228.38796742499144,51906300,2024,8,29,3,3,0.8558385504216629,219.7132225036621,219.38379180908203,0.014570271639342103
2024-08-30,227.29611206054688,228.68568922028223,225.7874174690805,228.4772602189495,52990800,2024,8,30,4,3,0.8519797741253018,220.17943649291993,219.77212921142578,-0.003438040476152926
2024-09-03,221.11248779296875,227.2961293418145,219.52438650802387,226.8494805883164,50190600,2024,9,3,1,3,0.8215503307686126,220.86142120361328,220.08021697998046,-0.027205147556289666
2024-09-04,219.20675659179688,220.1298295937355,215.8618210075421,220.01072730838987,43840200,2024,9,4,2,3,0.8121722804327943,221.54924468994142,220.33730255126954,-0.008618831166859464
2024-09-05,220.72537231445312,223.8022974801588,219.8717705933337,219.9809527371486,36615400,2024,9,5,3,3,0.8196453462455794,222.18461074829102,220.6063201904297,0.006927777894566445
2024-09-06,219.17697143554688,223.5640821152314,218.13478104858405,222.28367202274,48423000,2024,9,6,4,3,0.812025708505756,222.56955490112304,220.76148773193358,-0.007015056142709031
2024-09-09,219.26632690429688,219.6236489368284,215.09757995493325,219.17700018247805,67180000,2024,9,9,0,3,0.8124654242868709,222.81372604370117,220.90158813476563,0.000407686392255302
2024-09-10,218.4722595214844,219.83206111139577,215.1174037589381,217.29111136152252,51591000,2024,9,10,1,3,0.8085578407402155,222.94176635742187,221.0948095703125,-0.0036214743687436046
2024-09-11,221.00328063964844,221.43007391385896,216.2687680395375,219.8122123833057,44587100,2024,9,11,2,3,0.8210129253988313,223.01074752807617,221.21710418701173,0.011585091506389311
2024-09-12,221.11248779296875,221.8866830044339,218.1844402475294,220.8444924827673,37455600,2024,9,12,3,3,0.8215503307686126,223.0628562927246,221.27178771972658,0.0004941426797115955
2024-09-13,220.844482421875,222.37301734416337,220.2588759685165,221.91644846858932,36766600,2024,9,13,4,3,0.8202314837775776,222.95268173217772,221.29573150634766,-0.001212077046253035
2024-09-16,214.71046447753903,215.6037619118882,212.3283127438496,214.9288136198369,59357400,2024,9,16,0,3,0.7900461517604381,222.46980056762695,221.10201751708985,-0.02777528275584562
2024-09-17,215.17697143554688,215.28615358843467,212.904016801209,214.14471619981745,45519300,2024,9,17,1,3,0.7923418195500594,222.01818618774413,220.88828735351564,0.0021727257641728226
2024-09-18,219.04795837402344,221.0529328037412,215.92138686335736,215.9313221513165,59894900,2024,9,18,2,3,0.8113908388115406,221.72935180664064,220.7349249267578,0.017989782608479832
2024-09-19,227.1670837402344,228.11002736409569,222.9586412306041,223.31596324984213,66781300,2024,9,19,3,3,0.8513448293430091,221.85193252563477,220.65868316650392,0.03706551490586185
2024-09-20,226.50205993652344,231.35567496568984,225.9263736470506,228.25889437635817,318679900,2024,9,20,4,3,0.8480722656667238,222.03406677246093,220.67641174316407,-0.002927465514640404
2024-09-23,224.7849578857422,227.74278104335212,224.12986496132828,225.6484798300337,54146000,2024,9,23,0,3,0.8396224541434297,222.01570510864258,220.6009085083008,-0.007580955560679947
2024-09-24,225.67825317382807,227.64353192764617,224.050456167142,226.94872814757065,43556100,2024,9,24,1,3,0.844018335457262,222.02513427734374,220.46673461914062,0.003973999401418737
2024-09-25,224.6856689453125,225.598821785692,222.3531634174072,223.25638097071692,42308700,2024,9,25,2,3,0.8391338560239429,221.9427505493164,220.30438079833985,-0.004398227186520387
2024-09-26,225.8271484375,226.799852535932,223.73284722402752,225.608784129346,36636700,2024,9,26,3,3,0.8447510449162988,221.99386825561524,220.28263580322266,0.005080339558573899
2024-09-27,226.09510803222656,227.81224676693589,225.60876359989413,226.76013618443497,34026000,2024,9,27,4,3,0.8460696666431017,221.8946105957031,220.359443359375,0.0011865694473873756
2024-09-30,231.266357421875,231.266357421875,227.9412771261621,228.3283747151782,54541900,2024,9,30,0,3,0.8715172413301148,222.09312286376954,220.53709838867186,0.022872009194074838
2024-10-01,224.5269012451172,227.9412933564836,222.0752779583648,227.8122709144617,63285000,2024,10,1,1,4,0.838352564578844,222.26384353637695,220.58690368652344,-0.029141532957444927
2024-10-02,225.0926513671875,225.67825786117984,221.3606329474616,224.2092739820147,32880600,2024,10,2,2,4,0.84113660522372,222.5581382751465,220.62720489501953,0.002519743152971543
2024-10-03,223.99087524414065,225.12239234050705,221.6583697697889,223.46481998018768,34044200,2024,10,3,3,4,0.8357147955086969,222.72141342163087,220.773759765625,-0.004894767183001192
2024-10-04,225.11248779296875,226.3035561118749,222.4623558611945,226.20429410810965,37245100,2024,10,4,4,4,0.8412342197243089,223.01818923950196,220.96356567382813,0.00500740285784218
2024-10-07,220.0405120849609,224.0107499786272,219.6831900687208,222.8296017820206,39505400,2024,10,7,0,4,0.8162751680687049,223.05689849853516,221.04261260986328,-0.022530850055161866
2024-10-08,224.0901641845703,224.298593199742,221.58890998571715,222.631100497344,31855700,2024,10,8,1,4,0.8362033936281835,223.33779373168946,221.1971008300781,0.01840412050143647
2024-10-09,227.83209228515625,228.0405364361267,223.157145699626,223.55416342639623,33591100,2024,10,9,2,4,0.854617317931217,223.67923431396486,221.41532348632813,0.016698314779687973
2024-10-10,227.33580017089844,227.7923841625437,225.47971892420364,226.0851807689644,28183500,2024,10,10,3,4,0.8521750782145573,223.99039993286132,221.55858459472657,-0.0021783239985201375
2024-10-11,225.8569183349609,227.70307961960657,225.6484741750507,227.5938974682738,31759200,2024,10,11,4,4,0.8448975417552597,224.24102172851562,221.74602844238282,-0.006505274729390553
2024-10-14,229.5790252685547,230.00581860221664,226.89911753216435,226.99836439928595,39882100,2024,10,14,0,4,0.8632139266457816,224.9844497680664,221.9781723022461,0.016479933229557542
2024-10-15,232.11004638671875,235.7229623804217,230.6410474142004,231.87182665313995,64751400,2024,10,15,1,4,0.8756690113043976,225.831103515625,222.47091735839842,0.011024618277751363
2024-10-16,230.0554351806641,230.3929017691756,228.12986736523644,229.8767817438953,34082200,2024,10,16,2,4,0.8655583265976202,226.38147735595703,222.96302032470703,-0.008851884000882326
2024-10-17,230.4226837158203,232.11004699556463,228.8048220166126,231.69315867439417,32993800,2024,10,17,3,4,0.8673655464439095,226.54425735473632,223.4111129760742,0.0015963480057221702
2024-10-18,233.25148010253903,234.4226930307779,232.26884075534687,234.4226930307779,46431500,2024,10,18,4,4,0.8812859749325211,226.8817283630371,223.84658081054687,0.012276553423913095
2024-10-21,234.720458984375,235.0877162866724,232.7055644739604,232.7055644739604,36254500,2024,10,21,0,4,0.8885147792296016,227.37850341796874,224.25333190917968,0.006297833056365665
2024-10-22,234.1051025390625,234.46242459274853,230.86936376892484,232.1497589598997,38846600,2024,10,22,1,4,0.8854866272451759,227.79984588623046,224.61720489501954,-0.002621656620710122
2024-10-23,229.04302978515625,233.39044533687328,226.0653512199268,232.33833466706656,52287000,2024,10,23,2,4,0.8605763077517891,228.01771392822266,224.80559234619142,-0.021623077408411406
2024-10-24,228.85446166992188,229.10260155629064,226.710529416834,228.26884002769643,31109500,2024,10,24,3,4,0.8596483692915745,228.16907958984376,224.98127532958983,-0.000823286853178895
2024-10-25,229.68820190429688,231.484732210271,227.8618960243761,228.03062932515897,38802300,2024,10,25,4,4,0.863751181839408,228.34873428344727,225.11407989501953,0.003643102381711616
2024-10-28,231.66336059570312,232.983466430484,230.8196941830456,231.58396917060392,36087100,2024,10,28,0,4,0.8734708829272878,228.36858444213868,225.2599853515625,0.00859930407844467
2024-10-29,231.93136596679688,232.5864588417728,230.5914197900792,231.36561495313973,35417200,2024,10,29,1,4,0.8747897299183226,228.73880767822266,225.41442749023437,0.001156874226483584
2024-10-30,228.387924194336,231.7328445287285,227.842013494816,230.8792428381849,47070900,2024,10,30,2,4,0.8573525513257986,228.90357131958007,225.48569305419923,-0.015277975696345258
2024-10-31,224.22911071777344,228.11994197442104,223.693120129287,227.63358238786927,64370100,2024,10,31,3,4,0.8368871456607708,228.9154830932617,225.47596588134766,-0.018209428065136257
2024-11-01,221.25143432617188,223.67328184782377,218.6310779402587,219.3258665378009,65276700,2024,11,1,4,4,0.8222340828011999,228.72243041992186,225.4438070678711,-0.013279615577432402
2024-11-04,220.3581085205078,221.1323036464344,218.07523400035527,219.34570882983752,44944500,2024,11,4,0,4,0.8178380513112126,228.73831024169922,225.34792541503907,-0.0040376045849588316
2024-11-05,221.78741455078125,222.2836942947505,219.49460455688447,220.14969745378525,28111300,2024,11,5,1,4,0.8248716266071149,228.62317276000977,225.2738803100586,0.006486287433985716
2024-11-06,221.06285095214844,224.387931303672,219.54423614319148,220.95366880237512,54561100,2024,11,6,2,4,0.8213060692529078,228.2847106933594,225.1684704589844,-0.0032669283786925796
2024-11-07,225.7874298095703,226.1844626949484,222.899093187882,222.95864433437472,42137700,2024,11,7,3,4,0.8445555906508887,228.20729217529296,225.1881231689453,0.02137210678805812
2024-11-08,225.51914978027344,227.2083542879204,224.9726384261151,225.72780810336752,38328800,2024,11,8,4,4,0.843235392074461,228.1904037475586,225.1369009399414,-0.0011881973656511224
2024-11-11,222.8064727783203,224.26714170400084,220.0938084143074,223.57158868270503,42005600,2024,11,11,0,4,0.8298863838546818,227.85177612304688,225.04710815429686,-0.012028588279958119
2024-11-12,222.8064727783203,224.15783943194583,221.9420008205612,223.12444853772337,40398300,2024,11,12,1,4,0.8298863838546818,227.38659744262696,225.0809878540039,0.0
2024-11-13,223.6908264160156,225.2111120360391,221.34580821096,222.5878726169869,48566200,2024,11,13,2,4,0.8342382635551718,227.06836700439453,225.1706692504883,0.003969155952552539
2024-11-14,226.77114868164065,227.4170160979644,223.571589608512,223.59146688403663,44923900,2024,11,14,3,4,0.8493964439112526,226.88579025268555,225.29158477783204,0.013770445194280612
2024-11-15,223.57159423828125,225.47940335635096,222.8462328667566,224.96270031544069,47923700,2024,11,15,4,4,0.8336515253185547,226.40179595947265,225.37947723388672,-0.01410917774135012
2024-11-18,226.57241821289065,228.28149999782983,223.74050538640265,223.8199993254601,44633700,2024,11,18,0,4,0.8484184967915055,225.99439392089843,225.5255990600586,0.013422205914992658
2024-11-19,226.8307647705078,228.6988344551977,225.22105418122663,225.5390147792205,36211800,2024,11,19,1,4,0.849689813029561,225.63067703247071,225.69276916503907,0.0011402383381653447
2024-11-20,227.5461883544922,228.4702769508748,224.45593165289552,226.61215353970653,35169600,2024,11,20,2,4,0.8532103926254199,225.5558349609375,225.82362731933594,0.00315399714279585
2024-11-21,227.0692443847656,228.6988322336917,224.2770861035494,227.42695953023323,42108300,2024,11,21,3,4,0.8508633645908731,225.4665740966797,225.9427624511719,-0.002096031461461201
2024-11-22,228.41067504882807,229.25528492407807,226.61216818417896,226.61216818417896,38168300,2024,11,22,4,4,0.8574645076491659,225.40269775390624,226.09408630371092,0.005907584127903487
2024-11-25,231.39161682128903,231.7692092379923,228.2814979784893,229.99057974831032,90152800,2024,11,25,0,4,0.8721336393572955,225.38911056518555,226.42770935058593,0.013050798837767719
2024-11-26,233.56771850585932,234.07449047305911,231.84870566104107,231.84870566104107,45986200,2024,11,26,1,4,0.8828421753361421,225.47092819213867,226.7955242919922,0.009404410213577297
2024-11-27,233.43853759765625,234.1937224347506,232.32565277909848,232.9814664022851,33498400,2024,11,27,2,4,0.8822064796730756,225.72345886230468,227.08333587646484,-0.0005530768936282682
2024-11-29,235.8233337402344,236.30028225823045,232.4846637904217,233.31932748739487,28481400,2024,11,29,4,4,0.8939419952861959,226.30317001342775,227.25646087646484,0.010215948776583161
2024-12-02,238.0689697265625,239.26134854667043,235.65440375298792,235.7637060292764,48137100,2024,12,2,0,4,0.9049927076336456,227.14404678344727,227.48779907226563,0.00952253515677004
2024-12-03,241.10952758789065,241.218829858088,237.3833345065081,238.28756099978403,38861000,2024,12,3,1,4,0.9199552084600838,228.1816177368164,227.8142904663086,0.012771752088566624
2024-12-04,241.46725463867188,242.56027739454964,239.7184333911867,241.32814402991647,44383900,2024,12,4,2,4,0.9217155733460904,229.16560974121094,228.13007049560548,0.0014836703234417659
2024-12-05,241.4970550537109,242.98753231090083,240.59284370740727,242.4410361127995,40033900,2024,12,5,3,4,0.9218622203612058,230.18731994628905,228.46629821777344,0.00012341389760539556
2024-12-06,241.29830932617188,243.07695387436263,240.5431396985891,241.36787220390693,36870600,2024,12,6,4,4,0.9208841981533816,230.96286392211914,228.77572143554687,-0.0008229737107759982
2024-12-09,245.1835021972656,245.6703968797777,240.2152448072501,240.2947387449205,44649200,2024,12,9,0,4,0.9400031244148996,231.94608154296876,229.15748931884767,0.016101202208764542
2024-12-10,246.1970367431641,246.63424582967983,243.7824557106041,245.32261857013248,36914800,2024,12,10,1,4,0.9449906997784566,233.11560974121093,229.45610290527344,0.004133779543955773
2024-12-11,244.92518615722656,249.20782208911243,244.69663537468304,246.38585520914904,45205800,2024,12,11,2,4,0.9387319583529986,234.22154541015624,229.86406860351562,-0.0051659865722281095
2024-12-12,246.3858337402344,247.1608807008323,244.12029436088807,245.3226193526416,32777500,2024,12,12,3,4,0.945919764559832,235.35629577636718,230.28993225097656,0.005963647944602135
2024-12-13,246.5547332763672,247.7073574078961,244.6767326870094,246.24670376010008,33155300,2024,12,13,4,4,0.9467509144883084,236.34547500610353,230.7412094116211,0.0006855083085290925
2024-12-16,249.44625854492188,249.78411156803347,246.07778066556844,246.41563368868003,51694800,2024,12,16,0,4,0.9609800300630136,237.63920822143555,231.22788482666016,0.011727721589970486
2024-12-17,251.8707733154297,252.2185573987637,248.19426586582333,248.49236434269267,51356400,2024,12,17,1,4,0.972910999941544,238.9041259765625,231.86449005126954,0.009719587636433547
2024-12-18,246.47525024414065,252.66569465886903,246.1672207142497,250.559158393614,56774100,2024,12,18,2,4,0.946359780693256,239.88635025024413,232.31219177246095,-0.02142179102508235
2024-12-19,248.2041778564453,250.4001541333824,245.5213220945425,245.92872280957204,60882300,2024,12,19,3,4,0.9548677854765169,240.91924972534179,232.71963348388672,0.007014609420589402
2024-12-20,252.8743896484375,253.3811464831127,244.13025293349912,246.4653249902114,147495300,2024,12,20,4,4,0.9778497680548064,242.2095069885254,233.2304052734375,0.018816007983126326
2024-12-23,253.64942932128903,254.02700659111463,251.840976266006,253.15260355822252,40858800,2024,12,23,0,4,0.9816637167689736,243.47144470214843,233.78625549316405,0.00306491959873445
2024-12-24,256.5608215332031,256.5707374276886,253.66927695641888,253.868019379837,23234700,2024,12,24,1,4,0.9959905970204224,244.72990493774415,234.32589141845702,0.011478016014876635
2024-12-26,257.3755798339844,258.4487403486908,255.9944201288889,256.55086249805703,27237100,2024,12,26,3,4,1.0,245.9202980041504,234.83120208740235,0.0031756925937183045
2024-12-27,253.96739196777344,257.0576640072936,251.4534547993944,256.19316170058187,42355300,2024,12,27,4,4,0.983228402125338,246.94674072265624,235.30944122314452,-0.013242079409434782
2024-12-30,250.59890747070312,251.890657464443,249.15811581542044,250.6287158030117,35557500,2024,12,30,0,4,0.966652183428009,247.68551940917968,235.7129656982422,-0.013263452725055913
2024-12-31,248.8302001953125,251.6720440162376,247.84647977817443,250.837380417288,39480700,2024,12,31,1,4,0.9579484240270284,248.22358093261718,236.02454010009765,-0.007057920935259476
