ds,trend,yhat_lower,yhat_upper,trend_lower,trend_upper,additive_terms,additive_terms_lower,additive_terms_upper,weekly,weekly_lower,weekly_upper,yearly,yearly_lower,yearly_upper,multiplicative_terms,multiplicative_terms_lower,multiplicative_terms_upper,yhat
2023-03-15,36.68391330001862,23.078875155457094,37.950844168927794,36.68391330001862,36.68391330001862,-6.273266035785477,-6.273266035785477,-6.273266035785477,2.5894766608956337,2.5894766608956337,2.5894766608956337,-8.86274269668111,-8.86274269668111,-8.86274269668111,0.0,0.0,0.0,30.41064726423314
2023-03-16,36.65282391714584,22.80077901671589,38.022717744000296,36.65282391714584,36.65282391714584,-6.229746557078773,-6.229746557078773,-6.229746557078773,2.7152880418371717,2.7152880418371717,2.7152880418371717,-8.945034598915944,-8.945034598915944,-8.945034598915944,0.0,0.0,0.0,30.423077360067065
2023-03-17,36.62173453427307,22.724733629881385,37.61707541811228,36.62173453427307,36.62173453427307,-6.367846054521544,-6.367846054521544,-6.367846054521544,2.6237750078127684,2.6237750078127684,2.6237750078127684,-8.991621062334312,-8.991621062334312,-8.991621062334312,0.0,0.0,0.0,30.253888479751524
2023-03-20,36.528466385654745,22.187621800882788,37.51433429632118,36.528466385654745,36.528466385654745,-6.561025231564155,-6.561025231564155,-6.561025231564155,2.4210172153130327,2.4210172153130327,2.4210172153130327,-8.98204244687719,-8.98204244687719,-8.98204244687719,0.0,0.0,0.0,29.96744115409059
2023-03-21,36.49737700278197,22.896726032439553,37.083429561487876,36.49737700278197,36.49737700278197,-6.568291259519106,-6.568291259519106,-6.568291259519106,2.386069806047635,2.386069806047635,2.386069806047635,-8.95436106556674,-8.95436106556674,-8.95436106556674,0.0,0.0,0.0,29.92908574326286
2023-03-22,36.466287619909195,22.110791957563407,37.480414322491264,36.466287619909195,36.466287619909195,-6.338629141371045,-6.338629141371045,-6.338629141371045,2.589476660894858,2.589476660894858,2.589476660894858,-8.928105802265902,-8.928105802265902,-8.928105802265902,0.0,0.0,0.0,30.12765847853815
2023-03-23,36.43519823703642,22.191161167242985,38.16557830448971,36.43519823703642,36.43519823703642,-6.196292641588861,-6.196292641588861,-6.196292641588861,2.7152880418361423,2.7152880418361423,2.7152880418361423,-8.911580683425003,-8.911580683425003,-8.911580683425003,0.0,0.0,0.0,30.238905595447555
2023-03-24,36.40410885416364,22.724547561110402,37.618991190805765,36.40410885416364,36.40410885416364,-6.289036938479366,-6.289036938479366,-6.289036938479366,2.6237750078128688,2.6237750078128688,2.6237750078128688,-8.912811946292234,-8.912811946292234,-8.912811946292234,0.0,0.0,0.0,30.115071915684272
2023-03-27,36.31084070554531,22.327252561945482,37.10048556300756,36.31084070554531,36.31084070554531,-6.673252986324112,-6.673252986324112,-6.673252986324112,2.42101721528696,2.42101721528696,2.42101721528696,-9.09427020161107,-9.09427020161107,-9.09427020161107,0.0,0.0,0.0,29.637587719221198
2023-03-28,36.27975132267254,22.113304878407604,37.007327504782204,36.27975132267254,36.27975132267254,-6.847227642487964,-6.847227642487964,-6.847227642487964,2.3860698060451653,2.3860698060451653,2.3860698060451653,-9.233297448533131,-9.233297448533131,-9.233297448533131,0.0,0.0,0.0,29.432523680184573
2023-03-29,36.24866193979977,21.70585133528346,36.81011781969228,36.24866193979977,36.24866193979977,-6.828935754093502,-6.828935754093502,-6.828935754093502,2.5894766608950057,2.5894766608950057,2.5894766608950057,-9.418412414988508,-9.418412414988508,-9.418412414988508,0.0,0.0,0.0,29.419726185706267
2023-03-30,36.21757255692699,21.44265600645649,37.0847993898897,36.21757255692699,36.21757255692699,-6.936453776138462,-6.936453776138462,-6.936453776138462,2.7152880418327756,2.7152880418327756,2.7152880418327756,-9.651741817971237,-9.651741817971237,-9.651741817971237,0.0,0.0,0.0,29.281118780788525
2023-03-31,36.18648317405422,21.446664209106263,36.59170878792183,36.18648317405422,36.18648317405422,-7.31021863259576,-7.31021863259576,-7.31021863259576,2.6237750078000963,2.6237750078000963,2.6237750078000963,-9.933993640395855,-9.933993640395855,-9.933993640395855,0.0,0.0,0.0,28.876264541458458
2023-04-03,36.09321502543589,19.93291332188771,34.92285137064288,36.09321502543589,36.09321502543589,-8.638813262232002,-8.638813262232002,-8.638813262232002,2.4210172152931086,2.4210172152931086,2.4210172152931086,-11.05983047752511,-11.05983047752511,-11.05983047752511,0.0,0.0,0.0,27.454401763203887
2023-04-04,36.06212564256311,19.63450373047657,34.11905176120912,36.06212564256311,36.06212564256311,-9.13036050093958,-9.13036050093958,-9.13036050093958,2.3860698060463097,2.3860698060463097,2.3860698060463097,-11.516430306985889,-11.516430306985889,-11.516430306985889,0.0,0.0,0.0,26.93176514162353
2023-04-05,36.03103625969034,19.341495166281877,34.00826729591714,36.03103625969034,36.03103625969034,-9.415237980014371,-9.415237980014371,-9.415237980014371,2.589476660895188,2.589476660895188,2.589476660895188,-12.004714640909558,-12.004714640909558,-12.004714640909558,0.0,0.0,0.0,26.615798279675968
2023-04-06,35.99994687681756,18.78461062766867,33.50076909244368,35.99994687681756,35.99994687681756,-9.802424526917562,-9.802424526917562,-9.802424526917562,2.7152880418317458,2.7152880418317458,2.7152880418317458,-12.517712568749308,-12.517712568749308,-12.517712568749308,0.0,0.0,0.0,26.197522349899998
2023-04-10,35.87558934532646,15.72721154578288,30.719610774927595,35.87558934532646,35.87558934532646,-12.232421779532505,-12.232421779532505,-12.232421779532505,2.4210172152927805,2.4210172152927805,2.4210172152927805,-14.653438994825287,-14.653438994825287,-14.653438994825287,0.0,0.0,0.0,23.643167565793956
2023-04-11,35.84449996245369,15.36186817658928,30.11014816948841,35.84449996245369,35.84449996245369,-12.778423636235384,-12.778423636235384,-12.778423636235384,2.3860698060402274,2.3860698060402274,2.3860698060402274,-15.164493442275612,-15.164493442275612,-15.164493442275612,0.0,0.0,0.0,23.066076326218305
2023-04-12,35.81341057958091,15.115477134430362,30.127205345399705,35.81341057958091,35.81341057958091,-13.059477072886635,-13.059477072886635,-13.059477072886635,2.5894766608953694,2.5894766608953694,2.5894766608953694,-15.648953733782005,-15.648953733782005,-15.648953733782005,0.0,0.0,0.0,22.753933506694274
2023-04-13,35.78232119670814,14.651685262954667,29.749409063471383,35.78232119670814,35.78232119670814,-13.383469675428776,-13.383469675428776,-13.383469675428776,2.715288041837823,2.715288041837823,2.715288041837823,-16.098757717266597,-16.098757717266597,-16.098757717266597,0.0,0.0,0.0,22.39885152127936
2023-04-14,35.75123181383536,14.67868467081219,29.631881390164857,35.75123181383536,35.75123181383536,-13.882769276268263,-13.882769276268263,-13.882769276268263,2.6237750078206883,2.6237750078206883,2.6237750078206883,-16.506544284088953,-16.506544284088953,-16.506544284088953,0.0,0.0,0.0,21.868462537567098
2023-04-17,35.65796366521704,13.458945528117644,28.483773344839783,35.65796366521704,35.65796366521704,-14.997097492295376,-14.997097492295376,-14.997097492295376,2.4210172152924523,2.4210172152924523,2.4210172152924523,-17.41811470758783,-17.41811470758783,-17.41811470758783,0.0,0.0,0.0,20.660866172921665
2023-04-18,35.62687427794026,12.768288851447345,27.960361259573144,35.62687427794026,35.62687427794026,-15.217579320346394,-15.217579320346394,-15.217579320346394,2.38606980605044,2.38606980605044,2.38606980605044,-17.603649126396835,-17.603649126396835,-17.603649126396835,0.0,0.0,0.0,20.409294957593865
2023-04-19,35.595784890663495,12.560493387712254,28.175574033686384,35.595784890663495,35.595784890663495,-15.136373968750855,-15.136373968750855,-15.136373968750855,2.58947666089555,2.58947666089555,2.58947666089555,-17.725850629646406,-17.725850629646406,-17.725850629646406,0.0,0.0,0.0,20.459410921912642
2023-04-20,35.56469550338673,12.978033679319077,28.302553792623158,35.56469550338673,35.56469550338673,-15.068806642730934,-15.068806642730934,-15.068806642730934,2.715288041836793,2.715288041836793,2.715288041836793,-17.784094684567727,-17.784094684567727,-17.784094684567727,0.0,0.0,0.0,20.495888860655796
2023-04-21,35.53360611610995,12.53980425013529,27.994524581454137,35.53360611610995,35.53360611610995,-15.155208735323415,-15.155208735323415,-15.155208735323415,2.6237750078207878,2.6237750078207878,2.6237750078207878,-17.778983743144202,-17.778983743144202,-17.778983743144202,0.0,0.0,0.0,20.378397380786538
2023-04-24,35.44033795427964,13.014486689250035,27.878272389888576,35.44033795427964,35.44033795427964,-14.985348201744351,-14.985348201744351,-14.985348201744351,2.4210172153050795,2.4210172153050795,2.4210172153050795,-17.40636541704943,-17.40636541704943,-17.40636541704943,0.0,0.0,0.0,20.45498975253529
2023-04-25,35.40924856700288,13.383302993863806,27.87686213082921,35.40924856700288,35.40924856700288,-14.789406701602868,-14.789406701602868,-14.789406701602868,2.3860698060479706,2.3860698060479706,2.3860698060479706,-17.17547650765084,-17.17547650765084,-17.17547650765084,0.0,0.0,0.0,20.61984186540001
2023-04-26,35.378159179726104,13.106378507279649,28.070606900827947,35.378159179726104,35.378159179726104,-14.309854035902433,-14.309854035902433,-14.309854035902433,2.589476660894774,2.589476660894774,2.589476660894774,-16.899330696797207,-16.899330696797207,-16.899330696797207,0.0,0.0,0.0,21.06830514382367
2023-04-27,35.34706979244933,14.118664104874542,29.00861536559518,35.34706979244933,35.34706979244933,-13.86825370982822,-13.86825370982822,-13.86825370982822,2.7152880418393166,2.7152880418393166,2.7152880418393166,-16.58354175166754,-16.58354175166754,-16.58354175166754,0.0,0.0,0.0,21.478816082621112
2023-04-28,35.31598040517257,13.607774141250783,29.041101599834686,35.31598040517257,35.31598040517257,-13.610193571127855,-13.610193571127855,-13.610193571127855,2.6237750078208877,2.6237750078208877,2.6237750078208877,-16.23396857894874,-16.23396857894874,-16.23396857894874,0.0,0.0,0.0,21.705786834044712
2023-05-01,35.22271224334226,15.003450186924276,29.933280559543725,35.22271224334226,35.22271224334226,-12.61977647140902,-12.61977647140902,-12.61977647140902,2.4210172153047513,2.4210172153047513,2.4210172153047513,-15.040793686713771,-15.040793686713771,-15.040793686713771,0.0,0.0,0.0,22.60293577193324
2023-05-02,35.191622856065486,15.637410066521516,30.489548465213524,35.191622856065486,35.191622856065486,-12.226883329772589,-12.226883329772589,-12.226883329772589,2.3860698060491146,2.3860698060491146,2.3860698060491146,-14.612953135821703,-14.612953135821703,-14.612953135821703,0.0,0.0,0.0,22.964739526292895
2023-05-03,35.160533468788714,16.265915474251553,30.503596821904043,35.160533468788714,35.160533468788714,-11.588341480276949,-11.588341480276949,-11.588341480276949,2.5894766608949555,2.5894766608949555,2.5894766608949555,-14.177818141171905,-14.177818141171905,-14.177818141171905,0.0,0.0,0.0,23.572191988511765
2023-05-04,35.12944408151195,16.769844688063827,31.46136211041052,35.12944408151195,35.12944408151195,-11.023726413888175,-11.023726413888175,-11.023726413888175,2.7152880418323972,2.7152880418323972,2.7152880418323972,-13.739014455720572,-13.739014455720572,-13.739014455720572,0.0,0.0,0.0,24.10571766762377
2023-05-05,35.09835469423518,16.722042416783054,31.941452178850582,35.09835469423518,35.09835469423518,-10.675567674912907,-10.675567674912907,-10.675567674912907,2.6237750078081143,2.6237750078081143,2.6237750078081143,-13.29934268272102,-13.29934268272102,-13.29934268272102,0.0,0.0,0.0,24.42278701932227
2023-05-08,35.00508653240487,17.864115823216846,32.65056477557031,35.00508653240487,35.00508653240487,-9.568751343771105,-9.568751343771105,-9.568751343771105,2.4210172153109006,2.4210172153109006,2.4210172153109006,-11.989768559082007,-11.989768559082007,-11.989768559082007,0.0,0.0,0.0,25.436335188633763
2023-05-09,34.973997145128095,18.64157503046851,33.186604468565704,34.973997145128095,34.973997145128095,-9.17073131361508,-9.17073131361508,-9.17073131361508,2.3860698060502585,2.3860698060502585,2.3860698060502585,-11.556801119665339,-11.556801119665339,-11.556801119665339,0.0,0.0,0.0,25.803265831513016
2023-05-10,34.94290775785132,19.769698095070613,34.10672178265192,34.94290775785132,34.94290775785132,-8.534244691155909,-8.534244691155909,-8.534244691155909,2.5894766608951043,2.5894766608951043,2.5894766608951043,-11.123721352051014,-11.123721352051014,-11.123721352051014,0.0,0.0,0.0,26.408663066695414
2023-05-11,34.91181837057456,19.263681517320634,34.304201020576414,34.91181837057456,34.91181837057456,-7.9730180991629975,-7.9730180991629975,-7.9730180991629975,2.7152880418349206,2.7152880418349206,2.7152880418349206,-10.688306140997918,-10.688306140997918,-10.688306140997918,0.0,0.0,0.0,26.93880027141156
2023-05-12,34.880728983297786,19.64827745685634,35.26245223057,34.880728983297786,34.880728983297786,-7.623994231985707,-7.623994231985707,-7.623994231985707,2.6237750078082143,2.6237750078082143,2.6237750078082143,-10.247769239793922,-10.247769239793922,-10.247769239793922,0.0,0.0,0.0,27.25673475131208
2023-05-15,34.78746082146748,20.60931049047261,35.66547349366189,34.78746082146748,34.78746082146748,-6.441251376625106,-6.441251376625106,-6.441251376625106,2.421017215291304,2.421017215291304,2.421017215291304,-8.862268591916408,-8.862268591916408,-8.862268591916408,0.0,0.0,0.0,28.346209444842373
2023-05-16,34.756371434190704,21.11183237538096,35.8953430255531,34.756371434190704,34.756371434190704,-5.9814153326635155,-5.9814153326635155,-5.9814153326635155,2.3860698060441767,2.3860698060441767,2.3860698060441767,-8.367485138707693,-8.367485138707693,-8.367485138707693,0.0,0.0,0.0,28.774956101527188
2023-05-17,34.72528204851285,22.04059737123427,37.394585105184554,34.72528204851285,34.72528204851285,-5.261230330778676,-5.261230330778676,-5.261230330778676,2.5894766608953175,2.5894766608953175,2.5894766608953175,-7.850706991673993,-7.850706991673993,-7.850706991673993,0.0,0.0,0.0,29.464051717734176
2023-05-18,34.69419266283499,22.784713833737,37.58103464087906,34.69419266283499,34.69419266283499,-4.593875774088465,-4.593875774088465,-4.593875774088465,2.7152880418338907,2.7152880418338907,2.7152880418338907,-7.309163815922355,-7.309163815922355,-7.309163815922355,0.0,0.0,0.0,30.100316888746526
2023-05-19,34.663103277157134,23.14390875789355,37.95117837629359,34.663103277157134,34.663103277157134,-4.11689110715903,-4.11689110715903,-4.11689110715903,2.623775007801878,2.623775007801878,2.623775007801878,-6.7406661149609075,-6.7406661149609075,-6.7406661149609075,0.0,0.0,0.0,30.546212169998103
2023-05-22,34.569835120123564,24.4792668300668,39.67250012455431,34.569835120123564,34.569835120123564,-2.441905664663427,-2.441905664663427,-2.441905664663427,2.421017215297453,2.421017215297453,2.421017215297453,-4.86292287996088,-4.86292287996088,-4.86292287996088,0.0,0.0,0.0,32.127929455460134
2023-05-23,34.53874573444571,25.550079550005528,39.850001871868145,34.53874573444571,34.53874573444571,-1.7944555757856602,-1.7944555757856602,-1.7944555757856602,2.38606980604532,2.38606980604532,2.38606980604532,-4.18052538183098,-4.18052538183098,-4.18052538183098,0.0,0.0,0.0,32.74429015866005
2023-05-24,34.50765634876785,26.16873838662749,41.1741656336952,34.50765634876785,34.50765634876785,-0.8832845704451425,-0.8832845704451425,-0.8832845704451425,2.5894766608954662,2.5894766608954662,2.5894766608954662,-3.472761231340609,-3.472761231340609,-3.472761231340609,0.0,0.0,0.0,33.62437177832271
2023-05-25,34.476566963089994,27.273406014959477,42.08086573140154,34.476566963089994,34.476566963089994,-0.02753412204195143,-0.02753412204195143,-0.02753412204195143,2.715288041836414,2.715288041836414,2.715288041836414,-2.7428221638783654,-2.7428221638783654,-2.7428221638783654,0.0,0.0,0.0,34.449032841048044
2023-05-26,34.445477577412134,27.442672594506465,42.750207065011494,34.445477577412134,34.445477577412134,0.628945058644541,0.628945058644541,0.628945058644541,2.62377500782237,2.62377500782237,2.62377500782237,-1.9948299491778292,-1.9948299491778292,-1.9948299491778292,0.0,0.0,0.0,35.074422636056674
2023-05-30,34.321120034700705,29.530593991781966,45.33802567077084,34.321120034700705,34.321120034700705,3.4539558437526026,3.4539558437526026,3.4539558437526026,2.3860698060483068,2.3860698060483068,2.3860698060483068,1.0678860377042958,1.0678860377042958,1.0678860377042958,0.0,0.0,0.0,37.77507587845331
2023-05-31,34.290030649022846,31.150361010022927,45.84293088088227,34.290030649022846,34.290030649022846,4.408328540803258,4.408328540803258,4.408328540803258,2.58947666089469,2.58947666089469,2.58947666089469,1.8188518799085691,1.8188518799085691,1.8188518799085691,0.0,0.0,0.0,38.69835918982611
2023-06-01,34.25894126334499,32.204724190850534,47.099798405559454,34.25894126334499,34.25894126334499,5.265217679543318,5.265217679543318,5.265217679543318,2.7152880418353837,2.7152880418353837,2.7152880418353837,2.5499296377079337,2.5499296377079337,2.5499296377079337,0.0,0.0,0.0,39.524158942888306
2023-06-02,34.227851877667135,32.17264359315231,47.8745242077392,34.227851877667135,34.227851877667135,5.877903518379864,5.877903518379864,5.877903518379864,2.6237750078160333,2.6237750078160333,2.6237750078160333,3.254128510563831,3.254128510563831,3.254128510563831,0.0,0.0,0.0,40.105755396047
2023-06-05,34.13458372063356,34.64037922689021,49.64203481109116,34.13458372063356,34.13458372063356,7.562625573692587,7.562625573692587,7.562625573692587,2.421017215303274,2.421017215303274,2.421017215303274,5.141608358389312,5.141608358389312,5.141608358389312,0.0,0.0,0.0,41.69720929432614
2023-06-06,34.103494334955705,34.585819258717116,49.48966847830792,34.103494334955705,34.103494334955705,8.063861284997053,8.063861284997053,8.063861284997053,2.3860698060494507,2.3860698060494507,2.3860698060494507,5.677791478947602,5.677791478947602,5.677791478947602,0.0,0.0,0.0,42.16735561995276
2023-06-07,34.072404949277846,35.658089934777465,50.541257105487624,34.072404949277846,34.072404949277846,8.750251643105655,8.750251643105655,8.750251643105655,2.5894766608948716,2.5894766608948716,2.5894766608948716,6.160774982210785,6.160774982210785,6.160774982210785,0.0,0.0,0.0,42.8226565923835
2023-06-08,34.041315563599994,35.59714593830682,51.35564070558822,34.041315563599994,34.041315563599994,9.303461943199526,9.303461943199526,9.303461943199526,2.7152880418414616,2.7152880418414616,2.7152880418414616,6.588173901358067,6.588173901358067,6.588173901358067,0.0,0.0,0.0,43.34477750679952
2023-06-09,34.010226177922135,36.26711358902573,51.117056404141024,34.010226177922135,34.010226177922135,9.58260988834962,9.58260988834962,9.58260988834962,2.623775007809697,2.623775007809697,2.623775007809697,6.958834880539923,6.958834880539923,6.958834880539923,0.0,0.0,0.0,43.59283606627176
2023-06-12,33.91695802088856,36.53231866575396,51.43746178284872,33.91695802088856,33.91695802088856,10.159198483306197,10.159198483306197,10.159198483306197,2.421017215302947,2.421017215302947,2.421017215302947,7.738181268003252,7.738181268003252,7.738181268003252,0.0,0.0,0.0,44.076156504194756
2023-06-13,33.885868635210706,36.888381365601525,51.61279982247277,33.885868635210706,33.885868635210706,10.282126770481007,10.282126770481007,10.282126770481007,2.3860698060469816,2.3860698060469816,2.3860698060469816,7.896056964434026,7.896056964434026,7.896056964434026,0.0,0.0,0.0,44.16799540569171
2023-06-14,33.85477924953285,37.1844311769612,52.18026822334484,33.85477924953285,33.85477924953285,10.599920604048961,10.599920604048961,10.599920604048961,2.5894766608950524,2.5894766608950524,2.5894766608950524,8.01044394315391,8.01044394315391,8.01044394315391,0.0,0.0,0.0,44.45469985358181
2023-06-15,33.82368986385499,37.21459743774267,52.09690607833514,33.82368986385499,33.82368986385499,10.80266873045039,10.80266873045039,10.80266873045039,2.7152880418404313,2.7152880418404313,2.7152880418404313,8.08738068860996,8.08738068860996,8.08738068860996,0.0,0.0,0.0,44.62635859430538
2023-06-16,33.79260047817713,36.54775682681884,51.95896904694776,33.79260047817713,33.79260047817713,10.757507568252242,10.757507568252242,10.757507568252242,2.623775007830189,2.623775007830189,2.623775007830189,8.133732560422052,8.133732560422052,8.133732560422052,0.0,0.0,0.0,44.55010804642937
2023-06-20,33.66825573120589,36.55429954327592,51.90106347046369,33.66825573120589,33.66825573120589,10.554444997464087,10.554444997464087,10.554444997464087,2.3860698060445134,2.3860698060445134,2.3860698060445134,8.168375191419573,8.168375191419573,8.168375191419573,0.0,0.0,0.0,44.22270072866998
2023-06-21,33.637169544463084,36.991020890028985,51.39428060458693,33.637169544463084,33.637169544463084,10.768903430661668,10.768903430661668,10.768903430661668,2.589476660895201,2.589476660895201,2.589476660895201,8.179426769766467,8.179426769766467,8.179426769766467,0.0,0.0,0.0,44.40607297512475
2023-06-22,33.60608335772027,37.49000816898344,51.64806985820558,33.60608335772027,33.60608335772027,10.921967556261151,10.921967556261151,10.921967556261151,2.715288041833512,2.715288041833512,2.715288041833512,8.20667951442764,8.20667951442764,8.20667951442764,0.0,0.0,0.0,44.528050913981424
2023-06-23,33.57499717097747,36.6339052345497,51.74990696911147,33.57499717097747,33.57499717097747,10.88049199070345,10.88049199070345,10.88049199070345,2.623775007830289,2.623775007830289,2.623775007830289,8.25671698287316,8.25671698287316,8.25671698287316,0.0,0.0,0.0,44.455489161680916
2023-06-26,33.481738610749034,37.05783340401886,52.3456198905699,33.481738610749034,33.481738610749034,11.015369155255637,11.015369155255637,11.015369155255637,2.421017215295976,2.421017215295976,2.421017215295976,8.59435193995966,8.59435193995966,8.59435193995966,0.0,0.0,0.0,44.497107766004675
2023-06-27,33.45065242400623,37.1822717019549,51.66788499565793,33.45065242400623,33.45065242400623,11.166300180186466,11.166300180186466,11.166300180186466,2.3860698060511125,2.3860698060511125,2.3860698060511125,8.780230374135353,8.780230374135353,8.780230374135353,0.0,0.0,0.0,44.6169526041927
2023-06-28,33.41956623726342,37.455619172425614,52.63483073719979,33.41956623726342,33.41956623726342,11.594215527852295,11.594215527852295,11.594215527852295,2.589476660895351,2.589476660895351,2.589476660895351,9.004738866956947,9.004738866956947,9.004738866956947,0.0,0.0,0.0,45.01378176511571
2023-06-29,33.38848005052061,37.94859991716911,52.25658800878751,33.38848005052061,33.38848005052061,11.982146482825671,11.982146482825671,11.982146482825671,2.7152880418360352,2.7152880418360352,2.7152880418360352,9.266858440989637,9.266858440989637,9.266858440989637,0.0,0.0,0.0,45.37062653334628
2023-06-30,33.3573938637778,38.05198180855495,52.884113899345046,33.3573938637778,33.3573938637778,12.187874070487213,12.187874070487213,12.187874070487213,2.6237750078175153,2.6237750078175153,2.6237750078175153,9.564099062669698,9.564099062669698,9.564099062669698,0.0,0.0,0.0,45.54526793426501
2023-07-03,33.264135303549374,38.90109497348603,53.571212531398444,33.264135303549374,33.264135303549374,13.042005073027717,13.042005073027717,13.042005073027717,2.421017215302125,2.421017215302125,2.421017215302125,10.620987857725593,10.620987857725593,10.620987857725593,0.0,0.0,0.0,46.30614037657709
2023-07-05,33.20196293006376,39.74255604825894,54.54087899088369,33.20196293006376,33.20196293006376,13.986611710628345,13.986611710628345,13.986611710628345,2.589476660895532,2.589476660895532,2.589476660895532,11.397135049732812,11.397135049732812,11.397135049732812,0.0,0.0,0.0,47.1885746406921
2023-07-06,33.17087674332094,40.308263618872374,55.353284437808185,33.17087674332094,33.17087674332094,14.497503244006475,14.497503244006475,14.497503244006475,2.715288041838559,2.715288041838559,2.715288041838559,11.782215202167915,11.782215202167915,11.782215202167915,0.0,0.0,0.0,47.66837998732741
2023-07-07,33.13979055657813,40.71303885342427,55.725381034501794,33.13979055657813,33.13979055657813,14.776982114938711,14.776982114938711,14.776982114938711,2.623775007817616,2.623775007817616,2.623775007817616,12.153207107121094,12.153207107121094,12.153207107121094,0.0,0.0,0.0,47.91677267151684
2023-07-10,33.04653199634971,41.01089385109308,56.14466250197274,33.04653199634971,33.04653199634971,15.511836008560504,15.511836008560504,15.511836008560504,2.4210172153017977,2.4210172153017977,2.4210172153017977,13.090818793258707,13.090818793258707,13.090818793258707,0.0,0.0,0.0,48.55836800491021
2023-07-11,33.015445809606895,40.863364050913646,55.644670386622835,33.015445809606895,33.015445809606895,15.702800726538197,15.702800726538197,15.702800726538197,2.386069806046174,2.386069806046174,2.386069806046174,13.316730920492022,13.316730920492022,13.316730920492022,0.0,0.0,0.0,48.71824653614509
2023-07-12,32.98435962286408,41.633984616666595,56.33171438924705,32.98435962286408,32.98435962286408,16.076677504523186,16.076677504523186,16.076677504523186,2.5894766608957127,2.5894766608957127,2.5894766608957127,13.487200843627477,13.487200843627477,13.487200843627477,0.0,0.0,0.0,49.061037127387266
2023-07-13,32.95327343612127,41.328079515616174,56.409322890115085,32.95327343612127,32.95327343612127,16.311902846204795,16.311902846204795,16.311902846204795,2.7152880418316387,2.7152880418316387,2.7152880418316387,13.596614804373157,13.596614804373157,13.596614804373157,0.0,0.0,0.0,49.26517628232607
2023-07-14,32.92218724937847,41.2513466534127,56.43124278709642,32.92218724937847,32.92218724937847,16.26452028365237,16.26452028365237,16.26452028365237,2.6237750078112794,2.6237750078112794,2.6237750078112794,13.640745275841091,13.640745275841091,13.640745275841091,0.0,0.0,0.0,49.18670753303084
2023-07-17,32.82892868915003,40.97462869632902,55.90420543476853,32.82892868915003,32.82892868915003,15.783857992294516,15.783857992294516,15.783857992294516,2.4210172153079466,2.4210172153079466,2.4210172153079466,13.36284077698657,13.36284077698657,13.36284077698657,0.0,0.0,0.0,48.61278668144455
2023-07-18,32.79784250240723,41.0201509445437,55.967317084133306,32.79784250240723,32.79784250240723,15.521765006222362,15.521765006222362,15.521765006222362,2.3860698060473178,2.3860698060473178,2.3860698060473178,13.135695200175045,13.135695200175045,13.135695200175045,0.0,0.0,0.0,48.31960750862959
2023-07-19,32.766756315664416,40.95297693365089,55.352803154328,32.766756315664416,32.766756315664416,15.436186784604352,15.436186784604352,15.436186784604352,2.5894766608949364,2.5894766608949364,2.5894766608949364,12.846710123709418,12.846710123709418,12.846710123709418,0.0,0.0,0.0,48.20294310026877
2023-07-20,32.816808002720244,40.957248768626414,56.01737695435772,32.816808002720244,32.816808002720244,15.21689914083703,15.21689914083703,15.21689914083703,2.715288041834163,2.715288041834163,2.715288041834163,12.501611099002867,12.501611099002867,12.501611099002867,0.0,0.0,0.0,48.03370714355727
2023-07-21,32.86685968977607,40.31025511666016,55.009508214273225,32.86685968977607,32.86685968977607,14.73139646919518,14.73139646919518,14.73139646919518,2.6237750078113793,2.6237750078113793,2.6237750078113793,12.107621461383804,12.107621461383804,12.107621461383804,0.0,0.0,0.0,47.59825615897125
2023-07-24,33.01701475094355,38.659393818360996,53.75399692673311,33.01701475094355,33.01701475094355,13.144223003419429,13.144223003419429,13.144223003419429,2.42101721528835,2.42101721528835,2.42101721528835,10.723205788131079,10.723205788131079,10.723205788131079,0.0,0.0,0.0,46.16123775436298
2023-07-25,33.06706643799938,37.57889510013987,53.66096873001126,33.06706643799938,33.06706643799938,12.615236644351596,12.615236644351596,12.615236644351596,2.386069806044849,2.386069806044849,2.386069806044849,10.229166838306748,10.229166838306748,10.229166838306748,0.0,0.0,0.0,45.68230308235098
2023-07-26,33.11711812505521,37.51521490688645,53.654120877723486,33.11711812505521,33.11711812505521,12.327151986836837,12.327151986836837,12.327151986836837,2.5894766608950857,2.5894766608950857,2.5894766608950857,9.737675325941753,9.737675325941753,9.737675325941753,0.0,0.0,0.0,45.444270111892045
2023-07-27,33.167169812111034,37.88186993942477,52.769722735675565,33.167169812111034,33.167169812111034,11.97552729130347,11.97552729130347,11.97552729130347,2.715288041833132,2.715288041833132,2.715288041833132,9.260239249470336,9.260239249470336,9.260239249470336,0.0,0.0,0.0,45.142697103414505
2023-07-28,33.21722149916686,36.85356328028714,52.8768100674578,33.21722149916686,33.21722149916686,11.431854527045733,11.431854527045733,11.431854527045733,2.623775007805042,2.623775007805042,2.623775007805042,8.808079519240692,8.808079519240692,8.808079519240692,0.0,0.0,0.0,44.6490760262126
2023-07-31,33.36737656033434,36.056361440774445,50.93504467516018,33.36737656033434,33.36737656033434,10.125916100919502,10.125916100919502,10.125916100919502,2.4210172152944995,2.4210172152944995,2.4210172152944995,7.704898885625004,7.704898885625004,7.704898885625004,0.0,0.0,0.0,43.49329266125385
2023-08-01,33.41742824739017,35.71393402056928,50.62800310162263,33.41742824739017,33.41742824739017,9.836102062071454,9.836102062071454,9.836102062071454,2.386069806045992,2.386069806045992,2.386069806045992,7.4500322560254615,7.4500322560254615,7.4500322560254615,0.0,0.0,0.0,43.253530309461624
2023-08-02,33.467479934446,35.29215836073627,50.05890561271668,33.467479934446,33.467479934446,9.851719532278914,9.851719532278914,9.851719532278914,2.589476660895299,2.589476660895299,2.589476660895299,7.262242871383616,7.262242871383616,7.262242871383616,0.0,0.0,0.0,43.31919946672491
2023-08-03,33.517531621501824,35.77821487811346,50.973721087244435,33.517531621501824,33.517531621501824,9.86066230607203,9.86066230607203,9.86066230607203,2.7152880418392105,2.7152880418392105,2.7152880418392105,7.145374264232818,7.145374264232818,7.145374264232818,0.0,0.0,0.0,43.378193927573854
2023-08-04,33.56758330855765,35.991586130470395,50.442976750210335,33.56758330855765,33.56758330855765,9.725158367763035,9.725158367763035,9.725158367763035,2.623775007825535,2.623775007825535,2.623775007825535,7.1013833599375005,7.1013833599375005,7.1013833599375005,0.0,0.0,0.0,43.29274167632069
2023-08-07,33.71773836972513,36.46672494030049,51.251229309405154,33.71773836972513,33.71773836972513,9.817822741150762,9.817822741150762,9.817822741150762,2.4210172152941714,2.4210172152941714,2.4210172152941714,7.39680552585659,7.39680552585659,7.39680552585659,0.0,0.0,0.0,43.535561110875896
2023-08-08,33.76779005678096,35.928416151055096,51.08117646514904,33.76779005678096,33.76779005678096,10.010814314376503,10.010814314376503,10.010814314376503,2.3860698060435226,2.3860698060435226,2.3860698060435226,7.624744508332981,7.624744508332981,7.624744508332981,0.0,0.0,0.0,43.77860437115746
2023-08-09,33.81784174383679,36.779900869300775,51.164654120173026,33.81784174383679,33.81784174383679,10.495830978842747,10.495830978842747,10.495830978842747,2.58947666089449,2.58947666089449,2.58947666089449,7.906354317948257,7.906354317948257,7.906354317948257,0.0,0.0,0.0,44.313672722679534
2023-08-10,33.867893430892615,37.18340178633954,52.17420996866472,33.867893430892615,33.867893430892615,10.947862699842798,10.947862699842798,10.947862699842798,2.71528804183818,2.71528804183818,2.71528804183818,8.232574658004618,8.232574658004618,8.232574658004618,0.0,0.0,0.0,44.81575613073541
2023-08-11,33.91794511794844,37.72228949274078,52.41598709205992,33.91794511794844,33.91794511794844,11.216796934311336,11.216796934311336,11.216796934311336,2.6237750078191984,2.6237750078191984,2.6237750078191984,8.593021926492137,8.593021926492137,8.593021926492137,0.0,0.0,0.0,45.13474205225978
2023-08-14,34.06810017911592,39.12606635462944,54.06939329774646,34.06810017911592,34.06810017911592,12.182700258071115,12.182700258071115,12.182700258071115,2.4210172153067977,2.4210172153067977,2.4210172153067977,9.761683042764318,9.761683042764318,9.761683042764318,0.0,0.0,0.0,46.25080043718704
2023-08-15,34.11815186617175,38.600625194585675,53.741511243508,34.11815186617175,34.11815186617175,12.524445645626148,12.524445645626148,12.524445645626148,2.3860698060501235,2.3860698060501235,2.3860698060501235,10.138375839576025,10.138375839576025,10.138375839576025,0.0,0.0,0.0,46.6425975117979
2023-08-16,34.16820355322758,39.72369550935943,54.406922329863335,34.16820355322758,34.16820355322758,13.076948086191466,13.076948086191466,13.076948086191466,2.589476660894704,2.589476660894704,2.589476660894704,10.487471425296762,10.487471425296762,10.487471425296762,0.0,0.0,0.0,47.24515163941904
2023-08-17,34.218255240283405,40.156025606061235,55.38029101265297,34.218255240283405,34.218255240283405,13.51213486683186,13.51213486683186,13.51213486683186,2.7152880418371503,2.7152880418371503,2.7152880418371503,10.79684682499471,10.79684682499471,10.79684682499471,0.0,0.0,0.0,47.73039010711526
2023-08-18,34.26830692733923,41.20931554177852,55.351011280535225,34.26830692733923,34.26830692733923,13.678983117848675,13.678983117848675,13.678983117848675,2.6237750078192974,2.6237750078192974,2.6237750078192974,11.05520811002938,11.05520811002938,11.05520811002938,0.0,0.0,0.0,47.947290045187906
2023-08-21,34.41846675851264,41.352909128347754,55.77293784612097,34.41846675851264,34.41846675851264,13.850670942080548,13.850670942080548,13.850670942080548,2.42101721530647,2.42101721530647,2.42101721530647,11.429653726774077,11.429653726774077,11.429653726774077,0.0,0.0,0.0,48.26913770059319
2023-08-22,34.46852003557045,40.848377632538806,55.63604365992144,34.46852003557045,34.46852003557045,13.783285627854145,13.783285627854145,13.783285627854145,2.386069806047654,2.386069806047654,2.386069806047654,11.397215821806492,11.397215821806492,11.397215821806492,0.0,0.0,0.0,48.25180566342459
2023-08-23,34.51857331262825,40.542974845989434,55.79565591416196,34.51857331262825,34.51857331262825,13.868332890455562,13.868332890455562,13.868332890455562,2.5894766608948534,2.5894766608948534,2.5894766608948534,11.278856229560708,11.278856229560708,11.278856229560708,0.0,0.0,0.0,48.38690620308381
2023-08-24,34.568626589686055,40.603252327570075,56.20168016965343,34.568626589686055,34.568626589686055,13.788482216807198,13.788482216807198,13.788482216807198,2.7152880418396736,2.7152880418396736,2.7152880418396736,11.073194174967524,11.073194174967524,11.073194174967524,0.0,0.0,0.0,48.35710880649325
2023-08-25,34.618679866743854,40.22517109919263,55.60305136700987,34.618679866743854,34.618679866743854,13.404700627886589,13.404700627886589,13.404700627886589,2.623775007806525,2.623775007806525,2.623775007806525,10.780925620080065,10.780925620080065,10.780925620080065,0.0,0.0,0.0,48.023380494630445
2023-08-28,34.768839697917265,38.83591172204152,53.38757460687556,34.768839697917265,34.768839697917265,11.842946830773682,11.842946830773682,11.842946830773682,2.421017215306142,2.421017215306142,2.421017215306142,9.42192961546754,9.42192961546754,9.42192961546754,0.0,0.0,0.0,46.61178652869095
2023-08-29,34.81889297497507,38.92907571021556,53.31334793047761,34.81889297497507,34.81889297497507,11.216215313422472,11.216215313422472,11.216215313422472,2.3860698060487975,2.3860698060487975,2.3860698060487975,8.830145507373675,8.830145507373675,8.830145507373675,0.0,0.0,0.0,46.035108288397545
2023-08-30,34.86894625203287,37.77984317678575,52.730133885143644,34.86894625203287,34.86894625203287,10.77357534018377,10.77357534018377,10.77357534018377,2.589476660895034,2.589476660895034,2.589476660895034,8.184098679288736,8.184098679288736,8.184098679288736,0.0,0.0,0.0,45.64252159221664
2023-08-31,34.91899952909068,37.800804855022776,52.3356152279359,34.91899952909068,34.91899952909068,10.210188557982775,10.210188557982775,10.210188557982775,2.7152880418292,2.7152880418292,2.7152880418292,7.494900516153575,7.494900516153575,7.494900516153575,0.0,0.0,0.0,45.12918808707345
2023-09-01,34.96905280614848,36.77381346881184,52.25329148621031,34.96905280614848,34.96905280614848,9.398421530336128,9.398421530336128,9.398421530336128,2.623775007806625,2.623775007806625,2.623775007806625,6.774646522529504,6.774646522529504,6.774646522529504,0.0,0.0,0.0,44.36747433648461
2023-09-05,35.16926591437969,33.591459955864174,48.59655990609051,35.16926591437969,35.16926591437969,6.228398509887213,6.228398509887213,6.228398509887213,2.3860698060517853,2.3860698060517853,2.3860698060517853,3.8423287038354275,3.8423287038354275,3.8423287038354275,0.0,0.0,0.0,41.39766442426691
2023-09-06,35.2193191914375,33.54395897788172,48.337158922723,35.2193191914375,35.2193191914375,5.750611172256101,5.750611172256101,5.750611172256101,2.589476660895215,2.589476660895215,2.589476660895215,3.1611345113608866,3.1611345113608866,3.1611345113608866,0.0,0.0,0.0,40.9699303636936
2023-09-07,35.2693724684953,33.13916544659418,48.371450607667676,35.2693724684953,35.2693724684953,5.240084016932348,5.240084016932348,5.240084016932348,2.7152880418352767,2.7152880418352767,2.7152880418352767,2.5247959750970717,2.5247959750970717,2.5247959750970717,0.0,0.0,0.0,40.50945648542765
2023-09-08,35.319425745553104,32.80653627143383,47.23749830861662,35.319425745553104,35.319425745553104,4.5674429915017125,4.5674429915017125,4.5674429915017125,2.6237750078067243,2.6237750078067243,2.6237750078067243,1.9436679836949882,1.9436679836949882,1.9436679836949882,0.0,0.0,0.0,39.88686873705482
2023-09-11,35.469585576726516,30.744625428610846,45.99609020929065,35.469585576726516,35.469585576726516,3.0345108368367097,3.0345108368367097,3.0345108368367097,2.4210172152862177,2.4210172152862177,2.4210172152862177,0.613493621550492,0.613493621550492,0.613493621550492,0.0,0.0,0.0,38.504096413563225
2023-09-12,35.519638853784315,30.867069659360585,45.955610427654904,35.519638853784315,35.519638853784315,2.712867347654986,2.712867347654986,2.712867347654986,2.3860698060529284,2.3860698060529284,2.3860698060529284,0.32679754160205765,0.32679754160205765,0.32679754160205765,0.0,0.0,0.0,38.2325062014393
2023-09-13,35.56969213084212,30.72743395695301,45.670753768247444,35.56969213084212,35.56969213084212,2.712861829936947,2.712861829936947,2.712861829936947,2.5894766608953965,2.5894766608953965,2.5894766608953965,0.1233851690415503,0.1233851690415503,0.1233851690415503,0.0,0.0,0.0,38.28255396077907
2023-09-14,35.61974540789992,31.196351149791266,46.28541780132081,35.61974540789992,35.61974540789992,2.7186964999017764,2.7186964999017764,2.7186964999017764,2.715288041834247,2.715288041834247,2.715288041834247,0.0034084580675297137,0.0034084580675297137,0.0034084580675297137,0.0,0.0,0.0,38.338441907801695
2023-09-15,35.669798684957726,30.826778808164793,45.882491652593046,35.669798684957726,35.669798684957726,2.5889569624306787,2.5889569624306787,2.5889569624306787,2.6237750078003876,2.6237750078003876,2.6237750078003876,-0.03481804536970923,-0.03481804536970923,-0.03481804536970923,0.0,0.0,0.0,38.258755647388405
2023-09-18,35.81995851613114,31.266236331354172,46.01885838468598,35.81995851613114,35.81995851613114,2.719771638168283,2.719771638168283,2.719771638168283,2.421017215298843,2.421017215298843,2.421017215298843,0.2987544228694396,0.2987544228694396,0.2987544228694396,0.0,0.0,0.0,38.53973015429942
2023-09-19,35.870011793188944,31.277083486379595,46.03338788665832,35.870011793188944,35.870011793188944,2.923991608816441,2.923991608816441,2.923991608816441,2.386069806046848,2.386069806046848,2.386069806046848,0.5379218027695929,0.5379218027695929,0.5379218027695929,0.0,0.0,0.0,38.79400340200539
2023-09-20,35.92006506665091,31.484398195881784,46.67143583371551,35.92006506665091,35.92006506665091,3.416870791848081,3.416870791848081,3.416870791848081,2.5894766608955457,2.5894766608955457,2.5894766608955457,0.8273941309525358,0.8273941309525358,0.8273941309525358,0.0,0.0,0.0,39.336935858499
2023-09-21,35.97011834011289,32.81901423854043,46.65186785045213,35.97011834011289,35.97011834011289,3.8729764456152145,3.8729764456152145,3.8729764456152145,2.71528804183677,2.71528804183677,2.71528804183677,1.1576884037784436,1.1576884037784436,1.1576884037784436,0.0,0.0,0.0,39.843094785728105
2023-09-22,36.02017161357486,32.44994548615103,47.62703338651364,36.02017161357486,36.02017161357486,4.142617864316677,4.142617864316677,4.142617864316677,2.62377500782088,2.62377500782088,2.62377500782088,1.5188428564957968,1.5188428564957968,1.5188428564957968,0.0,0.0,0.0,40.162789477891536
2023-09-25,36.170331433960776,33.66834341230275,48.925521203382814,36.170331433960776,36.170331433960776,5.107446230575801,5.107446230575801,5.107446230575801,2.4210172152985154,2.4210172152985154,2.4210172152985154,2.6864290152772856,2.6864290152772856,2.6864290152772856,0.0,0.0,0.0,41.27777766453658
2023-09-26,36.22038470742275,34.14630583622187,49.54433758639877,36.22038470742275,36.22038470742275,5.457447343072498,5.457447343072498,5.457447343072498,2.386069806047991,2.386069806047991,2.386069806047991,3.071377537024506,3.071377537024506,3.071377537024506,0.0,0.0,0.0,41.67783205049525
2023-09-27,36.27043798088472,34.78599292040151,50.22596655424653,36.27043798088472,36.27043798088472,6.029092852199217,6.029092852199217,6.029092852199217,2.5894766608947695,2.5894766608947695,2.5894766608947695,3.4396161913044483,3.4396161913044483,3.4396161913044483,0.0,0.0,0.0,42.29953083308394
2023-09-28,36.3204912543467,35.4479808317567,50.04654669848321,36.3204912543467,36.3204912543467,6.499066489557059,6.499066489557059,6.499066489557059,2.715288041839294,2.715288041839294,2.715288041839294,3.783778447717765,3.783778447717765,3.783778447717765,0.0,0.0,0.0,42.81955774390376
2023-09-29,36.37054452780867,36.29054416899758,50.65087874492753,36.37054452780867,36.37054452780867,6.721439392197296,6.721439392197296,6.721439392197296,2.6237750078081072,2.6237750078081072,2.6237750078081072,4.097664384389189,4.097664384389189,4.097664384389189,0.0,0.0,0.0,43.091983920005966
2023-10-02,36.52070434819459,36.16207861302164,51.12067183262393,36.52070434819459,36.52070434819459,7.236521607252564,7.236521607252564,7.236521607252564,2.421017215304665,2.421017215304665,2.421017215304665,4.8155043919479,4.8155043919479,4.8155043919479,0.0,0.0,0.0,43.757225955447154
2023-10-03,36.57075762165656,36.1208766473065,51.3962083439182,36.57075762165656,36.57075762165656,7.359204097857179,7.359204097857179,7.359204097857179,2.386069806049134,2.386069806049134,2.386069806049134,4.973134291808044,4.973134291808044,4.973134291808044,0.0,0.0,0.0,43.92996171951374
2023-10-04,36.62081089511854,37.187728682715765,52.344058308124616,36.62081089511854,36.62081089511854,7.679400418748345,7.679400418748345,7.679400418748345,2.5894766608949173,2.5894766608949173,2.5894766608949173,5.089923757853426,5.089923757853426,5.089923757853426,0.0,0.0,0.0,44.30021131386688
2023-10-05,36.67086416858051,36.82677550178577,52.28822031686531,36.67086416858051,36.67086416858051,7.883142548708005,7.883142548708005,7.883142548708005,2.7152880418418177,2.7152880418418177,2.7152880418418177,5.167854506866187,5.167854506866187,5.167854506866187,0.0,0.0,0.0,44.554006717288516
2023-10-06,36.72091744204248,37.15684296077523,51.47090810879537,36.72091744204248,36.72091744204248,7.833864539599964,7.833864539599964,7.833864539599964,2.6237750078082063,2.6237750078082063,2.6237750078082063,5.210089531791757,5.210089531791757,5.210089531791757,0.0,0.0,0.0,44.55478198164244
2023-10-09,36.8710772624284,37.07969256072763,51.91731666468703,36.8710772624284,36.8710772624284,7.589685671195805,7.589685671195805,7.589685671195805,2.421017215285068,2.421017215285068,2.421017215285068,5.168668455910737,5.168668455910737,5.168668455910737,0.0,0.0,0.0,44.4607629336242
2023-10-10,36.92113053589037,36.632700399190185,52.15018005360101,36.92113053589037,36.92113053589037,7.503724021782013,7.503724021782013,7.503724021782013,2.3860698060430527,2.3860698060430527,2.3860698060430527,5.11765421573896,5.11765421573896,5.11765421573896,0.0,0.0,0.0,44.42485455767238
2023-10-11,36.97118380935235,37.77631080019885,51.81692601710046,36.97118380935235,36.97118380935235,7.647939248167497,7.647939248167497,7.647939248167497,2.5894766608951314,2.5894766608951314,2.5894766608951314,5.0584625872723645,5.0584625872723645,5.0584625872723645,0.0,0.0,0.0,44.61912305751984
2023-10-12,37.02123708281432,37.45106579620557,51.90075387442762,37.02123708281432,37.02123708281432,7.712781667428732,7.712781667428732,7.712781667428732,2.7152880418407874,2.7152880418407874,2.7152880418407874,4.9974936255879445,4.9974936255879445,4.9974936255879445,0.0,0.0,0.0,44.73401875024305
2023-10-13,37.07129035627629,37.020418293240674,51.536873780091106,37.07129035627629,37.07129035627629,7.5647136081027035,7.5647136081027035,7.5647136081027035,2.6237750078286988,2.6237750078286988,2.6237750078286988,4.940938600274005,4.940938600274005,4.940938600274005,0.0,0.0,0.0,44.636003964379
2023-10-16,37.22145017666221,37.36126519638084,52.10115346841464,37.22145017666221,37.22145017666221,7.27337703527945,7.27337703527945,7.27337703527945,2.4210172152912173,2.4210172152912173,2.4210172152912173,4.852359819988233,4.852359819988233,4.852359819988233,0.0,0.0,0.0,44.49482721194166
2023-10-17,37.271503450124186,36.744112710516475,52.71539411619303,37.271503450124186,37.271503450124186,7.2504940498368775,7.2504940498368775,7.2504940498368775,2.3860698060441963,2.3860698060441963,2.3860698060441963,4.864424243792681,4.864424243792681,4.864424243792681,0.0,0.0,0.0,44.52199749996106
2023-10-18,37.321556723586156,37.582145624690796,52.57922303510012,37.321556723586156,37.321556723586156,7.491744743477713,7.491744743477713,7.491744743477713,2.5894766608952797,2.5894766608952797,2.5894766608952797,4.902268082582434,4.902268082582434,4.902268082582434,0.0,0.0,0.0,44.813301467063866
2023-10-19,37.37160999704813,37.36182230318092,53.03306175156413,37.37160999704813,37.37160999704813,7.682592694207776,7.682592694207776,7.682592694207776,2.7152880418374217,2.7152880418374217,2.7152880418374217,4.967304652370354,4.967304652370354,4.967304652370354,0.0,0.0,0.0,45.05420269125591
2023-10-20,37.46294677713793,37.992293258366324,52.27104197963817,37.46294677713793,37.46294677713793,7.683602311860608,7.683602311860608,7.683602311860608,2.6237750078287996,2.6237750078287996,2.6237750078287996,5.059827304031808,5.059827304031808,5.059827304031808,0.0,0.0,0.0,45.14654908899854
2023-10-23,37.736957117407336,38.374284395836646,53.207858205266284,37.736957117407336,37.736957117407336,7.909682158723616,7.909682158723616,7.909682158723616,2.421017215297366,2.421017215297366,2.421017215297366,5.488664943426249,5.488664943426249,5.488664943426249,0.0,0.0,0.0,45.646639276130955
2023-10-24,37.82829389749713,38.04553127899659,53.02946886331727,37.82829389749713,37.82829389749713,8.05842205754501,8.05842205754501,8.05842205754501,2.3860698060507954,2.3860698060507954,2.3860698060507954,5.672352251494215,5.672352251494215,5.672352251494215,0.0,0.0,0.0,45.88671595504214
2023-10-25,37.91963067758694,39.5534379713853,53.961731183752875,37.91963067758694,37.91963067758694,8.4588228950886,8.4588228950886,8.4588228950886,2.589476660895429,2.589476660895429,2.589476660895429,5.869346234193171,5.869346234193171,5.869346234193171,0.0,0.0,0.0,46.37845357267554
2023-10-26,38.010967457676735,39.10000805547385,54.048092421675676,38.010967457676735,38.010967457676735,8.789643830668753,8.789643830668753,8.789643830668753,2.715288041836392,2.715288041836392,2.715288041836392,6.074355788832361,6.074355788832361,6.074355788832361,0.0,0.0,0.0,46.800611288345486
2023-10-27,38.10230423776654,39.68623023403502,54.35119089310768,38.10230423776654,38.10230423776654,8.905389955947605,8.905389955947605,8.905389955947605,2.623775007822463,2.623775007822463,2.623775007822463,6.281614948125143,6.281614948125143,6.281614948125143,0.0,0.0,0.0,47.007694193714144
2023-10-30,38.37631457803594,40.412284862313804,54.76125443367382,38.37631457803594,38.37631457803594,9.276976656705576,9.276976656705576,9.276976656705576,2.4210172153035163,2.4210172153035163,2.4210172153035163,6.855959441402061,6.855959441402061,6.855959441402061,0.0,0.0,0.0,47.653291234741516
2023-10-31,38.46765135812575,40.032211296929916,55.33113815912712,38.46765135812575,38.46765135812575,9.397584686784988,9.397584686784988,9.397584686784988,2.38606980605194,2.38606980605194,2.38606980605194,7.011514880733048,7.011514880733048,7.011514880733048,0.0,0.0,0.0,47.86523604491074
2023-11-01,38.55898813821555,40.69477348918346,55.92636014153344,38.55898813821555,38.55898813821555,9.729315560745443,9.729315560745443,9.729315560745443,2.589476660895642,2.589476660895642,2.589476660895642,7.139838899849801,7.139838899849801,7.139838899849801,0.0,0.0,0.0,48.28830369896099
2023-11-02,38.650324918305344,41.15378208949781,56.31362041381732,38.650324918305344,38.650324918305344,9.951456006468993,9.951456006468993,9.951456006468993,2.715288041842469,2.715288041842469,2.715288041842469,7.236167964626524,7.236167964626524,7.236167964626524,0.0,0.0,0.0,48.60178092477434
2023-11-03,38.74166169839515,41.144097510346526,56.185951606783824,38.74166169839515,38.74166169839515,9.920255006179994,9.920255006179994,9.920255006179994,2.6237750078161257,2.6237750078161257,2.6237750078161257,7.296479998363869,7.296479998363869,7.296479998363869,0.0,0.0,0.0,48.66191670457514
2023-11-06,39.01567203866455,40.83870030142533,56.32644358204116,39.01567203866455,39.01567203866455,9.655432570823711,9.655432570823711,9.655432570823711,2.4210172153031877,2.4210172153031877,2.4210172153031877,7.234415355520523,7.234415355520523,7.234415355520523,0.0,0.0,0.0,48.67110460948826
2023-11-07,39.10700881875435,41.24852592061962,56.380140174583715,39.10700881875435,39.10700881875435,9.514735162281083,9.514735162281083,9.514735162281083,2.386069806049471,2.386069806049471,2.386069806049471,7.128665356231614,7.128665356231614,7.128665356231614,0.0,0.0,0.0,48.621743981035436
2023-11-08,39.19834559884415,41.130194739082185,55.87291063019325,39.19834559884415,39.19834559884415,9.570370211684393,9.570370211684393,9.570370211684393,2.5894766608957913,2.5894766608957913,2.5894766608957913,6.980893550788601,6.980893550788601,6.980893550788601,0.0,0.0,0.0,48.76871581052854
2023-11-09,39.28968237893396,41.228389038698566,56.69444341951855,39.28968237893396,39.28968237893396,9.50818183463633,9.50818183463633,9.50818183463633,2.715288041831996,2.715288041831996,2.715288041831996,6.7928937928043345,6.7928937928043345,6.7928937928043345,0.0,0.0,0.0,48.79786421357029
2023-11-10,39.38101915902376,40.82936985633492,56.156906631061055,39.38101915902376,39.38101915902376,9.191146890549659,9.191146890549659,9.191146890549659,2.6237750078097895,2.6237750078097895,2.6237750078097895,6.567371882739868,6.567371882739868,6.567371882739868,0.0,0.0,0.0,48.57216604957342
2023-11-13,39.65502949929316,40.59241246884521,54.74278684736034,39.65502949929316,39.65502949929316,8.125283949847994,8.125283949847994,8.125283949847994,2.421017215315815,2.421017215315815,2.421017215315815,5.70426673453218,5.70426673453218,5.70426673453218,0.0,0.0,0.0,47.78031344914115
2023-11-14,39.746366279382954,40.12439034183941,54.39758364723422,39.746366279382954,39.746366279382954,7.756250478878926,7.756250478878926,7.756250478878926,2.3860698060470007,2.3860698060470007,2.3860698060470007,5.370180672831926,5.370180672831926,5.370180672831926,0.0,0.0,0.0,47.50261675826188
2023-11-15,39.83770305947276,40.27234354229633,55.18293110344285,39.83770305947276,39.83770305947276,7.611211992040107,7.611211992040107,7.611211992040107,2.5894766608950155,2.5894766608950155,2.5894766608950155,5.021735331145092,5.021735331145092,5.021735331145092,0.0,0.0,0.0,47.44891505151286
2023-11-16,39.92903983956256,39.744411022752764,54.718682063418704,39.92903983956256,39.92903983956256,7.379735424553258,7.379735424553258,7.379735424553258,2.7152880418345196,2.7152880418345196,2.7152880418345196,4.664447382718739,4.664447382718739,4.664447382718739,0.0,0.0,0.0,47.30877526411582
2023-11-17,40.020376619652374,39.51580922130168,55.078873636442644,40.020376619652374,40.020376619652374,6.927519104880983,6.927519104880983,6.927519104880983,2.623775007809889,2.623775007809889,2.623775007809889,4.303744097071094,4.303744097071094,4.303744097071094,0.0,0.0,0.0,46.94789572453336
2023-11-20,40.86072149832737,39.13044264784208,54.230309516753906,40.86072149832737,40.86072149832737,5.671786760522093,5.671786760522093,5.671786760522093,2.421017215289741,2.421017215289741,2.421017215289741,3.2507695452323526,3.2507695452323526,3.2507695452323526,0.0,0.0,0.0,46.53250825884947
2023-11-21,41.140836457885726,39.10983934683456,54.34945444005263,41.140836457885726,41.140836457885726,5.3095798895100295,5.3095798895100295,5.3095798895100295,2.3860698060445324,2.3860698060445324,2.3860698060445324,2.9235100834654966,2.9235100834654966,2.9235100834654966,0.0,0.0,0.0,46.45041634739576
2023-11-22,41.42095141744407,39.043381988768935,53.890744728498426,41.42095141744407,41.42095141744407,5.202945048025887,5.202945048025887,5.202945048025887,2.589476660895197,2.589476660895197,2.589476660895197,2.6134683871306907,2.6134683871306907,2.6134683871306907,0.0,0.0,0.0,46.62389646546996
2023-11-24,41.981181336560745,39.41932405705508,53.963643166444854,41.981181336560745,41.981181336560745,4.676145485458929,4.676145485458929,4.676145485458929,2.6237750077971156,2.6237750077971156,2.6237750077971156,2.052370477661814,2.052370477661814,2.052370477661814,0.0,0.0,0.0,46.65732682201968
2023-11-27,42.82152621523577,39.03990608082677,54.02923227304262,42.82152621523577,42.82152621523577,3.784605466787617,3.784605466787617,3.784605466787617,2.42101721529589,2.42101721529589,2.42101721529589,1.3635882514917275,1.3635882514917275,1.3635882514917275,0.0,0.0,0.0,46.60613168202339
2023-11-28,43.101641174794096,39.28197805313392,54.291223970641376,43.101641174794096,43.101641174794096,3.556657132278726,3.556657132278726,3.556657132278726,2.3860698060456764,2.3860698060456764,2.3860698060456764,1.1705873262330502,1.1705873262330502,1.1705873262330502,0.0,0.0,0.0,46.658298307072826
2023-11-29,43.38175613435244,39.78102695906473,54.52676032773307,43.38175613435244,43.38175613435244,3.5815893446812646,3.5815893446812646,3.5815893446812646,2.5894766608953783,2.5894766608953783,2.5894766608953783,0.9921126837858866,0.9921126837858866,0.9921126837858866,0.0,0.0,0.0,46.963345479033705
2023-11-30,43.66187109391079,39.707262276721856,54.46590956555779,43.66187109391079,43.66187109391079,3.5403868397990106,3.5403868397990106,3.5403868397990106,2.715288041832459,2.715288041832459,2.715288041832459,0.8250987979665513,0.8250987979665513,0.8250987979665513,0.0,0.0,0.0,47.2022579337098
2023-12-01,43.94198605346912,39.93555053337008,54.32988641314145,43.94198605346912,43.94198605346912,3.2899000152237545,3.2899000152237545,3.2899000152237545,2.6237750078240447,2.6237750078240447,2.6237750078240447,0.6661250073997101,0.6661250073997101,0.6661250073997101,0.0,0.0,0.0,47.23188606869288
2023-12-04,44.78233093214414,39.70968676683691,55.002149149244836,44.78233093214414,44.78233093214414,2.6220281468656728,2.6220281468656728,2.6220281468656728,2.421017215295562,2.421017215295562,2.421017215295562,0.2010109315701111,0.2010109315701111,0.2010109315701111,0.0,0.0,0.0,47.404359079009815
2023-12-05,45.06244589170249,39.78883337943105,55.15522828249854,45.06244589170249,45.06244589170249,2.4241575216065376,2.4241575216065376,2.4241575216065376,2.386069806039594,2.386069806039594,2.386069806039594,0.03808771556694335,0.03808771556694335,0.03808771556694335,0.0,0.0,0.0,47.48660341330903
2023-12-06,45.34256085126082,40.478735077824226,55.465406844248804,45.34256085126082,45.34256085126082,2.455467829434576,2.455467829434576,2.455467829434576,2.589476660894602,2.589476660894602,2.589476660894602,-0.134008831460026,-0.134008831460026,-0.134008831460026,0.0,0.0,0.0,47.798028680695396
2023-12-07,45.62267581081916,40.10834413644992,55.28291303085652,45.62267581081916,45.62267581081916,2.3975625504718576,2.3975625504718576,2.3975625504718576,2.715288041838537,2.715288041838537,2.715288041838537,-0.3177254913666793,-0.3177254913666793,-0.3177254913666793,0.0,0.0,0.0,48.02023836129102
2023-12-08,45.90279077037749,40.62529358487288,55.728179227012745,45.90279077037749,45.90279077037749,2.1088871390715624,2.1088871390715624,2.1088871390715624,2.6237750078177084,2.6237750078177084,2.6237750078177084,-0.514887868746146,-0.514887868746146,-0.514887868746146,0.0,0.0,0.0,48.011677909449055
2023-12-11,46.74313564905252,40.723188349655715,55.08450279397145,46.74313564905252,46.74313564905252,1.2266714770248512,1.2266714770248512,1.2266714770248512,2.421017215295233,2.421017215295233,2.421017215295233,-1.1943457382703822,-1.1943457382703822,-1.1943457382703822,0.0,0.0,0.0,47.96980712607737
2023-12-12,47.02325060861086,40.35939408486118,55.6982543008661,47.02325060861086,47.02325060861086,0.9374390554076076,0.9374390554076076,0.9374390554076076,2.3860698060498065,2.3860698060498065,2.3860698060498065,-1.4486307506421987,-1.4486307506421987,-1.4486307506421987,0.0,0.0,0.0,47.96068966401847
2023-12-13,47.30336556816919,40.900594184685225,56.11385955507051,47.30336556816919,47.30336556816919,0.8754223031954389,0.8754223031954389,0.8754223031954389,2.5894766608947832,2.5894766608947832,2.5894766608947832,-1.7140543576993441,-1.7140543576993441,-1.7140543576993441,0.0,0.0,0.0,48.178787871364634
2023-12-14,47.583480527727545,40.67225782967184,56.074007175669436,47.583480527727545,47.583480527727545,0.7274590477589967,0.7274590477589967,0.7274590477589967,2.7152880418375065,2.7152880418375065,2.7152880418375065,-1.9878289940785097,-1.9878289940785097,-1.9878289940785097,0.0,0.0,0.0,48.31093957548654
2023-12-15,47.86359548728588,41.15952579976987,56.46129874618757,47.86359548728588,47.86359548728588,0.357264618806728,0.357264618806728,0.357264618806728,2.623775007817808,2.623775007817808,2.623775007817808,-2.26651038901108,-2.26651038901108,-2.26651038901108,0.0,0.0,0.0,48.22086010609261
2023-12-18,48.70394036596089,40.01439285139789,55.86035688664723,48.70394036596089,48.70394036596089,-0.6690009436811043,-0.6690009436811043,-0.6690009436811043,2.4210172153078604,2.4210172153078604,2.4210172153078604,-3.090018158988965,-3.090018158988965,-3.090018158988965,0.0,0.0,0.0,48.034939422279784
2023-12-19,48.98405532551924,40.11718628728405,55.60518753978608,48.98405532551924,48.98405532551924,-0.9587204410690818,-0.9587204410690818,-0.9587204410690818,2.386069806043725,2.386069806043725,2.386069806043725,-3.344790247112807,-3.344790247112807,-3.344790247112807,0.0,0.0,0.0,48.02533488445016
2023-12-20,49.264170285077576,41.063455948696024,55.268744412817846,49.264170285077576,49.264170285077576,-0.9922049818369137,-0.9922049818369137,-0.9922049818369137,2.589476660894931,2.589476660894931,2.589476660894931,-3.581681642731845,-3.581681642731845,-3.581681642731845,0.0,0.0,0.0,48.27196530324066
2023-12-21,49.722057433431786,40.92571011230579,55.699315479171965,49.722057433431786,49.722057433431786,-1.0807960684536446,-1.0807960684536446,-1.0807960684536446,2.71528804184003,2.71528804184003,2.71528804184003,-3.7960841102936747,-3.7960841102936747,-3.7960841102936747,0.0,0.0,0.0,48.64126136497814
2023-12-22,50.179944581785996,41.641355128473045,56.26221096534002,50.179944581785996,50.179944581785996,-1.359979399551384,-1.359979399551384,-1.359979399551384,2.6237750078179074,2.6237750078179074,2.6237750078179074,-3.9837544073692914,-3.9837544073692914,-3.9837544073692914,0.0,0.0,0.0,48.81996518223461
2023-12-26,52.01149317520287,42.54864654440895,58.09244000833918,52.01149317520287,52.01149317520287,-2.0173114459787738,-2.0173114459787738,-2.0173114459787738,2.386069806044868,2.386069806044868,2.386069806044868,-4.4033812520236415,-4.4033812520236415,-4.4033812520236415,0.0,0.0,0.0,49.994181729224096
2023-12-27,52.46938032355708,42.99386069789711,57.976480665322796,52.46938032355708,52.46938032355708,-1.8271267499488388,-1.8271267499488388,-1.8271267499488388,2.5894766608951127,2.5894766608951127,2.5894766608951127,-4.416603410843951,-4.416603410843951,-4.416603410843951,0.0,0.0,0.0,50.642253573608244
2023-12-28,52.927267471911314,44.20054291454325,58.700960655726874,52.927267471911314,52.927267471911314,-1.6775969314961396,-1.6775969314961396,-1.6775969314961396,2.7152880418331105,2.7152880418331105,2.7152880418331105,-4.3928849733292505,-4.3928849733292505,-4.3928849733292505,0.0,0.0,0.0,51.249670540415174
2023-12-29,53.385154620265524,43.95973260766384,59.0100492122065,53.385154620265524,53.385154620265524,-1.7100994914455359,-1.7100994914455359,-1.7100994914455359,2.6237750078051345,2.6237750078051345,2.6237750078051345,-4.33387449925067,-4.33387449925067,-4.33387449925067,0.0,0.0,0.0,51.67505512881999
2024-01-02,55.21670321368241,46.93934281808423,61.676237084138904,55.21670321368241,55.21670321368241,-1.4262469918612237,-1.4262469918612237,-1.4262469918612237,2.386069806051468,2.386069806051468,2.386069806051468,-3.812316797912692,-3.812316797912692,-3.812316797912692,0.0,0.0,0.0,53.79045622182118
2024-01-03,55.67459036203662,46.73850723741828,61.73849904688768,55.67459036203662,55.67459036203662,-1.0454308178721379,-1.0454308178721379,-1.0454308178721379,2.589476660895261,2.589476660895261,2.589476660895261,-3.634907478767399,-3.634907478767399,-3.634907478767399,0.0,0.0,0.0,54.62915954416448
2024-01-04,56.13247751039083,48.654211607259185,63.39812036298167,56.13247751039083,56.13247751039083,-0.7354692904114536,-0.7354692904114536,-0.7354692904114536,2.715288041835634,2.715288041835634,2.715288041835634,-3.450757332247088,-3.450757332247088,-3.450757332247088,0.0,0.0,0.0,55.39700821997938
2024-01-05,56.59036465874506,48.314620944985506,63.811808455982934,56.59036465874506,56.59036465874506,-0.6428463700785365,-0.6428463700785365,-0.6428463700785365,2.623775007819191,2.623775007819191,2.623775007819191,-3.266621377897727,-3.266621377897727,-3.266621377897727,0.0,0.0,0.0,55.94751828866652
2024-01-08,57.96402610380771,50.39807872761471,65.21868055458415,57.96402610380771,57.96402610380771,-0.3614023527334072,-0.3614023527334072,-0.3614023527334072,2.421017215294085,2.421017215294085,2.421017215294085,-2.782419568027492,-2.782419568027492,-2.782419568027492,0.0,0.0,0.0,57.602623751074304
2024-01-09,58.42191325216192,50.95158320366187,65.34016582785858,58.42191325216192,58.42191325216192,-0.2791811072088361,-0.2791811072088361,-0.2791811072088361,2.386069806048999,2.386069806048999,2.386069806048999,-2.6652509132578355,-2.6652509132578355,-2.6652509132578355,0.0,0.0,0.0,58.14273214495309
2024-01-10,58.87980040051615,51.81175127556474,66.43856318817123,58.87980040051615,58.87980040051615,0.009821532093092479,0.009821532093092479,0.009821532093092479,2.589476660895475,2.589476660895475,2.589476660895475,-2.579655128802383,-2.579655128802383,-2.579655128802383,0.0,0.0,0.0,58.889621932609245
2024-01-11,59.337687548870385,51.81127160139878,66.72473527118454,59.337687548870385,59.337687548870385,0.18513831145924298,0.18513831145924298,0.18513831145924298,2.715288041834604,2.715288041834604,2.715288041834604,-2.530149730375361,-2.530149730375361,-2.530149730375361,0.0,0.0,0.0,59.522825860329625
2024-01-12,59.795574697224595,52.79282320692458,67.44313521471761,59.795574697224595,59.795574697224595,0.10351476320604146,0.10351476320604146,0.10351476320604146,2.6237750078192907,2.6237750078192907,2.6237750078192907,-2.520260244613249,-2.520260244613249,-2.520260244613249,0.0,0.0,0.0,59.89908946043064
2024-01-16,61.62712329064145,53.87369959069399,69.45608434301835,61.62712329064145,61.62712329064145,-0.520454119977271,-0.520454119977271,-0.520454119977271,2.3860698060465295,2.3860698060465295,2.3860698060465295,-2.9065239260238007,-2.9065239260238007,-2.9065239260238007,0.0,0.0,0.0,61.106669170664176
2024-01-17,62.08501043899566,54.243334137656355,68.95296090052463,62.08501043899566,62.08501043899566,-0.5164272039017279,-0.5164272039017279,-0.5164272039017279,2.589476660895625,2.589476660895625,2.589476660895625,-3.1059038647973525,-3.1059038647973525,-3.1059038647973525,0.0,0.0,0.0,61.56858323509393
2024-01-18,62.54289758734989,54.45337394793479,69.71300023743737,62.54289758734989,62.54289758734989,-0.6252054788979445,-0.6252054788979445,-0.6252054788979445,2.7152880418371277,2.7152880418371277,2.7152880418371277,-3.3404935207350723,-3.3404935207350723,-3.3404935207350723,0.0,0.0,0.0,61.917692108451945
2024-01-19,63.00078473570413,54.060384363919276,69.65883231230427,63.00078473570413,63.00078473570413,-0.9814675185064029,-0.9814675185064029,-0.9814675185064029,2.62377500781939,2.62377500781939,2.62377500781939,-3.605242526325793,-3.605242526325793,-3.605242526325793,0.0,0.0,0.0,62.019317217197724
2024-01-22,64.37444618076675,54.49810070273115,69.24627262782933,64.37444618076675,64.37444618076675,-2.0944062577795473,-2.0944062577795473,-2.0944062577795473,2.421017215306383,2.421017215306383,2.421017215306383,-4.515423473085931,-4.515423473085931,-4.515423473085931,0.0,0.0,0.0,62.28003992298721
2024-01-23,64.83233332912097,54.60064142548066,69.4698939733345,64.83233332912097,64.83233332912097,-2.446071073265115,-2.446071073265115,-2.446071073265115,2.386069806047674,2.386069806047674,2.386069806047674,-4.832140879312789,-4.832140879312789,-4.832140879312789,0.0,0.0,0.0,62.386262255855854
2024-01-24,65.2902204774752,55.04562588182966,70.14795698156304,65.2902204774752,65.2902204774752,-2.5522661628966716,-2.5522661628966716,-2.5522661628966716,2.5894766608948485,2.5894766608948485,2.5894766608948485,-5.14174282379152,-5.14174282379152,-5.14174282379152,0.0,0.0,0.0,62.73795431457853
2024-01-25,65.74810795515684,55.61557891799927,70.40639363918211,65.74810795515684,65.74810795515684,-2.720475065679245,-2.720475065679245,-2.720475065679245,2.715288041836097,2.715288041836097,2.715288041836097,-5.435763107515342,-5.435763107515342,-5.435763107515342,0.0,0.0,0.0,63.027632889477594
2024-01-26,66.20599543283849,54.94669261239586,70.51809046460285,66.20599543283849,66.20599543283849,-3.0821570756570664,-3.0821570756570664,-3.0821570756570664,2.6237750078130544,2.6237750078130544,2.6237750078130544,-5.705932083470121,-5.705932083470121,-5.705932083470121,0.0,0.0,0.0,63.12383835718143
2024-01-29,67.57965786588348,56.09857662403376,70.53070287189121,67.57965786588348,67.57965786588348,-3.877452566899415,-3.877452566899415,-3.877452566899415,2.4210172152867866,2.4210172152867866,2.4210172152867866,-6.298469782186202,-6.298469782186202,-6.298469782186202,0.0,0.0,0.0,63.70220529898406
2024-01-30,68.03754534356513,56.75959957415279,71.73889641033763,68.03754534356513,68.03754534356513,-4.016429847040394,-4.016429847040394,-4.016429847040394,2.3860698060488175,2.3860698060488175,2.3860698060488175,-6.402499653089212,-6.402499653089212,-6.402499653089212,0.0,0.0,0.0,64.02111549652473
2024-01-31,68.49543282124678,56.47538197167815,71.7450638055341,68.49543282124678,68.49543282124678,-3.8626259688574685,-3.8626259688574685,-3.8626259688574685,2.589476660895029,2.589476660895029,2.589476660895029,-6.452102629752497,-6.452102629752497,-6.452102629752497,0.0,0.0,0.0,64.63280685238931
2024-02-01,68.95332029892842,57.67457351927737,72.75632215279963,68.95332029892842,68.95332029892842,-3.7293376095399142,-3.7293376095399142,-3.7293376095399142,2.7152880418362857,2.7152880418362857,2.7152880418362857,-6.4446256513761995,-6.4446256513761995,-6.4446256513761995,0.0,0.0,0.0,65.2239826893885
2024-02-02,69.4112077766101,58.28950129853553,72.50504188205508,69.4112077766101,69.4112077766101,-3.75509830359368,-3.75509830359368,-3.75509830359368,2.6237750078067172,2.6237750078067172,2.6237750078067172,-6.3788733114003975,-6.3788733114003975,-6.3788733114003975,0.0,0.0,0.0,65.65610947301641
2024-02-05,70.78487020965505,59.533193419703835,74.70090797101511,70.78487020965505,70.78487020965505,-3.421788988119158,-3.421788988119158,-3.421788988119158,2.4210172152864593,2.4210172152864593,2.4210172152864593,-5.842806203405616,-5.842806203405616,-5.842806203405616,0.0,0.0,0.0,67.3630812215359
2024-02-06,71.24275768733672,60.609151661291676,75.62026228443499,71.24275768733672,71.24275768733672,-3.176248551129384,-3.176248551129384,-3.176248551129384,2.386069806046348,2.386069806046348,2.386069806046348,-5.562318357175732,-5.562318357175732,-5.562318357175732,0.0,0.0,0.0,68.06650913620733
2024-02-07,71.70064516501837,61.46633573500751,76.49537646397184,71.70064516501837,71.70064516501837,-2.650555335549139,-2.650555335549139,-2.650555335549139,2.5894766608952104,2.5894766608952104,2.5894766608952104,-5.240031996444349,-5.240031996444349,-5.240031996444349,0.0,0.0,0.0,69.05008982946923
2024-02-08,72.15853264270002,63.3732634772015,77.52785377755995,72.15853264270002,72.15853264270002,-2.167990579079101,-2.167990579079101,-2.167990579079101,2.7152880418352545,2.7152880418352545,2.7152880418352545,-4.883278620914356,-4.883278620914356,-4.883278620914356,0.0,0.0,0.0,69.99054206362092
2024-02-09,72.61642012038168,63.23119977499978,78.65023057899107,72.61642012038168,72.61642012038168,-1.8766300099684357,-1.8766300099684357,-1.8766300099684357,2.6237750078272097,2.6237750078272097,2.6237750078272097,-4.500405017795646,-4.500405017795646,-4.500405017795646,0.0,0.0,0.0,70.73979011041324
2024-02-12,73.99008255342663,65.3246814622422,80.84202749270082,73.99008255342663,73.99008255342663,-0.8682565310949433,-0.8682565310949433,-0.8682565310949433,2.421017215299085,2.421017215299085,2.421017215299085,-3.2892737463940285,-3.2892737463940285,-3.2892737463940285,0.0,0.0,0.0,73.12182602233169
2024-02-13,74.44797003110828,66.62872662395623,81.48373480860222,74.44797003110828,74.44797003110828,-0.511960543848387,-0.511960543848387,-0.511960543848387,2.386069806043879,2.386069806043879,2.386069806043879,-2.898030349892266,-2.898030349892266,-2.898030349892266,0.0,0.0,0.0,73.9360094872599
2024-02-14,74.90585750878992,67.3645742246827,82.76963569100428,74.90585750878992,74.90585750878992,0.05974785197605634,0.05974785197605634,0.05974785197605634,2.5894766608953588,2.5894766608953588,2.5894766608953588,-2.529728808919302,-2.529728808919302,-2.529728808919302,0.0,0.0,0.0,74.96560536076598
2024-02-15,75.3637449864716,68.23656625186534,83.9637945179923,75.3637449864716,75.3637449864716,0.5214030494168912,0.5214030494168912,0.5214030494168912,2.715288041837779,2.715288041837779,2.715288041837779,-2.193884992420888,-2.193884992420888,-2.193884992420888,0.0,0.0,0.0,75.88514803588849
2024-02-16,75.82163246415325,69.5379459939851,83.60896684428222,75.82163246415325,75.82163246415325,0.7244490519249575,0.7244490519249575,0.7244490519249575,2.623775007827309,2.623775007827309,2.623775007827309,-1.8993259559023516,-1.8993259559023516,-1.8993259559023516,0.0,0.0,0.0,76.54608151607822
2024-02-20,77.65318237487988,71.73288535946806,86.69452139923149,77.65318237487988,77.65318237487988,1.111785999302922,1.111785999302922,1.111785999302922,2.3860698060504797,2.3860698060504797,2.3860698060504797,-1.2742838067475575,-1.2742838067475575,-1.2742838067475575,0.0,0.0,0.0,78.7649683741828
2024-02-21,78.11106985256153,72.2059589577343,87.54816435958445,78.11106985256153,78.11106985256153,1.309537227086705,1.309537227086705,1.309537227086705,2.5894766608955075,2.5894766608955075,2.5894766608955075,-1.2799394338088026,-1.2799394338088026,-1.2799394338088026,0.0,0.0,0.0,79.42060707964824
2024-02-22,78.56895733024318,72.67315520984872,87.22256868833348,78.56895733024318,78.56895733024318,1.3607378483812165,1.3607378483812165,1.3607378483812165,2.715288041836748,2.715288041836748,2.715288041836748,-1.3545501934555315,-1.3545501934555315,-1.3545501934555315,0.0,0.0,0.0,79.9296951786244
2024-02-23,79.02684480792485,73.09180260563765,87.33513484069593,79.02684480792485,79.02684480792485,1.126360429993586,1.126360429993586,1.126360429993586,2.6237750078145363,2.6237750078145363,2.6237750078145363,-1.4974145778209504,-1.4974145778209504,-1.4974145778209504,0.0,0.0,0.0,80.15320523791843
2024-02-26,80.40050726356172,73.3058399044343,88.34811651180026,80.40050726356172,80.40050726356172,0.11589838764572921,0.11589838764572921,0.11589838764572921,2.421017215304906,2.421017215304906,2.421017215304906,-2.305118827659177,-2.305118827659177,-2.305118827659177,0.0,0.0,0.0,80.51640565120745
2024-02-27,80.85839474877399,73.59653773965363,88.05124701732679,80.85839474877399,80.85839474877399,-0.2973916212389997,-0.2973916212389997,-0.2973916212389997,2.3860698060516223,2.3860698060516223,2.3860698060516223,-2.6834614272906223,-2.6834614272906223,-2.6834614272906223,0.0,0.0,0.0,80.56100312753499
2024-02-28,81.31628223398627,73.73978322254156,88.04011045501798,81.31628223398627,81.31628223398627,-0.5152013942608047,-0.5152013942608047,-0.5152013942608047,2.5894766608947637,2.5894766608947637,2.5894766608947637,-3.104678055155569,-3.104678055155569,-3.104678055155569,0.0,0.0,0.0,80.80108083972547
2024-02-29,81.77416971919857,72.93757602179178,88.21468008108268,81.77416971919857,81.77416971919857,-0.8450439020591268,-0.8450439020591268,-0.8450439020591268,2.7152880418392726,2.7152880418392726,2.7152880418392726,-3.560331943898399,-3.560331943898399,-3.560331943898399,0.0,0.0,0.0,80.92912581713944
2024-03-01,82.23205720441086,73.41633688541732,88.36785643494737,82.23205720441086,82.23205720441086,-1.4175742659859574,-1.4175742659859574,-1.4175742659859574,2.6237750078146362,2.6237750078146362,2.6237750078146362,-4.041349273800594,-4.041349273800594,-4.041349273800594,0.0,0.0,0.0,80.8144829384249
2024-03-04,83.60571966004773,73.14623808474359,87.69402781716273,83.60571966004773,83.60571966004773,-3.1205667959963557,-3.1205667959963557,-3.1205667959963557,2.421017215304579,2.421017215304579,2.421017215304579,-5.541584011300935,-5.541584011300935,-5.541584011300935,0.0,0.0,0.0,80.48515286405137
2024-03-05,84.06360714526,72.80044662690965,87.4389083352522,84.06360714526,84.06360714526,-3.643380659988432,-3.643380659988432,-3.643380659988432,2.386069806045541,2.386069806045541,2.386069806045541,-6.029450466033973,-6.029450466033973,-6.029450466033973,0.0,0.0,0.0,80.42022648527156
2024-03-06,84.52149463047228,73.40076579199815,87.63670469388026,84.52149463047228,84.52149463047228,-3.9071817592797,-3.9071817592797,-3.9071817592797,2.589476660894978,2.589476660894978,2.589476660894978,-6.496658420174679,-6.496658420174679,-6.496658420174679,0.0,0.0,0.0,80.61431287119258
2024-03-07,84.97938211568454,73.13571524038329,87.3312413692697,84.97938211568454,84.97938211568454,-4.22033370878955,-4.22033370878955,-4.22033370878955,2.7152880418323524,2.7152880418323524,2.7152880418323524,-6.935621750621903,-6.935621750621903,-6.935621750621903,0.0,0.0,0.0,80.75904840689499
2024-03-08,85.43726960089684,73.04483259702413,88.44047510432847,85.43726960089684,85.43726960089684,-4.716032566966954,-4.716032566966954,-4.716032566966954,2.6237750078082995,2.6237750078082995,2.6237750078082995,-7.339807574775254,-7.339807574775254,-7.339807574775254,0.0,0.0,0.0,80.72123703392988
2024-03-11,86.81093205653369,73.67535628996723,88.43703712650111,86.81093205653369,86.81093205653369,-5.8764285355901285,-5.8764285355901285,-5.8764285355901285,2.4210172153107274,2.4210172153107274,2.4210172153107274,-8.297445750900856,-8.297445750900856,-8.297445750900856,0.0,0.0,0.0,80.93450352094357
2024-03-12,87.26881954174598,73.66822850823152,88.51300267641297,87.26881954174598,87.26881954174598,-6.137299693918048,-6.137299693918048,-6.137299693918048,2.386069806046684,2.386069806046684,2.386069806046684,-8.523369499964732,-8.523369499964732,-8.523369499964732,0.0,0.0,0.0,81.13151984782793
2024-03-13,87.72670702695828,74.1505828061971,88.9365703632359,87.72670702695828,87.72670702695828,-6.112746912804949,-6.112746912804949,-6.112746912804949,2.589476660895127,2.589476660895127,2.589476660895127,-8.702223573700078,-8.702223573700078,-8.702223573700078,0.0,0.0,0.0,81.61396011415333
2024-03-14,88.18459451217055,74.49200501181332,89.23374072483844,88.18459451217055,88.18459451217055,-6.120694647911973,-6.120694647911973,-6.120694647911973,2.715288041834876,2.715288041834876,2.715288041834876,-8.83598268974685,-8.83598268974685,-8.83598268974685,0.0,0.0,0.0,82.06389986425857
2024-03-15,88.64248199738283,74.59875200895762,89.67491629193165,88.64248199738283,88.64248199738283,-6.304247908630845,-6.304247908630845,-6.304247908630845,2.6237750078084,2.6237750078084,2.6237750078084,-8.928022916439245,-8.928022916439245,-8.928022916439245,0.0,0.0,0.0,82.33823408875199
2024-03-18,90.01614445301969,75.42927319290612,90.96128029085251,90.01614445301969,90.01614445301969,-6.584951321544097,-6.584951321544097,-6.584951321544097,2.421017215291131,2.421017215291131,2.421017215291131,-9.005968536835228,-9.005968536835228,-9.005968536835228,0.0,0.0,0.0,83.4311931314756
2024-03-19,90.47403193823199,76.85572818922628,91.49053826404213,90.47403193823199,90.47403193823199,-6.602136151782542,-6.602136151782542,-6.602136151782542,2.3860698060442154,2.3860698060442154,2.3860698060442154,-8.988205957826757,-8.988205957826757,-8.988205957826757,0.0,0.0,0.0,83.87189578644944
2024-03-20,90.93191942344427,76.86688012213186,91.60810634486586,90.93191942344427,90.93191942344427,-6.3719980307551145,-6.3719980307551145,-6.3719980307551145,2.5894766608952753,2.5894766608952753,2.5894766608952753,-8.96147469165039,-8.96147469165039,-8.96147469165039,0.0,0.0,0.0,84.55992139268916
2024-03-21,91.38980690865654,77.16697265078957,93.06706932598152,91.38980690865654,91.38980690865654,-6.2187908789245085,-6.2187908789245085,-6.2187908789245085,2.715288041833846,2.715288041833846,2.715288041833846,-8.934078920758354,-8.934078920758354,-8.934078920758354,0.0,0.0,0.0,85.17101602973203
2024-03-22,91.84769439386884,78.4668165801273,92.77620280504914,91.84769439386884,91.84769439386884,-6.290578795435934,-6.290578795435934,-6.290578795435934,2.6237750078020623,2.6237750078020623,2.6237750078020623,-8.914353803237995,-8.914353803237995,-8.914353803237995,0.0,0.0,0.0,85.5571155984329
2024-03-25,93.22135684950568,79.51695634731813,94.42833718884172,93.22135684950568,93.22135684950568,-6.5588576988335285,-6.5588576988335285,-6.5588576988335285,2.42101721529728,2.42101721529728,2.42101721529728,-8.979874914130809,-8.979874914130809,-8.979874914130809,0.0,0.0,0.0,86.66249915067215
2024-03-26,93.67924433471795,78.7969772064576,94.54413971452227,93.67924433471795,93.67924433471795,-6.680265395257813,-6.680265395257813,-6.680265395257813,2.386069806045359,2.386069806045359,2.386069806045359,-9.06633520130317,-9.06633520130317,-9.06633520130317,0.0,0.0,0.0,86.99897893946013
2024-03-27,93.89432152067258,78.92773128481745,94.7489726866469,93.89432152067258,93.89432152067258,-6.60485672754616,-6.60485672754616,-6.60485672754616,2.5894766608954565,2.5894766608954565,2.5894766608954565,-9.194333388441615,-9.194333388441615,-9.194333388441615,0.0,0.0,0.0,87.28946479312641
2024-03-28,94.10939870662718,80.14748731648811,94.43200046687961,94.10939870662718,94.10939870662718,-6.652384721851564,-6.652384721851564,-6.652384721851564,2.7152880418399232,2.7152880418399232,2.7152880418399232,-9.367672763691488,-9.367672763691488,-9.367672763691488,0.0,0.0,0.0,87.45701398477561
2024-04-01,94.9697074504456,79.1154553660451,94.56188245468118,94.9697074504456,94.9697074504456,-8.121614950174678,-8.121614950174678,-8.121614950174678,2.4210172152969527,2.4210172152969527,2.4210172152969527,-10.54263216547163,-10.54263216547163,-10.54263216547163,0.0,0.0,0.0,86.84809250027092
2024-04-02,95.18478463640022,78.59734289231072,93.7797731098145,95.18478463640022,95.18478463640022,-8.565285913669255,-8.565285913669255,-8.565285913669255,2.3860698060483467,2.3860698060483467,2.3860698060483467,-10.951355719717602,-10.951355719717602,-10.951355719717602,0.0,0.0,0.0,86.61949872273097
2024-04-03,95.39986182235482,79.06653996227142,93.69357932893044,95.39986182235482,95.39986182235482,-8.809581521296138,-8.809581521296138,-8.809581521296138,2.5894766608946482,2.5894766608946482,2.5894766608946482,-11.399058182190787,-11.399058182190787,-11.399058182190787,0.0,0.0,0.0,86.59028030105868
2024-04-04,95.61493900830942,78.83545658891968,93.60429585078029,95.61493900830942,95.61493900830942,-9.164750953687337,-9.164750953687337,-9.164750953687337,2.715288041838893,2.715288041838893,2.715288041838893,-11.880038995526231,-11.880038995526231,-11.880038995526231,0.0,0.0,0.0,86.45018805462209
2024-04-05,95.83001619426405,78.36706666681586,93.11413272924214,95.83001619426405,95.83001619426405,-9.763784759716406,-9.763784759716406,-9.763784759716406,2.623775007816218,2.623775007816218,2.623775007816218,-12.387559767532622,-12.387559767532622,-12.387559767532622,0.0,0.0,0.0,86.06623143454765
2024-04-08,96.47524775212787,76.8359698362697,92.60516579619525,96.47524775212787,96.47524775212787,-11.569290403239501,-11.569290403239501,-11.569290403239501,2.4210172153095786,2.4210172153095786,2.4210172153095786,-13.99030761854908,-13.99030761854908,-13.99030761854908,0.0,0.0,0.0,84.90595734888836
2024-04-09,96.69032493808247,77.12327408926431,92.36434983791811,96.69032493808247,96.69032493808247,-12.136446206752124,-12.136446206752124,-12.136446206752124,2.386069806045878,2.386069806045878,2.386069806045878,-14.522516012798002,-14.522516012798002,-14.522516012798002,0.0,0.0,0.0,84.55387873133034
2024-04-10,96.90540212403708,77.37077991498934,91.94530212607557,96.90540212403708,96.90540212403708,-12.44941873853113,-12.44941873853113,-12.44941873853113,2.5894766608948623,2.5894766608948623,2.5894766608948623,-15.038895399425991,-15.038895399425991,-15.038895399425991,0.0,0.0,0.0,84.45598338550596
2024-04-11,97.1204793099917,76.87698029941492,91.48999241842841,97.1204793099917,97.1204793099917,-12.81549527592559,-12.81549527592559,-12.81549527592559,2.7152880418378627,2.7152880418378627,2.7152880418378627,-15.53078331776345,-15.53078331776345,-15.53078331776345,0.0,0.0,0.0,84.30498403406611
2024-04-12,97.33555649594629,76.06533175707864,91.13938702423391,97.33555649594629,97.33555649594629,-13.366196988734215,-13.366196988734215,-13.366196988734215,2.6237750078098814,2.6237750078098814,2.6237750078098814,-15.989971996544094,-15.989971996544094,-15.989971996544094,0.0,0.0,0.0,83.96935950721208
2024-04-15,97.98078805381013,75.89547493576286,90.90749119375046,97.98078805381013,97.98078805381013,-14.679103821658357,-14.679103821658357,-14.679103821658357,2.421017215309251,2.421017215309251,2.421017215309251,-17.100121036967607,-17.100121036967607,-17.100121036967607,0.0,0.0,0.0,83.30168423215177
2024-04-16,98.19586523976473,75.2302296605959,90.29020169868741,98.19586523976473,98.19586523976473,-14.975958351903204,-14.975958351903204,-14.975958351903204,2.3860698060434093,2.3860698060434093,2.3860698060434093,-17.362028157946614,-17.362028157946614,-17.362028157946614,0.0,0.0,0.0,83.21990688786153
2024-04-17,98.41094242571933,76.09766486416501,91.27963765518109,98.41094242571933,98.41094242571933,-14.973674385052234,-14.973674385052234,-14.973674385052234,2.5894766608950097,2.5894766608950097,2.5894766608950097,-17.563151045947244,-17.563151045947244,-17.563151045947244,0.0,0.0,0.0,83.43726804066709
2024-04-18,98.62601961167394,76.33415212419186,91.14140259386302,98.62601961167394,98.62601961167394,-14.986005153820313,-14.986005153820313,-14.986005153820313,2.7152880418403864,2.7152880418403864,2.7152880418403864,-17.7012931956607,-17.7012931956607,-17.7012931956607,0.0,0.0,0.0,83.64001445785362
2024-04-19,98.84109679762855,76.65555544790622,90.68060538025304,98.84109679762855,98.84109679762855,-15.151742204369105,-15.151742204369105,-15.151742204369105,2.6237750078303748,2.6237750078303748,2.6237750078303748,-17.775517212199478,-17.775517212199478,-17.775517212199478,0.0,0.0,0.0,83.68935459325945
2024-04-22,99.48632835549238,77.01420331045193,90.98384892546511,99.48632835549238,99.48632835549238,-15.20248580027964,-15.20248580027964,-15.20248580027964,2.4210172153089227,2.4210172153089227,2.4210172153089227,-17.62350301558856,-17.62350301558856,-17.62350301558856,0.0,0.0,0.0,84.28384255521274
2024-04-23,99.701405541447,76.61319535786973,92.06798909635907,99.701405541447,99.701405541447,-15.070327462029953,-15.070327462029953,-15.070327462029953,2.3860698060445515,2.3860698060445515,2.3860698060445515,-17.456397268074504,-17.456397268074504,-17.456397268074504,0.0,0.0,0.0,84.63107807941705
2024-04-24,99.9164827274016,78.64485472578373,93.21954087959045,99.9164827274016,99.9164827274016,-14.648176056651455,-14.648176056651455,-14.648176056651455,2.5894766608951914,2.5894766608951914,2.5894766608951914,-17.237652717546645,-17.237652717546645,-17.237652717546645,0.0,0.0,0.0,85.26830667075015
2024-04-25,100.13155991335621,78.08006880664266,93.6644151304292,100.13155991335621,100.13155991335621,-14.25702061526429,-14.25702061526429,-14.25702061526429,2.715288041829913,2.715288041829913,2.715288041829913,-16.972308657094203,-16.972308657094203,-16.972308657094203,0.0,0.0,0.0,85.87453929809192
2024-04-26,100.26649297315947,78.8705267692056,94.25915264346007,100.26649297315947,100.26649297315947,-14.042112485369538,-14.042112485369538,-14.042112485369538,2.623775007830474,2.623775007830474,2.623775007830474,-16.665887493200014,-16.665887493200014,-16.665887493200014,0.0,0.0,0.0,86.22438048778993
2024-04-29,100.67129215256925,80.0039731990188,94.6128037835272,100.67129215256925,100.67129215256925,-13.137612589962144,-13.137612589962144,-13.137612589962144,2.4210172152958034,2.4210172152958034,2.4210172152958034,-15.558629805257947,-15.558629805257947,-15.558629805257947,0.0,0.0,0.0,87.5336795626071
2024-04-30,100.8062252123725,80.23224054780897,95.77721493006528,100.8062252123725,100.8062252123725,-12.760047669768992,-12.760047669768992,-12.760047669768992,2.3860698060511516,2.3860698060511516,2.3860698060511516,-15.146117475820144,-15.146117475820144,-15.146117475820144,0.0,0.0,0.0,88.0461775426035
2024-05-01,100.94115827217576,80.81523610609037,95.69697644512752,100.94115827217576,100.94115827217576,-12.131279087886668,-12.131279087886668,-12.131279087886668,2.589476660895373,2.589476660895373,2.589476660895373,-14.720755748782043,-14.720755748782043,-14.720755748782043,0.0,0.0,0.0,88.80987918428909
2024-05-02,101.07609133197903,81.79146385397162,96.94246233785674,101.07609133197903,101.07609133197903,-11.571785891855527,-11.571785891855527,-11.571785891855527,2.715288041835991,2.715288041835991,2.715288041835991,-14.287073933691518,-14.287073933691518,-14.287073933691518,0.0,0.0,0.0,89.5043054401235
2024-05-03,101.21102439178227,82.75823948920974,97.46363722332619,101.21102439178227,101.21102439178227,-11.225116395887223,-11.225116395887223,-11.225116395887223,2.6237750078177005,2.6237750078177005,2.6237750078177005,-13.848891403704926,-13.848891403704926,-13.848891403704926,0.0,0.0,0.0,89.98590799589505
2024-05-06,101.61582357119205,84.01474823008819,99.40533389770442,101.61582357119205,101.61582357119205,-10.112067996937121,-10.112067996937121,-10.112067996937121,2.421017215295475,2.421017215295475,2.421017215295475,-12.533085212232596,-12.533085212232596,-12.533085212232596,0.0,0.0,0.0,91.50375557425494
2024-05-07,101.75075663099531,84.44490472424569,98.9648940995137,101.75075663099531,101.75075663099531,-9.7121196434208,-9.7121196434208,-9.7121196434208,2.386069806052296,2.386069806052296,2.386069806052296,-12.098189449473097,-12.098189449473097,-12.098189449473097,0.0,0.0,0.0,92.0386369875745
2024-05-08,101.88568969079856,85.20999457038259,100.10879903371698,101.88568969079856,101.88568969079856,-9.07550425814517,-9.07550425814517,-9.07550425814517,2.5894766608955537,2.5894766608955537,2.5894766608955537,-11.664980919040724,-11.664980919040724,-11.664980919040724,0.0,0.0,0.0,92.81018543265338
2024-05-09,102.02062275060182,86.39688872667091,101.26897691855767,102.02062275060182,102.02062275060182,-8.516824698008971,-8.516824698008971,-8.516824698008971,2.7152880418349605,2.7152880418349605,2.7152880418349605,-11.23211273984393,-11.23211273984393,-11.23211273984393,0.0,0.0,0.0,93.50379805259284
2024-05-10,102.15555581040508,86.44718121861904,101.51504869964604,102.15555581040508,102.15555581040508,-8.173747932822303,-8.173747932822303,-8.173747932822303,2.6237750078178013,2.6237750078178013,2.6237750078178013,-10.797522940640102,-10.797522940640102,-10.797522940640102,0.0,0.0,0.0,93.98180787758277
2024-05-13,102.56035498981485,88.04801366715701,103.46896383764569,102.56035498981485,102.56035498981485,-7.033700396502755,-7.033700396502755,-7.033700396502755,2.4210172153081015,2.4210172153081015,2.4210172153081015,-9.454717611810857,-9.454717611810857,-9.454717611810857,0.0,0.0,0.0,95.5266545933121
2024-05-14,102.6952880496181,88.65806962278414,103.8598983837351,102.6952880496181,102.6952880496181,-6.596825702317907,-6.596825702317907,-6.596825702317907,2.3860698060462133,2.3860698060462133,2.3860698060462133,-8.982895508364122,-8.982895508364122,-8.982895508364122,0.0,0.0,0.0,96.0984623473002
2024-05-15,102.83022110942136,89.29710773938736,104.21578834254488,102.83022110942136,102.83022110942136,-5.903647485155049,-5.903647485155049,-5.903647485155049,2.5894766608957025,2.5894766608957025,2.5894766608957025,-8.493124146050752,-8.493124146050752,-8.493124146050752,0.0,0.0,0.0,96.92657362426631
2024-05-16,102.96515416922463,90.45072259156075,105.24760828636792,102.96515416922463,102.96515416922463,-5.266835798878231,-5.266835798878231,-5.266835798878231,2.715288041831595,2.715288041831595,2.715288041831595,-7.982123840709826,-7.982123840709826,-7.982123840709826,0.0,0.0,0.0,97.6983183703464
2024-05-17,103.10008722902788,90.89193997654581,105.37687645669212,103.10008722902788,103.10008722902788,-4.823227326648811,-4.823227326648811,-4.823227326648811,2.6237750078179007,2.6237750078179007,2.6237750078179007,-7.447002334466712,-7.447002334466712,-7.447002334466712,0.0,0.0,0.0,98.27685990237907
2024-05-20,103.50488640843766,92.38825933630956,107.41239730734115,103.50488640843766,103.50488640843766,-3.255948410195683,-3.255948410195683,-3.255948410195683,2.421017215307774,2.421017215307774,2.421017215307774,-5.676965625503457,-5.676965625503457,-5.676965625503457,0.0,0.0,0.0,100.24893799824197
2024-05-21,103.63981946824093,93.36126633457053,108.58131597291703,103.63981946824093,103.63981946824093,-2.643207442347429,-2.643207442347429,-2.643207442347429,2.386069806047357,2.386069806047357,2.386069806047357,-5.029277248394786,-5.029277248394786,-5.029277248394786,0.0,0.0,0.0,100.9966120258935
2024-05-22,103.77475252804417,94.70435416679356,109.88416532258896,103.77475252804417,103.77475252804417,-1.7641296734941827,-1.7641296734941827,-1.7641296734941827,2.5894766608949267,2.5894766608949267,2.5894766608949267,-4.353606334389109,-4.353606334389109,-4.353606334389109,0.0,0.0,0.0,102.01062285455
2024-05-23,103.90968558784743,95.14002749694862,110.46211400401873,103.90968558784743,103.90968558784743,-0.9366341633725124,-0.9366341633725124,-0.9366341633725124,2.7152880418305645,2.7152880418305645,2.7152880418305645,-3.651922205203077,-3.651922205203077,-3.651922205203077,0.0,0.0,0.0,102.97305142447492
2024-05-24,104.04461864765068,96.36154669818767,111.06253395890276,104.04461864765068,104.04461864765068,-0.30340068489412697,-0.30340068489412697,-0.30340068489412697,2.6237750078051274,2.6237750078051274,2.6237750078051274,-2.9271756926992545,-2.9271756926992545,-2.9271756926992545,0.0,0.0,0.0,103.74121796275655
2024-05-28,104.58435088686372,99.65894376035587,114.29370997603174,104.58435088686372,104.58435088686372,2.4981161910227763,2.4981161910227763,2.4981161910227763,2.386069806048501,2.386069806048501,2.386069806048501,0.11204638497427558,0.11204638497427558,0.11204638497427558,0.0,0.0,0.0,107.08246707788649
2024-05-29,104.66060134984373,100.84213564046819,115.93538764283366,104.66060134984373,104.66060134984373,3.4673476932509417,3.4673476932509417,3.4673476932509417,2.589476660895076,2.589476660895076,2.589476660895076,0.8778710323558664,0.8778710323558664,0.8778710323558664,0.0,0.0,0.0,108.12794904309467
2024-05-30,104.73685181282374,101.28977250242345,116.32193203123455,104.73685181282374,104.73685181282374,4.347985600394508,4.347985600394508,4.347985600394508,2.7152880418330883,2.7152880418330883,2.7152880418330883,1.6326975585614198,1.6326975585614198,1.6326975585614198,0.0,0.0,0.0,109.08483741321825
2024-05-31,104.81310227580376,102.75990748855628,117.61878558157855,104.81310227580376,104.81310227580376,4.993186053534839,4.993186053534839,4.993186053534839,2.623775007805227,2.623775007805227,2.623775007805227,2.3694110457296125,2.3694110457296125,2.3694110457296125,0.0,0.0,0.0,109.8062883293386
2024-06-03,105.04185366474378,104.15219585954148,118.96290901135824,105.04185366474378,105.04185366474378,6.823060427626982,6.823060427626982,6.823060427626982,2.4210172152878493,2.4210172152878493,2.4210172152878493,4.402043212339133,4.402043212339133,4.402043212339133,0.0,0.0,0.0,111.86491409237077
2024-06-04,105.1181041277238,104.74614546669055,119.3505479706171,105.1181041277238,105.1181041277238,7.385709937375348,7.385709937375348,7.385709937375348,2.386069806042419,2.386069806042419,2.386069806042419,4.999640131332931,4.999640131332931,4.999640131332931,0.0,0.0,0.0,112.50381406509915
2024-06-05,105.19435459070381,106.2231711275414,120.48101456807403,105.19435459070381,105.19435459070381,8.13809071325864,8.13809071325864,8.13809071325864,2.5894766608952895,2.5894766608952895,2.5894766608952895,5.548614052363349,5.548614052363349,5.548614052363349,0.0,0.0,0.0,113.33244530396244
2024-06-06,105.27060505368384,106.82947571181562,121.9585656160475,105.27060505368384,105.27060505368384,8.760455532389903,8.760455532389903,8.760455532389903,2.715288041835612,2.715288041835612,2.715288041835612,6.045167490554291,6.045167490554291,6.045167490554291,0.0,0.0,0.0,114.03106058607374
2024-06-07,105.34685551666385,106.28859894552251,121.83819184874227,105.34685551666385,105.34685551666385,9.110394980753957,9.110394980753957,9.110394980753957,2.62377500782572,2.62377500782572,2.62377500782572,6.486619972928238,6.486619972928238,6.486619972928238,0.0,0.0,0.0,114.4572504974178
2024-06-10,105.57560690560388,107.93063046139414,122.96775293909113,105.57560690560388,105.57560690560388,9.89311131789414,9.89311131789414,9.89311131789414,2.4210172152939986,2.4210172152939986,2.4210172152939986,7.472094102600143,7.472094102600143,7.472094102600143,0.0,0.0,0.0,115.46871822349802
2024-06-11,105.65185736858389,108.64575621298034,122.73692404929196,105.65185736858389,105.65185736858389,10.077371604584595,10.077371604584595,10.077371604584595,2.386069806043563,2.386069806043563,2.386069806043563,7.6913017985410335,7.6913017985410335,7.6913017985410335,0.0,0.0,0.0,115.72922897316849
2024-06-12,105.7281078315639,108.75619784353631,123.42095066778924,105.7281078315639,105.7281078315639,10.450357031483433,10.450357031483433,10.450357031483433,2.5894766608945132,2.5894766608945132,2.5894766608945132,7.860880370588919,7.860880370588919,7.860880370588919,0.0,0.0,0.0,116.17846486304734
2024-06-13,105.8043582945439,109.27320948980007,123.92004186054518,105.8043582945439,105.8043582945439,10.7008975623719,10.7008975623719,10.7008975623719,2.7152880418381358,2.7152880418381358,2.7152880418381358,7.985609520533764,7.985609520533764,7.985609520533764,0.0,0.0,0.0,116.5052558569158
2024-06-14,105.88060875752392,109.21377581744659,124.21245022433118,105.88060875752392,105.88060875752392,10.69506945570706,10.69506945570706,10.69506945570706,2.6237750078258197,2.6237750078258197,2.6237750078258197,8.071294447881241,8.071294447881241,8.071294447881241,0.0,0.0,0.0,116.57567821323097
2024-06-17,106.10936014646396,109.52586596476101,124.05135074578284,106.10936014646396,106.10936014646396,10.585084516237641,10.585084516237641,10.585084516237641,2.4210172153001484,2.4210172153001484,2.4210172153001484,8.164067300937493,8.164067300937493,8.164067300937493,0.0,0.0,0.0,116.6944446627016
2024-06-18,106.18561060944397,109.13402467368073,123.91398380919846,106.18561060944397,106.18561060944397,10.552222028258933,10.552222028258933,10.552222028258933,2.3860698060501626,2.3860698060501626,2.3860698060501626,8.16615222220877,8.16615222220877,8.16615222220877,0.0,0.0,0.0,116.73783263770291
2024-06-20,106.33811153540398,109.61484097719396,124.6650794057747,106.33811153540398,106.33811153540398,10.890707890066274,10.890707890066274,10.890707890066274,2.7152880418371055,2.7152880418371055,2.7152880418371055,8.175419848229168,8.175419848229168,8.175419848229168,0.0,0.0,0.0,117.22881942547025
2024-06-21,106.414361998384,109.58335948367592,124.41135204374811,106.414361998384,106.414361998384,10.821747997357928,10.821747997357928,10.821747997357928,2.6237750078194826,2.6237750078194826,2.6237750078194826,8.197972989538444,8.197972989538444,8.197972989538444,0.0,0.0,0.0,117.23610999574193
2024-06-24,106.64311338732405,110.01428594091897,125.11177716949774,106.64311338732405,106.64311338732405,10.836502444767401,10.836502444767401,10.836502444767401,2.421017215306297,2.421017215306297,2.421017215306297,8.415485229461105,8.415485229461105,8.415485229461105,0.0,0.0,0.0,117.47961583209145
2024-06-25,106.71936385030403,110.29620356594545,125.45336744442464,106.71936385030403,106.71936385030403,10.939966207391262,10.939966207391262,10.939966207391262,2.386069806051306,2.386069806051306,2.386069806051306,8.553896401339957,8.553896401339957,8.553896401339957,0.0,0.0,0.0,117.6593300576953
2024-06-26,106.79561431328405,110.40714199986087,125.76782774694504,106.79561431328405,106.79561431328405,11.319608696735353,11.319608696735353,11.319608696735353,2.5894766608948427,2.5894766608948427,2.5894766608948427,8.73013203584051,8.73013203584051,8.73013203584051,0.0,0.0,0.0,118.1152230100194
2024-06-27,106.87186477626408,112.19754947872052,126.71453538466567,106.87186477626408,106.87186477626408,11.660308575219034,11.660308575219034,11.660308575219034,2.7152880418431824,2.7152880418431824,2.7152880418431824,8.945020533375851,8.945020533375851,8.945020533375851,0.0,0.0,0.0,118.53217335148311
2024-06-28,106.94811311321159,110.62016010418225,126.1370123429712,106.94811311321159,106.94811311321159,11.821688896276587,11.821688896276587,11.821688896276587,2.6237750078131463,2.6237750078131463,2.6237750078131463,9.197913888463441,9.197913888463441,9.197913888463441,0.0,0.0,0.0,118.76980200948817
2024-07-01,107.17685812405416,112.34248445738658,126.53954790095452,107.17685812405416,107.17685812405416,12.577292957626081,12.577292957626081,12.577292957626081,2.421017215305969,2.421017215305969,2.421017215305969,10.156275742320112,10.156275742320112,10.156275742320112,0.0,0.0,0.0,119.75415108168025
2024-07-02,107.25310646100169,112.95143111362223,127.79368969441649,107.25310646100169,107.25310646100169,12.912114626102962,12.912114626102962,12.912114626102962,2.386069806048837,2.386069806048837,2.386069806048837,10.526044820054125,10.526044820054125,10.526044820054125,0.0,0.0,0.0,120.16522108710465
2024-07-03,107.32935479794922,113.45397674211708,128.51095374289176,107.32935479794922,107.32935479794922,13.499364029554147,13.499364029554147,13.499364029554147,2.5894766608949906,2.5894766608949906,2.5894766608949906,10.909887368659158,10.909887368659158,10.909887368659158,0.0,0.0,0.0,120.82871882750337
2024-07-05,107.48185147184425,114.39463562526774,129.15227192872666,107.48185147184425,107.48185147184425,14.310680319099408,14.310680319099408,14.310680319099408,2.6237750078068096,2.6237750078068096,2.6237750078068096,11.686905311292598,11.686905311292598,11.686905311292598,0.0,0.0,0.0,121.79253179094366
2024-07-08,107.71059648268685,115.65759496610613,129.9696988697465,107.71059648268685,107.71059648268685,15.161954816029635,15.161954816029635,15.161954816029635,2.4210172153185963,2.4210172153185963,2.4210172153185963,12.740937600711037,12.740937600711037,12.740937600711037,0.0,0.0,0.0,122.87255129871649
2024-07-09,107.78684481963437,115.39680424119778,130.531571865915,107.78684481963437,107.78684481963437,15.412522699789163,15.412522699789163,15.412522699789163,2.386069806051825,2.386069806051825,2.386069806051825,13.026452893737341,13.026452893737341,13.026452893737341,0.0,0.0,0.0,123.19936751942353
2024-07-10,107.86309315658188,116.38703841398907,130.88589869944596,107.86309315658188,107.86309315658188,15.854680054191423,15.854680054191423,15.854680054191423,2.5894766608952056,2.5894766608952056,2.5894766608952056,13.265203393296217,13.265203393296217,13.265203393296217,0.0,0.0,0.0,123.7177732107733
2024-07-11,107.93934149352943,116.51695426296115,131.45055184756183,107.93934149352943,107.93934149352943,16.165398479464187,16.165398479464187,16.165398479464187,2.7152880418352323,2.7152880418352323,2.7152880418352323,13.450110437628956,13.450110437628956,13.450110437628956,0.0,0.0,0.0,124.10473997299361
2024-07-12,108.01558983047694,117.07579571344009,131.76098488782267,108.01558983047694,108.01558983047694,16.19901676299894,16.19901676299894,16.19901676299894,2.6237750078069095,2.6237750078069095,2.6237750078069095,13.575241755192032,13.575241755192032,13.575241755192032,0.0,0.0,0.0,124.21460659347588
2024-07-15,108.24433484131951,116.48520981418336,131.53899153494731,108.24433484131951,108.24433484131951,15.974738826042064,15.974738826042064,15.974738826042064,2.421017215292522,2.421017215292522,2.421017215292522,13.553721610749541,13.553721610749541,13.553721610749541,0.0,0.0,0.0,124.21907366736158
2024-07-16,108.32058317826703,116.55339485437106,131.42340222765972,108.32058317826703,108.32058317826703,15.795516766304045,15.795516766304045,15.795516766304045,2.3860698060493553,2.3860698060493553,2.3860698060493553,13.40944696025469,13.40944696025469,13.40944696025469,0.0,0.0,0.0,124.11609994457108
2024-07-17,108.39683151521457,116.74958696573924,132.304469138216,108.39683151521457,108.39683151521457,15.78794448064517,15.78794448064517,15.78794448064517,2.5894766608953543,2.5894766608953543,2.5894766608953543,13.198467819749814,13.198467819749814,13.198467819749814,0.0,0.0,0.0,124.18477599585974
2024-07-18,108.47307985216209,116.62474128209793,131.6957059478612,108.47307985216209,108.47307985216209,15.639755487216721,15.639755487216721,15.639755487216721,2.715288041834203,2.715288041834203,2.715288041834203,12.924467445382522,12.924467445382522,12.924467445382522,0.0,0.0,0.0,124.1128353393788
2024-07-19,108.54932818910963,116.19141810751084,131.34174901543284,108.54932818910963,108.54932818910963,15.216550681081376,15.216550681081376,15.216550681081376,2.6237750077941357,2.6237750077941357,2.6237750077941357,12.59277567328724,12.59277567328724,12.59277567328724,0.0,0.0,0.0,123.765878870191
2024-07-22,108.77807319995217,114.70770229834977,129.61639519787389,108.77807319995217,108.77807319995217,13.747878550606002,13.747878550606002,13.747878550606002,2.421017215298671,2.421017215298671,2.421017215298671,11.32686133530733,11.32686133530733,11.32686133530733,0.0,0.0,0.0,122.52595175055818
2024-07-23,108.85432153689972,114.07505674529581,129.56884583624628,108.85432153689972,108.85432153689972,13.231832282549327,13.231832282549327,13.231832282549327,2.386069806050499,2.386069806050499,2.386069806050499,10.84576247649883,10.84576247649883,10.84576247649883,0.0,0.0,0.0,122.08615381944904
2024-07-24,108.93056987384723,114.6068505880364,129.70470048898247,108.93056987384723,108.93056987384723,12.942365869101275,12.942365869101275,12.942365869101275,2.589476660895536,2.589476660895536,2.589476660895536,10.352889208205736,10.352889208205736,10.352889208205736,0.0,0.0,0.0,121.87293574294851
2024-07-25,109.00681821079478,114.09740662838846,129.3370604391035,109.00681821079478,109.00681821079478,12.574965531810617,12.574965531810617,12.574965531810617,2.715288041833173,2.715288041833173,2.715288041833173,9.859677489977447,9.859677489977447,9.859677489977447,0.0,0.0,0.0,121.5817837426054
2024-07-26,109.08306654774229,113.37997378219221,128.8396559368666,109.08306654774229,109.08306654774229,12.001434154435575,12.001434154435575,12.001434154435575,2.6237750078210653,2.6237750078210653,2.6237750078210653,9.37765914661451,9.37765914661451,9.37765914661451,0.0,0.0,0.0,121.08450070217786
2024-07-29,109.31181155858486,112.23935927466569,127.31588307752766,109.31181155858486,109.31181155858486,10.53012623432518,10.53012623432518,10.53012623432518,2.4210172152983427,2.4210172152983427,2.4210172152983427,8.109109019026835,8.109109019026835,8.109109019026835,0.0,0.0,0.0,119.84193779291004
2024-07-30,109.38805989553238,112.27227885437405,126.27149212582627,109.38805989553238,109.38805989553238,10.164545427397107,10.164545427397107,10.164545427397107,2.386069806048029,2.386069806048029,2.386069806048029,7.778475621349076,7.778475621349076,7.778475621349076,0.0,0.0,0.0,119.55260532292948
2024-07-31,109.4643082406977,112.58833226851108,127.00326856822886,109.4643082406977,109.4643082406977,10.097127145804174,10.097127145804174,10.097127145804174,2.5894766608947593,2.5894766608947593,2.5894766608947593,7.507650484909414,7.507650484909414,7.507650484909414,0.0,0.0,0.0,119.56143538650188
2024-08-01,109.54055658586302,112.08667500098231,126.47665789530615,109.54055658586302,109.54055658586302,10.01794809322361,10.01794809322361,10.01794809322361,2.71528804183925,2.71528804183925,2.71528804183925,7.30266005138436,7.30266005138436,7.30266005138436,0.0,0.0,0.0,119.55850467908662
2024-08-02,109.61680493102835,111.94666044345287,126.64920421228558,109.61680493102835,109.61680493102835,9.791577487982758,9.791577487982758,9.791577487982758,2.623775007808292,2.623775007808292,2.623775007808292,7.167802480174466,7.167802480174466,7.167802480174466,0.0,0.0,0.0,119.40838241901112
2024-08-05,109.84554996652435,112.4567836189428,126.89271103558369,109.84554996652435,109.84554996652435,9.619658413939211,9.619658413939211,9.619658413939211,2.4210172152980154,2.4210172152980154,2.4210172152980154,7.198641198641197,7.198641198641197,7.198641198641197,0.0,0.0,0.0,119.46520838046355
2024-08-06,109.92179831168966,111.92588941481021,127.1844634003883,109.92179831168966,109.92179831168966,9.735193949696992,9.735193949696992,9.735193949696992,2.386069806049173,2.386069806049173,2.386069806049173,7.349124143647818,7.349124143647818,7.349124143647818,0.0,0.0,0.0,119.65699226138665
2024-08-07,109.99804665685498,112.46181555813907,127.19895058555467,109.99804665685498,109.99804665685498,10.15188329349634,10.15188329349634,10.15188329349634,2.5894766608949404,2.5894766608949404,2.5894766608949404,7.562406632601398,7.562406632601398,7.562406632601398,0.0,0.0,0.0,120.14992995035132
2024-08-08,110.0742950020203,113.29336412191948,128.109316770986,110.0742950020203,110.0742950020203,10.546679284321451,10.546679284321451,10.546679284321451,2.7152880418382197,2.7152880418382197,2.7152880418382197,7.83139124248323,7.83139124248323,7.83139124248323,0.0,0.0,0.0,120.62097428634176
2024-08-09,110.15054334718562,113.31514236514921,128.60143970044757,110.15054334718562,110.15054334718562,10.771159902762617,10.771159902762617,10.771159902762617,2.623775007808392,2.623775007808392,2.623775007808392,8.147384894954225,8.147384894954225,8.147384894954225,0.0,0.0,0.0,120.92170324994824
2024-08-12,110.3792883826816,114.97538089482744,129.96107304510778,110.3792883826816,110.3792883826816,11.692302116798755,11.692302116798755,11.692302116798755,2.4210172152913727,2.4210172152913727,2.4210172152913727,9.271284901507382,9.271284901507382,9.271284901507382,0.0,0.0,0.0,122.07159049948035
2024-08-13,110.45553672784692,115.01110916174179,130.24366606707073,110.45553672784692,110.45553672784692,12.05074194082051,12.05074194082051,12.05074194082051,2.3860698060430923,2.3860698060430923,2.3860698060430923,9.664672134777417,9.664672134777417,9.664672134777417,0.0,0.0,0.0,122.50627866866743
2024-08-14,110.53178507301226,115.49441889114921,130.3738501284718,110.53178507301226,110.53178507301226,12.63577918510012,12.63577918510012,12.63577918510012,2.58947666089509,2.58947666089509,2.58947666089509,10.04630252420503,10.04630252420503,10.04630252420503,0.0,0.0,0.0,123.16756425811238
2024-08-15,110.60803341817758,116.74960610444218,131.5395372864202,110.60803341817758,110.60803341817758,13.118747599455004,13.118747599455004,13.118747599455004,2.7152880418407435,2.7152880418407435,2.7152880418407435,10.40345955761426,10.40345955761426,10.40345955761426,0.0,0.0,0.0,123.72678101763259
2024-08-16,110.68428176334291,116.59213841829255,131.85174148596093,110.68428176334291,110.68428176334291,13.347636398249781,13.347636398249781,13.347636398249781,2.623775007828885,2.623775007828885,2.623775007828885,10.723861390420897,10.723861390420897,10.723861390420897,0.0,0.0,0.0,124.03191816159269
2024-08-19,110.91302679883889,117.04196170663595,132.2374139568108,110.91302679883889,110.91302679883889,13.775785591417563,13.775785591417563,13.775785591417563,2.421017215297522,2.421017215297522,2.421017215297522,11.35476837612004,11.35476837612004,11.35476837612004,0.0,0.0,0.0,124.68881239025644
2024-08-20,110.9892751440042,117.68027683271563,132.54833582632313,110.9892751440042,110.9892751440042,13.810764650490016,13.810764650490016,13.810764650490016,2.3860698060442354,2.3860698060442354,2.3860698060442354,11.42469484444578,11.42469484444578,11.42469484444578,0.0,0.0,0.0,124.80003979449421
2024-08-21,111.06552348916952,117.26525003643638,132.6350703423769,111.06552348916952,111.06552348916952,14.00275788863973,14.00275788863973,14.00275788863973,2.5894766608952704,2.5894766608952704,2.5894766608952704,11.413281227744458,11.413281227744458,11.413281227744458,0.0,0.0,0.0,125.06828137780926
2024-08-22,111.14177183433486,117.84387721268585,132.54380512418777,111.14177183433486,111.14177183433486,14.031900215550065,14.031900215550065,14.031900215550065,2.7152880418338237,2.7152880418338237,2.7152880418338237,11.316612173716244,11.316612173716244,11.316612173716244,0.0,0.0,0.0,125.17367204988493
2024-08-23,111.21802017950016,117.5749830110535,132.10119699246218,111.21802017950016,111.21802017950016,13.756566788904808,13.756566788904808,13.756566788904808,2.6237750078225486,2.6237750078225486,2.6237750078225486,11.13279178108226,11.13279178108226,11.13279178108226,0.0,0.0,0.0,124.97458696840496
2024-08-26,111.44676521499615,116.3448067978049,131.64811209822955,111.44676521499615,111.44676521499615,12.491502173133814,12.491502173133814,12.491502173133814,2.421017215297194,2.421017215297194,2.421017215297194,10.07048495783662,10.07048495783662,10.07048495783662,0.0,0.0,0.0,123.93826738812996
2024-08-27,111.52301356016146,116.1900386524229,130.89528125436325,111.52301356016146,111.52301356016146,11.946281102530543,11.946281102530543,11.946281102530543,2.386069806050835,2.386069806050835,2.386069806050835,9.560211296479709,9.560211296479709,9.560211296479709,0.0,0.0,0.0,123.46929466269201
2024-08-28,111.5992619053268,115.71762702876845,130.78257387194094,111.5992619053268,111.5992619053268,11.573063684564842,11.573063684564842,11.573063684564842,2.5894766608954187,2.5894766608954187,2.5894766608954187,8.983587023669422,8.983587023669422,8.983587023669422,0.0,0.0,0.0,123.17232558989164
2024-08-29,111.67551025049215,115.7928200368282,130.39302971349727,111.67551025049215,111.67551025049215,11.065396938331345,11.065396938331345,11.065396938331345,2.715288041836348,2.715288041836348,2.715288041836348,8.350108896494996,8.350108896494996,8.350108896494996,0.0,0.0,0.0,122.7409071888235
2024-08-30,111.93948678266915,115.07598803639063,129.32925189228422,111.93948678266915,111.93948678266915,10.294373104514186,10.294373104514186,10.294373104514186,2.623775007816211,2.623775007816211,2.623775007816211,7.670598096697976,7.670598096697976,7.670598096697976,0.0,0.0,0.0,122.23385988718334
2024-09-03,112.9953929113771,112.73216240909582,127.37117672679368,112.9953929113771,112.9953929113771,7.125381838537657,7.125381838537657,7.125381838537657,2.3860698060483663,2.3860698060483663,2.3860698060483663,4.739312032489291,4.739312032489291,4.739312032489291,0.0,0.0,0.0,120.12077474991476
2024-09-04,113.25936944355405,112.96790408340753,127.04870137888481,113.25936944355405,113.25936944355405,6.607787610481948,6.607787610481948,6.607787610481948,2.5894766608956328,2.5894766608956328,2.5894766608956328,4.018310949586314,4.018310949586314,4.018310949586314,0.0,0.0,0.0,119.867157054036
2024-09-05,113.52334597573106,111.93783261275107,126.91557259914833,113.52334597573106,113.52334597573106,6.042947197635536,6.042947197635536,6.042947197635536,2.7152880418388707,2.7152880418388707,2.7152880418388707,3.3276591557966646,3.3276591557966646,3.3276591557966646,0.0,0.0,0.0,119.5662931733666
2024-09-06,113.78732250790802,111.85814607147401,125.63945717424825,113.78732250790802,113.78732250790802,5.302862444059374,5.302862444059374,5.302862444059374,2.623775007816311,2.623775007816311,2.623775007816311,2.679087436243063,2.679087436243063,2.679087436243063,0.0,0.0,0.0,119.09018495196739
2024-09-09,114.57925210443898,110.3641441402708,125.58968544431882,114.57925210443898,114.57925210443898,3.5067254430413692,3.5067254430413692,3.5067254430413692,2.4210172153030154,2.4210172153030154,2.4210172153030154,1.085708227738354,1.085708227738354,1.085708227738354,0.0,0.0,0.0,118.08597754748035
2024-09-10,114.84322863661598,110.21874176284408,125.77373446524749,114.84322863661598,114.84322863661598,3.084053896883232,3.084053896883232,3.084053896883232,2.3860698060458967,2.3860698060458967,2.3860698060458967,0.6979840908373349,0.6979840908373349,0.6979840908373349,0.0,0.0,0.0,117.92728253349921
2024-09-11,115.10720516879294,110.49273515180772,125.47952392023596,115.10720516879294,115.10720516879294,2.98018748182401,2.98018748182401,2.98018748182401,2.5894766608957815,2.5894766608957815,2.5894766608957815,0.3907108209282281,0.3907108209282281,0.3907108209282281,0.0,0.0,0.0,118.08739265061695
2024-09-12,115.37118170096994,110.8091793469714,126.15188310317399,115.37118170096994,115.37118170096994,2.88167825440422,2.88167825440422,2.88167825440422,2.7152880418319514,2.7152880418319514,2.7152880418319514,0.16639021257226858,0.16639021257226858,0.16639021257226858,0.0,0.0,0.0,118.25285995537416
2024-09-13,115.63515823314694,111.091069029322,125.82008827580476,115.63515823314694,115.63515823314694,2.6494169963313214,2.6494169963313214,2.6494169963313214,2.6237750078164113,2.6237750078164113,2.6237750078164113,0.025641988514910338,0.025641988514910338,0.025641988514910338,0.0,0.0,0.0,118.28457522947826
2024-09-16,116.42708782967787,111.98747097024491,127.32355582799119,116.42708782967787,116.42708782967787,2.5047690367907265,2.5047690367907265,2.5047690367907265,2.421017215309165,2.421017215309165,2.421017215309165,0.08375182148156168,0.08375182148156168,0.08375182148156168,0.0,0.0,0.0,118.93185686646859
2024-09-17,116.69106436185487,112.2585400535854,126.89959041000422,116.69106436185487,116.69106436185487,2.6339363336321693,2.6339363336321693,2.6339363336321693,2.386069806047041,2.386069806047041,2.386069806047041,0.2478665275851282,0.2478665275851282,0.2478665275851282,0.0,0.0,0.0,119.32500069548703
2024-09-18,116.95504089403187,111.75076320846179,126.78243578815258,116.95504089403187,116.95504089403187,3.0625345084862574,3.0625345084862574,3.0625345084862574,2.5894766608950057,2.5894766608950057,2.5894766608950057,0.4730578475912519,0.4730578475912519,0.4730578475912519,0.0,0.0,0.0,120.01757540251812
2024-09-19,117.21901742620884,113.43969477663804,128.04448513282657,117.21901742620884,117.21901742620884,3.4661063177086855,3.4661063177086855,3.4661063177086855,2.715288041830921,2.715288041830921,2.715288041830921,0.7508182758777644,0.7508182758777644,0.7508182758777644,0.0,0.0,0.0,120.68512374391752
2024-09-20,117.48299395838583,113.48310148815703,128.39834970853016,117.48299395838583,117.48299395838583,3.6956019682720194,3.6956019682720194,3.6956019682720194,2.623775007810074,2.623775007810074,2.623775007810074,1.0718269604619446,1.0718269604619446,1.0718269604619446,0.0,0.0,0.0,121.17859592665785
2024-09-23,118.2749235549168,115.19215756614412,130.1061491944617,118.2749235549168,118.2749235549168,4.615594328282191,4.615594328282191,4.615594328282191,2.421017215289568,2.421017215289568,2.421017215289568,2.194577112992623,2.194577112992623,2.194577112992623,0.0,0.0,0.0,122.89051788319898
2024-09-24,118.53890008709374,116.22356805220731,130.61285112930096,118.53890008709374,118.53890008709374,4.9746123108435665,4.9746123108435665,4.9746123108435665,2.3860698060481838,2.3860698060481838,2.3860698060481838,2.588542504795383,2.588542504795383,2.588542504795383,0.0,0.0,0.0,123.5135123979373
2024-09-25,118.80287661927073,116.58757896905911,132.4239248589816,118.80287661927073,118.80287661927073,5.5658724034754945,5.5658724034754945,5.5658724034754945,2.5894766608951865,2.5894766608951865,2.5894766608951865,2.976395742580308,2.976395742580308,2.976395742580308,0.0,0.0,0.0,124.36874902274623
2024-09-26,119.06685315144776,117.9493260683757,132.44081373586604,119.06685315144776,119.06685315144776,6.064832790541389,6.064832790541389,6.064832790541389,2.7152880418369993,2.7152880418369993,2.7152880418369993,3.3495447487043895,3.3495447487043895,3.3495447487043895,0.0,0.0,0.0,125.13168594198915
2024-09-27,119.3308296836247,118.13107154053948,133.16396800161263,119.3308296836247,119.3308296836247,6.324130362544525,6.324130362544525,6.324130362544525,2.6237750078037374,2.6237750078037374,2.6237750078037374,3.700355354740787,3.700355354740787,3.700355354740787,0.0,0.0,0.0,125.65496004616922
2024-09-30,120.12275928015566,120.03792708463155,134.7961812911366,120.12275928015566,120.12275928015566,6.981140895443175,6.981140895443175,6.981140895443175,2.4210172152892406,2.4210172152892406,2.4210172152892406,4.560123680153934,4.560123680153934,4.560123680153934,0.0,0.0,0.0,127.10390017559884
2024-10-01,120.38673581071723,119.94641534908433,134.84344631441493,120.38673581071723,120.38673581071723,7.155675433282041,7.155675433282041,7.155675433282041,2.386069806045715,2.386069806045715,2.386069806045715,4.7696056272363245,4.7696056272363245,4.7696056272363245,0.0,0.0,0.0,127.54241124399927
2024-10-02,120.65071234127873,120.4269219407697,135.3995528467701,120.65071234127873,120.65071234127873,7.527081914983203,7.527081914983203,7.527081914983203,2.589476660895368,2.589476660895368,2.589476660895368,4.937605254087835,4.937605254087835,4.937605254087835,0.0,0.0,0.0,128.17779425626193
2024-10-03,120.91468887184028,121.30596397615145,135.8666801847979,120.91468887184028,120.91468887184028,7.779756052725141,7.779756052725141,7.779756052725141,2.7152880418359686,2.7152880418359686,2.7152880418359686,5.064468010889172,5.064468010889172,5.064468010889172,0.0,0.0,0.0,128.69444492456543
2024-10-04,121.1786654024018,120.99454308238447,136.6103853356967,121.1786654024018,121.1786654024018,7.77563575201874,7.77563575201874,7.77563575201874,2.62377500782423,2.62377500782423,2.62377500782423,5.15186074419451,5.15186074419451,5.15186074419451,0.0,0.0,0.0,128.95430115442053
2024-10-07,121.97059499408641,122.38125045662484,136.5602717302148,121.97059499408641,121.97059499408641,7.632234338047757,7.632234338047757,7.632234338047757,2.4210172153018665,2.4210172153018665,2.4210172153018665,5.211217122745891,5.211217122745891,5.211217122745891,0.0,0.0,0.0,129.60282933213418
2024-10-08,122.23457152464795,122.33560963750482,137.21559886602208,122.23457152464795,122.23457152464795,7.565461672515107,7.565461672515107,7.565461672515107,2.3860698060432455,2.3860698060432455,2.3860698060432455,5.1793918664718595,5.1793918664718595,5.1793918664718595,0.0,0.0,0.0,129.80003319716306
2024-10-09,122.49854805520948,122.49314523203215,137.9879861306683,122.49854805520948,122.49854805520948,7.720902596404276,7.720902596404276,7.720902596404276,2.5894766608945923,2.5894766608945923,2.5894766608945923,5.131425935509684,5.131425935509684,5.131425935509684,0.0,0.0,0.0,130.21945065161376
2024-10-10,122.762524585771,123.29752187839516,137.52899885345133,122.762524585771,122.762524585771,7.788963229979539,7.788963229979539,7.788963229979539,2.715288041838493,2.715288041838493,2.715288041838493,5.073675188141047,5.073675188141047,5.073675188141047,0.0,0.0,0.0,130.55148781575053
2024-10-11,123.02650111633257,123.24701621161172,138.1060652830261,123.02650111633257,123.02650111633257,7.636333366425028,7.636333366425028,7.636333366425028,2.6237750078243294,2.6237750078243294,2.6237750078243294,5.012558358600698,5.012558358600698,5.012558358600698,0.0,0.0,0.0,130.6628344827576
2024-10-14,123.81843070801717,123.90942076829785,138.41585894300485,123.81843070801717,123.81843070801717,7.290648684829549,7.290648684829549,7.290648684829549,2.421017215301538,2.421017215301538,2.421017215301538,4.869631469528011,4.869631469528011,4.869631469528011,0.0,0.0,0.0,131.10907939284672
2024-10-15,124.08240723857868,124.00742466374412,138.88902194218164,124.08240723857868,124.08240723857868,7.2391719459583195,7.2391719459583195,7.2391719459583195,2.3860698060498464,2.3860698060498464,2.3860698060498464,4.853102139908474,4.853102139908474,4.853102139908474,0.0,0.0,0.0,131.321579184537
2024-10-16,124.34638376914025,124.4289220940267,139.64375544705092,124.34638376914025,124.34638376914025,7.448547412306558,7.448547412306558,7.448547412306558,2.589476660894773,2.589476660894773,2.589476660894773,4.859070751411785,4.859070751411785,4.859070751411785,0.0,0.0,0.0,131.7949311814468
2024-10-17,124.61036029970175,124.97809194878104,139.2561117311865,124.61036029970175,124.61036029970175,7.6055820735442685,7.6055820735442685,7.6055820735442685,2.715288041837462,2.715288041837462,2.715288041837462,4.890294031706807,4.890294031706807,4.890294031706807,0.0,0.0,0.0,132.215942373246
2024-10-18,124.87433683026329,124.92020173591392,139.90833460152072,124.87433683026329,124.87433683026329,7.57223587791341,7.57223587791341,7.57223587791341,2.623775007811556,2.623775007811556,2.623775007811556,4.9484608701018535,4.9484608701018535,4.9484608701018535,0.0,0.0,0.0,132.4465727081767
2024-10-21,125.66626642194792,126.02143338124343,141.1511568315675,125.66626642194792,125.66626642194792,7.705792534086684,7.705792534086684,7.705792534086684,2.4210172153076877,2.4210172153076877,2.4210172153076877,5.284775318778997,5.284775318778997,5.284775318778997,0.0,0.0,0.0,133.3720589560346
2024-10-22,125.93024295250943,126.22549576417727,140.70721020165044,125.93024295250943,125.93024295250943,7.8314531219487264,7.8314531219487264,7.8314531219487264,2.386069806047377,2.386069806047377,2.386069806047377,5.445383315901348,5.445383315901348,5.445383315901348,0.0,0.0,0.0,133.76169607445814
2024-10-23,126.19421948307097,126.3187888262398,142.52032247586635,126.19421948307097,126.19421948307097,8.214465808648836,8.214465808648836,8.214465808648836,2.589476660894922,2.589476660894922,2.589476660894922,5.624989147753916,5.624989147753916,5.624989147753916,0.0,0.0,0.0,134.4086852917198
2024-10-24,126.45819601363252,127.21826929220983,142.1527251469278,126.45819601363252,126.45819601363252,8.53441817129822,8.53441817129822,8.53441817129822,2.7152880418399863,2.7152880418399863,2.7152880418399863,5.819130129458234,5.819130129458234,5.819130129458234,0.0,0.0,0.0,134.99261418493074
2024-10-25,126.72217254419404,128.22169735045554,143.18048956992456,126.72217254419404,126.72217254419404,8.646435828893638,8.646435828893638,8.646435828893638,2.623775007811657,2.623775007811657,2.623775007811657,6.022660821081981,6.022660821081981,6.022660821081981,0.0,0.0,0.0,135.36860837308768
2024-10-28,127.51410213587864,129.23419718677064,143.59920219957627,127.51410213587864,127.51410213587864,9.052458375173805,9.052458375173805,9.052458375173805,2.4210172153073595,2.4210172153073595,2.4210172153073595,6.631441159866446,6.631441159866446,6.631441159866446,0.0,0.0,0.0,136.56656051105244
2024-10-29,127.7780786664402,129.95316015141543,144.49011447973936,127.7780786664402,127.7780786664402,9.199503309326802,9.199503309326802,9.199503309326802,2.386069806044908,2.386069806044908,2.386069806044908,6.813433503281894,6.813433503281894,6.813433503281894,0.0,0.0,0.0,136.977581975767
2024-10-30,128.0420551970017,130.0324918473393,145.2125451052923,128.0420551970017,128.0420551970017,9.56445514634713,9.56445514634713,9.56445514634713,2.5894766608951354,2.5894766608951354,2.5894766608951354,6.974978485451995,6.974978485451995,6.974978485451995,0.0,0.0,0.0,137.60651034334884
2024-10-31,128.30545464167648,130.44535618684193,145.82402843150808,128.30545464167648,128.30545464167648,9.82587107445816,9.82587107445816,9.82587107445816,2.715288041833066,2.715288041833066,2.715288041833066,7.110583032625092,7.110583032625092,7.110583032625092,0.0,0.0,0.0,138.13132571613463
2024-11-01,128.56885408635128,130.7845535147046,146.06056679368538,128.56885408635128,128.56885408635128,9.839094027264373,9.839094027264373,9.839094027264373,2.6237750078053197,2.6237750078053197,2.6237750078053197,7.215319019459053,7.215319019459053,7.215319019459053,0.0,0.0,0.0,138.40794811361565
2024-11-04,129.35905242037552,131.403206488434,146.5903866894985,129.35905242037552,129.35905242037552,9.727382503463208,9.727382503463208,9.727382503463208,2.421017215313509,2.421017215313509,2.421017215313509,7.306365288149698,7.306365288149698,7.306365288149698,0.0,0.0,0.0,139.08643492383874
2024-11-05,129.6224518650503,131.47823136910858,147.03732728412146,129.6224518650503,129.6224518650503,9.64023910843388,9.64023910843388,9.64023910843388,2.3860698060551204,2.3860698060551204,2.3860698060551204,7.254169302378758,7.254169302378758,7.254169302378758,0.0,0.0,0.0,139.26269097348418
2024-11-06,129.88585130972507,131.68054534743706,146.5711942205032,129.88585130972507,129.88585130972507,9.748568014865707,9.748568014865707,9.748568014865707,2.5894766608952846,2.5894766608952846,2.5894766608952846,7.159091353970423,7.159091353970423,7.159091353970423,0.0,0.0,0.0,139.63441932459077
2024-11-07,130.14925075439984,132.206370060675,147.0680911856418,130.14925075439984,130.14925075439984,9.736982189630051,9.736982189630051,9.736982189630051,2.71528804183559,2.71528804183559,2.71528804183559,7.021694147794462,7.021694147794462,7.021694147794462,0.0,0.0,0.0,139.8862329440299
2024-11-08,130.4126501990746,132.52711248034356,147.31059335317218,130.4126501990746,130.4126501990746,9.467306925067737,9.467306925067737,9.467306925067737,2.6237750078258126,2.6237750078258126,2.6237750078258126,6.843531917241925,6.843531917241925,6.843531917241925,0.0,0.0,0.0,139.87995712414232
2024-11-11,131.20284853309892,131.96244273459408,147.29308459302678,131.20284853309892,131.20284853309892,8.51443404871685,8.51443404871685,8.51443404871685,2.4210172152939125,2.4210172152939125,2.4210172152939125,6.093416833422936,6.093416833422936,6.093416833422936,0.0,0.0,0.0,139.71728258181577
2024-11-12,131.46624797777366,132.19008214648235,147.18628186882427,131.46624797777366,131.46624797777366,8.17097293391229,8.17097293391229,8.17097293391229,2.3860698060490386,2.3860698060490386,2.3860698060490386,5.7849031278632514,5.7849031278632514,5.7849031278632514,0.0,0.0,0.0,139.63722091168594
2024-11-13,131.72964742244844,132.34860281705753,146.96057409098069,131.72964742244844,131.72964742244844,8.04474011438324,8.04474011438324,8.04474011438324,2.5894766608954334,2.5894766608954334,2.5894766608954334,5.455263453487807,5.455263453487807,5.455263453487807,0.0,0.0,0.0,139.77438753683168
2024-11-14,131.99304686712316,132.11559143281042,147.23745567933094,131.99304686712316,131.99304686712316,7.825178943499024,7.825178943499024,7.825178943499024,2.715288041834559,2.715288041834559,2.715288041834559,5.109890901664464,5.109890901664464,5.109890901664464,0.0,0.0,0.0,139.81822581062218
2024-11-15,132.25644631179796,132.09245970798491,146.6552204525002,132.25644631179796,132.25644631179796,7.3780734937286985,7.3780734937286985,7.3780734937286985,2.6237750078194755,2.6237750078194755,2.6237750078194755,4.754298485909223,4.754298485909223,4.754298485909223,0.0,0.0,0.0,139.63451980552665
2024-11-18,133.04664464582223,131.75878792466148,147.00013568739334,133.04664464582223,133.04664464582223,6.100660502706846,6.100660502706846,6.100660502706846,2.4210172153000613,2.4210172153000613,2.4210172153000613,3.6796432874067846,3.6796432874067846,3.6796432874067846,0.0,0.0,0.0,139.14730514852909
2024-11-19,133.31004409049703,131.5838946860608,146.83918115210628,133.31004409049703,133.31004409049703,5.721027437353079,5.721027437353079,5.721027437353079,2.386069806050182,2.386069806050182,2.386069806050182,3.334957631302897,3.334957631302897,3.334957631302897,0.0,0.0,0.0,139.03107152785012
2024-11-20,133.57344353517175,131.68295907904695,147.25609921968785,133.57344353517175,133.57344353517175,5.593285390775132,5.593285390775132,5.593285390775132,2.5894766608956146,2.5894766608956146,2.5894766608956146,3.0038087298795175,3.0038087298795175,3.0038087298795175,0.0,0.0,0.0,139.16672892594687
2024-11-21,133.83684297984652,131.7738112105762,146.5881575449164,133.83684297984652,133.83684297984652,5.404526696743942,5.404526696743942,5.404526696743942,2.715288041840637,2.715288041840637,2.715288041840637,2.689238654903306,2.689238654903306,2.689238654903306,0.0,0.0,0.0,139.24136967659047
2024-11-22,134.1002424245213,131.61656471065567,146.21325927167948,134.1002424245213,134.1002424245213,5.017272252910763,5.017272252910763,5.017272252910763,2.623775007813139,2.623775007813139,2.623775007813139,2.393497245097623,2.393497245097623,2.393497245097623,0.0,0.0,0.0,139.11751467743207
2024-11-25,134.8904407585456,131.61473958033,146.23199469615602,134.8904407585456,134.8904407585456,4.050152196340535,4.050152196340535,4.050152196340535,2.421017215306211,2.421017215306211,2.421017215306211,1.6291349810343236,1.6291349810343236,1.6291349810343236,0.0,0.0,0.0,138.94059295488614
2024-11-26,135.15384020322037,131.4555528935936,146.28758586867283,135.15384020322037,135.15384020322037,3.8004924207477297,3.8004924207477297,3.8004924207477297,2.386069806047713,2.386069806047713,2.386069806047713,1.414422614700017,1.414422614700017,1.414422614700017,0.0,0.0,0.0,138.9543326239681
2024-11-27,135.41723964789512,132.13765742219223,146.9733701097406,135.41723964789512,135.41723964789512,3.806842414269882,3.806842414269882,3.806842414269882,2.589476660894806,2.589476660894806,2.589476660894806,1.2173657533750761,1.2173657533750761,1.2173657533750761,0.0,0.0,0.0,139.224082062165
2024-11-29,135.9440385372446,131.68990027025123,146.6640710371268,135.9440385372446,135.9440385372446,3.489735168549837,3.489735168549837,3.489735168549837,2.6237750078068025,2.6237750078068025,2.6237750078068025,0.8659601607430343,0.8659601607430343,0.8659601607430343,0.0,0.0,0.0,139.43377370579444
2024-12-02,135.94129395777745,131.373952975697,146.08752173867967,135.94129395777745,135.94129395777745,2.817329441982058,2.817329441982058,2.817329441982058,2.4210172152866147,2.4210172152866147,2.4210172152866147,0.3963122266954435,0.3963122266954435,0.3963122266954435,0.0,0.0,0.0,138.7586233997595
2024-12-03,135.94037909795506,130.94277915176178,145.92709084946492,135.94037909795506,135.94037909795506,2.6267154991893364,2.6267154991893364,2.6267154991893364,2.3860698060452443,2.3860698060452443,2.3860698060452443,0.24064569314409204,0.24064569314409204,0.24064569314409204,0.0,0.0,0.0,138.5670945971444
2024-12-04,135.9394642381327,131.30172160251485,146.0586628300854,135.9394642381327,135.9394642381327,2.669047421259307,2.669047421259307,2.669047421259307,2.5894766608950195,2.5894766608950195,2.5894766608950195,0.07957076036428731,0.07957076036428731,0.07957076036428731,0.0,0.0,0.0,138.608511659392
2024-12-05,135.9385493783103,131.24124512378205,146.0063187332709,135.9385493783103,135.9385493783103,2.625307008240427,2.625307008240427,2.625307008240427,2.7152880418362413,2.7152880418362413,2.7152880418362413,-0.08998103359581398,-0.08998103359581398,-0.08998103359581398,0.0,0.0,0.0,138.56385638655075
2024-12-06,135.93763451848793,130.97104666394287,145.58256326893982,135.93763451848793,135.93763451848793,2.353179418137145,2.353179418137145,2.353179418137145,2.623775007806902,2.623775007806902,2.623775007806902,-0.27059558966975694,-0.27059558966975694,-0.27059558966975694,0.0,0.0,0.0,138.29081393662506
2024-12-09,135.9348899390208,130.0242033929648,144.8553545840653,135.9348899390208,135.9348899390208,1.5258120447030565,1.5258120447030565,1.5258120447030565,2.421017215286286,2.421017215286286,2.421017215286286,-0.8952051705832292,-0.8952051705832292,-0.8952051705832292,0.0,0.0,0.0,137.46070198372385
2024-12-10,135.9339750791984,129.69426595784,144.90146991292755,135.9339750791984,135.9339750791984,1.2532974047984395,1.2532974047984395,1.2532974047984395,2.3860698060427747,2.3860698060427747,2.3860698060427747,-1.132772401244335,-1.132772401244335,-1.132772401244335,0.0,0.0,0.0,137.18727248399685
2024-12-11,135.93306021937602,129.39004422185636,144.32949795445066,135.93306021937602,135.93306021937602,1.2055546343671295,1.2055546343671295,1.2055546343671295,2.5894766608951683,2.5894766608951683,2.5894766608951683,-1.383922026528039,-1.383922026528039,-1.383922026528039,0.0,0.0,0.0,137.13861485374315
2024-12-12,135.93214535955363,128.60197840184418,144.12868051976068,135.93214535955363,135.93214535955363,1.0684933030903851,1.0684933030903851,1.0684933030903851,2.7152880418352106,2.7152880418352106,2.7152880418352106,-1.6467947387448258,-1.6467947387448258,-1.6467947387448258,0.0,0.0,0.0,137.000638662644
2024-12-13,135.93123049973127,128.69562213672174,144.2653464411478,135.93123049973127,135.93123049973127,0.704994557093493,0.704994557093493,0.704994557093493,2.623775007827395,2.623775007827395,2.623775007827395,-1.9187804507339017,-1.9187804507339017,-1.9187804507339017,0.0,0.0,0.0,136.63622505682477
2024-12-16,135.9284859202641,128.1752162479331,143.14509667668406,135.9284859202641,135.9284859202641,-0.3327226197703394,-0.3327226197703394,-0.3327226197703394,2.421017215298913,2.421017215298913,2.421017215298913,-2.7537398350692524,-2.7537398350692524,-2.7537398350692524,0.0,0.0,0.0,135.59576330049376
2024-12-17,135.92757106044172,127.5542854590672,142.88170550441467,135.92757106044172,135.92757106044172,-0.6380229860080043,-0.6380229860080043,-0.6380229860080043,2.3860698060439187,2.3860698060439187,2.3860698060439187,-3.024092792051923,-3.024092792051923,-3.024092792051923,0.0,0.0,0.0,135.28954807443372
2024-12-18,135.92665620061936,128.08749990754384,143.5924669888122,135.92665620061936,135.92665620061936,-0.6931111788507996,-0.6931111788507996,-0.6931111788507996,2.58947666089535,2.58947666089535,2.58947666089535,-3.2825878397461494,-3.2825878397461494,-3.2825878397461494,0.0,0.0,0.0,135.23354502176855
2024-12-19,135.92574134079698,128.0554094055734,142.4072929981508,135.92574134079698,135.92574134079698,-0.809104072188835,-0.809104072188835,-0.809104072188835,2.7152880418341807,2.7152880418341807,2.7152880418341807,-3.5243921140230157,-3.5243921140230157,-3.5243921140230157,0.0,0.0,0.0,135.11663726860814
2024-12-20,135.92482648097456,127.64135620266487,142.50644457867998,135.92482648097456,135.92482648097456,-1.1210566215509137,-1.1210566215509137,-1.1210566215509137,2.623775007827494,2.623775007827494,2.623775007827494,-3.7448316293784076,-3.7448316293784076,-3.7448316293784076,0.0,0.0,0.0,134.80376985942365
2024-12-23,135.92208190150745,126.71446500402406,141.5308657804766,135.92208190150745,135.92208190150745,-1.8160128934926156,-1.8160128934926156,-1.8160128934926156,2.4210172152985847,2.4210172152985847,2.4210172152985847,-4.2370301087912,-4.2370301087912,-4.2370301087912,0.0,0.0,0.0,134.10606900801483
2024-12-24,135.92116704168507,126.71300795178013,141.28030590604877,135.92116704168507,135.92116704168507,-1.9479978917919496,-1.9479978917919496,-1.9479978917919496,2.3860698060505183,2.3860698060505183,2.3860698060505183,-4.334067697842468,-4.334067697842468,-4.334067697842468,0.0,0.0,0.0,133.97316914989312
2024-12-26,135.9193373220403,126.38305463787438,140.68905543279755,135.9193373220403,135.9193373220403,-1.701514662557097,-1.701514662557097,-1.701514662557097,2.7152880418402585,2.7152880418402585,2.7152880418402585,-4.416802704397355,-4.416802704397355,-4.416802704397355,0.0,0.0,0.0,134.2178226594832
2024-12-27,135.9184224622179,126.58652905827103,141.79975608537916,135.9184224622179,135.9184224622179,-1.7784302464605324,-1.7784302464605324,-1.7784302464605324,2.623775007814722,2.623775007814722,2.623775007814722,-4.4022052542752546,-4.4022052542752546,-4.4022052542752546,0.0,0.0,0.0,134.13999221575736
2024-12-30,135.91567788275074,126.80834153217165,141.44690030262734,135.91567788275074,135.91567788275074,-1.7332401177054393,-1.7332401177054393,-1.7332401177054393,2.421017215298256,2.421017215298256,2.421017215298256,-4.154257333003695,-4.154257333003695,-4.154257333003695,0.0,0.0,0.0,134.1824377650453
2024-12-31,135.91476302292838,127.06656348655606,142.07250519629088,135.91476302292838,135.91476302292838,-1.6287539489495815,-1.6287539489495815,-1.6287539489495815,2.3860698060516627,2.3860698060516627,2.3860698060516627,-4.014823755001244,-4.014823755001244,-4.014823755001244,0.0,0.0,0.0,134.2860090739788
2025-01-02,135.91293330328364,127.22176669849081,142.3190122115943,135.91293330328364,135.91293330328364,-0.9648622122408632,-0.9648622122408632,-0.9648622122408632,2.715288041839228,2.715288041839228,2.715288041839228,-3.680150254080091,-3.680150254080091,-3.680150254080091,0.0,0.0,0.0,134.94807109104278
2025-01-03,135.75289950703174,127.2294000200804,142.50689364834582,135.75289950703174,135.75289950703174,-0.8732859251646573,-0.8732859251646573,-0.8732859251646573,2.6237750078148214,2.6237750078148214,2.6237750078148214,-3.4970609329794784,-3.4970609329794784,-3.4970609329794784,0.0,0.0,0.0,134.8796135818671
2025-01-06,135.27279811827606,127.35409674965639,142.54340727341022,135.27279811827606,135.27279811827606,-0.5440328576809886,-0.5440328576809886,-0.5440328576809886,2.4210172153108833,2.4210172153108833,2.4210172153108833,-2.965050072991872,-2.965050072991872,-2.965050072991872,0.0,0.0,0.0,134.72876526059508
2025-01-07,135.1127643220242,126.82557462740212,142.05310563357492,135.1127643220242,135.1127643220242,-0.4299633317941821,-0.4299633317941821,-0.4299633317941821,2.3860698060455805,2.3860698060455805,2.3860698060455805,-2.8160331378397627,-2.8160331378397627,-2.8160331378397627,0.0,0.0,0.0,134.68280099023002
2025-01-08,134.95273052577227,128.03074643026997,142.60279861210236,134.95273052577227,134.95273052577227,-0.10230266153926008,-0.10230266153926008,-0.10230266153926008,2.589476660894936,2.589476660894936,2.589476660894936,-2.691779322434196,-2.691779322434196,-2.691779322434196,0.0,0.0,0.0,134.850427864233
2025-01-10,134.6326629332685,127.08347773550261,141.8449785399613,134.6326629332685,134.6326629332685,0.0848434316333953,0.0848434316333953,0.0848434316333953,2.6237750078149213,2.6237750078149213,2.6237750078149213,-2.5389315761815263,-2.5389315761815263,-2.5389315761815263,0.0,0.0,0.0,134.7175063649019
2025-01-13,134.15256154451282,126.7278138822047,141.21821632996262,134.15256154451282,134.15256154451282,-0.18382523494129788,-0.18382523494129788,-0.18382523494129788,2.4210172153105547,2.4210172153105547,2.4210172153105547,-2.604842450251853,-2.604842450251853,-2.604842450251853,0.0,0.0,0.0,133.9687363095715
2025-01-14,133.99252774826093,125.85450640017719,141.56178072794,133.99252774826093,133.99252774826093,-0.32656565451705627,-0.32656565451705627,-0.32656565451705627,2.386069806046724,2.386069806046724,2.386069806046724,-2.7126354605637806,-2.7126354605637806,-2.7126354605637806,0.0,0.0,0.0,133.66596209374387
2025-01-15,133.83249395200906,126.09130631641153,141.01241618088144,133.83249395200906,133.83249395200906,-0.27318738145426885,-0.27318738145426885,-0.27318738145426885,2.589476660895117,2.589476660895117,2.589476660895117,-2.862664042349386,-2.862664042349386,-2.862664042349386,0.0,0.0,0.0,133.55930657055478
2025-01-16,133.67246015575716,126.29743395462928,140.84340278219292,133.67246015575716,133.67246015575716,-0.33729716032055473,-0.33729716032055473,-0.33729716032055473,2.715288041831278,2.715288041831278,2.715288041831278,-3.052585202151833,-3.052585202151833,-3.052585202151833,0.0,0.0,0.0,133.3351629954366
2025-01-17,133.51242635950524,125.73607373976994,140.15236842813567,133.51242635950524,133.51242635950524,-0.6550277186508151,-0.6550277186508151,-0.6550277186508151,2.6237750078021476,2.6237750078021476,2.6237750078021476,-3.278802726452963,-3.278802726452963,-3.278802726452963,0.0,0.0,0.0,132.85739864085443
2025-01-21,132.8722911744977,123.75498550430227,138.23666615700145,132.8722911744977,132.8722911744977,-2.050054115397359,-2.050054115397359,-2.050054115397359,2.3860698060478676,2.3860698060478676,2.3860698060478676,-4.436123921445226,-4.436123921445226,-4.436123921445226,0.0,0.0,0.0,130.82223705910033
2025-01-22,132.7122573782458,122.88263361581919,138.02538648336238,132.7122573782458,132.7122573782458,-2.1638203139689014,-2.1638203139689014,-2.1638203139689014,2.589476660895265,2.589476660895265,2.589476660895265,-4.753296974864167,-4.753296974864167,-4.753296974864167,0.0,0.0,0.0,130.5484370642769
2025-01-23,132.5522235819939,122.80685767676587,137.602651358305,132.5522235819939,132.5522235819939,-2.350185893005434,-2.350185893005434,-2.350185893005434,2.7152880418338015,2.7152880418338015,2.7152880418338015,-5.065473934839235,-5.065473934839235,-5.065473934839235,0.0,0.0,0.0,130.20203768898847
2025-01-24,132.392189785742,121.82138167342033,137.6012609521611,132.392189785742,132.392189785742,-2.740401650150432,-2.740401650150432,-2.740401650150432,2.6237750078022475,2.6237750078022475,2.6237750078022475,-5.3641766579526795,-5.3641766579526795,-5.3641766579526795,0.0,0.0,0.0,129.65178813559157
2025-01-27,131.91208839698635,120.6468958099042,136.22814292624471,131.91208839698635,131.91208839698635,-3.6771113092382084,-3.6771113092382084,-3.6771113092382084,2.4210172152906306,2.4210172152906306,2.4210172152906306,-6.098128524528838,-6.098128524528838,-6.098128524528838,0.0,0.0,0.0,128.23497708774815
2025-01-28,131.75205460073445,120.71817461131846,135.43301194104637,131.75205460073445,131.75205460073445,-3.878330529045693,-3.878330529045693,-3.878330529045693,2.3860698060417858,2.3860698060417858,2.3860698060417858,-6.264400335087479,-6.264400335087479,-6.264400335087479,0.0,0.0,0.0,127.87372407168876
2025-01-29,131.59202080448256,120.62671942340162,135.46380851378126,131.59202080448256,131.59202080448256,-3.791983611330279,-3.791983611330279,-3.791983611330279,2.58947666089548,2.58947666089548,2.58947666089548,-6.381460272225759,-6.381460272225759,-6.381460272225759,0.0,0.0,0.0,127.80003719315228
2025-01-30,131.4319870082307,120.38541721927285,135.2724856851915,131.4319870082307,131.4319870082307,-3.7296857528565166,-3.7296857528565166,-3.7296857528565166,2.7152880418363257,2.7152880418363257,2.7152880418363257,-6.444973794692842,-6.444973794692842,-6.444973794692842,0.0,0.0,0.0,127.70230125537418
2025-01-31,131.27195321197877,120.31373604279132,135.3267360549895,131.27195321197877,131.27195321197877,-3.828162106022213,-3.828162106022213,-3.828162106022213,2.62377500782274,2.62377500782274,2.62377500782274,-6.451937113844952,-6.451937113844952,-6.451937113844952,0.0,0.0,0.0,127.44379110595655
2025-02-03,130.79185182322308,120.04078407596161,134.53475160481872,130.79185182322308,130.79185182322308,-3.7043926360786585,-3.7043926360786585,-3.7043926360786585,2.4210172152967795,2.4210172152967795,2.4210172152967795,-6.125409851375438,-6.125409851375438,-6.125409851375438,0.0,0.0,0.0,127.08745918714442
2025-02-04,130.6318180269712,118.88083965511582,134.40051803002171,130.6318180269712,130.6318180269712,-3.519579516726346,-3.519579516726346,-3.519579516726346,2.386069806051999,2.386069806051999,2.386069806051999,-5.905649322778345,-5.905649322778345,-5.905649322778345,0.0,0.0,0.0,127.11223851024484
2025-02-05,130.47178417453335,119.44841315396256,135.03430715805635,130.47178417453335,130.47178417453335,-3.04714368363053,-3.04714368363053,-3.04714368363053,2.5894766608946713,2.5894766608946713,2.5894766608946713,-5.636620344525202,-5.636620344525202,-5.636620344525202,0.0,0.0,0.0,127.42464049090282
2025-02-06,130.31175032209546,119.85601155778767,134.59871979484,130.31175032209546,130.31175032209546,-2.60885203790461,-2.60885203790461,-2.60885203790461,2.7152880418388485,2.7152880418388485,2.7152880418388485,-5.324140079743458,-5.324140079743458,-5.324140079743458,0.0,0.0,0.0,127.70289828419085
2025-02-07,130.1517164696576,120.14049987072575,135.44845107316402,130.1517164696576,130.1517164696576,-2.3514822808346696,-2.3514822808346696,-2.3514822808346696,2.62377500782284,2.62377500782284,2.62377500782284,-4.9752572886575095,-4.9752572886575095,-4.9752572886575095,0.0,0.0,0.0,127.80023418882293
2025-02-10,129.67161491234398,120.98903603037975,136.38566869210376,129.67161491234398,129.67161491234398,-1.3743803993578776,-1.3743803993578776,-1.3743803993578776,2.421017215302929,2.421017215302929,2.421017215302929,-3.7953976146608066,-3.7953976146608066,-3.7953976146608066,0.0,0.0,0.0,128.2972345129861
2025-02-11,129.51158105990612,120.9787274719441,136.3769853824193,129.51158105990612,129.51158105990612,-1.0034385342150882,-1.0034385342150882,-1.0034385342150882,2.3860698060459167,2.3860698060459167,2.3860698060459167,-3.3895083402610044,-3.3895083402610044,-3.3895083402610044,0.0,0.0,0.0,128.50814252569103
2025-02-12,129.35154720746823,121.56634085052293,136.80268820956243,129.35154720746823,129.35154720746823,-0.4045971267960386,-0.4045971267960386,-0.4045971267960386,2.589476660894852,2.589476660894852,2.589476660894852,-2.994073787690891,-2.994073787690891,-2.994073787690891,0.0,0.0,0.0,128.9469500806722
2025-02-13,129.19151335503037,121.8089437108075,137.28538429894587,129.19151335503037,129.19151335503037,0.09616497465674989,0.09616497465674989,0.09616497465674989,2.715288041837819,2.715288041837819,2.715288041837819,-2.6191230671810692,-2.6191230671810692,-2.6191230671810692,0.0,0.0,0.0,129.2876783296871
2025-02-14,129.03147950259248,121.55824007910843,136.62603955253059,129.03147950259248,129.03147950259248,0.34946869801053865,0.34946869801053865,0.34946869801053865,2.623775007816503,2.623775007816503,2.623775007816503,-2.2743063098059646,-2.2743063098059646,-2.2743063098059646,0.0,0.0,0.0,129.380948200603
2025-02-18,128.391344092841,121.61637280101984,137.1440161983084,128.391344092841,128.391344092841,1.0234343170315265,1.0234343170315265,1.0234343170315265,2.38606980604706,2.38606980604706,2.38606980604706,-1.3626354890155337,-1.3626354890155337,-1.3626354890155337,0.0,0.0,0.0,129.41477840987253
2025-02-19,128.2313102404031,121.9920239501794,137.18338161905518,128.2313102404031,128.2313102404031,1.3059042954177078,1.3059042954177078,1.3059042954177078,2.5894766608950004,2.5894766608950004,2.5894766608950004,-1.2835723654772928,-1.2835723654772928,-1.2835723654772928,0.0,0.0,0.0,129.53721453582082
2025-02-20,128.07127638796527,122.60413976323878,137.14654829045745,128.07127638796527,128.07127638796527,1.4432189631231396,1.4432189631231396,1.4432189631231396,2.7152880418438965,2.7152880418438965,2.7152880418438965,-1.2720690787207567,-1.2720690787207567,-1.2720690787207567,0.0,0.0,0.0,129.5144953510884
2025-02-21,127.91124253552738,121.81397983469084,136.51071547400193,127.91124253552738,127.91124253552738,1.294331215712036,1.294331215712036,1.294331215712036,2.6237750078305595,2.6237750078305595,2.6237750078305595,-1.3294437921185238,-1.3294437921185238,-1.3294437921185238,0.0,0.0,0.0,129.20557375123943
2025-02-24,127.43114097821375,120.61649012299203,135.9816576474218,127.43114097821375,127.43114097821375,0.5171081303955968,0.5171081303955968,0.5171081303955968,2.421017215308751,2.421017215308751,2.421017215308751,-1.9039090849131541,-1.9039090849131541,-1.9039090849131541,0.0,0.0,0.0,127.94824910860935
2025-02-25,127.27110712577588,120.15275094783856,134.53972957537542,127.27110712577588,127.27110712577588,0.16792862456560834,0.16792862456560834,0.16792862456560834,2.3860698060445906,2.3860698060445906,2.3860698060445906,-2.2181411814789826,-2.2181411814789826,-2.2181411814789826,0.0,0.0,0.0,127.43903575034149
2025-02-26,127.11107327333801,119.91792408560386,134.60277683093346,127.11107327333801,127.11107327333801,0.004932471607450754,0.004932471607450754,0.004932471607450754,2.5894766608951496,2.5894766608951496,2.5894766608951496,-2.5845441892876986,-2.5845441892876986,-2.5845441892876986,0.0,0.0,0.0,127.11600574494545
2025-02-27,126.95103942090012,119.15853122312078,134.46903005901223,126.95103942090012,126.95103942090012,-0.28051505291232204,-0.28051505291232204,-0.28051505291232204,2.715288041833423,2.715288041833423,2.715288041833423,-2.9958030947457455,-2.9958030947457455,-2.9958030947457455,0.0,0.0,0.0,126.6705243679878
2025-02-28,126.79100556846227,118.37453031582602,133.77585007246947,126.79100556846227,126.79100556846227,-0.8199026084811023,-0.8199026084811023,-0.8199026084811023,2.6237750078242223,2.6237750078242223,2.6237750078242223,-3.4436776163053247,-3.4436776163053247,-3.4436776163053247,0.0,0.0,0.0,125.97110295998117
2025-03-03,126.31090401114866,116.44380590595554,131.47914614053724,126.31090401114866,126.31090401114866,-2.494604933626734,-2.494604933626734,-2.494604933626734,2.421017215295631,2.421017215295631,2.421017215295631,-4.915622148922365,-4.915622148922365,-4.915622148922365,0.0,0.0,0.0,123.81629907752193
2025-03-04,126.15087015871077,115.42210244017288,130.57415556118454,126.15087015871077,126.15087015871077,-3.031293171365439,-3.031293171365439,-3.031293171365439,2.3860698060511916,2.3860698060511916,2.3860698060511916,-5.41736297741663,-5.41736297741663,-5.41736297741663,0.0,0.0,0.0,123.11957698734534
2025-03-05,125.99083630627291,114.98603520902113,130.13920240842137,125.99083630627291,125.99083630627291,-3.3196271736792413,-3.3196271736792413,-3.3196271736792413,2.5894766608953637,2.5894766608953637,2.5894766608953637,-5.909103834574605,-5.909103834574605,-5.909103834574605,0.0,0.0,0.0,122.67120913259367
2025-03-06,125.83080245383503,114.42264703124916,130.12623113396995,125.83080245383503,125.83080245383503,-3.6669365619010303,-3.6669365619010303,-3.6669365619010303,2.7152880418359464,2.7152880418359464,2.7152880418359464,-6.382224603736977,-6.382224603736977,-6.382224603736977,0.0,0.0,0.0,122.16386589193401
2025-03-07,125.6707686013971,114.38122183347527,129.27927700339356,125.6707686013971,125.6707686013971,-4.205130806924351,-4.205130806924351,-4.205130806924351,2.623775007824322,2.623775007824322,2.623775007824322,-6.828905814748674,-6.828905814748674,-6.828905814748674,0.0,0.0,0.0,121.46563779447276
2025-03-10,125.19066713862287,112.22112641988765,127.64519241809087,125.19066713862287,125.19066713862287,-5.52721622649783,-5.52721622649783,-5.52721622649783,2.4210172152953024,2.4210172152953024,2.4210172152953024,-7.948233441793134,-7.948233441793134,-7.948233441793134,0.0,0.0,0.0,119.66345091212504
2025-03-11,125.03063331769812,111.685207059883,127.04852235452121,125.03063331769812,125.03063331769812,-5.847448857639542,-5.847448857639542,-5.847448857639542,2.386069806048722,2.386069806048722,2.386069806048722,-8.233518663688264,-8.233518663688264,-8.233518663688264,0.0,0.0,0.0,119.18318446005858
2025-03-12,124.87059949677337,111.19974391106541,126.31857720096134,124.87059949677337,124.87059949677337,-5.881869791199229,-5.881869791199229,-5.881869791199229,2.5894766608955115,2.5894766608955115,2.5894766608955115,-8.47134645209474,-8.47134645209474,-8.47134645209474,0.0,0.0,0.0,118.98872970557414
2025-03-13,124.71056567584863,111.52171574489047,126.45649889480543,124.71056567584863,124.71056567584863,-5.94655147031837,-5.94655147031837,-5.94655147031837,2.7152880418349166,2.7152880418349166,2.7152880418349166,-8.661839512153286,-8.661839512153286,-8.661839512153286,0.0,0.0,0.0,118.76401420553026
2025-03-14,124.55053185492389,110.558085243125,126.30788521887771,124.55053185492389,124.55053185492389,-6.182833935852104,-6.182833935852104,-6.182833935852104,2.623775007817986,2.623775007817986,2.623775007817986,-8.80660894367009,-8.80660894367009,-8.80660894367009,0.0,0.0,0.0,118.36769791907179
2025-03-17,124.07043039214965,109.78898734233364,124.69283864928968,124.07043039214965,124.07043039214965,-6.582362781901694,-6.582362781901694,-6.582362781901694,2.4210172153079292,2.4210172153079292,2.4210172153079292,-9.003379997209624,-9.003379997209624,-9.003379997209624,0.0,0.0,0.0,117.48806761024795
2025-03-18,123.91039657122491,110.17607279273781,124.18463157752487,123.91039657122491,123.91039657122491,-6.621987949197746,-6.621987949197746,-6.621987949197746,2.386069806049866,2.386069806049866,2.386069806049866,-9.008057755247611,-9.008057755247611,-9.008057755247611,0.0,0.0,0.0,117.28840862202716
2025-03-19,123.75036275030017,109.31794283029843,125.22794400952205,123.75036275030017,123.75036275030017,-6.404330898032442,-6.404330898032442,-6.404330898032442,2.589476660895693,2.589476660895693,2.589476660895693,-8.993807558928136,-8.993807558928136,-8.993807558928136,0.0,0.0,0.0,117.34603185226773
2025-03-20,123.59032892937543,109.72494750640408,125.26544088986488,123.59032892937543,123.59032892937543,-6.253258593349231,-6.253258593349231,-6.253258593349231,2.7152880418315504,2.7152880418315504,2.7152880418315504,-8.96854663518078,-8.96854663518078,-8.96854663518078,0.0,0.0,0.0,117.3370703360262
2025-03-21,123.43029510845068,109.70012007115277,124.72634630405565,123.43029510845068,123.43029510845068,-6.316757510336517,-6.316757510336517,-6.316757510336517,2.6237750078180855,2.6237750078180855,2.6237750078180855,-8.940532518154603,-8.940532518154603,-8.940532518154603,0.0,0.0,0.0,117.11353759811416
2025-03-24,122.95019364567645,108.91914858812692,123.98356175472134,122.95019364567645,122.95019364567645,-6.5014425225582775,-6.5014425225582775,-6.5014425225582775,2.421017215307601,2.421017215307601,2.421017215307601,-8.922459737865879,-8.922459737865879,-8.922459737865879,0.0,0.0,0.0,116.44875112311817
2025-03-25,122.79015982475171,109.09967425779152,123.64496280753387,122.79015982475171,122.79015982475171,-6.578116761974726,-6.578116761974726,-6.578116761974726,2.3860698060473964,2.3860698060473964,2.3860698060473964,-8.964186568022122,-8.964186568022122,-8.964186568022122,0.0,0.0,0.0,116.21204306277698
2025-03-26,122.63012600382696,108.74832444936334,123.89480568863985,122.63012600382696,122.63012600382696,-6.451525624440474,-6.451525624440474,-6.451525624440474,2.5894766608949173,2.5894766608949173,2.5894766608949173,-9.041002285335392,-9.041002285335392,-9.041002285335392,0.0,0.0,0.0,116.17860037938648
2025-03-27,122.4700921829022,108.92563316126271,123.24580248739422,122.4700921829022,122.4700921829022,-6.442921632307781,-6.442921632307781,-6.442921632307781,2.715288041834074,2.715288041834074,2.715288041834074,-9.158209674141855,-9.158209674141855,-9.158209674141855,0.0,0.0,0.0,116.02717055059442
2025-03-28,122.31005836197747,107.82403566844418,123.56997581751735,122.31005836197747,122.31005836197747,-6.6961533631478485,-6.6961533631478485,-6.6961533631478485,2.6237750078053126,2.6237750078053126,2.6237750078053126,-9.31992837095316,-9.31992837095316,-9.31992837095316,0.0,0.0,0.0,115.61390499882963
2025-03-31,121.82995689920324,106.52559387059902,121.60563370600741,121.82995689920324,121.82995689920324,-7.6722744507725515,-7.6722744507725515,-7.6722744507725515,2.4210172152880043,2.4210172152880043,2.4210172152880043,-10.093291666060557,-10.093291666060557,-10.093291666060557,0.0,0.0,0.0,114.15768244843069
2025-04-01,121.66992307827849,106.21066571543298,120.74604507810119,121.66992307827849,121.66992307827849,-8.061028593944638,-8.061028593944638,-8.061028593944638,2.3860698060485404,2.3860698060485404,2.3860698060485404,-10.447098399993177,-10.447098399993177,-10.447098399993177,0.0,0.0,0.0,113.60889448433385
2025-04-02,121.50988925735375,105.93114718653781,120.09708955953735,121.50988925735375,121.50988925735375,-8.255846309071124,-8.255846309071124,-8.255846309071124,2.5894766608950985,2.5894766608950985,2.5894766608950985,-10.845322969966224,-10.845322969966224,-10.845322969966224,0.0,0.0,0.0,113.25404294828263
2025-04-03,121.34985543642901,105.4053525005861,120.44568749108657,121.34985543642901,121.34985543642901,-8.568482997655478,-8.568482997655478,-8.568482997655478,2.715288041836598,2.715288041836598,2.715288041836598,-11.283771039492075,-11.283771039492075,-11.283771039492075,0.0,0.0,0.0,112.78137243877353
2025-04-04,121.18982161550426,104.25475611619937,120.07255488150203,121.18982161550426,121.18982161550426,-9.133251299700602,-9.133251299700602,-9.133251299700602,2.6237750078054125,2.6237750078054125,2.6237750078054125,-11.757026307506015,-11.757026307506015,-11.757026307506015,0.0,0.0,0.0,112.05657031580365
2025-04-07,120.70972015273007,102.17703647000512,117.77801142414124,120.70972015273007,120.70972015273007,-10.895335687713494,-10.895335687713494,-10.895335687713494,2.421017215294154,2.421017215294154,2.421017215294154,-13.316352903007648,-13.316352903007648,-13.316352903007648,0.0,0.0,0.0,109.81438446501657
2025-04-08,120.98406681132175,101.82683163433123,116.76674536990255,120.98406681132175,120.98406681132175,-11.469753515700841,-11.469753515700841,-11.469753515700841,2.386069806042458,2.386069806042458,2.386069806042458,-13.8558233217433,-13.8558233217433,-13.8558233217433,0.0,0.0,0.0,109.51431329562091
2025-04-09,121.25841346991342,101.89051289138389,116.76098609255794,121.25841346991342,121.25841346991342,-11.801125883586877,-11.801125883586877,-11.801125883586877,2.589476660895247,2.589476660895247,2.589476660895247,-14.390602544482123,-14.390602544482123,-14.390602544482123,0.0,0.0,0.0,109.45728758632654
2025-04-10,121.53276012850509,101.91065179087629,116.32193015447146,121.53276012850509,121.53276012850509,-12.196476367444436,-12.196476367444436,-12.196476367444436,2.7152880418355676,2.7152880418355676,2.7152880418355676,-14.911764409280005,-14.911764409280005,-14.911764409280005,0.0,0.0,0.0,109.33628376106066
2025-04-11,121.80710678709676,101.68911672443642,116.92147025140783,121.80710678709676,121.80710678709676,-12.786790982606085,-12.786790982606085,-12.786790982606085,2.623775007825905,2.623775007825905,2.623775007825905,-15.41056599043199,-15.41056599043199,-15.41056599043199,0.0,0.0,0.0,109.02031580449068
2025-04-14,122.63014676287175,100.81221862759513,115.95923190058379,122.63014676287175,122.63014676287175,-14.271597989522158,-14.271597989522158,-14.271597989522158,2.421017215300303,2.421017215300303,2.421017215300303,-16.692615204822463,-16.692615204822463,-16.692615204822463,0.0,0.0,0.0,108.35854877334958
2025-04-15,122.90449342146341,101.4685558307155,115.76645827103249,122.90449342146341,122.90449342146341,-14.639453345813967,-14.639453345813967,-14.639453345813967,2.386069806043602,2.386069806043602,2.386069806043602,-17.02552315185757,-17.02552315185757,-17.02552315185757,0.0,0.0,0.0,108.26504007564945
2025-04-16,123.17884008005507,101.09052663159535,116.26842055198183,123.17884008005507,123.17884008005507,-14.7126598354381,-14.7126598354381,-14.7126598354381,2.589476660894503,2.589476660894503,2.589476660894503,-17.302136496332604,-17.302136496332604,-17.302136496332604,0.0,0.0,0.0,108.46618024461696
2025-04-17,123.45318673864674,101.16652666904695,115.92078564951268,123.45318673864674,123.45318673864674,-14.803422456060977,-14.803422456060977,-14.803422456060977,2.715288041834537,2.715288041834537,2.715288041834537,-17.518710497895512,-17.518710497895512,-17.518710497895512,0.0,0.0,0.0,108.64976428258576
2025-04-21,124.55057337301339,102.04572308344652,116.66644196604277,124.55057337301339,124.55057337301339,-15.332161403343914,-15.332161403343914,-15.332161403343914,2.4210172152999747,2.4210172152999747,2.4210172152999747,-17.75317861864389,-17.75317861864389,-17.75317861864389,0.0,0.0,0.0,109.21841196966948
2025-04-22,124.8249200316051,102.10909849451451,117.02858082974778,124.8249200316051,124.8249200316051,-15.270611279684223,-15.270611279684223,-15.270611279684223,2.386069806050202,2.386069806050202,2.386069806050202,-17.656681085734427,-17.656681085734427,-17.656681085734427,0.0,0.0,0.0,109.55430875192089
2025-04-23,125.09926669019673,102.52829391005419,117.42096821043577,125.09926669019673,125.09926669019673,-14.913721783481002,-14.913721783481002,-14.913721783481002,2.5894766608946527,2.5894766608946527,2.5894766608946527,-17.503198444375652,-17.503198444375652,-17.503198444375652,0.0,0.0,0.0,110.18554490671573
2025-04-24,125.37361334878844,103.59725688359146,118.10754908685806,125.37361334878844,125.37361334878844,-14.581626051242267,-14.581626051242267,-14.581626051242267,2.7152880418370615,2.7152880418370615,2.7152880418370615,-17.296914093079327,-17.296914093079327,-17.296914093079327,0.0,0.0,0.0,110.79198729754617
2025-04-25,125.64796000738005,103.39687632817439,118.66632665479412,125.64796000738005,125.64796000738005,-14.418942856154588,-14.418942856154588,-14.418942856154588,2.6237750078132316,2.6237750078132316,2.6237750078132316,-17.04271786396782,-17.04271786396782,-17.04271786396782,0.0,0.0,0.0,111.22901715122546
2025-04-28,126.4709999831551,105.8282745014313,120.41015592213883,126.4709999831551,126.4709999831551,-13.627346081748751,-13.627346081748751,-13.627346081748751,2.4210172152996474,2.4210172152996474,2.4210172152996474,-16.0483632970484,-16.0483632970484,-16.0483632970484,0.0,0.0,0.0,112.84365390140634
2025-04-29,126.74534664174675,106.3652153664949,121.1950342520445,126.74534664174675,126.74534664174675,-13.2730917381316,-13.2730917381316,-13.2730917381316,2.3860698060477326,2.3860698060477326,2.3860698060477326,-15.659161544179332,-15.659161544179332,-15.659161544179332,0.0,0.0,0.0,113.47225490361515
2025-04-30,127.01969330033842,106.37184449012263,122.11203867042754,127.01969330033842,127.01969330033842,-12.661164395108495,-12.661164395108495,-12.661164395108495,2.589476660894866,2.589476660894866,2.589476660894866,-15.250641056003358,-15.250641056003358,-15.250641056003358,0.0,0.0,0.0,114.35852890522992
2025-05-01,127.29403995893009,107.84621555113952,122.37886675263886,127.29403995893009,127.29403995893009,-12.112753798726658,-12.112753798726658,-12.112753798726658,2.7152880418395844,2.7152880418395844,2.7152880418395844,-14.828041840566241,-14.828041840566241,-14.828041840566241,0.0,0.0,0.0,115.18128616020343
2025-05-02,127.56838661752175,108.05659880991243,123.2341277654301,127.56838661752175,127.56838661752175,-11.772277378144778,-11.772277378144778,-11.772277378144778,2.6237750078133315,2.6237750078133315,2.6237750078133315,-14.396052385958109,-14.396052385958109,-14.396052385958109,0.0,0.0,0.0,115.79610923937697
2025-05-05,128.39142659329673,110.23841896862145,125.50778428963037,128.39142659329673,128.39142659329673,-10.658798795885529,-10.658798795885529,-10.658798795885529,2.4210172153057963,2.4210172153057963,2.4210172153057963,-13.079816011191326,-13.079816011191326,-13.079816011191326,0.0,0.0,0.0,117.7326277974112
2025-05-06,128.6657732518884,110.9143762383479,125.8714609422103,128.6657732518884,128.6657732518884,-10.256084915897809,-10.256084915897809,-10.256084915897809,2.386069806045264,2.386069806045264,2.386069806045264,-12.642154721943072,-12.642154721943072,-12.642154721943072,0.0,0.0,0.0,118.40968833599058
2025-05-07,128.94011991048006,111.95221637900185,127.2252246140759,128.94011991048006,128.94011991048006,-9.61724309531185,-9.61724309531185,-9.61724309531185,2.589476660895015,2.589476660895015,2.589476660895015,-12.206719756206864,-12.206719756206864,-12.206719756206864,0.0,0.0,0.0,119.32287681516821
2025-05-08,129.21446656907176,112.7223359668106,127.83351662143369,129.21446656907176,129.21446656907176,-9.057897456770132,-9.057897456770132,-9.057897456770132,2.715288041832665,2.715288041832665,2.715288041832665,-11.773185498602796,-11.773185498602796,-11.773185498602796,0.0,0.0,0.0,120.15656911230163
2025-05-09,129.53014668770209,113.6108075202354,128.65291802825925,129.53014668770209,129.53014668770209,-8.716624444482724,-8.716624444482724,-8.716624444482724,2.623775007813431,2.623775007813431,2.623775007813431,-11.340399452296158,-11.340399452296158,-11.340399452296158,0.0,0.0,0.0,120.81352224321937
2025-05-12,130.477187043593,114.95245504668155,130.4817451611446,130.477187043593,130.477187043593,-7.603573610860933,-7.603573610860933,-7.603573610860933,2.421017215311946,2.421017215311946,2.421017215311946,-10.02459082617288,-10.02459082617288,-10.02459082617288,0.0,0.0,0.0,122.87361343273207
2025-05-13,130.7928671622233,115.41199748562217,131.0950153348768,130.7928671622233,130.7928671622233,-7.184206428889838,-7.184206428889838,-7.184206428889838,2.386069806046408,2.386069806046408,2.386069806046408,-9.570276234936246,-9.570276234936246,-9.570276234936246,0.0,0.0,0.0,123.60866073333347
2025-05-14,131.10854728085363,117.01028875671076,131.5310352122169,131.10854728085363,131.10854728085363,-6.512922862169221,-6.512922862169221,-6.512922862169221,2.5894766608951962,2.5894766608951962,2.5894766608951962,-9.102399523064417,-9.102399523064417,-9.102399523064417,0.0,0.0,0.0,124.59562441868441
2025-05-15,131.42422739948395,118.20202650596954,132.51322993915664,131.42422739948395,131.42422739948395,-5.902146403329582,-5.902146403329582,-5.902146403329582,2.715288041831635,2.715288041831635,2.715288041831635,-8.617434445161217,-8.617434445161217,-8.617434445161217,0.0,0.0,0.0,125.52208099615437
2025-05-16,131.73990751811422,118.91405602223932,133.93182192962146,131.73990751811422,131.73990751811422,-5.488255438935266,-5.488255438935266,-5.488255438935266,2.6237750078070947,2.6237750078070947,2.6237750078070947,-8.112030446742361,-8.112030446742361,-8.112030446742361,0.0,0.0,0.0,126.25165207917895
2025-05-19,132.6869478740052,120.70908298355741,136.32753436727668,132.6869478740052,132.6869478740052,-4.024800267901292,-4.024800267901292,-4.024800267901292,2.421017215292349,2.421017215292349,2.421017215292349,-6.445817483193641,-6.445817483193641,-6.445817483193641,0.0,0.0,0.0,128.6621476061039
2025-05-20,133.00262799263552,121.99355255940077,138.0375099315389,133.00262799263552,133.00262799263552,-3.4483089241798845,-3.4483089241798845,-3.4483089241798845,2.386069806049395,2.386069806049395,2.386069806049395,-5.834378730229279,-5.834378730229279,-5.834378730229279,0.0,0.0,0.0,129.55431906845564
2025-05-21,133.3183081112658,123.28373456398337,138.36347927338028,133.3183081112658,133.3183081112658,-2.6044012172382,-2.6044012172382,-2.6044012172382,2.5894766608953446,2.5894766608953446,2.5894766608953446,-5.193877878133544,-5.193877878133544,-5.193877878133544,0.0,0.0,0.0,130.7139068940276
2025-05-22,133.63398822989612,124.75286912566979,139.31343832475403,133.63398822989612,133.63398822989612,-1.809768604916008,-1.809768604916008,-1.809768604916008,2.715288041837712,2.715288041837712,2.715288041837712,-4.52505664675372,-4.52505664675372,-4.52505664675372,0.0,0.0,0.0,131.82421962498012
2025-05-23,133.94966834852644,124.97855185793638,139.8591251634466,133.94966834852644,133.94966834852644,-1.2058621392519375,-1.2058621392519375,-1.2058621392519375,2.6237750078007576,2.6237750078007576,2.6237750078007576,-3.8296371470526953,-3.8296371470526953,-3.8296371470526953,0.0,0.0,0.0,132.7438062092745
2025-05-27,135.21238882304766,129.30434983487098,143.8505171125296,135.21238882304766,135.21238882304766,1.5359908885291107,1.5359908885291107,1.5359908885291107,2.3860698060505383,2.3860698060505383,2.3860698060505383,-0.8500789175214276,-0.8500789175214276,-0.8500789175214276,0.0,0.0,0.0,136.74837971157677
2025-05-28,135.528068941678,130.50521750972965,145.3858719921738,135.528068941678,135.528068941678,2.509173084410302,2.509173084410302,2.509173084410302,2.5894766608955253,2.5894766608955253,2.5894766608955253,-0.08030357648522331,-0.08030357648522331,-0.08030357648522331,0.0,0.0,0.0,138.03724202608828
2025-05-29,135.8437490603083,131.48336259130528,146.4502703471801,135.8437490603083,135.8437490603083,3.402457301669438,3.402457301669438,3.402457301669438,2.715288041836682,2.715288041836682,2.715288041836682,0.6871692598327559,0.6871692598327559,0.6871692598327559,0.0,0.0,0.0,139.24620636197776
2025-05-30,136.15942917893864,132.74533209201456,148.26994598680665,136.15942917893864,136.15942917893864,4.069185820595473,4.069185820595473,4.069185820595473,2.623775007814814,2.623775007814814,2.623775007814814,1.4454108127806586,1.4454108127806586,1.4454108127806586,0.0,0.0,0.0,140.2286149995341
2025-06-02,137.10646953482956,135.71838134575677,150.33966544344375,137.10646953482956,137.10646953482956,6.01506471345542,6.01506471345542,6.01506471345542,2.421017215304647,2.421017215304647,2.421017215304647,3.594047498150772,3.594047498150772,3.594047498150772,0.0,0.0,0.0,143.12153424828497
2025-06-03,137.42214965345983,136.66542500777987,151.8977909529991,137.42214965345983,137.42214965345983,6.6316578652104585,6.6316578652104585,6.6316578652104585,2.386069806044457,2.386069806044457,2.386069806044457,4.245588059166001,4.245588059166001,4.245588059166001,0.0,0.0,0.0,144.05380751867028
2025-06-04,137.73782977209015,137.91107162373032,152.98321865095363,137.73782977209015,137.73782977209015,7.444104774039552,7.444104774039552,7.444104774039552,2.589476660894749,2.589476660894749,2.589476660894749,4.854628113144803,4.854628113144803,4.854628113144803,0.0,0.0,0.0,145.1819345461297
2025-06-05,138.05350989072048,138.96202047505378,153.95951120387693,138.05350989072048,138.05350989072048,8.131442913594755,8.131442913594755,8.131442913594755,2.7152880418392056,2.7152880418392056,2.7152880418392056,5.416154871755551,5.416154871755551,5.416154871755551,0.0,0.0,0.0,146.18495280431523
2025-06-06,138.3691900093508,139.94624288411055,154.51121345660252,138.3691900093508,138.3691900093508,8.549885252917882,8.549885252917882,8.549885252917882,2.6237750078149134,2.6237750078149134,2.6237750078149134,5.9261102451029695,5.9261102451029695,5.9261102451029695,0.0,0.0,0.0,146.91907526226868
2025-06-09,139.3162303652417,141.37028014659955,155.7648483631105,139.3162303652417,139.3162303652417,9.543895965166115,9.543895965166115,9.543895965166115,2.4210172153043197,2.4210172153043197,2.4210172153043197,7.122878749861795,7.122878749861795,7.122878749861795,0.0,0.0,0.0,148.8601263304078
2025-06-10,139.63191048387202,141.92880006646183,156.87719561731998,139.63191048387202,139.63191048387202,9.795155274493624,9.795155274493624,9.795155274493624,2.3860698060456,2.3860698060456,2.3860698060456,7.409085468448023,7.409085468448023,7.409085468448023,0.0,0.0,0.0,149.42706575836564
2025-06-11,139.94759060250234,142.57744905470204,157.50390501623252,139.94759060250234,139.94759060250234,10.230791538289843,10.230791538289843,10.230791538289843,2.5894766608949307,2.5894766608949307,2.5894766608949307,7.641314877394913,7.641314877394913,7.641314877394913,0.0,0.0,0.0,150.1783821407922
2025-06-12,140.26327072113267,143.61356467084917,158.1382372133587,140.26327072113267,140.26327072113267,10.538183701726146,10.538183701726146,10.538183701726146,2.7152880418381753,2.7152880418381753,2.7152880418381753,7.822895659887969,7.822895659887969,7.822895659887969,0.0,0.0,0.0,150.80145442285882
2025-06-13,140.57895083976294,143.7689757823568,158.25309284238327,140.57895083976294,140.57895083976294,10.582105574593731,10.582105574593731,10.582105574593731,2.623775007808577,2.623775007808577,2.623775007808577,7.958330566785154,7.958330566785154,7.958330566785154,0.0,0.0,0.0,151.16105641435666
2025-06-16,141.52599119565392,144.81794265270273,159.52597630101218,141.52599119565392,141.52599119565392,10.568781754110393,10.568781754110393,10.568781754110393,2.4210172152911995,2.4210172152911995,2.4210172152911995,8.147764538819192,8.147764538819192,8.147764538819192,0.0,0.0,0.0,152.09477294976432
2025-06-17,141.84167131428424,145.04350847278414,159.98993038979836,141.84167131428424,141.84167131428424,10.548518618273071,10.548518618273071,10.548518618273071,2.386069806046744,2.386069806046744,2.386069806046744,8.16244881222633,8.16244881222633,8.16244881222633,0.0,0.0,0.0,152.39018993255732
2025-06-18,142.1573514329145,145.32969755494256,160.0606805617537,142.1573514329145,142.1573514329145,10.755511066408381,10.755511066408381,10.755511066408381,2.58947666089508,2.58947666089508,2.58947666089508,8.166034405513301,8.166034405513301,8.166034405513301,0.0,0.0,0.0,152.9128624993229
2025-06-20,142.78871167017513,146.81782625870977,161.09829431572723,142.78871167017513,142.78871167017513,10.796093303961996,10.796093303961996,10.796093303961996,2.623775007835507,2.623775007835507,2.623775007835507,8.172318296126488,8.172318296126488,8.172318296126488,0.0,0.0,0.0,153.5848049741371
2025-06-23,143.73575202606605,147.1406280559952,162.01274323222333,143.73575202606605,143.73575202606605,10.713104808258416,10.713104808258416,10.713104808258416,2.4210172152908718,2.4210172152908718,2.4210172152908718,8.292087592967544,8.292087592967544,8.292087592967544,0.0,0.0,0.0,154.44885683432446
2025-06-24,144.05143214469638,147.62718708133372,162.1318162552089,144.05143214469638,144.05143214469638,10.772627791266771,10.772627791266771,10.772627791266771,2.3860698060442744,2.3860698060442744,2.3860698060442744,8.386557985222495,8.386557985222495,8.386557985222495,0.0,0.0,0.0,154.82405993596313
2025-06-25,144.3671122633267,147.86296202742793,162.29475349356787,144.3671122633267,144.3671122633267,11.105288573648819,11.105288573648819,11.105288573648819,2.589476660895293,2.589476660895293,2.589476660895293,8.515811912753524,8.515811912753524,8.515811912753524,0.0,0.0,0.0,155.4724008369755
2025-06-26,144.68279238195697,148.43003706509592,163.60873202952754,144.68279238195697,144.68279238195697,11.397744779846619,11.397744779846619,11.397744779846619,2.7152880418337797,2.7152880418337797,2.7152880418337797,8.682456738012839,8.682456738012839,8.682456738012839,0.0,0.0,0.0,156.0805371618036
2025-06-27,144.99847250058735,149.25399187414428,164.34529637746144,144.99847250058735,144.99847250058735,11.511459753705816,11.511459753705816,11.511459753705816,2.6237750078227333,2.6237750078227333,2.6237750078227333,8.887684745883082,8.887684745883082,8.887684745883082,0.0,0.0,0.0,156.50993225429318
2025-06-30,145.94551285647827,150.58509293041416,166.10248296238413,145.94551285647827,145.94551285647827,12.145738767142118,12.145738767142118,12.145738767142118,2.4210172152970215,2.4210172152970215,2.4210172152970215,9.724721551845096,9.724721551845096,9.724721551845096,0.0,0.0,0.0,158.0912516236204
2025-07-01,146.26119297510854,151.26741613412307,165.8253390114739,146.26119297510854,146.26119297510854,12.45296765260602,12.45296765260602,12.45296765260602,2.386069806054487,2.386069806054487,2.386069806054487,10.066897846551532,10.066897846551532,10.066897846551532,0.0,0.0,0.0,158.71416062771456
2025-07-02,146.57687309373887,152.12088103709013,166.85040195436898,146.57687309373887,146.57687309373887,13.021462274738045,13.021462274738045,13.021462274738045,2.589476660895442,2.589476660895442,2.589476660895442,10.431985613842604,10.431985613842604,10.431985613842604,0.0,0.0,0.0,159.5983353684769
2025-07-03,146.89255321236917,153.0764093392677,167.55291542809255,146.89255321236917,146.89255321236917,13.528323529022853,13.528323529022853,13.528323529022853,2.715288041839857,2.715288041839857,2.715288041839857,10.813035487182995,10.813035487182995,10.813035487182995,0.0,0.0,0.0,160.42087674139202
2025-07-07,148.1552736868904,155.80111540265523,170.61311363047366,148.1552736868904,148.1552736868904,14.751552738246888,14.751552738246888,14.751552738246888,2.421017215303171,2.421017215303171,2.421017215303171,12.330535522943718,12.330535522943718,12.330535522943718,0.0,0.0,0.0,162.9068264251373
2025-07-08,148.47095380552074,156.07811816619633,171.0834583572821,148.47095380552074,148.47095380552074,15.04924228355036,15.04924228355036,15.04924228355036,2.386069806048406,2.386069806048406,2.386069806048406,12.663172477501954,12.663172477501954,12.663172477501954,0.0,0.0,0.0,163.5201960890711
2025-07-09,148.78663392415106,156.67572973856127,171.89205881221625,148.78663392415106,148.78663392415106,15.548636343325205,15.548636343325205,15.548636343325205,2.5894766608955906,2.5894766608955906,2.5894766608955906,12.959159682429615,12.959159682429615,12.959159682429615,0.0,0.0,0.0,164.33527026747626
2025-07-10,149.1023140427814,157.41756076224547,172.2993202878034,149.1023140427814,149.1023140427814,15.92559307561454,15.92559307561454,15.92559307561454,2.7152880418388268,2.7152880418388268,2.7152880418388268,13.210305033775713,13.210305033775713,13.210305033775713,0.0,0.0,0.0,165.02790711839592
2025-07-11,149.41799416141166,157.8282697934832,172.4326739864356,149.41799416141166,149.41799416141166,16.033052478839643,16.033052478839643,16.033052478839643,2.6237750078164965,2.6237750078164965,2.6237750078164965,13.409277471023145,13.409277471023145,13.409277471023145,0.0,0.0,0.0,165.4510466402513
2025-07-14,150.3650345173026,158.76545257980217,173.74042791853068,150.3650345173026,150.3650345173026,16.058442444907804,16.058442444907804,16.058442444907804,2.4210172153093197,2.4210172153093197,2.4210172153093197,13.637425229598485,13.637425229598485,13.637425229598485,0.0,0.0,0.0,166.4234769622104
2025-07-15,150.68071463593293,158.96311880361216,174.1109647872137,150.68071463593293,150.68071463593293,15.965168512641988,15.965168512641988,15.965168512641988,2.3860698060495484,2.3860698060495484,2.3860698060495484,13.57909870659244,13.57909870659244,13.57909870659244,0.0,0.0,0.0,166.6458831485749
2025-07-16,150.99639475456323,159.34665101064232,174.9554503682291,150.99639475456323,150.99639475456323,16.041352378482234,16.041352378482234,16.041352378482234,2.5894766608957718,2.5894766608957718,2.5894766608957718,13.451875717586464,13.451875717586464,13.451875717586464,0.0,0.0,0.0,167.03774713304546
2025-07-17,151.31207487319352,159.34173841678225,175.16789414686878,151.31207487319352,151.31207487319352,15.972581583858213,15.972581583858213,15.972581583858213,2.7152880418319074,2.7152880418319074,2.7152880418319074,13.257293542026305,13.257293542026305,13.257293542026305,0.0,0.0,0.0,167.28465645705174
2025-07-18,151.62775499182385,159.86986953494588,175.0513526938355,151.62775499182385,151.62775499182385,15.622386547669887,15.622386547669887,15.622386547669887,2.62377500781016,2.62377500781016,2.62377500781016,12.998611539859729,12.998611539859729,12.998611539859729,0.0,0.0,0.0,167.25014153949374
2025-07-21,152.57479534771483,159.35547686620367,174.38429251520407,152.57479534771483,152.57479534771483,14.315936140160717,14.315936140160717,14.315936140160717,2.421017215308992,2.421017215308992,2.421017215308992,11.894918924851726,11.894918924851726,11.894918924851726,0.0,0.0,0.0,166.89073148787554
2025-07-22,152.8904754663451,159.83040842707987,174.8251752498201,152.8904754663451,152.8904754663451,13.830059473685028,13.830059473685028,13.830059473685028,2.38606980604708,2.38606980604708,2.38606980604708,11.443989667637947,11.443989667637947,11.443989667637947,0.0,0.0,0.0,166.72053494003012
2025-07-23,153.20615558497542,158.93734007165426,173.79663414111454,153.20615558497542,153.20615558497542,13.557057983716428,13.557057983716428,13.557057983716428,2.589476660894963,2.589476660894963,2.589476660894963,10.967581322821465,10.967581322821465,10.967581322821465,0.0,0.0,0.0,166.76321356869184
2025-07-24,153.5218357036057,159.67789673439256,174.24564720812884,153.5218357036057,153.5218357036057,13.191877994518432,13.191877994518432,13.191877994518432,2.7152880418308762,2.7152880418308762,2.7152880418308762,10.476589952687554,10.476589952687554,10.476589952687554,0.0,0.0,0.0,166.7137136981241
2025-07-25,153.837515822236,159.65573753001053,173.85222690598326,153.837515822236,153.837515822236,12.606155276600242,12.606155276600242,12.606155276600242,2.6237750078038222,2.6237750078038222,2.6237750078038222,9.982380268796422,9.982380268796422,9.982380268796422,0.0,0.0,0.0,166.44367109883626
2025-07-28,154.78455617812696,158.57467947896663,173.42549390834438,154.78455617812696,154.78455617812696,11.015848825062161,11.015848825062161,11.015848825062161,2.4210172152893956,2.4210172152893956,2.4210172152893956,8.594831609772767,8.594831609772767,8.594831609772767,0.0,0.0,0.0,165.80040500318913
2025-07-29,155.10023629675726,157.97322287264188,172.51032015346067,155.10023629675726,155.10023629675726,10.586325355608997,10.586325355608997,10.586325355608997,2.3860698060446115,2.3860698060446115,2.3860698060446115,8.200255549564387,8.200255549564387,8.200255549564387,0.0,0.0,0.0,165.68656165236627
2025-07-30,155.41591641538756,158.63177939903858,173.558934253023,155.41591641538756,155.41591641538756,10.445274633644795,10.445274633644795,10.445274633644795,2.589476660895209,2.589476660895209,2.589476660895209,7.855797972749586,7.855797972749586,7.855797972749586,0.0,0.0,0.0,165.86119104903236
2025-07-31,155.73159653401788,158.55144704301026,174.05093925291882,155.73159653401788,155.73159653401788,10.284679892088194,10.284679892088194,10.284679892088194,2.715288041836955,2.715288041836955,2.715288041836955,7.56939185025124,7.56939185025124,7.56939185025124,0.0,0.0,0.0,166.0162764261061
2025-08-01,156.0472766526482,158.47957187668084,173.13725770587234,156.0472766526482,156.0472766526482,9.971244660688498,9.971244660688498,9.971244660688498,2.623775007803922,2.623775007803922,2.623775007803922,7.347469652884575,7.347469652884575,7.347469652884575,0.0,0.0,0.0,166.0185213133367
2025-08-04,156.99431700853913,159.0548567373462,174.10894714388292,156.99431700853913,156.99431700853913,9.527811265138016,9.527811265138016,9.527811265138016,2.4210172152890674,2.4210172152890674,2.4210172152890674,7.106794049848948,7.106794049848948,7.106794049848948,0.0,0.0,0.0,166.52212827367714
2025-08-05,157.30999712716945,159.14683478067084,175.20143308784603,157.30999712716945,157.30999712716945,9.55756829300249,9.55756829300249,9.55756829300249,2.386069806042142,2.386069806042142,2.386069806042142,7.171498486960349,7.171498486960349,7.171498486960349,0.0,0.0,0.0,166.86756542017196
2025-08-06,157.62567724579978,159.66768436477196,175.18299165476398,157.62567724579978,157.62567724579978,9.89485304414633,9.89485304414633,9.89485304414633,2.5894766608953583,2.5894766608953583,2.5894766608953583,7.305376383250972,7.305376383250972,7.305376383250972,0.0,0.0,0.0,167.52053028994612
2025-08-07,157.9413573644301,160.89043375040436,175.72316507474136,157.9413573644301,157.9413573644301,10.21884600042399,10.21884600042399,10.21884600042399,2.7152880418359246,2.7152880418359246,2.7152880418359246,7.503557958588066,7.503557958588066,7.503557958588066,0.0,0.0,0.0,168.16020336485408
2025-08-08,158.25703748306037,161.19323342684856,176.12869898283853,158.25703748306037,158.25703748306037,10.383148015783743,10.383148015783743,10.383148015783743,2.6237750078244155,2.6237750078244155,2.6237750078244155,7.759373007959327,7.759373007959327,7.759373007959327,0.0,0.0,0.0,168.64018549884412
2025-08-11,159.2040778389513,163.18740924944032,178.102202254081,159.2040778389513,159.2040778389513,11.203554320513227,11.203554320513227,11.203554320513227,2.421017215301694,2.421017215301694,2.421017215301694,8.782537105211533,8.782537105211533,8.782537105211533,0.0,0.0,0.0,170.40763215946453
2025-08-12,159.51975795758165,163.91750318874102,178.8535226694113,159.51975795758165,159.51975795758165,11.558676012233466,11.558676012233466,11.558676012233466,2.3860698060432854,2.3860698060432854,2.3860698060432854,9.17260620619018,9.17260620619018,9.17260620619018,0.0,0.0,0.0,171.0784339698151
2025-08-13,159.83543807621197,164.53500409782492,179.23114724631486,159.83543807621197,159.83543807621197,12.156402561618052,12.156402561618052,12.156402561618052,2.589476660894582,2.589476660894582,2.589476660894582,9.56692590072347,9.56692590072347,9.56692590072347,0.0,0.0,0.0,171.99184063783002
2025-08-14,160.15111819484224,165.00842888836434,180.27949992467146,160.15111819484224,160.15111819484224,12.667985537008438,12.667985537008438,12.667985537008438,2.7152880418348944,2.7152880418348944,2.7152880418348944,9.952697495173545,9.952697495173545,9.952697495173545,0.0,0.0,0.0,172.81910373185067
2025-08-15,160.46679831347257,166.08626375742745,180.77416980881318,160.46679831347257,160.46679831347257,12.940921812772181,12.940921812772181,12.940921812772181,2.623775007824515,2.623775007824515,2.623775007824515,10.317146804947667,10.317146804947667,10.317146804947667,0.0,0.0,0.0,173.40772012624475
2025-08-18,161.41383866936354,166.95852915339785,182.54995678166802,161.41383866936354,161.41383866936354,13.583045699471604,13.583045699471604,13.583045699471604,2.421017215301366,2.421017215301366,2.421017215301366,11.16202848417024,11.16202848417024,11.16202848417024,0.0,0.0,0.0,174.99688436883514
2025-08-19,161.7295187879938,167.86924762462127,183.37102026884898,161.7295187879938,161.7295187879938,13.711290349278526,13.711290349278526,13.711290349278526,2.3860698060498855,2.3860698060498855,2.3860698060498855,11.325220543228639,11.325220543228639,11.325220543228639,0.0,0.0,0.0,175.44080913727234
2025-08-20,162.04519890662414,168.83271737037717,183.8631657366021,162.04519890662414,162.04519890662414,14.004119485011415,14.004119485011415,14.004119485011415,2.589476660894731,2.589476660894731,2.589476660894731,11.414642824116685,11.414642824116685,11.414642824116685,0.0,0.0,0.0,176.04931839163555
2025-08-21,162.3608790252544,169.14477724936975,183.93729017787422,162.3608790252544,162.3608790252544,14.139296316681179,14.139296316681179,14.139296316681179,2.7152880418409717,2.7152880418409717,2.7152880418409717,11.42400827484021,11.42400827484021,11.42400827484021,0.0,0.0,0.0,176.50017534193557
2025-08-22,162.67655914388473,169.34130158826102,184.53117673477834,162.67655914388473,162.67655914388473,13.972686016037349,13.972686016037349,13.972686016037349,2.6237750078117417,2.6237750078117417,2.6237750078117417,11.348911008225608,11.348911008225608,11.348911008225608,0.0,0.0,0.0,176.6492451599221
2025-08-25,163.62359949977568,169.3543303968983,183.834689724557,163.62359949977568,163.62359949977568,13.024114100335622,13.024114100335622,13.024114100335622,2.4210172153010374,2.4210172153010374,2.4210172153010374,10.603096885034583,10.603096885034583,10.603096885034583,0.0,0.0,0.0,176.6477136001113
2025-08-26,163.93927961840595,169.66027684649765,184.09416357627148,163.93927961840595,163.93927961840595,12.572788621768686,12.572788621768686,12.572788621768686,2.386069806047416,2.386069806047416,2.386069806047416,10.186718815721267,10.186718815721267,10.186718815721267,0.0,0.0,0.0,176.51206824017464
2025-08-27,164.25495973703627,169.51478178332022,183.3795387026257,164.25495973703627,164.25495973703627,12.283815078288484,12.283815078288484,12.283815078288484,2.5894766608949125,2.5894766608949125,2.5894766608949125,9.694338417393572,9.694338417393572,9.694338417393572,0.0,0.0,0.0,176.53877481532476
2025-08-28,164.5706398556666,168.89187413568732,184.14459914171127,164.5706398556666,164.5706398556666,11.848756728188032,11.848756728188032,11.848756728188032,2.7152880418399414,2.7152880418399414,2.7152880418399414,9.13346868634809,9.13346868634809,9.13346868634809,0.0,0.0,0.0,176.41939658385462
2025-08-29,164.88631997429692,168.52773613842936,183.85396901890638,164.88631997429692,164.88631997429692,11.137011909294941,11.137011909294941,11.137011909294941,2.6237750078118416,2.6237750078118416,2.6237750078118416,8.513236901483099,8.513236901483099,8.513236901483099,0.0,0.0,0.0,176.02333188359188
2025-09-02,166.14904044881817,166.92006259810597,181.63460622566572,166.14904044881817,166.14904044881817,8.05017356750526,8.05017356750526,8.05017356750526,2.3860698060413346,2.3860698060413346,2.3860698060413346,5.664103761463925,5.664103761463925,5.664103761463925,0.0,0.0,0.0,174.19921401632342
2025-09-03,166.46472056744844,166.5876730889794,181.51676098421214,166.46472056744844,166.46472056744844,7.512326255874499,7.512326255874499,7.512326255874499,2.5894766608950937,2.5894766608950937,2.5894766608950937,4.9228495949794056,4.9228495949794056,4.9228495949794056,0.0,0.0,0.0,173.97704682332295
2025-09-04,166.7804006860788,166.1171444714231,180.79999346189095,166.7804006860788,166.7804006860788,6.911481977418608,6.911481977418608,6.911481977418608,2.715288041833021,2.715288041833021,2.715288041833021,4.196193935585585,4.196193935585585,4.196193935585585,0.0,0.0,0.0,173.6918826634974
2025-09-05,167.09608080470912,165.54611925243424,180.60149314638463,167.09608080470912,167.09608080470912,6.12059405471622,6.12059405471622,6.12059405471622,2.623775007811941,2.623775007811941,2.623775007811941,3.496819046904278,3.496819046904278,3.496819046904278,0.0,0.0,0.0,173.21667485942532
2025-09-08,168.04312116059998,165.29989249126842,179.19543120772198,168.04312116059998,168.04312116059998,4.097693316957266,4.097693316957266,4.097693316957266,2.421017215313336,2.421017215313336,2.421017215313336,1.6766761016439289,1.6766761016439289,1.6766761016439289,0.0,0.0,0.0,172.14081447755726
2025-09-09,168.3588012792303,164.64486132059977,179.89678508632664,168.3588012792303,168.3588012792303,3.5808082031133988,3.5808082031133988,3.5808082031133988,2.3860698060515473,2.3860698060515473,2.3860698060515473,1.194738397061851,1.194738397061851,1.194738397061851,0.0,0.0,0.0,171.9396094823437
2025-09-10,168.6744813978607,164.54555889531218,179.5699306282458,168.6744813978607,168.6744813978607,3.3769885271535487,3.3769885271535487,3.3769885271535487,2.5894766608952744,2.5894766608952744,2.5894766608952744,0.7875118662582743,0.7875118662582743,0.7875118662582743,0.0,0.0,0.0,172.05146992501423
2025-09-11,168.99016151649096,164.82765454371625,179.49337858071544,168.99016151649096,168.99016151649096,3.175105904835612,3.175105904835612,3.175105904835612,2.715288041831992,2.715288041831992,2.715288041831992,0.4598178630036203,0.4598178630036203,0.4598178630036203,0.0,0.0,0.0,172.16526742132658
2025-09-12,169.30584163512128,165.00675804755076,179.5713919587705,169.30584163512128,169.30584163512128,2.838402613255727,2.838402613255727,2.838402613255727,2.623775007825997,2.623775007825997,2.623775007825997,0.21462760542972964,0.21462760542972964,0.21462760542972964,0.0,0.0,0.0,172.14424424837702
2025-09-15,170.2528819910122,164.9580516467148,180.31512588796045,170.2528819910122,170.2528819910122,2.396734051848667,2.396734051848667,2.396734051848667,2.4210172152937397,2.4210172152937397,2.4210172152937397,-0.024283163445072198,-0.024283163445072198,-0.024283163445072198,0.0,0.0,0.0,172.64961604286086
2025-09-16,170.56856210964253,165.8894398145306,180.5217285088338,170.56856210964253,170.56856210964253,2.4392351893149584,2.4392351893149584,2.4392351893149584,2.386069806049079,2.386069806049079,2.386069806049079,0.05316538326587935,0.05316538326587935,0.05316538326587935,0.0,0.0,0.0,173.00779729895748
2025-09-17,170.88424222827283,166.62965350355657,181.68425840439804,170.88424222827283,170.88424222827283,2.7902777924022573,2.7902777924022573,2.7902777924022573,2.5894766608954236,2.5894766608954236,2.5894766608954236,0.2008011315068336,0.2008011315068336,0.2008011315068336,0.0,0.0,0.0,173.6745200206751
2025-09-18,171.19992234690315,166.82212137431227,181.88449130450283,171.19992234690315,171.19992234690315,3.1267714849684354,3.1267714849684354,3.1267714849684354,2.7152880418345147,2.7152880418345147,2.7152880418345147,0.41148344313392066,0.41148344313392066,0.41148344313392066,0.0,0.0,0.0,174.32669383187158
2025-09-19,171.51560246553342,166.91078186626896,182.55044221849303,171.51560246553342,171.51560246553342,3.3007231202942338,3.3007231202942338,3.3007231202942338,2.623775007826097,2.623775007826097,2.623775007826097,0.6769481124681365,0.6769481124681365,0.6769481124681365,0.0,0.0,0.0,174.81632558582766
2025-09-22,172.4626428214244,169.37885102053315,183.33810931542925,172.4626428214244,172.4626428214244,4.128833634173368,4.128833634173368,4.128833634173368,2.421017215293412,2.421017215293412,2.421017215293412,1.7078164188799563,1.7078164188799563,1.7078164188799563,0.0,0.0,0.0,176.59147645559776
2025-09-23,172.77832294005472,169.38704726343957,184.70338705760335,172.77832294005472,172.77832294005472,4.482282417498171,4.482282417498171,4.482282417498171,2.3860698060502217,2.3860698060502217,2.3860698060502217,2.096212611447949,2.096212611447949,2.096212611447949,0.0,0.0,0.0,177.2606053575529
2025-09-24,173.094003058685,170.82771931679582,186.08869240193727,173.094003058685,173.094003058685,5.079746946877124,5.079746946877124,5.079746946877124,2.5894766608956368,2.5894766608956368,2.5894766608956368,2.490270285981487,2.490270285981487,2.490270285981487,0.0,0.0,0.0,178.1737500055621
2025-09-25,173.40968317731532,171.0547686277281,186.88256873080232,173.40968317731532,173.40968317731532,5.595778277214236,5.595778277214236,5.595778277214236,2.7152880418370393,2.7152880418370393,2.7152880418370393,2.8804902353771973,2.8804902353771973,2.8804902353771973,0.0,0.0,0.0,179.00546145452955
2025-09-26,173.72536329594564,171.80686616505892,187.20282097890012,173.72536329594564,173.72536329594564,5.8818466258278885,5.8818466258278885,5.8818466258278885,2.6237750078133244,2.6237750078133244,2.6237750078133244,3.2580716180145646,3.2580716180145646,3.2580716180145646,0.0,0.0,0.0,179.60720992177352
2025-09-29,174.67240365183656,173.79793676594775,188.46227189496582,174.67240365183656,174.67240365183656,6.66268404249898,6.66268404249898,6.66268404249898,2.421017215306038,2.421017215306038,2.421017215306038,4.241666827192943,4.241666827192943,4.241666827192943,0.0,0.0,0.0,181.33508769433553
2025-09-30,174.98808377046686,174.02980171480812,189.07578213683092,174.98808377046686,174.98808377046686,6.887432848036651,6.887432848036651,6.887432848036651,2.3860698060513656,2.3860698060513656,2.3860698060513656,4.501363041985287,4.501363041985287,4.501363041985287,0.0,0.0,0.0,181.8755166185035
2025-10-01,175.30376388909716,174.75146664598097,190.23539023626435,175.30376388909716,175.30376388909716,7.310584054950234,7.310584054950234,7.310584054950234,2.5894766608948285,2.5894766608948285,2.5894766608948285,4.721107394055406,4.721107394055406,4.721107394055406,0.0,0.0,0.0,182.61434794404738
2025-10-02,175.61944400772748,175.73043641574023,190.83777356592176,175.61944400772748,175.61944400772748,7.614786727854465,7.614786727854465,7.614786727854465,2.715288041839562,2.715288041839562,2.715288041839562,4.899498686014904,4.899498686014904,4.899498686014904,0.0,0.0,0.0,183.23423073558195
2025-10-03,175.93512412635783,176.61928435303875,190.794846923914,175.93512412635783,175.93512412635783,7.660314448288261,7.660314448288261,7.660314448288261,2.623775007813424,2.623775007813424,2.623775007813424,5.036539440474837,5.036539440474837,5.036539440474837,0.0,0.0,0.0,183.5954385746461
2025-10-06,176.88216448224875,177.11653565309607,192.13792597893658,176.88216448224875,176.88216448224875,7.640113841267361,7.640113841267361,7.640113841267361,2.4210172152864415,2.4210172152864415,2.4210172152864415,5.21909662598092,5.21909662598092,5.21909662598092,0.0,0.0,0.0,184.5222783235161
2025-10-07,177.19784460087902,177.4576870021668,192.6574739868357,177.19784460087902,177.19784460087902,7.602000386829389,7.602000386829389,7.602000386829389,2.386069806045284,2.386069806045284,2.386069806045284,5.215930580784105,5.215930580784105,5.215930580784105,0.0,0.0,0.0,184.7998449877084
2025-10-08,177.51352471950935,177.3426653906105,192.9548906850813,177.51352471950935,177.51352471950935,7.77858175376993,7.77858175376993,7.77858175376993,2.5894766608950093,2.5894766608950093,2.5894766608950093,5.189105092874921,5.189105092874921,5.189105092874921,0.0,0.0,0.0,185.2921064732793
2025-10-09,177.82920483813967,177.96075246371933,192.6051874379811,177.82920483813967,177.82920483813967,7.859873841277638,7.859873841277638,7.859873841277638,2.715288041832643,2.715288041832643,2.715288041832643,5.144585799444996,5.144585799444996,5.144585799444996,0.0,0.0,0.0,185.68907867941732
2025-10-10,178.14488495677,178.66984919025703,193.61791750500058,178.14488495677,178.14488495677,7.712453182306865,7.712453182306865,7.712453182306865,2.623775007807087,2.623775007807087,2.623775007807087,5.088678174499777,5.088678174499777,5.088678174499777,0.0,0.0,0.0,185.85733813907686
2025-10-13,179.09192531266092,179.14186398900966,193.46560695557136,179.09192531266092,179.09192531266092,7.337160421900942,7.337160421900942,7.337160421900942,2.4210172152925904,2.4210172152925904,2.4210172152925904,4.916143206608352,4.916143206608352,4.916143206608352,0.0,0.0,0.0,186.42908573456185
2025-10-14,179.40760543129122,179.56014751939287,194.22037631305702,179.40760543129122,179.40760543129122,7.262930418849828,7.262930418849828,7.262930418849828,2.3860698060464274,2.3860698060464274,2.3860698060464274,4.876860612803401,4.876860612803401,4.876860612803401,0.0,0.0,0.0,186.67053585014105
2025-10-15,179.72328554992154,179.8390249650217,194.78270322059018,179.72328554992154,179.72328554992154,7.444732080612234,7.444732080612234,7.444732080612234,2.589476660895158,2.589476660895158,2.589476660895158,4.855255419717076,4.855255419717076,4.855255419717076,0.0,0.0,0.0,187.16801763053377
2025-10-16,180.03896566855187,180.28543533232482,194.1947136902832,180.03896566855187,180.03896566855187,7.5705889543213605,7.5705889543213605,7.5705889543213605,2.715288041835166,2.715288041835166,2.715288041835166,4.855300912486193,4.855300912486193,4.855300912486193,0.0,0.0,0.0,187.60955462287322
2025-10-17,180.35464578718214,179.6068638087379,195.25545293144802,180.35464578718214,180.35464578718214,7.503784423735187,7.503784423735187,7.503784423735187,2.6237750078275797,2.6237750078275797,2.6237750078275797,4.880009415907608,4.880009415907608,4.880009415907608,0.0,0.0,0.0,187.85843021091733
2025-10-20,181.3016861430731,181.6055731401749,196.137290368449,181.3016861430731,181.3016861430731,7.5371975086382825,7.5371975086382825,7.5371975086382825,2.4210172152922627,2.4210172152922627,2.4210172152922627,5.116180293346019,5.116180293346019,5.116180293346019,0.0,0.0,0.0,188.8388836517114
2025-10-21,181.61736626170344,182.0537602753335,196.59132616894385,181.61736626170344,181.61736626170344,7.634107552963461,7.634107552963461,7.634107552963461,2.386069806043958,2.386069806043958,2.386069806043958,5.248037746919502,5.248037746919502,5.248037746919502,0.0,0.0,0.0,189.2514738146669
2025-10-22,181.9330463803337,182.22979160029928,197.1839068615926,181.9330463803337,181.9330463803337,7.992769769964897,7.992769769964897,7.992769769964897,2.589476660895307,2.589476660895307,2.589476660895307,5.40329310906959,5.40329310906959,5.40329310906959,0.0,0.0,0.0,189.9258161502986
2025-10-23,182.24872649896403,182.88149963098502,197.52613435189383,182.24872649896403,182.24872649896403,8.293825879131614,8.293825879131614,8.293825879131614,2.7152880418341363,2.7152880418341363,2.7152880418341363,5.578537837297477,5.578537837297477,5.578537837297477,0.0,0.0,0.0,190.54255237809565
2025-10-24,182.56440661759436,183.35712353257654,198.34271972788468,182.56440661759436,182.56440661759436,8.393278429893641,8.393278429893641,8.393278429893641,2.6237750078212434,2.6237750078212434,2.6237750078212434,5.769503422072398,5.769503422072398,5.769503422072398,0.0,0.0,0.0,190.95768504748798
2025-10-27,183.51144697348525,184.63566443429863,199.42109834842174,183.51144697348525,183.51144697348525,8.80521808963911,8.80521808963911,8.80521808963911,2.421017215298412,2.421017215298412,2.421017215298412,6.384200874340699,6.384200874340699,6.384200874340699,0.0,0.0,0.0,192.31666506312436
2025-10-28,183.82712709211557,186.08061618973167,200.38520192146538,183.82712709211557,183.82712709211557,8.969502435084827,8.969502435084827,8.969502435084827,2.386069806050557,2.386069806050557,2.386069806050557,6.58343262903427,6.58343262903427,6.58343262903427,0.0,0.0,0.0,192.7966295272004
2025-10-29,184.1428072107459,185.91396557514582,200.60825435009386,184.1428072107459,184.1428072107459,9.359104295434625,9.359104295434625,9.359104295434625,2.58947666089552,2.58947666089552,2.58947666089552,6.769627634539104,6.769627634539104,6.769627634539104,0.0,0.0,0.0,193.50191150618053
2025-10-30,184.45848732937617,186.73740314101016,202.05924434314372,184.45848732937617,184.45848732937617,9.652106083878301,9.652106083878301,9.652106083878301,2.7152880418402137,2.7152880418402137,2.7152880418402137,6.9368180420380865,6.9368180420380865,6.9368180420380865,0.0,0.0,0.0,194.11059341325446
2025-10-31,184.7741674480065,185.9366520703509,202.25964965505574,184.7741674480065,184.7741674480065,9.703169411300836,9.703169411300836,9.703169411300836,2.623775007821343,2.623775007821343,2.623775007821343,7.079394403479493,7.079394403479493,7.079394403479493,0.0,0.0,0.0,194.47733685930734
2025-11-03,185.72120780389747,188.21360341849228,202.55278618496982,185.72120780389747,185.72120780389747,9.733121323267513,9.733121323267513,9.733121323267513,2.4210172152980842,2.4210172152980842,2.4210172152980842,7.312104107969427,7.312104107969427,7.312104107969427,0.0,0.0,0.0,195.45432912716498
2025-11-04,186.03688792252774,188.0359494584993,203.1814357994402,186.03688792252774,186.03688792252774,9.698815000138339,9.698815000138339,9.698815000138339,2.3860698060480883,2.3860698060480883,2.3860698060480883,7.31274519409025,7.31274519409025,7.31274519409025,0.0,0.0,0.0,195.73570292266606
2025-11-05,186.35256804115807,188.85528530772805,203.29446848202997,186.35256804115807,186.35256804115807,9.86071477894733,9.86071477894733,9.86071477894733,2.589476660895669,2.589476660895669,2.589476660895669,7.27123811805166,7.27123811805166,7.27123811805166,0.0,0.0,0.0,196.2132828201054
2025-11-06,186.6682481597884,188.22615387973545,204.22916501947765,186.6682481597884,186.6682481597884,9.902155579148618,9.902155579148618,9.902155579148618,2.7152880418391834,2.7152880418391834,2.7152880418391834,7.186867537309435,7.186867537309435,7.186867537309435,0.0,0.0,0.0,196.57040373893702
2025-11-07,186.9839282784187,189.01597403187,203.87983149325976,186.9839282784187,186.9839282784187,9.68371737276342,9.68371737276342,9.68371737276342,2.623775007815006,2.623775007815006,2.623775007815006,7.059942364948414,7.059942364948414,7.059942364948414,0.0,0.0,0.0,196.6676456511821
2025-11-10,187.9309686343096,188.90138468487442,204.22732592064665,187.9309686343096,187.9309686343096,8.862629542396094,8.862629542396094,8.862629542396094,2.4210172153107106,2.4210172153107106,2.4210172153107106,6.441612327085385,6.441612327085385,6.441612327085385,0.0,0.0,0.0,196.7935981767057
2025-11-11,188.24664875293993,189.48254739521735,204.29726738265492,188.24664875293993,188.24664875293993,8.552707124563263,8.552707124563263,8.552707124563263,2.3860698060492327,2.3860698060492327,2.3860698060492327,6.166637318514029,6.166637318514029,6.166637318514029,0.0,0.0,0.0,196.7993558775032
2025-11-12,188.56232887157026,189.60347902404857,204.05176974784334,188.56232887157026,188.56232887157026,8.453694403406592,8.453694403406592,8.453694403406592,2.5894766608949253,2.5894766608949253,2.5894766608949253,5.864217742511667,5.864217742511667,5.864217742511667,0.0,0.0,0.0,197.01602327497685
2025-11-13,188.87800899020058,189.7070829494383,204.22218134554183,188.87800899020058,188.87800899020058,8.254650385113043,8.254650385113043,8.254650385113043,2.715288041832264,2.715288041832264,2.715288041832264,5.53936234328078,5.53936234328078,5.53936234328078,0.0,0.0,0.0,197.13265937531364
2025-11-14,189.19368910883085,189.35957019274917,204.93092691964844,189.19368910883085,189.19368910883085,7.82118297564421,7.82118297564421,7.82118297564421,2.6237750078151056,2.6237750078151056,2.6237750078151056,5.197407967829106,5.197407967829106,5.197407967829106,0.0,0.0,0.0,197.01487208447506
2025-11-17,190.14072946472183,189.22171764094,204.41344311861587,190.14072946472183,190.14072946472183,6.544760603609843,6.544760603609843,6.544760603609843,2.4210172153103824,2.4210172153103824,2.4210172153103824,4.123743388299462,4.123743388299462,4.123743388299462,0.0,0.0,0.0,196.68549006833166
2025-11-18,190.45640958335213,189.57119554070331,204.06908164415134,190.45640958335213,190.45640958335213,6.153573239984131,6.153573239984131,6.153573239984131,2.3860698060467636,2.3860698060467636,2.3860698060467636,3.767503433937367,3.767503433937367,3.767503433937367,0.0,0.0,0.0,196.60998282333625
2025-11-19,190.77208970198242,189.40194478288817,204.0700537990344,190.77208970198242,190.77208970198242,6.00947196000342,6.00947196000342,6.00947196000342,2.589476660895075,2.589476660895075,2.589476660895075,3.4199952991083458,3.4199952991083458,3.4199952991083458,0.0,0.0,0.0,196.78156166198585
2025-11-20,191.08776982061272,189.5024289010018,204.26560052126655,191.08776982061272,191.08776982061272,5.800435480887999,5.800435480887999,5.800435480887999,2.715288041834788,2.715288041834788,2.715288041834788,3.0851474390532116,3.0851474390532116,3.0851474390532116,0.0,0.0,0.0,196.88820530150073
2025-11-21,191.40344993924305,189.20811925050765,203.64501484415553,191.40344993924305,191.40344993924305,5.389964824350577,5.389964824350577,5.389964824350577,2.6237750078023327,2.6237750078023327,2.6237750078023327,2.7661898165482444,2.7661898165482444,2.7661898165482444,0.0,0.0,0.0,196.79341476359363
2025-11-24,192.35049029513397,189.22372544651182,204.64633551924365,192.35049029513397,192.35049029513397,4.346044415735671,4.346044415735671,4.346044415735671,2.421017215290786,2.421017215290786,2.421017215290786,1.925027200444885,1.925027200444885,1.925027200444885,0.0,0.0,0.0,196.69653471086963
2025-11-25,192.6661704137643,189.00581497808952,204.3202717759284,192.6661704137643,192.6661704137643,4.071867831377052,4.071867831377052,4.071867831377052,2.3860698060479066,2.3860698060479066,2.3860698060479066,1.685798025329145,1.685798025329145,1.685798025329145,0.0,0.0,0.0,196.73803824514135
2025-11-26,192.98185053239462,189.2411359041434,204.78746723520896,192.98185053239462,192.98185053239462,4.055840219975071,4.055840219975071,4.055840219975071,2.5894766608952553,2.5894766608952553,2.5894766608952553,1.4663635590798154,1.4663635590798154,1.4663635590798154,0.0,0.0,0.0,197.03769075236968
2025-11-27,193.29753065102494,190.25831520774787,204.73800895186304,193.29753065102494,193.29753065102494,3.980386095579961,3.980386095579961,3.980386095579961,2.715288041837311,2.715288041837311,2.715288041837311,1.26509805374265,1.26509805374265,1.26509805374265,0.0,0.0,0.0,197.27791674660492
2025-11-28,193.6132107696552,189.43360109473443,204.5802410465368,193.6041948843565,193.6132107696552,3.703490857355919,3.703490857355919,3.703490857355919,2.6237750078024327,2.6237750078024327,2.6237750078024327,1.0797158495534867,1.0797158495534867,1.0797158495534867,0.0,0.0,0.0,197.31670162701113
2025-12-01,194.56025112554616,189.92689134280664,204.77216163926522,194.49197975862705,194.57859225055947,3.009540012751247,3.009540012751247,3.009540012751247,2.4210172152969345,2.4210172152969345,2.4210172152969345,0.5885227974543129,0.5885227974543129,0.5885227974543129,0.0,0.0,0.0,197.5697911382974
2025-12-02,194.87593124417648,190.15639810024018,204.87394086921958,194.77276041814264,194.92011962517006,2.820848713539666,2.820848713539666,2.820848713539666,2.3860698060418253,2.3860698060418253,2.3860698060418253,0.4347789074978402,0.4347789074978402,0.4347789074978402,0.0,0.0,0.0,197.69677995771616
2025-12-03,195.19161136280678,190.96241424655904,205.53196056981676,195.04266122431622,195.2806919093339,2.8694173635157307,2.8694173635157307,2.8694173635157307,2.589476660895437,2.589476660895437,2.589476660895437,0.27994070262029425,0.27994070262029425,0.27994070262029425,0.0,0.0,0.0,198.06102872632252
2025-12-04,195.50729148143708,190.82155927799403,206.44040424035617,195.32109661968823,195.65708884257714,2.835809675902548,2.835809675902548,2.835809675902548,2.7152880418362813,2.7152880418362813,2.7152880418362813,0.12052163406626704,0.12052163406626704,0.12052163406626704,0.0,0.0,0.0,198.34310115733962
2025-12-05,195.8229716000674,190.9100754461447,205.9101725711075,195.59295031030658,196.05227440468386,2.5771274259150885,2.5771274259150885,2.5771274259150885,2.6237750078229247,2.6237750078229247,2.6237750078229247,-0.04664758190783619,-0.04664758190783619,-0.04664758190783619,0.0,0.0,0.0,198.40009902598248
2025-12-08,196.7700119559583,190.9335854580718,206.67436666338796,196.46847319762378,197.0867453119629,1.8021271796555454,1.8021271796555454,1.8021271796555454,2.4210172153030842,2.4210172153030842,2.4210172153030842,-0.618890035647539,-0.618890035647539,-0.618890035647539,0.0,0.0,0.0,198.57213913561384
2025-12-09,197.0856920745886,190.81964802786354,206.11406525831143,196.67077093486236,197.45154723286902,1.547991683190736,1.547991683190736,1.547991683190736,2.3860698060484253,2.3860698060484253,2.3860698060484253,-0.8380781228576893,-0.8380781228576893,-0.8380781228576893,0.0,0.0,0.0,198.63368375777932
2025-12-10,197.40137219321898,191.22295724271237,206.4062305022807,196.90578218860827,197.82859474022604,1.5174247952529838,1.5174247952529838,1.5174247952529838,2.589476660894661,2.589476660894661,2.589476660894661,-1.0720518656416773,-1.0720518656416773,-1.0720518656416773,0.0,0.0,0.0,198.91879698847197
2025-12-11,197.7170523118493,191.61467345682223,206.9310882794819,197.07698045997677,198.20657994761555,1.3953383628604639,1.3953383628604639,1.3953383628604639,2.715288041835251,2.715288041835251,2.715288041835251,-1.319949678974787,-1.319949678974787,-1.319949678974787,0.0,0.0,0.0,199.11239067470976
2025-12-12,198.0327324304796,191.11926180360882,206.04295957328108,197.2500708769581,198.61318441711964,1.0436669948632387,1.0436669948632387,1.0436669948632387,2.6237750078165885,2.6237750078165885,2.6237750078165885,-1.58010801295335,-1.58010801295335,-1.58010801295335,0.0,0.0,0.0,199.07639942534283
2025-12-15,198.9797727863705,192.18817363269028,206.860068601356,198.0887371614305,199.67230625192397,0.014557034114769727,0.014557034114769727,0.014557034114769727,2.421017215302756,2.421017215302756,2.421017215302756,-2.4064601811879864,-2.4064601811879864,-2.4064601811879864,0.0,0.0,0.0,198.99432982048526
2025-12-16,199.29545290500084,192.1706280205762,206.283415087811,198.31221892227143,200.09580868248617,-0.2987969512794323,-0.2987969512794323,-0.2987969512794323,2.3860698060459558,2.3860698060459558,2.3860698060459558,-2.684866757325388,-2.684866757325388,-2.684866757325388,0.0,0.0,0.0,198.99665595372142
2025-12-17,199.61113302363117,191.693357319704,206.69102068127202,198.50387823071088,200.49746686681794,-0.36794968570662306,-0.36794968570662306,-0.36794968570662306,2.58947666089481,2.58947666089481,2.58947666089481,-2.9574263466014328,-2.9574263466014328,-2.9574263466014328,0.0,0.0,0.0,199.24318333792453
2025-12-18,199.9268131422615,191.94142372635545,207.23569820424404,198.69561104959445,200.89543660602794,-0.5040534407088432,-0.5040534407088432,-0.5040534407088432,2.7152880418377743,2.7152880418377743,2.7152880418377743,-3.219341482546618,-3.219341482546618,-3.219341482546618,0.0,0.0,0.0,199.42275970155265
2025-12-19,200.2424932608917,192.516057968486,207.13653685376923,198.86909325223382,201.326457145166,-0.8419906917539492,-0.8419906917539492,-0.8419906917539492,2.6237750078102517,2.6237750078102517,2.6237750078102517,-3.465765699564201,-3.465765699564201,-3.465765699564201,0.0,0.0,0.0,199.40050256913776
2025-12-22,201.18953361678268,191.73165389004,207.44458842258555,199.69529209916607,202.437572102562,-1.6453603271473691,-1.6453603271473691,-1.6453603271473691,2.4210172153024283,2.4210172153024283,2.4210172153024283,-4.066377542449797,-4.066377542449797,-4.066377542449797,0.0,0.0,0.0,199.54417328963532
2025-12-23,201.50521373541304,192.4507295299976,207.050574258951,199.87570811887275,202.88755653388338,-1.821104123180068,-1.821104123180068,-1.821104123180068,2.3860698060470997,2.3860698060470997,2.3860698060470997,-4.207173929227168,-4.207173929227168,-4.207173929227168,0.0,0.0,0.0,199.68410961223296
2025-12-24,201.82089385404328,191.9111744160612,207.90681647486988,200.1004922634118,203.30552751371485,-1.7237436965587465,-1.7237436965587465,-1.7237436965587465,2.589476660895023,2.589476660895023,2.589476660895023,-4.31322035745377,-4.31322035745377,-4.31322035745377,0.0,0.0,0.0,200.09715015748452
2025-12-25,202.1365739726736,192.2637648730568,208.43844282996142,200.2526992179396,203.72288273580293,-1.6673973200269967,-1.6673973200269967,-1.6673973200269967,2.715288041840298,2.715288041840298,2.715288041840298,-4.382685361867295,-4.382685361867295,-4.382685361867295,0.0,0.0,0.0,200.4691766526466
2025-12-26,202.45225409130393,192.3818715258837,208.75346822585,200.48059271801205,204.25212421178873,-1.7908974866088694,-1.7908974866088694,-1.7908974866088694,2.6237750078307442,2.6237750078307442,2.6237750078307442,-4.414672494439613,-4.414672494439613,-4.414672494439613,0.0,0.0,0.0,200.66135660469507
2025-12-29,203.39929444719485,193.6688477670796,209.73584508921127,201.17099413191275,205.40517170671905,-1.8709123886460586,-1.8709123886460586,-1.8709123886460586,2.421017215308577,2.421017215308577,2.421017215308577,-4.291929603954636,-4.291929603954636,-4.291929603954636,0.0,0.0,0.0,201.5283820585488
2025-12-30,203.71497456582514,195.04798131309371,210.02696271396113,201.36598876865435,205.8353018503361,-1.7992187790444218,-1.7992187790444218,-1.7992187790444218,2.386069806044631,2.386069806044631,2.386069806044631,-4.185288585089053,-4.185288585089053,-4.185288585089053,0.0,0.0,0.0,201.91575578678072
2025-12-31,204.03065468445547,194.51178621809748,210.30351410870108,201.5097109686474,206.25427920713162,-1.4623440976016344,-1.4623440976016344,-1.4623440976016344,2.5894766608951723,2.5894766608951723,2.5894766608951723,-4.051820758496806,-4.051820758496806,-4.051820758496806,0.0,0.0,0.0,202.56831058685384
2026-01-01,204.3463348030858,195.09536753398055,211.20659112960774,201.69928537702685,206.741001442381,-1.1811742963114755,-1.1811742963114755,-1.1811742963114755,2.715288041833379,2.715288041833379,2.715288041833379,-3.896462338144854,-3.896462338144854,-3.896462338144854,0.0,0.0,0.0,203.16516050677433
