ds,trend,yhat_lower,yhat_upper,trend_lower,trend_upper,additive_terms,additive_terms_lower,additive_terms_upper,weekly,weekly_lower,weekly_upper,yearly,yearly_lower,yearly_upper,multiplicative_terms,multiplicative_terms_lower,multiplicative_terms_upper,yhat
2023-03-15,157.88535978000002,155.2705495123088,169.98388475346104,157.88535978000002,157.88535978000002,4.903343101071183,4.903343101071183,4.903343101071183,1.022899952412984,1.022899952412984,1.022899952412984,3.880443148658199,3.880443148658199,3.880443148658199,0.0,0.0,0.0,162.7887028810712
2023-03-16,158.30351102227831,155.1303777806025,170.55993282173262,158.30351102227831,158.30351102227831,4.287664881059991,4.287664881059991,4.287664881059991,1.0291160953501337,1.0291160953501337,1.0291160953501337,3.258548785709857,3.258548785709857,3.258548785709857,0.0,0.0,0.0,162.5911759033383
2023-03-17,158.72166226455656,155.23593547131793,170.43630362873006,158.72166226455656,158.72166226455656,3.944833422405399,3.944833422405399,3.944833422405399,1.2495346665067852,1.2495346665067852,1.2495346665067852,2.6952987558986137,2.6952987558986137,2.6952987558986137,0.0,0.0,0.0,162.66649568696195
2023-03-20,159.97611599139145,155.12785540339513,169.73678064984742,159.97611599139145,159.97611599139145,2.50177294018529,2.50177294018529,2.50177294018529,1.193795225655107,1.193795225655107,1.193795225655107,1.307977714530183,1.307977714530183,1.307977714530183,0.0,0.0,0.0,162.47788893157673
2023-03-21,160.39426723366972,155.53275564545112,169.46524610691262,160.39426723366972,160.39426723366972,2.11652991778942,2.11652991778942,2.11652991778942,1.192585167569152,1.192585167569152,1.192585167569152,0.9239447502202681,0.9239447502202681,0.9239447502202681,0.0,0.0,0.0,162.51079715145914
2023-03-22,160.81241847594802,154.92261553634333,169.52680947581655,160.81241847594802,160.81241847594802,1.5886595574637596,1.5886595574637596,1.5886595574637596,1.0228999524134128,1.0228999524134128,1.0228999524134128,0.5657596050503466,0.5657596050503466,0.5657596050503466,0.0,0.0,0.0,162.40107803341178
2023-03-23,161.23056971822632,154.88708092661227,169.68040624139596,161.23056971822632,161.23056971822632,1.2537798478126698,1.2537798478126698,1.2537798478126698,1.029116095349934,1.029116095349934,1.029116095349934,0.22466375246273587,0.22466375246273587,0.22466375246273587,0.0,0.0,0.0,162.484349566039
2023-03-24,161.6487209605046,155.14873872695895,170.24252281679668,161.6487209605046,161.6487209605046,1.1413266926801664,1.1413266926801664,1.1413266926801664,1.2495346665068678,1.2495346665068678,1.2495346665068678,-0.10820797382670132,-0.10820797382670132,-0.10820797382670132,0.0,0.0,0.0,162.79004765318476
2023-03-27,162.90317468733946,155.79034730204825,170.3927911503588,162.90317468733946,162.90317468733946,0.051948132393219146,0.051948132393219146,0.051948132393219146,1.1937952256427755,1.1937952256427755,1.1937952256427755,-1.1418470932495564,-1.1418470932495564,-1.1418470932495564,0.0,0.0,0.0,162.95512281973268
2023-03-28,163.32132592961773,155.57795315107165,170.41124293798197,163.32132592961773,163.32132592961773,-0.3303248676302986,-0.3303248676302986,-0.3303248676302986,1.192585167567849,1.192585167567849,1.192585167567849,-1.5229100351981475,-1.5229100351981475,-1.5229100351981475,0.0,0.0,0.0,162.99100106198742
2023-03-29,163.73947717189603,155.38163960660336,169.9928930010048,163.73947717189603,163.73947717189603,-0.9092837147264857,-0.9092837147264857,-0.9092837147264857,1.0228999524131457,1.0228999524131457,1.0228999524131457,-1.9321836671396315,-1.9321836671396315,-1.9321836671396315,0.0,0.0,0.0,162.83019345716954
2023-03-30,164.15762841417433,155.03618612190613,170.5290461460765,164.15762841417433,164.15762841417433,-1.3446286950365312,-1.3446286950365312,-1.3446286950365312,1.0291160953476362,1.0291160953476362,1.0291160953476362,-2.373744790384167,-2.373744790384167,-2.373744790384167,0.0,0.0,0.0,162.8129997191378
2023-03-31,164.5757796564526,155.96833074165306,170.43574495419355,164.5757796564526,164.5757796564526,-1.6006659251374562,-1.6006659251374562,-1.6006659251374562,1.249534666501363,1.249534666501363,1.249534666501363,-2.850200591638819,-2.850200591638819,-2.850200591638819,0.0,0.0,0.0,162.97511373131513
2023-04-03,165.8302333832875,155.36716090713898,169.82424023624452,165.8302333832875,165.8302333832875,-3.2975909579719627,-3.2975909579719627,-3.2975909579719627,1.1937952256456854,1.1937952256456854,1.1937952256456854,-4.4913861836176485,-4.4913861836176485,-4.4913861836176485,0.0,0.0,0.0,162.53264242531554
2023-04-04,166.24838462556576,154.57507080686946,169.8488899250367,166.24838462556576,166.24838462556576,-3.909323845969635,-3.909323845969635,-3.909323845969635,1.1925851675683927,1.1925851675683927,1.1925851675683927,-5.1019090135380285,-5.1019090135380285,-5.1019090135380285,0.0,0.0,0.0,162.33906077959614
2023-04-05,166.66653586784403,154.49390930889726,169.2142505089617,166.66653586784403,166.66653586784403,-4.713885341366248,-4.713885341366248,-4.713885341366248,1.0228999524131168,1.0228999524131168,1.0228999524131168,-5.736785293779364,-5.736785293779364,-5.736785293779364,0.0,0.0,0.0,161.95265052647778
2023-04-06,167.08468711012233,154.05374097137326,169.19954588562106,167.08468711012233,167.08468711012233,-5.360422870729202,-5.360422870729202,-5.360422870729202,1.0291160953474368,1.0291160953474368,1.0291160953474368,-6.389538966076638,-6.389538966076638,-6.389538966076638,0.0,0.0,0.0,161.72426423939314
2023-04-10,168.7572920792355,153.60330191381402,168.41663776153814,168.7572920792355,168.7572920792355,-7.820994336378385,-7.820994336378385,-7.820994336378385,1.1937952256455044,1.1937952256455044,1.1937952256455044,-9.01478956202389,-9.01478956202389,-9.01478956202389,0.0,0.0,0.0,160.9362977428571
2023-04-11,169.17544332151377,153.6036548169281,168.041758790445,169.17544332151377,169.17544332151377,-8.435527601261384,-8.435527601261384,-8.435527601261384,1.1925851675652426,1.1925851675652426,1.1925851675652426,-9.628112768826627,-9.628112768826627,-9.628112768826627,0.0,0.0,0.0,160.73991572025238
2023-04-12,169.59359456379207,152.48187123506875,168.14553378190035,169.59359456379207,169.59359456379207,-9.182049761917169,-9.182049761917169,-9.182049761917169,1.022899952413088,1.022899952413088,1.022899952413088,-10.204949714330258,-10.204949714330258,-10.204949714330258,0.0,0.0,0.0,160.4115448018749
2023-04-13,170.01174580607037,152.26470598878004,167.3082450632977,170.01174580607037,170.01174580607037,-9.706984287936988,-9.706984287936988,-9.706984287936988,1.029116095350074,1.029116095350074,1.029116095350074,-10.736100383287061,-10.736100383287061,-10.736100383287061,0.0,0.0,0.0,160.30476151813338
2023-04-14,170.4298970483486,152.74816371414875,167.76292702205438,170.4298970483486,170.4298970483486,-9.963522693745354,-9.963522693745354,-9.963522693745354,1.2495346665101634,1.2495346665101634,1.2495346665101634,-11.213057360255517,-11.213057360255517,-11.213057360255517,0.0,0.0,0.0,160.46637435460326
2023-04-17,171.6843507751835,152.96125086445556,168.03217267801242,171.6843507751835,171.6843507751835,-11.055398863464035,-11.055398863464035,-11.055398863464035,1.1937952256453235,1.1937952256453235,1.1937952256453235,-12.249194089109357,-12.249194089109357,-12.249194089109357,0.0,0.0,0.0,160.62895191171947
2023-04-18,172.1025019996831,152.93718396373148,168.34711557467298,172.1025019996831,172.1025019996831,-11.253824439168877,-11.253824439168877,-11.253824439168877,1.1925851675706478,1.1925851675706478,1.1925851675706478,-12.446409606739525,-12.446409606739525,-12.446409606739525,0.0,0.0,0.0,160.84867756051423
2023-04-19,172.5206532241827,153.312892465048,168.32299196897856,172.5206532241827,172.5206532241827,-11.542204927668832,-11.542204927668832,-11.542204927668832,1.022899952413059,1.022899952413059,1.022899952413059,-12.565104880081892,-12.565104880081892,-12.565104880081892,0.0,0.0,0.0,160.97844829651387
2023-04-20,172.93880444868228,154.09591969642213,169.22814725208883,172.93880444868228,172.93880444868228,-11.576027495266805,-11.576027495266805,-11.576027495266805,1.0291160953498748,1.0291160953498748,1.0291160953498748,-12.605143590616679,-12.605143590616679,-12.605143590616679,0.0,0.0,0.0,161.36277695341548
2023-04-21,173.3569556731819,154.2547210695231,169.19020681217233,173.3569556731819,173.3569556731819,-11.318597403841492,-11.318597403841492,-11.318597403841492,1.249534666510246,1.249534666510246,1.249534666510246,-12.568132070351739,-12.568132070351739,-12.568132070351739,0.0,0.0,0.0,162.0383582693404
2023-04-24,174.61140934668066,156.54385121303238,171.53768369988023,174.61140934668066,174.61140934668066,-10.84242974622134,-10.84242974622134,-10.84242974622134,1.193795225651324,1.193795225651324,1.193795225651324,-12.036224971872663,-12.036224971872663,-12.036224971872663,0.0,0.0,0.0,163.76897960045932
2023-04-25,175.02956057118024,157.12235663840318,171.83167994781275,175.02956057118024,175.02956057118024,-10.547628613312419,-10.547628613312419,-10.547628613312419,1.1925851675693444,1.1925851675693444,1.1925851675693444,-11.740213780881763,-11.740213780881763,-11.740213780881763,0.0,0.0,0.0,164.48193195786783
2023-04-26,175.44771179567985,157.7789464916026,172.62328149526726,175.44771179567985,175.44771179567985,-10.376089071722474,-10.376089071722474,-10.376089071722474,1.0228999524134879,1.0228999524134879,1.0228999524134879,-11.39898902413596,-11.39898902413596,-11.39898902413596,0.0,0.0,0.0,165.07162272395738
2023-04-27,175.86586302017943,158.0623611240922,173.49379222650956,175.86586302017943,175.86586302017943,-9.993505872394723,-9.993505872394723,-9.993505872394723,1.0291160953510936,1.0291160953510936,1.0291160953510936,-11.022621967745817,-11.022621967745817,-11.022621967745817,0.0,0.0,0.0,165.8723571477847
2023-04-28,176.28401424467904,159.8124616385622,173.93815650084508,176.28401424467904,176.28401424467904,-9.37237087392383,-9.37237087392383,-9.37237087392383,1.2495346665103289,1.2495346665103289,1.2495346665103289,-10.621905540434158,-10.621905540434158,-10.621905540434158,0.0,0.0,0.0,166.9116433707552
2023-05-01,177.53846791817782,162.04825243995634,176.08259145126868,177.53846791817782,177.53846791817782,-8.192934239905302,-8.192934239905302,-8.192934239905302,1.1937952256511433,1.1937952256511433,1.1937952256511433,-9.386729465556446,-9.386729465556446,-9.386729465556446,0.0,0.0,0.0,169.34553367827252
2023-05-02,177.9566191426774,163.72647320408004,177.2599577620904,177.9566191426774,177.9566191426774,-7.808856778174822,-7.808856778174822,-7.808856778174822,1.1925851675698884,1.1925851675698884,1.1925851675698884,-9.00144194574471,-9.00144194574471,-9.00144194574471,0.0,0.0,0.0,170.14776236450257
2023-05-03,178.374770367177,162.98310868125188,178.51261057752535,178.374770367177,178.374770367177,-7.624112724900398,-7.624112724900398,-7.624112724900398,1.0228999524134588,1.0228999524134588,1.0228999524134588,-8.647012677313857,-8.647012677313857,-8.647012677313857,0.0,0.0,0.0,170.75065764227662
2023-05-04,178.7929215916766,163.68261864571664,179.53109477120017,178.7929215916766,178.7929215916766,-7.3037177986905375,-7.3037177986905375,-7.3037177986905375,1.0291160953473772,1.0291160953473772,1.0291160953473772,-8.332833894037915,-8.332833894037915,-8.332833894037915,0.0,0.0,0.0,171.48920379298605
2023-05-05,179.21107281617617,165.15429015207013,179.8552797356571,179.21107281617617,179.21107281617617,-6.817649561480039,-6.817649561480039,-6.817649561480039,1.2495346665048237,1.2495346665048237,1.2495346665048237,-8.067184227984862,-8.067184227984862,-8.067184227984862,0.0,0.0,0.0,172.39342325469613
2023-05-08,180.46552648967497,166.36924131737078,181.81574589563792,180.46552648967497,180.46552648967497,-6.430009440828119,-6.430009440828119,-6.430009440828119,1.193795225654053,1.193795225654053,1.193795225654053,-7.6238046664821715,-7.6238046664821715,-7.6238046664821715,0.0,0.0,0.0,174.03551704884686
2023-05-09,180.88367771417455,166.92410694516957,182.11903570359155,180.88367771417455,180.88367771417455,-6.41441585069514,-6.41441585069514,-6.41441585069514,1.192585167570433,1.192585167570433,1.192585167570433,-7.6070010182655725,-7.6070010182655725,-7.6070010182655725,0.0,0.0,0.0,174.4692618634794
2023-05-10,181.30182893867416,166.6115815205294,182.81524187891932,181.30182893867416,181.30182893867416,-6.6352900922650235,-6.6352900922650235,-6.6352900922650235,1.022899952413192,1.022899952413192,1.022899952413192,-7.658190044678216,-7.658190044678216,-7.658190044678216,0.0,0.0,0.0,174.66653884640914
2023-05-11,181.71998016317374,167.43888940053776,181.91126466459858,181.71998016317374,181.71998016317374,-6.747295221980201,-6.747295221980201,-6.747295221980201,1.0291160953485965,1.0291160953485965,1.0291160953485965,-7.776411317328797,-7.776411317328797,-7.776411317328797,0.0,0.0,0.0,174.97268494119353
2023-05-12,182.13813138767333,167.93164201714097,183.06137090953152,182.13813138767333,182.13813138767333,-6.709600118104944,-6.709600118104944,-6.709600118104944,1.2495346665049063,1.2495346665049063,1.2495346665049063,-7.95913478460985,-7.95913478460985,-7.95913478460985,0.0,0.0,0.0,175.4285312695684
2023-05-15,183.39258506117213,168.69932401626178,183.40643332660926,183.39258506117213,183.39258506117213,-7.654143707195166,-7.654143707195166,-7.654143707195166,1.193795225644812,1.193795225644812,1.193795225644812,-8.847938932839979,-8.847938932839979,-8.847938932839979,0.0,0.0,0.0,175.73844135397695
2023-05-16,183.8107362856717,168.2642964594298,183.19031895033075,183.8107362856717,183.8107362856717,-8.043824283728013,-8.043824283728013,-8.043824283728013,1.1925851675672825,1.1925851675672825,1.1925851675672825,-9.236409451295295,-9.236409451295295,-9.236409451295295,0.0,0.0,0.0,175.7669120019437
2023-05-17,184.2288874968196,167.99639464349036,183.01825410240346,184.2288874968196,184.2288874968196,-8.63517054718866,-8.63517054718866,-8.63517054718866,1.022899952413401,1.022899952413401,1.022899952413401,-9.658070499602061,-9.658070499602061,-9.658070499602061,0.0,0.0,0.0,175.59371694963093
2023-05-18,184.64703870796754,167.3264476304812,182.72039569355772,184.64703870796754,184.64703870796754,-9.07519211293567,-9.07519211293567,-9.07519211293567,1.0291160953483969,1.0291160953483969,1.0291160953483969,-10.104308208284065,-10.104308208284065,-10.104308208284065,0.0,0.0,0.0,175.57184659503187
2023-05-19,185.06518991911543,168.41760908502005,183.49439638604738,185.06518991911543,185.06518991911543,-9.316733902718637,-9.316733902718637,-9.316733902718637,1.249534666502195,1.249534666502195,1.249534666502195,-10.566268569220831,-10.566268569220831,-10.566268569220831,0.0,0.0,0.0,175.7484560163968
2023-05-22,186.31964355255917,168.04728356168778,183.29939645203297,186.31964355255917,186.31964355255917,-10.765614657609259,-10.765614657609259,-10.765614657609259,1.193795225647722,1.193795225647722,1.193795225647722,-11.959409883256981,-11.959409883256981,-11.959409883256981,0.0,0.0,0.0,175.5540288949499
2023-05-23,186.7377947637071,167.7681210047837,183.00740267682602,186.7377947637071,186.7377947637071,-11.20667300758858,-11.20667300758858,-11.20667300758858,1.1925851675678267,1.1925851675678267,1.1925851675678267,-12.399258175156406,-12.399258175156406,-12.399258175156406,0.0,0.0,0.0,175.5311217561185
2023-05-24,187.155945974855,168.54662861171263,183.08940648911454,187.155945974855,187.155945974855,-11.7922029901165,-11.7922029901165,-11.7922029901165,1.0228999524131341,1.0228999524131341,1.0228999524131341,-12.815102942529634,-12.815102942529634,-12.815102942529634,0.0,0.0,0.0,175.3637429847385
2023-05-25,187.57409718600292,168.05290920699488,182.94283409775616,187.57409718600292,187.57409718600292,-12.172175984181582,-12.172175984181582,-12.172175984181582,1.0291160953496161,1.0291160953496161,1.0291160953496161,-13.201292079531196,-13.201292079531196,-13.201292079531196,0.0,0.0,0.0,175.40192120182132
2023-05-26,187.9922483971508,168.23448066000776,183.30982969297904,187.9922483971508,187.9922483971508,-12.303737049859457,-12.303737049859457,-12.303737049859457,1.249534666510913,1.249534666510913,1.249534666510913,-13.55327171637037,-13.55327171637037,-13.55327171637037,0.0,0.0,0.0,175.68851134729135
2023-05-30,189.66485324174246,168.92192148531268,183.2513885779218,189.66485324174246,189.66485324174246,-13.376933664527405,-13.376933664527405,-13.376933664527405,1.1925851675695371,1.1925851675695371,1.1925851675695371,-14.569518832096943,-14.569518832096943,-14.569518832096943,0.0,0.0,0.0,176.28791957721506
2023-05-31,190.08300445289038,168.8562326079073,183.80585231536918,190.08300445289038,190.08300445289038,-13.700703325247119,-13.700703325247119,-13.700703325247119,1.0228999524135631,1.0228999524135631,1.0228999524135631,-14.72360327766068,-14.72360327766068,-14.72360327766068,0.0,0.0,0.0,176.38230112764325
2023-06-01,190.50115566403827,169.4031066551233,184.36810462787105,190.50115566403827,190.50115566403827,-13.811564829517538,-13.811564829517538,-13.811564829517538,1.0291160953494167,1.0291160953494167,1.0291160953494167,-14.840680924866955,-14.840680924866955,-14.840680924866955,0.0,0.0,0.0,176.68959083452071
2023-06-02,190.9193068751862,169.81621694354604,185.16142607553064,190.9193068751862,190.9193068751862,-13.674311066029393,-13.674311066029393,-13.674311066029393,1.2495346665082017,1.2495346665082017,1.2495346665082017,-14.923845732537593,-14.923845732537593,-14.923845732537593,0.0,0.0,0.0,177.24499580915682
2023-06-05,192.17376050862995,171.34678997767656,186.41394572378334,192.17376050862995,192.17376050862995,-13.816077547795683,-13.816077547795683,-13.816077547795683,1.193795225650451,1.193795225650451,1.193795225650451,-15.009872773446133,-15.009872773446133,-15.009872773446133,0.0,0.0,0.0,178.35768296083427
2023-06-06,192.59191171977784,171.24418677756074,185.9348356057378,192.59191171977784,192.59191171977784,-13.806534559694294,-13.806534559694294,-13.806534559694294,1.192585167570081,1.192585167570081,1.192585167570081,-14.999119727264377,-14.999119727264377,-14.999119727264377,0.0,0.0,0.0,178.78537716008356
2023-06-07,193.01006293092573,171.29138091860608,186.46399182268001,193.01006293092573,193.01006293092573,-13.953467782197022,-13.953467782197022,-13.953467782197022,1.022899952413534,1.022899952413534,1.022899952413534,-14.976367734610555,-14.976367734610555,-14.976367734610555,0.0,0.0,0.0,179.05659514872872
2023-06-08,193.42821414207367,172.25454005055747,186.6021487653868,193.42821414207367,193.42821414207367,-13.916842578829778,-13.916842578829778,-13.916842578829778,1.0291160953520542,1.0291160953520542,1.0291160953520542,-14.945958674181833,-14.945958674181833,-14.945958674181833,0.0,0.0,0.0,179.5113715632439
2023-06-09,193.8463653532216,172.95510629974794,187.48585105382654,193.8463653532216,193.8463653532216,-13.662262939142257,-13.662262939142257,-13.662262939142257,1.2495346665054905,1.2495346665054905,1.2495346665054905,-14.911797605647747,-14.911797605647747,-14.911797605647747,0.0,0.0,0.0,180.18410241407932
2023-06-12,195.1008189866653,174.20790250101493,188.54449973338723,195.1008189866653,195.1008189866653,-13.622528760288954,-13.622528760288954,-13.622528760288954,1.1937952256502702,1.1937952256502702,1.1937952256502702,-14.816323985939224,-14.816323985939224,-14.816323985939224,0.0,0.0,0.0,181.47829022637634
2023-06-13,195.51897019781322,174.58409267707736,189.41809201864658,195.51897019781322,195.51897019781322,-13.60018008821101,-13.60018008821101,-13.60018008821101,1.1925851675687782,1.1925851675687782,1.1925851675687782,-14.792765255779788,-14.792765255779788,-14.792765255779788,0.0,0.0,0.0,181.9187901096022
2023-06-14,195.93712140896116,174.62967238662608,189.85162309594293,195.93712140896116,195.93712140896116,-13.751230268221349,-13.751230268221349,-13.751230268221349,1.0228999524135052,1.0228999524135052,1.0228999524135052,-14.774130220634852,-14.774130220634852,-14.774130220634852,0.0,0.0,0.0,182.1858911407398
2023-06-15,196.35527262010905,175.15075524224497,189.88258697027032,196.35527262010905,196.35527262010905,-13.73043916648811,-13.73043916648811,-13.73043916648811,1.0291160953518548,1.0291160953518548,1.0291160953518548,-14.759555261839964,-14.759555261839964,-14.759555261839964,0.0,0.0,0.0,182.62483345362094
2023-06-16,196.77342383125693,176.15649027555511,190.61601018499672,196.77342383125693,196.77342383125693,-13.497793911633892,-13.497793911633892,-13.497793911633892,1.2495346665142084,1.2495346665142084,1.2495346665142084,-14.747328578148101,-14.747328578148101,-14.747328578148101,0.0,0.0,0.0,183.27562991962304
2023-06-20,197.2078829082645,176.58988342176548,191.43496274957803,197.2078829082645,197.2078829082645,-13.470590670863754,-13.470590670863754,-13.470590670863754,1.1925851675674748,1.1925851675674748,1.1925851675674748,-14.663175838431227,-14.663175838431227,-14.663175838431227,0.0,0.0,0.0,183.73729223740077
2023-06-21,197.3164976775164,176.33982379808114,190.9245266863565,197.3164976775164,197.3164976775164,-13.591514256472358,-13.591514256472358,-13.591514256472358,1.0228999524132378,1.0228999524132378,1.0228999524132378,-14.614414208885597,-14.614414208885597,-14.614414208885597,0.0,0.0,0.0,183.72498342104404
2023-06-22,197.42511244676828,176.90473235547103,191.59827834853803,197.42511244676828,197.42511244676828,-13.517130907760826,-13.517130907760826,-13.517130907760826,1.0291160953481384,1.0291160953481384,1.0291160953481384,-14.546247003108967,-14.546247003108967,-14.546247003108967,0.0,0.0,0.0,183.90798153900747
2023-06-23,197.53372721602017,176.8335909166253,191.82286788786223,197.53372721602017,197.53372721602017,-13.205133890959381,-13.205133890959381,-13.205133890959381,1.2495346665142912,1.2495346665142912,1.2495346665142912,-14.454668557473674,-14.454668557473674,-14.454668557473674,0.0,0.0,0.0,184.32859332506078
2023-06-26,197.85957152377583,177.58572370076743,192.16358526530576,197.85957152377583,197.85957152377583,-12.812735647317004,-12.812735647317004,-12.812735647317004,1.1937952256470292,1.1937952256470292,1.1937952256470292,-14.006530872964033,-14.006530872964033,-14.006530872964033,0.0,0.0,0.0,185.04683587645883
2023-06-27,197.9681862930277,177.99295357177883,193.11217264475056,197.9681862930277,197.9681862930277,-12.599408250744037,-12.599408250744037,-12.599408250744037,1.1925851675710328,1.1925851675710328,1.1925851675710328,-13.791993418315071,-13.791993418315071,-13.791993418315071,0.0,0.0,0.0,185.36877804228368
2023-06-28,198.0768010622796,178.05190723719107,192.6302257334202,198.0768010622796,198.0768010622796,-12.52064091119266,-12.52064091119266,-12.52064091119266,1.0228999524129712,1.0228999524129712,1.0228999524129712,-13.54354086360563,-13.54354086360563,-13.54354086360563,0.0,0.0,0.0,185.55616015108694
2023-06-29,198.1854158315315,178.36833179268686,193.45720041270533,198.1854158315315,198.1854158315315,-12.232905582352856,-12.232905582352856,-12.232905582352856,1.0291160953493574,1.0291160953493574,1.0291160953493574,-13.262021677702213,-13.262021677702213,-13.262021677702213,0.0,0.0,0.0,185.95251024917863
2023-06-30,198.29403060078337,179.5087353789424,193.7768523550572,198.29403060078337,198.29403060078337,-11.699951460362257,-11.699951460362257,-11.699951460362257,1.2495346665087859,1.2495346665087859,1.2495346665087859,-12.949486126871044,-12.949486126871044,-12.949486126871044,0.0,0.0,0.0,186.59407914042112
2023-07-03,198.61987490853903,179.99526323342815,195.22402619775497,198.61987490853903,198.61987490853903,-10.670718705707358,-10.670718705707358,-10.670718705707358,1.193795225649939,1.193795225649939,1.193795225649939,-11.864513931357298,-11.864513931357298,-11.864513931357298,0.0,0.0,0.0,187.94915620283166
2023-07-05,198.8371044470428,181.650672261036,196.6403861053461,198.8371044470428,198.8371044470428,-10.05408192559199,-10.05408192559199,-10.05408192559199,1.0228999524129423,1.0228999524129423,1.0228999524129423,-11.076981878004933,-11.076981878004933,-11.076981878004933,0.0,0.0,0.0,188.78302252145082
2023-07-06,198.9457192162947,182.05700466424955,196.53560087398466,198.9457192162947,198.9457192162947,-9.657449780881912,-9.657449780881912,-9.657449780881912,1.0291160953505762,1.0291160953505762,1.0291160953505762,-10.686565876232489,-10.686565876232489,-10.686565876232489,0.0,0.0,0.0,189.2882694354128
2023-07-07,199.0543339855466,182.63343481598793,197.3876851185719,199.0543339855466,199.0543339855466,-9.060531150915507,-9.060531150915507,-9.060531150915507,1.2495346665088687,1.2495346665088687,1.2495346665088687,-10.310065817424377,-10.310065817424377,-10.310065817424377,0.0,0.0,0.0,189.9938028346311
2023-07-10,199.38017829330227,183.92091739265177,198.53826103609023,199.38017829330227,199.38017829330227,-8.16258444180804,-8.16258444180804,-8.16258444180804,1.1937952256497582,1.1937952256497582,1.1937952256497582,-9.356379667457798,-9.356379667457798,-9.356379667457798,0.0,0.0,0.0,191.21759385149423
2023-07-11,199.48879306255412,184.09493093242526,198.69786612749246,199.48879306255412,199.48879306255412,-7.934621450035845,-7.934621450035845,-7.934621450035845,1.1925851675684265,1.1925851675684265,1.1925851675684265,-9.127206617604271,-9.127206617604271,-9.127206617604271,0.0,0.0,0.0,191.55417161251827
2023-07-12,199.597407831806,183.90498475331714,199.51925245687394,199.597407831806,199.597407831806,-7.933315586778752,-7.933315586778752,-7.933315586778752,1.022899952412913,1.022899952412913,1.022899952412913,-8.956215539191664,-8.956215539191664,-8.956215539191664,0.0,0.0,0.0,191.66409224502726
2023-07-13,199.7060226010579,184.31816448558465,199.21693408866,199.7060226010579,199.7060226010579,-7.821304437031267,-7.821304437031267,-7.821304437031267,1.02911609534686,1.02911609534686,1.02911609534686,-8.850420532378125,-8.850420532378125,-8.850420532378125,0.0,0.0,0.0,191.88471816402662
2023-07-14,199.8146373703098,185.04558228053588,199.7942389488418,199.8146373703098,199.8146373703098,-7.5661171776210745,-7.5661171776210745,-7.5661171776210745,1.2495346665061573,1.2495346665061573,1.2495346665061573,-8.815651844127231,-8.815651844127231,-8.815651844127231,0.0,0.0,0.0,192.24852019268874
2023-07-17,200.14048167806547,184.6134745475208,199.6336664240949,200.14048167806547,200.14048167806547,-7.980152391098874,-7.980152391098874,-7.980152391098874,1.193795225652668,1.193795225652668,1.193795225652668,-9.173947616751542,-9.173947616751542,-9.173947616751542,0.0,0.0,0.0,192.1603292869666
2023-07-18,200.24909644731736,184.76713811479814,199.26122026039798,200.24909644731736,200.24909644731736,-8.258815232074838,-8.258815232074838,-8.258815232074838,1.1925851675689703,1.1925851675689703,1.1925851675689703,-9.451400399643807,-9.451400399643807,-9.451400399643807,0.0,0.0,0.0,191.99028121524253
2023-07-19,200.35771121656921,184.47744434438422,198.6123491867353,200.35771121656921,200.35771121656921,-8.782381783637543,-8.782381783637543,-8.782381783637543,1.0228999524133422,1.0228999524133422,1.0228999524133422,-9.805281736050887,-9.805281736050887,-9.805281736050887,0.0,0.0,0.0,191.57532943293168
2023-07-20,200.124901536815,183.61707171064086,198.94914351599647,200.124901536815,200.124901536815,-9.202162890242013,-9.202162890242013,-9.202162890242013,1.0291160953480791,1.0291160953480791,1.0291160953480791,-10.231278985590091,-10.231278985590091,-10.231278985590091,0.0,0.0,0.0,190.92273864657298
2023-07-21,199.89209185706076,182.62295946492173,197.22882037203215,199.89209185706076,199.89209185706076,-9.47374755419735,-9.47374755419735,-9.47374755419735,1.24953466650624,1.24953466650624,1.24953466650624,-10.723282220703592,-10.723282220703592,-10.723282220703592,0.0,0.0,0.0,190.4183443028634
2023-07-24,199.1936628177981,180.7429678686326,195.54367399307247,199.1936628177981,199.1936628177981,-11.315848943314352,-11.315848943314352,-11.315848943314352,1.1937952256434272,1.1937952256434272,1.1937952256434272,-12.509644168957779,-12.509644168957779,-12.509644168957779,0.0,0.0,0.0,187.87781387448373
2023-07-25,198.9608531380439,179.3704106623161,194.25612264393826,198.9608531380439,198.9608531380439,-11.980422264710214,-11.980422264710214,-11.980422264710214,1.1925851675676675,1.1925851675676675,1.1925851675676675,-13.17300743227788,-13.17300743227788,-13.17300743227788,0.0,0.0,0.0,186.98043087333366
2023-07-26,198.72804345828965,178.69498334841995,193.51593847389665,198.72804345828965,198.72804345828965,-12.826959078589388,-12.826959078589388,-12.826959078589388,1.0228999524130753,1.0228999524130753,1.0228999524130753,-13.849859031002463,-13.849859031002463,-13.849859031002463,0.0,0.0,0.0,185.90108437970025
2023-07-27,198.49523377853544,177.63906936978444,192.43521085262716,198.49523377853544,198.49523377853544,-13.497755021804771,-13.497755021804771,-13.497755021804771,1.0291160953478795,1.0291160953478795,1.0291160953478795,-14.52687111715265,-14.52687111715265,-14.52687111715265,0.0,0.0,0.0,184.99747875673066
2023-07-28,198.26242409878117,176.2018347216431,191.72553907656598,198.26242409878117,198.26242409878117,-13.940907464233781,-13.940907464233781,-13.940907464233781,1.2495346665035287,1.2495346665035287,1.2495346665035287,-15.190442130737312,-15.190442130737312,-15.190442130737312,0.0,0.0,0.0,184.32151663454738
2023-07-31,197.5639950595185,173.94922976864743,189.5266582006205,197.5639950595185,197.5639950595185,-15.773387587661038,-15.773387587661038,-15.773387587661038,1.193795225646337,1.193795225646337,1.193795225646337,-16.967182813307375,-16.967182813307375,-16.967182813307375,0.0,0.0,0.0,181.79060747185747
2023-08-01,197.33118537976426,173.3970613899464,188.5404975634825,197.33118537976426,197.33118537976426,-16.254227611342845,-16.254227611342845,-16.254227611342845,1.1925851675682113,1.1925851675682113,1.1925851675682113,-17.44681277891106,-17.44681277891106,-17.44681277891106,0.0,0.0,0.0,181.0769577684214
2023-08-02,197.09837570001005,172.81344177145274,187.83653137831158,197.09837570001005,197.09837570001005,-16.829230813457276,-16.829230813457276,-16.829230813457276,1.0228999524132845,1.0228999524132845,1.0228999524132845,-17.852130765870562,-17.852130765870562,-17.852130765870562,0.0,0.0,0.0,180.26914488655277
2023-08-03,196.8655660202558,172.29456211632618,187.0853334570565,196.8655660202558,196.8655660202558,-17.145380637586097,-17.145380637586097,-17.145380637586097,1.029116095350517,1.029116095350517,1.029116095350517,-18.174496732936614,-18.174496732936614,-18.174496732936614,0.0,0.0,0.0,179.7201853826697
2023-08-04,196.63275634050157,172.24348811749192,187.54893194168005,196.63275634050157,196.63275634050157,-17.15750022183196,-17.15750022183196,-17.15750022183196,1.2495346665122469,1.2495346665122469,1.2495346665122469,-18.407034888344207,-18.407034888344207,-18.407034888344207,0.0,0.0,0.0,179.47525611866962
2023-08-07,195.93432730123888,171.2400098982683,185.71208102847572,195.93432730123888,195.93432730123888,-17.332938464638964,-17.332938464638964,-17.332938464638964,1.1937952256461564,1.1937952256461564,1.1937952256461564,-18.526733690285123,-18.526733690285123,-18.526733690285123,0.0,0.0,0.0,178.6013888365999
2023-08-08,195.70151762148467,171.2486138546983,185.74801102617388,195.70151762148467,195.70151762148467,-17.17901075540286,-17.17901075540286,-17.17901075540286,1.1925851675669086,1.1925851675669086,1.1925851675669086,-18.37159592296977,-18.37159592296977,-18.37159592296977,0.0,0.0,0.0,178.5225068660818
2023-08-09,195.46870794173043,170.72980552262683,185.5460750961967,195.46870794173043,195.46870794173043,-17.100206395382553,-17.100206395382553,-17.100206395382553,1.0228999524134752,1.0228999524134752,1.0228999524134752,-18.12310634779603,-18.12310634779603,-18.12310634779603,0.0,0.0,0.0,178.3685015463479
2023-08-10,195.23589826197622,171.14472920946903,185.88360001124747,195.23589826197622,195.23589826197622,-16.757760429777495,-16.757760429777495,-16.757760429777495,1.0291160953503176,1.0291160953503176,1.0291160953503176,-17.786876525127813,-17.786876525127813,-17.786876525127813,0.0,0.0,0.0,178.4781378321987
2023-08-11,195.00308858222198,171.58519832789773,186.333578447431,195.00308858222198,195.00308858222198,-16.120885891214854,-16.120885891214854,-16.120885891214854,1.2495346665095355,1.2495346665095355,1.2495346665095355,-17.37042055772439,-17.37042055772439,-17.37042055772439,0.0,0.0,0.0,178.88220269100714
2023-08-14,194.30465954295929,172.29301542372554,187.48623086754054,194.30465954295929,194.30465954295929,-14.545311074089927,-14.545311074089927,-14.545311074089927,1.1937952256521567,1.1937952256521567,1.1937952256521567,-15.739106299742085,-15.739106299742085,-15.739106299742085,0.0,0.0,0.0,179.75934846886935
2023-08-15,194.07184986320505,173.13759868831002,187.51529413662945,194.07184986320505,194.07184986320505,-13.914862067322572,-13.914862067322572,-13.914862067322572,1.1925851675704662,1.1925851675704662,1.1925851675704662,-15.107447234893037,-15.107447234893037,-15.107447234893037,0.0,0.0,0.0,180.1569877958825
2023-08-16,193.83904018345083,172.72953667418025,188.12648798713687,193.83904018345083,193.83904018345083,-13.430757295378783,-13.430757295378783,-13.430757295378783,1.022899952413684,1.022899952413684,1.022899952413684,-14.453657247792467,-14.453657247792467,-14.453657247792467,0.0,0.0,0.0,180.40828288807205
2023-08-17,193.60623050369662,172.5148154317525,188.3922952006259,193.60623050369662,193.60623050369662,-12.762279689851018,-12.762279689851018,-12.762279689851018,1.0291160953501184,1.0291160953501184,1.0291160953501184,-13.791395785201138,-13.791395785201138,-13.791395785201138,0.0,0.0,0.0,180.8439508138456
2023-08-18,193.37342082394238,174.06197470459864,188.78481727726856,193.37342082394238,193.37342082394238,-11.884691183217758,-11.884691183217758,-11.884691183217758,1.249534666509618,1.249534666509618,1.249534666509618,-13.134225849727375,-13.134225849727375,-13.134225849727375,0.0,0.0,0.0,181.4887296407246
2023-08-21,192.67499176342756,174.70869426982392,189.93231516706243,192.67499176342756,192.67499176342756,-10.126627236166229,-10.126627236166229,-10.126627236166229,1.193795225651976,1.193795225651976,1.193795225651976,-11.320422461818206,-11.320422461818206,-11.320422461818206,0.0,0.0,0.0,182.54836452726133
2023-08-22,192.44218207658926,175.19732914960903,190.04587670067963,192.44218207658926,192.44218207658926,-9.613191047942479,-9.613191047942479,-9.613191047942479,1.1925851675691632,1.1925851675691632,1.1925851675691632,-10.805776215511642,-10.805776215511642,-10.805776215511642,0.0,0.0,0.0,182.82899102864678
2023-08-23,192.20937238975097,175.75770892504272,190.7695349788992,192.20937238975097,192.20937238975097,-9.328445251655848,-9.328445251655848,-9.328445251655848,1.0228999524134172,1.0228999524134172,1.0228999524134172,-10.351345204069267,-10.351345204069267,-10.351345204069267,0.0,0.0,0.0,182.88092713809513
2023-08-24,191.9765627029127,175.7445118706964,190.65456873852645,191.9765627029127,191.9765627029127,-8.934614836581131,-8.934614836581131,-8.934614836581131,1.0291160953513372,1.0291160953513372,1.0291160953513372,-9.963730931932467,-9.963730931932467,-9.963730931932467,0.0,0.0,0.0,183.04194786633158
2023-08-25,191.74375301607444,175.97582325770037,190.74446415224176,191.74375301607444,191.74375301607444,-8.398078381867494,-8.398078381867494,-8.398078381867494,1.2495346665041132,1.2495346665041132,1.2495346665041132,-9.647613048371607,-9.647613048371607,-9.647613048371607,0.0,0.0,0.0,183.34567463420694
2023-08-28,191.04532395555958,175.60169821367458,190.3975751322403,191.04532395555958,191.04532395555958,-7.9507952199019005,-7.9507952199019005,-7.9507952199019005,1.193795225651795,1.193795225651795,1.193795225651795,-9.144590445553696,-9.144590445553696,-9.144590445553696,0.0,0.0,0.0,183.0945287356577
2023-08-29,190.81251426872132,175.80985749265474,190.28954083403903,190.81251426872132,190.81251426872132,-7.92804674016157,-7.92804674016157,-7.92804674016157,1.192585167569707,1.192585167569707,1.192585167569707,-9.120631907731278,-9.120631907731278,-9.120631907731278,0.0,0.0,0.0,182.88446752855975
2023-08-30,190.57970458188305,174.3620839685989,190.34028205348605,190.57970458188305,190.57970458188305,-8.138414028476923,-8.138414028476923,-8.138414028476923,1.022899952413388,1.022899952413388,1.022899952413388,-9.161313980890313,-9.161313980890313,-9.161313980890313,0.0,0.0,0.0,182.44129055340613
2023-08-31,190.34689489504476,174.10178143934044,189.73547555042717,190.34689489504476,190.34689489504476,-8.2305632332675,-8.2305632332675,-8.2305632332675,1.0291160953462024,1.0291160953462024,1.0291160953462024,-9.259679328613702,-9.259679328613702,-9.259679328613702,0.0,0.0,0.0,182.11633166177725
2023-09-01,190.11408520820646,174.43598144112642,188.57766111896893,190.11408520820646,190.11408520820646,-8.157760571380033,-8.157760571380033,-8.157760571380033,1.2495346665041958,1.2495346665041958,1.2495346665041958,-9.407295237884227,-9.407295237884227,-9.407295237884227,0.0,0.0,0.0,181.95632463682642
2023-09-05,189.18284646085337,172.83797556412765,187.34955336018774,189.18284646085337,189.18284646085337,-9.092119638864633,-9.092119638864633,-9.092119638864633,1.1925851675714176,1.1925851675714176,1.1925851675714176,-10.28470480643605,-10.28470480643605,-10.28470480643605,0.0,0.0,0.0,180.09072682198874
2023-09-06,188.95003677401508,172.05038465359235,186.70328791124453,188.95003677401508,188.95003677401508,-9.496449586088353,-9.496449586088353,-9.496449586088353,1.022899952413359,1.022899952413359,1.022899952413359,-10.51934953850171,-10.51934953850171,-10.51934953850171,0.0,0.0,0.0,179.45358718792673
2023-09-07,188.7172270871768,171.68865984258485,187.44454871128008,188.7172270871768,188.7172270871768,-9.70815940768969,-9.70815940768969,-9.70815940768969,1.0291160953488399,1.0291160953488399,1.0291160953488399,-10.737275503038529,-10.737275503038529,-10.737275503038529,0.0,0.0,0.0,179.00906767948712
2023-09-08,188.48441740033854,171.52349952940855,186.06799715337587,188.48441740033854,188.48441740033854,-9.678277972461355,-9.678277972461355,-9.678277972461355,1.2495346665042781,1.2495346665042781,1.2495346665042781,-10.927812638965634,-10.927812638965634,-10.927812638965634,0.0,0.0,0.0,178.80613942787718
2023-09-11,187.7859883398237,170.0759220674416,184.79294880118445,187.7859883398237,187.7859883398237,-10.049531394147586,-10.049531394147586,-10.049531394147586,1.1937952256423732,1.1937952256423732,1.1937952256423732,-11.24332661978996,-11.24332661978996,-11.24332661978996,0.0,0.0,0.0,177.7364569456761
2023-09-12,187.55317865298545,169.95425349395325,184.63570532645545,187.55317865298545,187.55317865298545,-10.046555415608603,-10.046555415608603,-10.046555415608603,1.1925851675719623,1.1925851675719623,1.1925851675719623,-11.239140583180566,-11.239140583180566,-11.239140583180566,0.0,0.0,0.0,177.50662323737686
2023-09-13,187.32036896614716,170.31599476328992,184.74881207728163,187.32036896614716,187.32036896614716,-10.14930162085603,-10.14930162085603,-10.14930162085603,1.0228999524133304,1.0228999524133304,1.0228999524133304,-11.172201573269358,-11.172201573269358,-11.172201573269358,0.0,0.0,0.0,177.17106734529114
2023-09-14,187.0875592793089,170.20641187525445,184.60211287379028,187.0875592793089,187.0875592793089,-10.01114801217491,-10.01114801217491,-10.01114801217491,1.0291160953486402,1.0291160953486402,1.0291160953486402,-11.040264107523551,-11.040264107523551,-11.040264107523551,0.0,0.0,0.0,177.07641126713398
2023-09-15,186.8547495924706,169.76191885139653,184.87015453686575,186.8547495924706,186.8547495924706,-9.593352864870797,-9.593352864870797,-9.593352864870797,1.249534666501567,1.249534666501567,1.249534666501567,-10.842887531372362,-10.842887531372362,-10.842887531372362,0.0,0.0,0.0,177.2613967275998
2023-09-18,186.15632053195577,170.4864051231835,184.72090422462992,186.15632053195577,186.15632053195577,-8.686308096641108,-8.686308096641108,-8.686308096641108,1.1937952256483735,1.1937952256483735,1.1937952256483735,-9.880103322289482,-9.880103322289482,-9.880103322289482,0.0,0.0,0.0,177.47001243531466
2023-09-19,185.92351084511748,169.92859652953294,184.7440706097149,185.92351084511748,185.92351084511748,-8.258481349339322,-8.258481349339322,-8.258481349339322,1.1925851675688117,1.1925851675688117,1.1925851675688117,-9.451066516908133,-9.451066516908133,-9.451066516908133,0.0,0.0,0.0,177.66502949577816
2023-09-20,185.69070865635825,170.2330330105946,185.25904459848996,185.69070865635825,185.69070865635825,-7.95631002113464,-7.95631002113464,-7.95631002113464,1.0228999524130633,1.0228999524130633,1.0228999524130633,-8.979209973547704,-8.979209973547704,-8.979209973547704,0.0,0.0,0.0,177.7343986352236
2023-09-21,185.45790646759906,171.23848776655464,185.4778531030968,185.45790646759906,185.45790646759906,-7.443834214930778,-7.443834214930778,-7.443834214930778,1.0291160953498595,1.0291160953498595,1.0291160953498595,-8.472950310280638,-8.472950310280638,-8.472950310280638,0.0,0.0,0.0,178.01407225266829
2023-09-22,185.22510427883986,171.11703690622574,185.7710069973174,185.22510427883986,185.22510427883986,-6.691943372574455,-6.691943372574455,-6.691943372574455,1.249534666510285,1.249534666510285,1.249534666510285,-7.941478039084739,-7.941478039084739,-7.941478039084739,0.0,0.0,0.0,178.5331609062654
2023-09-25,184.52669771256222,171.62824559418746,186.72332948888024,184.52669771256222,184.52669771256222,-5.099721650505767,-5.099721650505767,-5.099721650505767,1.1937952256481925,1.1937952256481925,1.1937952256481925,-6.29351687615396,-6.29351687615396,-6.29351687615396,0.0,0.0,0.0,179.42697606205647
2023-09-26,184.29389552380306,171.88350051535926,187.81327942546685,184.29389552380306,184.29389552380306,-4.566303763635375,-4.566303763635375,-4.566303763635375,1.192585167569356,1.192585167569356,1.192585167569356,-5.758888931204731,-5.758888931204731,-5.758888931204731,0.0,0.0,0.0,179.72759176016768
2023-09-27,184.06109333504386,172.39281556506512,187.3953692432151,184.06109333504386,184.06109333504386,-4.223993348028336,-4.223993348028336,-4.223993348028336,1.0228999524134923,1.0228999524134923,1.0228999524134923,-5.246893300441828,-5.246893300441828,-5.246893300441828,0.0,0.0,0.0,179.83709998701553
2023-09-28,183.82829114628464,172.7515528016083,187.71277420489162,183.82829114628464,183.82829114628464,-3.7364578420366508,-3.7364578420366508,-3.7364578420366508,1.0291160953510787,1.0291160953510787,1.0291160953510787,-4.76557393738773,-4.76557393738773,-4.76557393738773,0.0,0.0,0.0,180.09183330424798
2023-09-29,183.59548895752545,172.97862650485192,187.96050483354912,183.59548895752545,183.59548895752545,-3.0723757955876856,-3.0723757955876856,-3.0723757955876856,1.24953466650478,1.24953466650478,1.24953466650478,-4.3219104620924655,-4.3219104620924655,-4.3219104620924655,0.0,0.0,0.0,180.52311316193777
2023-10-02,182.89708239124786,173.94268450881665,188.18628680266298,182.89708239124786,182.89708239124786,-2.073389832528916,-2.073389832528916,-2.073389832528916,1.1937952256511029,1.1937952256511029,1.1937952256511029,-3.267185058180019,-3.267185058180019,-3.267185058180019,0.0,0.0,0.0,180.82369255871896
2023-10-03,182.66428020248864,173.4360008487868,187.78968993670065,182.66428020248864,182.66428020248864,-1.8246155379051143,-1.8246155379051143,-1.8246155379051143,1.1925851675699,1.1925851675699,1.1925851675699,-3.0172007054750143,-3.0172007054750143,-3.0172007054750143,0.0,0.0,0.0,180.83966466458352
2023-10-04,182.43147801372945,173.81342606608823,188.5471256730674,182.43147801372945,182.43147801372945,-1.7960400536086774,-1.7960400536086774,-1.7960400536086774,1.0228999524132254,1.0228999524132254,1.0228999524132254,-2.818940006021903,-2.818940006021903,-2.818940006021903,0.0,0.0,0.0,180.63543796012078
2023-10-05,182.19867582497025,173.06270916031687,188.85167269006033,182.19867582497025,182.19867582497025,-1.6415660809522001,-1.6415660809522001,-1.6415660809522001,1.0291160953522978,1.0291160953522978,1.0291160953522978,-2.670682176304498,-2.670682176304498,-2.670682176304498,0.0,0.0,0.0,180.55710974401805
2023-10-06,181.96587363621106,173.12594088441983,188.0263464721584,181.96587363621106,181.96587363621106,-1.3197473167993097,-1.3197473167993097,-1.3197473167993097,1.2495346665048623,1.2495346665048623,1.2495346665048623,-2.569281983304172,-2.569281983304172,-2.569281983304172,0.0,0.0,0.0,180.64612631941174
2023-10-09,181.26746706993345,172.48891560544456,187.15248870385014,181.26746706993345,181.26746706993345,-1.3024409285105065,-1.3024409285105065,-1.3024409285105065,1.1937952256418616,1.1937952256418616,1.1937952256418616,-2.4962361541523683,-2.4962361541523683,-2.4962361541523683,0.0,0.0,0.0,179.96502614142292
2023-10-10,181.03466488117425,172.25183408862227,186.80856945849337,181.03466488117425,181.03466488117425,-1.3347668527189616,-1.3347668527189616,-1.3347668527189616,1.1925851675667496,1.1925851675667496,1.1925851675667496,-2.527352020285711,-2.527352020285711,-2.527352020285711,0.0,0.0,0.0,179.6998980284553
2023-10-11,180.80186269241506,172.1465579646989,186.85700584069363,180.80186269241506,180.80186269241506,-1.5507946477205254,-1.5507946477205254,-1.5507946477205254,1.0228999524134346,1.0228999524134346,1.0228999524134346,-2.57369460013396,-2.57369460013396,-2.57369460013396,0.0,0.0,0.0,179.25106804469453
2023-10-12,180.56906050365583,171.36935941962633,186.68156900262974,180.56906050365583,180.56906050365583,-1.5981158627626986,-1.5981158627626986,-1.5981158627626986,1.0291160953520986,1.0291160953520986,1.0291160953520986,-2.6272319581147974,-2.6272319581147974,-2.6272319581147974,0.0,0.0,0.0,178.97094464089312
2023-10-13,180.33625831489664,171.65879607791558,186.39077312212382,180.33625831489664,180.33625831489664,-1.4303923498254687,-1.4303923498254687,-1.4303923498254687,1.2495346665135802,1.2495346665135802,1.2495346665135802,-2.679927016339049,-2.679927016339049,-2.679927016339049,0.0,0.0,0.0,178.90586596507117
2023-10-16,179.63785174861903,170.42158816507725,185.6034824648355,179.63785174861903,179.63785174861903,-1.5637886216382857,-1.5637886216382857,-1.5637886216382857,1.1937952256447715,1.1937952256447715,1.1937952256447715,-2.757583847283057,-2.757583847283057,-2.757583847283057,0.0,0.0,0.0,178.07406312698075
2023-10-17,179.40504955985983,170.43018946712334,184.74951689755488,179.40504955985983,179.40504955985983,-1.5421635560589653,-1.5421635560589653,-1.5421635560589653,1.1925851675672936,1.1925851675672936,1.1925851675672936,-2.7347487236262586,-2.7347487236262586,-2.7347487236262586,0.0,0.0,0.0,177.86288600380087
2023-10-18,179.17224737110064,169.9336407170038,184.6099702912341,179.17224737110064,179.17224737110064,-1.655967718300754,-1.655967718300754,-1.655967718300754,1.0228999524131672,1.0228999524131672,1.0228999524131672,-2.678867670713921,-2.678867670713921,-2.678867670713921,0.0,0.0,0.0,177.51627965279988
2023-10-19,178.93944518234144,169.68366065383887,184.9350795189155,178.93944518234144,178.93944518234144,-1.557286705298713,-1.557286705298713,-1.557286705298713,1.0291160953498004,1.0291160953498004,1.0291160953498004,-2.5864028006485134,-2.5864028006485134,-2.5864028006485134,0.0,0.0,0.0,177.38215847704274
2023-10-20,178.8024585567321,170.15845726375835,184.43194354957808,178.8024585567321,178.8024585567321,-1.2055365681737014,-1.2055365681737014,-1.2055365681737014,1.2495346665136633,1.2495346665136633,1.2495346665136633,-2.455071234687365,-2.455071234687365,-2.455071234687365,0.0,0.0,0.0,177.5969219885584
2023-10-23,178.39149867990403,170.17632523243458,185.09859792796712,178.39149867990403,178.39149867990403,-0.6307423947461178,-0.6307423947461178,-0.6307423947461178,1.1937952256476814,1.1937952256476814,1.1937952256476814,-1.8245376203937993,-1.8245376203937993,-1.8245376203937993,0.0,0.0,0.0,177.76075628515792
2023-10-24,178.2545120542947,170.71709165220162,185.16524267805727,178.2545120542947,178.2545120542947,-0.34814183474881505,-0.34814183474881505,-0.34814183474881505,1.1925851675708516,1.1925851675708516,1.1925851675708516,-1.5407270023196664,-1.5407270023196664,-1.5407270023196664,0.0,0.0,0.0,177.9063702195459
2023-10-25,178.11752542868535,171.09942531028491,186.12867350760365,178.11752542868535,178.11752542868535,-0.20269576152627525,-0.20269576152627525,-0.20269576152627525,1.0228999524129,1.0228999524129,1.0228999524129,-1.2255957139391753,-1.2255957139391753,-1.2255957139391753,0.0,0.0,0.0,177.91482966715907
2023-10-26,177.980538803076,170.55433619144335,185.77547144841284,177.980538803076,177.980538803076,0.14521012016694576,0.14521012016694576,0.14521012016694576,1.029116095349601,1.029116095349601,1.029116095349601,-0.8839059751826552,-0.8839059751826552,-0.8839059751826552,0.0,0.0,0.0,178.12574892324295
2023-10-27,177.84355217746662,171.3539022578459,185.9701409430271,177.84355217746662,177.84355217746662,0.7283767304201788,0.7283767304201788,0.7283767304201788,1.249534666510952,1.249534666510952,1.249534666510952,-0.5211579360907732,-0.5211579360907732,-0.5211579360907732,0.0,0.0,0.0,178.5719289078868
2023-10-30,177.43259230063856,171.56180350433254,186.94397157256535,177.43259230063856,177.43259230063856,1.8255558089828667,1.8255558089828667,1.8255558089828667,1.1937952256505913,1.1937952256505913,1.1937952256505913,0.6317605833322756,0.6317605833322756,0.6317605833322756,0.0,0.0,0.0,179.25814810962143
2023-10-31,177.2956056750292,171.57776630259957,186.7947298133639,177.2956056750292,177.2956056750292,2.2090140365352866,2.2090140365352866,2.2090140365352866,1.1925851675713957,1.1925851675713957,1.1925851675713957,1.0164288689638907,1.0164288689638907,1.0164288689638907,0.0,0.0,0.0,179.5046197115645
2023-11-01,177.15861904941985,172.37274890720113,187.26451444871182,177.15861904941985,177.15861904941985,2.414073130571103,2.414073130571103,2.414073130571103,1.0228999524131095,1.0228999524131095,1.0228999524131095,1.3911731781579937,1.3911731781579937,1.3911731781579937,0.0,0.0,0.0,179.57269217999095
2023-11-02,177.0216324238105,172.31188829517822,187.01603449721907,177.0216324238105,177.0216324238105,2.779814187760281,2.779814187760281,2.779814187760281,1.0291160953522385,1.0291160953522385,1.0291160953522385,1.7506980924080429,1.7506980924080429,1.7506980924080429,0.0,0.0,0.0,179.80144661157078
2023-11-03,176.88464579820115,172.74123590186426,187.35480631575217,176.88464579820115,176.88464579820115,3.340042009851082,3.340042009851082,3.340042009851082,1.2495346665082405,1.2495346665082405,1.2495346665082405,2.0905073433428414,2.0905073433428414,2.0905073433428414,0.0,0.0,0.0,180.22468780805224
2023-11-06,176.47368592137312,172.9281484768913,187.93253972745217,176.47368592137312,176.47368592137312,4.155912775323734,4.155912775323734,4.155912775323734,1.1937952256504105,1.1937952256504105,1.1937952256504105,2.9621175496733234,2.9621175496733234,2.9621175496733234,0.0,0.0,0.0,180.62959869669686
2023-11-07,176.33669929576374,173.4567620294036,188.19834137230103,176.33669929576374,176.33669929576374,4.392116196788958,4.392116196788958,4.392116196788958,1.1925851675700925,1.1925851675700925,1.1925851675700925,3.1995310292188655,3.1995310292188655,3.1995310292188655,0.0,0.0,0.0,180.72881549255268
2023-11-08,176.19971267015438,172.85427735282505,188.3319220898579,176.19971267015438,176.19971267015438,4.4345984575320765,4.4345984575320765,4.4345984575320765,1.0228999524128426,1.0228999524128426,1.0228999524128426,3.4116985051192343,3.4116985051192343,3.4116985051192343,0.0,0.0,0.0,180.63431112768646
2023-11-09,176.06272604454503,173.34317024402145,188.28066873324812,176.06272604454503,176.06272604454503,4.630503045815587,4.630503045815587,4.630503045815587,1.0291160953471037,1.0291160953471037,1.0291160953471037,3.601386950468483,3.601386950468483,3.601386950468483,0.0,0.0,0.0,180.6932290903606
2023-11-10,175.92573941893568,173.198609456679,188.4488541291438,175.92573941893568,175.92573941893568,5.022159959072752,5.022159959072752,5.022159959072752,1.2495346665055294,1.2495346665055294,1.2495346665055294,3.7726252925672226,3.7726252925672226,3.7726252925672226,0.0,0.0,0.0,180.94789937800843
2023-11-13,175.51477954210762,173.51563922155498,188.1248632941085,175.51477954210762,175.51477954210762,5.426390104182759,5.426390104182759,5.426390104182759,1.1937952256564108,1.1937952256564108,1.1937952256564108,4.232594878526348,4.232594878526348,4.232594878526348,0.0,0.0,0.0,180.94116964629038
2023-11-14,175.37779291649827,174.39480721843844,188.66543320439658,175.37779291649827,175.37779291649827,5.584037152955071,5.584037152955071,5.584037152955071,1.1925851675687893,1.1925851675687893,1.1925851675687893,4.391451985386281,4.391451985386281,4.391451985386281,0.0,0.0,0.0,180.96183006945333
2023-11-15,175.2408062908889,173.30080881724382,188.68073439817138,175.2408062908889,175.2408062908889,5.589245023797206,5.589245023797206,5.589245023797206,1.0228999524132714,1.0228999524132714,1.0228999524132714,4.566345071383935,4.566345071383935,4.566345071383935,0.0,0.0,0.0,180.83005131468613
2023-11-16,175.10381966527953,173.86000522260014,188.19137429903094,175.10381966527953,175.10381966527953,5.794800753827599,5.794800753827599,5.794800753827599,1.0291160953483225,1.0291160953483225,1.0291160953483225,4.765684658479277,4.765684658479277,4.765684658479277,0.0,0.0,0.0,180.89862041910712
2023-11-17,174.96683303967018,173.60851479844905,188.9578837367462,174.96683303967018,174.96683303967018,6.247369035065709,6.247369035065709,6.247369035065709,1.2495346665056122,1.2495346665056122,1.2495346665056122,4.997834368560097,4.997834368560097,4.997834368560097,0.0,0.0,0.0,181.21420207473588
2023-11-20,174.557686044274,174.11507037752796,189.297890385633,174.557686044274,174.557686044274,7.16254464824428,7.16254464824428,7.16254464824428,1.1937952256440794,1.1937952256440794,1.1937952256440794,5.968749422600201,5.968749422600201,5.968749422600201,0.0,0.0,0.0,181.72023069251827
2023-11-21,174.42130371247526,174.36032020829677,188.80439115074552,174.42130371247526,174.42130371247526,7.598615381575049,7.598615381575049,7.598615381575049,1.1925851675674861,1.1925851675674861,1.1925851675674861,6.406030214007562,6.406030214007562,6.406030214007562,0.0,0.0,0.0,182.01991909405032
2023-11-22,174.28492138067654,174.7440525215411,189.30903540067993,174.28492138067654,174.28492138067654,7.9314776792560036,7.9314776792560036,7.9314776792560036,1.0228999524132425,1.0228999524132425,1.0228999524132425,6.908577726842761,6.908577726842761,6.908577726842761,0.0,0.0,0.0,182.21639905993254
2023-11-24,174.0121567170791,175.87836444102953,191.1188766986255,174.0121567170791,174.0121567170791,9.369865372251791,9.369865372251791,9.369865372251791,1.2495346665001068,1.2495346665001068,1.2495346665001068,8.120330705751684,8.120330705751684,8.120330705751684,0.0,0.0,0.0,183.3820220893309
2023-11-27,173.60300972168292,177.93036535586987,192.55778299562365,173.60300972168292,173.60300972168292,11.647573605116191,11.647573605116191,11.647573605116191,1.1937952256469888,1.1937952256469888,1.1937952256469888,10.453778379469203,10.453778379469203,10.453778379469203,0.0,0.0,0.0,185.2505833267991
2023-11-28,173.4666273898842,178.3609488589974,193.0843379698346,173.4666273898842,173.4666273898842,12.549932288238702,12.549932288238702,12.549932288238702,1.1925851675680303,1.1925851675680303,1.1925851675680303,11.357347120670672,11.357347120670672,11.357347120670672,0.0,0.0,0.0,186.0165596781229
2023-11-29,173.33024505808547,179.3693098446543,194.35769874141806,173.33024505808547,173.33024505808547,13.337047455435318,13.337047455435318,13.337047455435318,1.0228999524132139,1.0228999524132139,1.0228999524132139,12.314147503022104,12.314147503022104,12.314147503022104,0.0,0.0,0.0,186.66729251352078
2023-11-30,173.1938627262867,180.23231439277654,195.32023007575987,173.1938627262867,173.1938627262867,14.345280617680874,14.345280617680874,14.345280617680874,1.029116095347924,1.029116095347924,1.029116095347924,13.31616452233295,13.31616452233295,13.31616452233295,0.0,0.0,0.0,187.5391433439676
2023-12-01,173.057480394488,180.28163885548176,196.21661290125124,173.057480394488,173.057480394488,15.603635463720643,15.603635463720643,15.603635463720643,1.2495346665116187,1.2495346665116187,1.2495346665116187,14.354100797209023,14.354100797209023,14.354100797209023,0.0,0.0,0.0,188.66111585820866
2023-12-04,172.64833339909183,183.90697248700394,198.59083817720241,172.64833339909183,172.64833339909183,18.76923163250337,18.76923163250337,18.76923163250337,1.1937952256468078,1.1937952256468078,1.1937952256468078,17.57543640685656,17.57543640685656,17.57543640685656,0.0,0.0,0.0,191.4175650315952
2023-12-05,172.5119510672931,184.7735805298073,199.8057467866429,172.5119510672931,172.5119510672931,19.838283326195327,19.838283326195327,19.838283326195327,1.19258516756488,1.19258516756488,1.19258516756488,18.64569815863045,18.64569815863045,18.64569815863045,0.0,0.0,0.0,192.35023439348842
2023-12-06,172.37556873549437,186.10242536649454,200.47572010338325,172.37556873549437,172.37556873549437,20.716641047837715,20.716641047837715,20.716641047837715,1.0228999524136428,1.0228999524136428,1.0228999524136428,19.693741095424077,19.693741095424077,19.693741095424077,0.0,0.0,0.0,193.0922097833321
2023-12-07,172.23918640369564,186.52122006181284,201.40172099868707,172.23918640369564,172.23918640369564,21.73649957186644,21.73649957186644,21.73649957186644,1.0291160953505611,1.0291160953505611,1.0291160953505611,20.70738347651588,20.70738347651588,20.70738347651588,0.0,0.0,0.0,193.97568597556207
2023-12-08,172.1028040718969,187.8313207573538,202.36754224870523,172.1028040718969,172.1028040718969,22.92441461011462,22.92441461011462,22.92441461011462,1.2495346665089075,1.2495346665089075,1.2495346665089075,21.674879943605717,21.674879943605717,21.674879943605717,0.0,0.0,0.0,195.02721868201152
2023-12-11,171.69365707650076,189.81824319613418,204.23395118394504,171.69365707650076,171.69365707650076,25.38855996186803,25.38855996186803,25.38855996186803,1.1937952256466269,1.1937952256466269,1.1937952256466269,24.194764736221405,24.194764736221405,24.194764736221405,0.0,0.0,0.0,197.08221703836878
2023-12-12,171.557274744702,190.17330039807348,205.1149011135989,171.557274744702,171.557274744702,26.069961608665626,26.069961608665626,26.069961608665626,1.1925851675702848,1.1925851675702848,1.1925851675702848,24.87737644109534,24.87737644109534,24.87737644109534,0.0,0.0,0.0,197.62723635336764
2023-12-13,171.4208924129033,190.3733642158309,205.0317726854518,171.4208924129033,171.4208924129033,26.492643881436212,26.492643881436212,26.492643881436212,1.0228999524136133,1.0228999524136133,1.0228999524136133,25.469743929022595,25.469743929022595,25.469743929022595,0.0,0.0,0.0,197.9135362943395
2023-12-14,171.28451008110454,191.35063841504126,205.776944826965,171.28451008110454,171.28451008110454,26.99632222361624,26.99632222361624,26.99632222361624,1.0291160953503617,1.0291160953503617,1.0291160953503617,25.967206128265875,25.967206128265875,25.967206128265875,0.0,0.0,0.0,198.28083230472078
2023-12-15,171.14812774930584,191.38649969006718,206.15350471288116,171.14812774930584,171.14812774930584,27.61626999741151,27.61626999741151,27.61626999741151,1.2495346665089901,1.2495346665089901,1.2495346665089901,26.36673533090252,26.36673533090252,26.36673533090252,0.0,0.0,0.0,198.76439774671735
2023-12-18,170.73898075390966,190.9538648182039,206.75107328850515,170.73898075390966,170.73898075390966,28.166013719624672,28.166013719624672,28.166013719624672,1.1937952256526279,1.1937952256526279,1.1937952256526279,26.972218493972044,26.972218493972044,26.972218493972044,0.0,0.0,0.0,198.90499447353432
2023-12-19,170.60259842211093,191.57036395138226,206.75413070386566,170.60259842211093,170.60259842211093,28.175066580248657,28.175066580248657,28.175066580248657,1.1925851675671344,1.1925851675671344,1.1925851675671344,26.982481412681526,26.982481412681526,26.982481412681526,0.0,0.0,0.0,198.77766500235958
2023-12-20,170.46621609031223,190.30589806827157,206.03906299720074,170.46621609031223,170.46621609031223,27.926598898976327,27.926598898976327,27.926598898976327,1.0228999524133464,1.0228999524133464,1.0228999524133464,26.90369894656298,26.90369894656298,26.90369894656298,0.0,0.0,0.0,198.39281498928855
2023-12-21,170.3502288999638,190.93092687964702,205.40238154609065,170.3502288999638,170.3502288999638,27.770947142961766,27.770947142961766,27.770947142961766,1.029116095351581,1.029116095351581,1.029116095351581,26.741831047610187,26.741831047610187,26.741831047610187,0.0,0.0,0.0,198.12117604292558
2023-12-22,170.23424170961536,190.21652158205404,205.58211507564187,170.23424170961536,170.23424170961536,27.75341052254661,27.75341052254661,27.75341052254661,1.2495346665090727,1.2495346665090727,1.2495346665090727,26.503875856037542,26.503875856037542,26.503875856037542,0.0,0.0,0.0,197.98765223216196
2023-12-26,169.77029294822168,188.80177762323657,203.0802005804073,169.77029294822168,169.77029294822168,26.148603867896124,26.148603867896124,26.148603867896124,1.1925851675676786,1.1925851675676786,1.1925851675676786,24.956018700328446,24.956018700328446,24.956018700328446,0.0,0.0,0.0,195.9188968161178
2023-12-27,169.65430575787326,188.07652823442365,203.21731130395557,169.65430575787326,169.65430575787326,25.487350421649467,25.487350421649467,25.487350421649467,1.0228999524133175,1.0228999524133175,1.0228999524133175,24.464450469236148,24.464450469236148,24.464450469236148,0.0,0.0,0.0,195.14165617952273
2023-12-28,169.53831856752484,186.99887081481154,201.3449501011367,169.53831856752484,169.53831856752484,24.9780014429865,24.9780014429865,24.9780014429865,1.0291160953478646,1.0291160953478646,1.0291160953478646,23.948885347638637,23.948885347638637,23.948885347638637,0.0,0.0,0.0,194.51632001051135
2023-12-29,169.42233137717642,186.6290512236631,201.37541658533976,169.42233137717642,169.42233137717642,24.667266651938977,24.667266651938977,24.667266651938977,1.2495346665035678,1.2495346665035678,1.2495346665035678,23.41773198543541,23.41773198543541,23.41773198543541,0.0,0.0,0.0,194.0895980291154
2024-01-02,168.95838261578274,184.04357935224593,199.05252586316286,168.95838261578274,168.95838261578274,22.47551509158071,22.47551509158071,22.47551509158071,1.1925851675712364,1.1925851675712364,1.1925851675712364,21.282929924009473,21.282929924009473,21.282929924009473,0.0,0.0,0.0,191.43389770736346
2024-01-03,168.84239542543432,182.73970692408298,198.38958473191764,168.84239542543432,168.84239542543432,21.798925588276603,21.798925588276603,21.798925588276603,1.0228999524130504,1.0228999524130504,1.0228999524130504,20.776025635863558,20.776025635863558,20.776025635863558,0.0,0.0,0.0,190.64132101371092
2024-01-04,168.72640823508587,183.2015218708525,197.7458194232654,168.72640823508587,168.72640823508587,21.31754068480373,21.31754068480373,21.31754068480373,1.0291160953490834,1.0291160953490834,1.0291160953490834,20.28842458945465,20.28842458945465,20.28842458945465,0.0,0.0,0.0,190.0439489198896
2024-01-05,168.61042104473748,181.9584962173967,196.71252463383607,168.61042104473748,168.61042104473748,21.072352078672967,21.072352078672967,21.072352078672967,1.249534666509492,1.249534666509492,1.249534666509492,19.822817412163477,19.822817412163477,19.822817412163477,0.0,0.0,0.0,189.68277312341044
2024-01-08,168.26245947369222,180.79970018391083,195.8471862882385,168.26245947369222,168.26245947369222,19.76631482221834,19.76631482221834,19.76631482221834,1.1937952256461157,1.1937952256461157,1.1937952256461157,18.57251959657222,18.57251959657222,18.57251959657222,0.0,0.0,0.0,188.02877429591055
2024-01-09,168.1464722833438,180.59245241584895,195.00290577678518,168.1464722833438,168.1464722833438,19.398568057280634,19.398568057280634,19.398568057280634,1.1925851675699335,1.1925851675699335,1.1925851675699335,18.205982889710704,18.205982889710704,18.205982889710704,0.0,0.0,0.0,187.54504034062444
2024-01-10,168.03048509299538,178.97953318915506,194.20328110574735,168.03048509299538,168.03048509299538,18.886833729328362,18.886833729328362,18.886833729328362,1.0228999524132596,1.0228999524132596,1.0228999524132596,17.8639337769151,17.8639337769151,17.8639337769151,0.0,0.0,0.0,186.91731882232375
2024-01-11,167.91449790264696,178.8687189585253,193.73025487446958,167.91449790264696,167.91449790264696,18.574600816640878,18.574600816640878,18.574600816640878,1.029116095348884,1.029116095348884,1.029116095348884,17.54548472129199,17.54548472129199,17.54548472129199,0.0,0.0,0.0,186.48909871928782
2024-01-12,167.79851071229854,178.3298990093653,194.2216456459038,167.79851071229854,167.79851071229854,18.499139391113825,18.499139391113825,18.499139391113825,1.2495346665095746,1.2495346665095746,1.2495346665095746,17.24960472460425,17.24960472460425,17.24960472460425,0.0,0.0,0.0,186.29765010341237
2024-01-16,167.33456195090486,177.28701652917735,192.38300818391747,167.33456195090486,167.33456195090486,17.466194645184796,17.466194645184796,17.466194645184796,1.19258516756863,1.19258516756863,1.19258516756863,16.273609477616166,16.273609477616166,16.273609477616166,0.0,0.0,0.0,184.80075659608966
2024-01-17,167.21857476055644,177.38879733870203,192.2028860676206,167.21857476055644,167.21857476055644,17.102061708072803,17.102061708072803,17.102061708072803,1.0228999524129927,1.0228999524129927,1.0228999524129927,16.079161755659808,16.079161755659808,16.079161755659808,0.0,0.0,0.0,184.32063646862923
2024-01-18,167.102587570208,177.1504647173948,191.1176926048802,167.102587570208,167.102587570208,16.934081619281425,16.934081619281425,16.934081619281425,1.029116095350103,1.029116095350103,1.029116095350103,15.90496552393132,15.90496552393132,15.90496552393132,0.0,0.0,0.0,184.0366691894894
2024-01-19,166.98660037985957,176.06478657273118,190.52421467611788,166.98660037985957,166.98660037985957,17.00159123348836,17.00159123348836,17.00159123348836,1.249534666509657,1.249534666509657,1.249534666509657,15.7520565669787,15.7520565669787,15.7520565669787,0.0,0.0,0.0,183.98819161334794
2024-01-22,166.6386388088143,175.6746350489261,190.94816478993928,166.6386388088143,166.6386388088143,16.632221756500524,16.632221756500524,16.632221756500524,1.1937952256519353,1.1937952256519353,1.1937952256519353,15.438426530848588,15.438426530848588,15.438426530848588,0.0,0.0,0.0,183.27086056531482
2024-01-23,166.52265161846591,175.70111749056161,191.07943869726338,166.52265161846591,166.52265161846591,16.582601156024825,16.582601156024825,16.582601156024825,1.1925851675691743,1.1925851675691743,1.1925851675691743,15.390015988455652,15.390015988455652,15.390015988455652,0.0,0.0,0.0,183.10525277449074
2024-01-24,166.40666442811747,175.60784390689238,190.35862467096615,166.40666442811747,166.40666442811747,16.39714182752676,16.39714182752676,16.39714182752676,1.022899952413422,1.022899952413422,1.022899952413422,15.374241875113338,15.374241875113338,15.374241875113338,0.0,0.0,0.0,182.80380625564422
2024-01-25,166.29067727558478,175.4108606630357,190.10004339949504,166.29067727558478,166.29067727558478,16.423130954584796,16.423130954584796,16.423130954584796,1.029116095349904,1.029116095349904,1.029116095349904,15.39401485923489,15.39401485923489,15.39401485923489,0.0,0.0,0.0,182.71380823016958
2024-01-26,166.17469012305207,174.59638026467292,189.84554241530537,166.17469012305207,166.17469012305207,16.701698289639275,16.701698289639275,16.701698289639275,1.2495346665069458,1.2495346665069458,1.2495346665069458,15.452163623132328,15.452163623132328,15.452163623132328,0.0,0.0,0.0,182.87638841269134
2024-01-29,165.8267286654539,175.08158517250305,190.0662633017425,165.8267286654539,165.8267286654539,17.07446013526431,17.07446013526431,17.07446013526431,1.1937952256426945,1.1937952256426945,1.1937952256426945,15.880664909621618,15.880664909621618,15.880664909621618,0.0,0.0,0.0,182.90118880071822
2024-01-30,165.7107415129212,174.78644003680705,190.51631122204535,165.7107415129212,165.7107415129212,17.306110601131618,17.306110601131618,17.306110601131618,1.1925851675697186,1.1925851675697186,1.1925851675697186,16.113525433561897,16.113525433561897,16.113525433561897,0.0,0.0,0.0,183.01685211405282
2024-01-31,165.5947543603885,175.35500322893344,190.77976224928096,165.5947543603885,165.5947543603885,17.415155386050916,17.415155386050916,17.415155386050916,1.0228999524133926,1.0228999524133926,1.0228999524133926,16.392255433637523,16.392255433637523,16.392255433637523,0.0,0.0,0.0,183.0099097464394
2024-02-01,165.47876720785578,175.80593466473601,190.2303825123403,165.47876720785578,165.47876720785578,17.745122186427242,17.745122186427242,17.745122186427242,1.0291160953490242,1.0291160953490242,1.0291160953490242,16.716006091078217,16.716006091078217,16.716006091078217,0.0,0.0,0.0,183.22388939428302
2024-02-02,165.36278005532307,175.9524623190833,190.94614768844104,165.36278005532307,165.36278005532307,18.332410302946545,18.332410302946545,18.332410302946545,1.2495346665042344,1.2495346665042344,1.2495346665042344,17.082875636442314,17.082875636442314,17.082875636442314,0.0,0.0,0.0,183.69519035826963
2024-02-05,165.01481859772494,176.6958749340115,191.87116708804714,165.01481859772494,165.01481859772494,19.599962079623843,19.599962079623843,19.599962079623843,1.193795225642514,1.193795225642514,1.193795225642514,18.406166853981333,18.406166853981333,18.406166853981333,0.0,0.0,0.0,184.6147806773488
2024-02-06,164.89883144519223,177.86661619615697,192.75599032968998,164.89883144519223,164.89883144519223,20.096290273955162,20.096290273955162,20.096290273955162,1.1925851675684154,1.1925851675684154,1.1925851675684154,18.903705106386745,18.903705106386745,18.903705106386745,0.0,0.0,0.0,184.9951217191474
2024-02-07,164.78284429265952,177.8404149001176,192.95553499199693,164.78284429265952,164.78284429265952,20.440691738931015,20.440691738931015,20.440691738931015,1.022899952413364,1.022899952413364,1.022899952413364,19.417791786517654,19.417791786517654,19.417791786517654,0.0,0.0,0.0,185.22353603159053
2024-02-08,164.66685714012684,177.98066369148773,193.16516868757316,164.66685714012684,164.66685714012684,20.969036549323324,20.969036549323324,20.969036549323324,1.0291160953488245,1.0291160953488245,1.0291160953488245,19.939920453974498,19.939920453974498,19.939920453974498,0.0,0.0,0.0,185.63589368945017
2024-02-09,164.55086998759413,179.05950005045895,193.40347401282605,164.55086998759413,164.55086998759413,21.710290556318714,21.710290556318714,21.710290556318714,1.2495346665129525,1.2495346665129525,1.2495346665129525,20.46075588980576,20.46075588980576,20.46075588980576,0.0,0.0,0.0,186.26116054391284
2024-02-12,164.202908529996,180.45516726304933,194.71525575187877,164.202908529996,164.202908529996,23.10717422379468,23.10717422379468,23.10717422379468,1.1937952256485143,1.1937952256485143,1.1937952256485143,21.913378998146165,21.913378998146165,21.913378998146165,0.0,0.0,0.0,187.31008275379068
2024-02-13,164.08692137746326,180.05486487590687,194.87800438130546,164.08692137746326,164.08692137746326,23.518023556640852,23.518023556640852,23.518023556640852,1.1925851675671122,1.1925851675671122,1.1925851675671122,22.325438389073742,22.325438389073742,22.325438389073742,0.0,0.0,0.0,187.6049449341041
2024-02-14,163.97093422493055,180.03805441437424,195.292683153961,163.97093422493055,163.97093422493055,23.70662676819753,23.70662676819753,23.70662676819753,1.0228999524130968,1.0228999524130968,1.0228999524130968,22.683726815784436,22.683726815784436,22.683726815784436,0.0,0.0,0.0,187.67756099312808
2024-02-15,163.85494707239783,179.94091474245505,195.36384452860557,163.85494707239783,163.85494707239783,24.007289031924127,24.007289031924127,24.007289031924127,1.0291160953500438,1.0291160953500438,1.0291160953500438,22.978172936574087,22.978172936574087,22.978172936574087,0.0,0.0,0.0,187.86223610432197
2024-02-16,163.73895991986512,180.65708061172063,195.72516611099763,163.73895991986512,163.73895991986512,24.448945735538373,24.448945735538373,24.448945735538373,1.2495346665130351,1.2495346665130351,1.2495346665130351,23.199411069025338,23.199411069025338,23.199411069025338,0.0,0.0,0.0,188.18790565540348
2024-02-20,163.2750113097343,180.05694962448496,194.80196838869472,163.2750113097343,163.2750113097343,24.39481736058768,24.39481736058768,24.39481736058768,1.1925851675706702,1.1925851675706702,1.1925851675706702,23.20223219301701,23.20223219301701,23.20223219301701,0.0,0.0,0.0,187.66982867032198
2024-02-21,163.15902415720157,179.67069714438838,194.53933646958419,163.15902415720157,163.15902415720157,23.979792647252452,23.979792647252452,23.979792647252452,1.0228999524128297,1.0228999524128297,1.0228999524128297,22.95689269483962,22.95689269483962,22.95689269483962,0.0,0.0,0.0,187.13881680445402
2024-02-22,163.0430370046689,178.9458956605438,194.65110482919502,163.0430370046689,163.0430370046689,23.637670262611856,23.637670262611856,23.637670262611856,1.0291160953498446,1.0291160953498446,1.0291160953498446,22.60855416726201,22.60855416726201,22.60855416726201,0.0,0.0,0.0,186.68070726728075
2024-02-23,162.92704985213618,179.02357012717957,193.8604818274488,162.92704985213618,162.92704985213618,23.407530654773172,23.407530654773172,23.407530654773172,1.2495346665075302,1.2495346665075302,1.2495346665075302,22.157995988265643,22.157995988265643,22.157995988265643,0.0,0.0,0.0,186.33458050690936
2024-02-26,163.63249245073075,177.887151344939,193.37479024055935,163.63249245073075,163.63249245073075,21.421370125583415,21.421370125583415,21.421370125583415,1.1937952256512427,1.1937952256512427,1.1937952256512427,20.227574899932172,20.227574899932172,20.227574899932172,0.0,0.0,0.0,185.05386257631417
2024-02-27,163.86763998359558,177.58604598754454,192.16114599163205,163.86763998359558,163.86763998359558,20.60376434874955,20.60376434874955,20.60376434874955,1.1925851675712142,1.1925851675712142,1.1925851675712142,19.411179181178337,19.411179181178337,19.411179181178337,0.0,0.0,0.0,184.47140433234512
2024-02-28,164.10278751646044,176.22234984006946,191.3039773526795,164.10278751646044,164.10278751646044,19.54502658374281,19.54502658374281,19.54502658374281,1.0228999524134967,1.0228999524134967,1.0228999524134967,18.52212663132931,18.52212663132931,18.52212663132931,0.0,0.0,0.0,183.64781410020325
2024-02-29,164.33793504932527,175.06848429082234,190.54583761649494,164.33793504932527,164.33793504932527,18.599734014514222,18.599734014514222,18.599734014514222,1.0291160953510636,1.0291160953510636,1.0291160953510636,17.57061791916316,17.57061791916316,17.57061791916316,0.0,0.0,0.0,182.93766906383948
2024-03-01,164.5730825821901,174.9013836071658,189.66176355693625,164.5730825821901,164.5730825821901,17.817359627720606,17.817359627720606,17.817359627720606,1.2495346665076128,1.2495346665076128,1.2495346665076128,16.56782496121299,16.56782496121299,16.56782496121299,0.0,0.0,0.0,182.3904422099107
2024-03-04,165.27852518078464,172.68512800645635,187.29157007370176,165.27852518078464,165.27852518078464,14.566330619829062,14.566330619829062,14.566330619829062,1.1937952256510624,1.1937952256510624,1.1937952256510624,13.372535394178,13.372535394178,13.372535394178,0.0,0.0,0.0,179.84485580061371
2024-03-05,165.51367271364947,171.91476055689967,186.46523481555457,165.51367271364947,165.51367271364947,13.479043338417428,13.479043338417428,13.479043338417428,1.1925851675680639,1.1925851675680639,1.1925851675680639,12.286458170849365,12.286458170849365,12.286458170849365,0.0,0.0,0.0,178.9927160520669
2024-03-06,165.74882024651436,170.35447576130792,185.43684749705926,165.74882024651436,165.74882024651436,12.232973882316635,12.232973882316635,12.232973882316635,1.0228999524137055,1.0228999524137055,1.0228999524137055,11.210073929902931,11.210073929902931,11.210073929902931,0.0,0.0,0.0,177.98179412883098
2024-03-07,165.98396777937919,170.12554018967367,184.76656352388125,165.98396777937919,165.98396777937919,11.183731278430914,11.183731278430914,11.183731278430914,1.0291160953473473,1.0291160953473473,1.0291160953473473,10.154615183083568,10.154615183083568,10.154615183083568,0.0,0.0,0.0,177.1676990578101
2024-03-08,166.219115312244,169.06916965819522,184.20169677633336,166.219115312244,166.219115312244,10.379897663207052,10.379897663207052,10.379897663207052,1.2495346665049014,1.2495346665049014,1.2495346665049014,9.13036299670215,9.13036299670215,9.13036299670215,0.0,0.0,0.0,176.59901297545107
2024-03-11,166.92455791083853,166.99665765536722,182.08816312536067,166.92455791083853,166.92455791083853,7.522581009555119,7.522581009555119,7.522581009555119,1.1937952256539721,1.1937952256539721,1.1937952256539721,6.328785783901147,6.328785783901147,6.328785783901147,0.0,0.0,0.0,174.44713892039366
2024-03-12,167.1597054437034,167.10271324484964,181.27896658727553,167.1597054437034,167.1597054437034,6.6983892769265845,6.6983892769265845,6.6983892769265845,1.1925851675686079,1.1925851675686079,1.1925851675686079,5.505804109357976,5.505804109357976,5.505804109357976,0.0,0.0,0.0,173.85809472062996
2024-03-13,167.39485297656825,166.11712945162984,180.83498369547252,167.39485297656825,167.39485297656825,5.767244083653469,5.767244083653469,5.767244083653469,1.0228999524134388,1.0228999524134388,1.0228999524134388,4.74434413124003,4.74434413124003,4.74434413124003,0.0,0.0,0.0,173.16209706022173
2024-03-14,167.63000050943307,165.4347403157681,180.28294476202663,167.63000050943307,167.63000050943307,5.074555906730016,5.074555906730016,5.074555906730016,1.029116095348566,1.029116095348566,1.029116095348566,4.04543981138145,4.04543981138145,4.04543981138145,0.0,0.0,0.0,172.7045564161631
2024-03-15,167.8651480422979,165.4166017207646,180.23331910526505,167.8651480422979,167.8651480422979,4.657923891141437,4.657923891141437,4.657923891141437,1.2495346665049842,1.2495346665049842,1.2495346665049842,3.408389224636454,3.408389224636454,3.408389224636454,0.0,0.0,0.0,172.52307193343935
2024-03-18,168.57059064089245,163.91028714052456,179.1645224317433,168.57059064089245,168.57059064089245,3.0308544981427263,3.0308544981427263,3.0308544981427263,1.1937952256447308,1.1937952256447308,1.1937952256447308,1.837059272497995,1.837059272497995,1.837059272497995,0.0,0.0,0.0,171.60144513903518
2024-03-19,168.8057381737573,163.5575401129011,178.4731063998885,168.8057381737573,168.8057381737573,2.6016031930904133,2.6016031930904133,2.6016031930904133,1.192585167567305,1.192585167567305,1.192585167567305,1.4090180255231086,1.4090180255231086,1.4090180255231086,0.0,0.0,0.0,171.40734136684773
2024-03-20,169.04088570662213,163.1846606453859,178.79607591001232,169.04088570662213,169.04088570662213,2.0400939747385514,2.0400939747385514,2.0400939747385514,1.0228999524131717,1.0228999524131717,1.0228999524131717,1.0171940223253795,1.0171940223253795,1.0171940223253795,0.0,0.0,0.0,171.08097968136067
2024-03-21,169.27603323948696,163.69195187220072,178.63541266298336,169.27603323948696,169.27603323948696,1.6824737284693205,1.6824737284693205,1.6824737284693205,1.0291160953483667,1.0291160953483667,1.0291160953483667,0.6533576331209539,0.6533576331209539,0.6533576331209539,0.0,0.0,0.0,170.95850696795628
2024-03-22,169.51118077235182,163.92667848343913,179.07688853505758,169.51118077235182,169.51118077235182,1.5583559229280763,1.5583559229280763,1.5583559229280763,1.249534666502273,1.249534666502273,1.249534666502273,0.3088212564258036,0.3088212564258036,0.3088212564258036,0.0,0.0,0.0,171.0695366952799
2024-03-25,170.21662337094634,162.55880559035194,178.705628412727,170.21662337094634,170.21662337094634,0.49696374354649425,0.49696374354649425,0.49696374354649425,1.193795225647641,1.193795225647641,1.193795225647641,-0.6968314821011466,-0.6968314821011466,-0.6968314821011466,0.0,0.0,0.0,170.71358711449284
2024-03-26,170.45177090381122,163.43395131638775,177.98990312131394,170.45177090381122,170.45177090381122,0.14220310560786242,0.14220310560786242,0.14220310560786242,1.192585167567849,1.192585167567849,1.192585167567849,-1.0503820619599864,-1.0503820619599864,-1.0503820619599864,0.0,0.0,0.0,170.5939740094191
2024-03-27,170.93916436321277,163.54064411632316,177.8356564178932,170.93916436321277,170.93916436321277,-0.4022893904512496,-0.4022893904512496,-0.4022893904512496,1.022899952413143,1.022899952413143,1.022899952413143,-1.4251893428643927,-1.4251893428643927,-1.4251893428643927,0.0,0.0,0.0,170.53687497276152
2024-03-28,171.42655782261428,163.0520361251431,178.78749150469972,171.42655782261428,171.42655782261428,-0.7978572307932273,-0.7978572307932273,-0.7978572307932273,1.0291160953510041,1.0291160953510041,1.0291160953510041,-1.8269733261442314,-1.8269733261442314,-1.8269733261442314,0.0,0.0,0.0,170.62870059182106
2024-04-01,173.37613166022047,163.32957898926307,178.1052843975628,173.37613166022047,173.37613166022047,-2.5764126298197425,-2.5764126298197425,-2.5764126298197425,1.19379522564746,1.19379522564746,1.19379522564746,-3.770207855467202,-3.770207855467202,-3.770207855467202,0.0,0.0,0.0,170.79971903040072
2024-04-02,173.863525119622,163.13709437678898,177.69465235747086,173.863525119622,173.863525119622,-3.1506115694622316,-3.1506115694622316,-3.1506115694622316,1.1925851675695596,1.1925851675695596,1.1925851675695596,-4.343196737031791,-4.343196737031791,-4.343196737031791,0.0,0.0,0.0,170.71291355015978
2024-04-03,174.35091857902353,163.05977736872836,178.06567893030683,174.35091857902353,174.35091857902353,-3.9238698820085878,-3.9238698820085878,-3.9238698820085878,1.0228999524133338,1.0228999524133338,1.0228999524133338,-4.9467698344219215,-4.9467698344219215,-4.9467698344219215,0.0,0.0,0.0,170.42704869701495
2024-04-04,174.83831203842507,162.58455951423034,177.74159077131185,174.83831203842507,174.83831203842507,-4.547000262677146,-4.547000262677146,-4.547000262677146,1.0291160953508047,1.0291160953508047,1.0291160953508047,-5.57611635802795,-5.57611635802795,-5.57611635802795,0.0,0.0,0.0,170.29131177574791
2024-04-05,175.32570549782665,162.35826039123089,178.11587596893395,175.32570549782665,175.32570549782665,-4.975538569146139,-4.975538569146139,-4.975538569146139,1.2495346665082794,1.2495346665082794,1.2495346665082794,-6.225073235654419,-6.225073235654419,-6.225073235654419,0.0,0.0,0.0,170.3501669286805
2024-04-08,176.78788587603123,162.2103063004139,177.61691795602013,176.78788587603123,176.78788587603123,-7.017708709305086,-7.017708709305086,-7.017708709305086,1.1937952256534605,1.1937952256534605,1.1937952256534605,-8.211503934958547,-8.211503934958547,-8.211503934958547,0.0,0.0,0.0,169.77017716672614
2024-04-09,177.27527933543277,162.3296820412925,177.04819616816394,177.27527933543277,177.27527933543277,-7.664294963968841,-7.664294963968841,-7.664294963968841,1.1925851675682564,1.1925851675682564,1.1925851675682564,-8.856880131537096,-8.856880131537096,-8.856880131537096,0.0,0.0,0.0,169.61098437146393
2024-04-10,177.76267279483434,162.18830750175533,176.51983612993138,177.76267279483434,177.76267279483434,-8.454931807807032,-8.454931807807032,-8.454931807807032,1.022899952413543,1.022899952413543,1.022899952413543,-9.477831760220576,-9.477831760220576,-9.477831760220576,0.0,0.0,0.0,169.3077409870273
2024-04-11,178.25006625423586,161.7162109669946,176.59709422189843,178.25006625423586,178.25006625423586,-9.035557906597251,-9.035557906597251,-9.035557906597251,1.0291160953506056,1.0291160953506056,1.0291160953506056,-10.064674001947857,-10.064674001947857,-10.064674001947857,0.0,0.0,0.0,169.2145083476386
2024-04-12,178.7374597136374,161.3529867793903,176.22998781338626,178.7374597136374,178.7374597136374,-9.358540670119462,-9.358540670119462,-9.358540670119462,1.2495346665055684,1.2495346665055684,1.2495346665055684,-10.60807533662503,-10.60807533662503,-10.60807533662503,0.0,0.0,0.0,169.37891904351795
2024-04-15,180.19964009184204,161.52176440858423,176.76840920445133,180.19964009184204,180.19964009184204,-10.70144122463203,-10.70144122463203,-10.70144122463203,1.1937952256532798,1.1937952256532798,1.1937952256532798,-11.89523645028531,-11.89523645028531,-11.89523645028531,0.0,0.0,0.0,169.49819886721002
2024-04-16,180.6870335512436,162.40498115295907,177.42616652763962,180.6870335512436,180.6870335512436,-10.99521652461995,-10.99521652461995,-10.99521652461995,1.1925851675669532,1.1925851675669532,1.1925851675669532,-12.187801692186902,-12.187801692186902,-12.187801692186902,0.0,0.0,0.0,169.69181702662362
2024-04-17,181.1744270106451,162.06171515459184,177.1464804293137,181.1744270106451,181.1744270106451,-11.381523607137066,-11.381523607137066,-11.381523607137066,1.0228999524132758,1.0228999524132758,1.0228999524132758,-12.404423559550343,-12.404423559550343,-12.404423559550343,0.0,0.0,0.0,169.79290340350803
2024-04-18,181.66182047004662,161.9181548365515,177.60043214467754,181.66182047004662,181.66182047004662,-11.513713442629363,-11.513713442629363,-11.513713442629363,1.0291160953518244,1.0291160953518244,1.0291160953518244,-12.54282953798119,-12.54282953798119,-12.54282953798119,0.0,0.0,0.0,170.14810702741727
2024-04-19,182.14921392944822,163.54676326029,178.29441921147992,182.14921392944822,182.14921392944822,-11.352915200573065,-11.352915200573065,-11.352915200573065,1.2495346665142866,1.2495346665142866,1.2495346665142866,-12.602449867087351,-12.602449867087351,-12.602449867087351,0.0,0.0,0.0,170.79629872887517
2024-04-22,183.61139430765283,164.71207001479468,180.2302634727592,183.61139430765283,183.61139430765283,-11.135108632464975,-11.135108632464975,-11.135108632464975,1.1937952256530988,1.1937952256530988,1.1937952256530988,-12.328903858118073,-12.328903858118073,-12.328903858118073,0.0,0.0,0.0,172.47628567518785
2024-04-23,184.09878776705438,165.35833901477594,180.85545246414287,184.09878776705438,184.09878776705438,-10.90948685529691,-10.90948685529691,-10.90948685529691,1.1925851675674974,1.1925851675674974,1.1925851675674974,-12.102072022864409,-12.102072022864409,-12.102072022864409,0.0,0.0,0.0,173.18930091175747
2024-04-24,184.5861812264559,166.44983897496192,180.96281867623637,184.5861812264559,184.5861812264559,-10.79592929973559,-10.79592929973559,-10.79592929973559,1.0228999524132467,1.0228999524132467,1.0228999524132467,-11.818829252148836,-11.818829252148836,-11.818829252148836,0.0,0.0,0.0,173.79025192672032
2024-04-25,185.0735746858574,167.5206748326321,182.66260951967607,185.0735746858574,185.0735746858574,-10.458881441802166,-10.458881441802166,-10.458881441802166,1.0291160953466896,1.0291160953466896,1.0291160953466896,-11.487997537148857,-11.487997537148857,-11.487997537148857,0.0,0.0,0.0,174.61469324405525
2024-04-26,185.6976380950984,168.51669803597062,183.74635068199723,185.6976380950984,185.6976380950984,-9.86989328866248,-9.86989328866248,-9.86989328866248,1.249534666514369,1.249534666514369,1.249534666514369,-11.119427955176848,-11.119427955176848,-11.119427955176848,0.0,0.0,0.0,175.82774480643593
2024-04-29,187.5698283228214,171.67433080658887,186.5508807153321,187.5698283228214,187.5698283228214,-8.70220245824608,-8.70220245824608,-8.70220245824608,1.1937952256469484,1.1937952256469484,1.1937952256469484,-9.895997683893029,-9.895997683893029,-9.895997683893029,0.0,0.0,0.0,178.8676258645753
2024-04-30,188.19389173206235,172.27191876520678,187.63663211299337,188.19389173206235,188.19389173206235,-8.294098604425871,-8.294098604425871,-8.294098604425871,1.1925851675710553,1.1925851675710553,1.1925851675710553,-9.486683771996926,-9.486683771996926,-9.486683771996926,0.0,0.0,0.0,179.89979312763649
2024-05-01,188.81795514130334,173.48824794727975,188.38017495370462,188.81795514130334,188.81795514130334,-8.072359244608656,-8.072359244608656,-8.072359244608656,1.0228999524132179,1.0228999524132179,1.0228999524132179,-9.095259197021873,-9.095259197021873,-9.095259197021873,0.0,0.0,0.0,180.74559589669468
2024-05-02,189.44201855054436,174.48095318489842,189.10388926857976,189.44201855054436,189.44201855054436,-7.703079855976066,-7.703079855976066,-7.703079855976066,1.0291160953493272,1.0291160953493272,1.0291160953493272,-8.732195951325393,-8.732195951325393,-8.732195951325393,0.0,0.0,0.0,181.7389386945683
2024-05-03,190.06608195978535,175.13113175133137,190.2536323218285,190.06608195978535,190.06608195978535,-7.157596782304038,-7.157596782304038,-7.157596782304038,1.2495346665088638,1.2495346665088638,1.2495346665088638,-8.407131448812903,-8.407131448812903,-8.407131448812903,0.0,0.0,0.0,182.9084851774813
2024-05-06,191.9382721875083,178.1024600243857,193.3047834355763,191.9382721875083,191.9382721875083,-6.545444848214271,-6.545444848214271,-6.545444848214271,1.1937952256467672,1.1937952256467672,1.1937952256467672,-7.739240073861039,-7.739240073861039,-7.739240073861039,0.0,0.0,0.0,185.39282733929403
2024-05-07,192.5623355967493,178.30427421677146,193.7838814821129,192.5623355967493,192.5623355967493,-6.446001722696317,-6.446001722696317,-6.446001722696317,1.1925851675715995,1.1925851675715995,1.1925851675715995,-7.6385868902679155,-7.6385868902679155,-7.6385868902679155,0.0,0.0,0.0,186.116333874053
2024-05-08,193.1863990059903,179.13243242095868,194.0757462194275,193.1863990059903,193.1863990059903,-6.581925733261211,-6.581925733261211,-6.581925733261211,1.022899952413189,1.022899952413189,1.022899952413189,-7.604825685674401,-7.604825685674401,-7.604825685674401,0.0,0.0,0.0,186.60447327272908
2024-05-09,193.81046241523129,179.1054587315854,194.65965052824288,193.81046241523129,193.81046241523129,-6.609927434470161,-6.609927434470161,-6.609927434470161,1.0291160953491276,1.0291160953491276,1.0291160953491276,-7.639043529819289,-7.639043529819289,-7.639043529819289,0.0,0.0,0.0,187.20053498076112
2024-05-10,194.43452582447225,180.3130163005851,195.3956480731163,194.43452582447225,194.43452582447225,-6.491149447967473,-6.491149447967473,-6.491149447967473,1.2495346665089468,1.2495346665089468,1.2495346665089468,-7.740684114476419,-7.740684114476419,-7.740684114476419,0.0,0.0,0.0,187.94337637650477
2024-05-13,196.30671605219524,181.74647721987355,196.21904604038045,196.30671605219524,196.30671605219524,-7.227549105343645,-7.227549105343645,-7.227549105343645,1.1937952256527684,1.1937952256527684,1.1937952256527684,-8.421344330996414,-8.421344330996414,-8.421344330996414,0.0,0.0,0.0,189.0791669468516
2024-05-14,196.93077946143623,181.87149336845474,196.43924374234837,196.93077946143623,196.93077946143623,-7.564388910992655,-7.564388910992655,-7.564388910992655,1.192585167568449,1.192585167568449,1.192585167568449,-8.756974078561104,-8.756974078561104,-8.756974078561104,0.0,0.0,0.0,189.36639055044358
2024-05-15,197.5548428706772,181.53560289176502,196.91077368211856,197.5548428706772,197.5548428706772,-8.112952559720874,-8.112952559720874,-8.112952559720874,1.022899952412922,1.022899952412922,1.022899952412922,-9.135852512133797,-9.135852512133797,-9.135852512133797,0.0,0.0,0.0,189.44189031095632
2024-05-16,198.1789062799182,181.5420813185349,196.92149716635706,198.1789062799182,198.1789062799182,-8.52089260781267,-8.52089260781267,-8.52089260781267,1.0291160953468297,1.0291160953468297,1.0291160953468297,-9.550008703159499,-9.550008703159499,-9.550008703159499,0.0,0.0,0.0,189.65801367210554
2024-05-17,198.8029696891592,182.70613627546624,197.677496831964,198.8029696891592,198.8029696891592,-8.741392460271689,-8.741392460271689,-8.741392460271689,1.2495346665090294,1.2495346665090294,1.2495346665090294,-9.990927126780718,-9.990927126780718,-9.990927126780718,0.0,0.0,0.0,190.0615772288875
2024-05-20,200.6751599168822,182.70394355015796,197.83229030146632,200.6751599168822,200.6751599168822,-10.192246388393363,-10.192246388393363,-10.192246388393363,1.1937952256525874,1.1937952256525874,1.1937952256525874,-11.386041614045949,-11.386041614045949,-11.386041614045949,0.0,0.0,0.0,190.48291352848884
2024-05-21,201.29922332612315,182.66864393888753,198.01418837892146,201.29922332612315,201.29922332612315,-10.653870384332727,-10.653870384332727,-10.653870384332727,1.1925851675689931,1.1925851675689931,1.1925851675689931,-11.846455551901721,-11.846455551901721,-11.846455551901721,0.0,0.0,0.0,190.64535294179043
2024-05-22,201.92328673536414,182.93811106825342,198.2505878448464,201.92328673536414,201.92328673536414,-11.268403001175704,-11.268403001175704,-11.268403001175704,1.0228999524133509,1.0228999524133509,1.0228999524133509,-12.291302953589057,-12.291302953589057,-12.291302953589057,0.0,0.0,0.0,190.65488373418845
2024-05-23,202.54735014460513,183.6157201747359,198.5220585637064,202.54735014460513,202.54735014460513,-11.68460312708466,-11.68460312708466,-11.68460312708466,1.0291160953466303,1.0291160953466303,1.0291160953466303,-12.71371922243129,-12.71371922243129,-12.71371922243129,0.0,0.0,0.0,190.86274701752046
2024-05-24,203.17141355384612,183.90805835426931,199.62061143033375,203.17141355384612,203.17141355384612,-11.858258982382308,-11.858258982382308,-11.858258982382308,1.249534666503524,1.249534666503524,1.249534666503524,-13.107793648885833,-13.107793648885833,-13.107793648885833,0.0,0.0,0.0,191.31315457146383
2024-05-28,205.66766719081005,184.57499916443336,199.63296832515638,205.66766719081005,205.66766719081005,-13.128942314396618,-13.128942314396618,-13.128942314396618,1.1925851675695374,1.1925851675695374,1.1925851675695374,-14.321527481966156,-14.321527481966156,-14.321527481966156,0.0,0.0,0.0,192.53872487641343
2024-05-29,206.2917306681062,185.06317902460182,199.8642744708113,206.2917306681062,206.2917306681062,-13.502030626265794,-13.502030626265794,-13.502030626265794,1.0228999524130842,1.0228999524130842,1.0228999524130842,-14.524930578678878,-14.524930578678878,-14.524930578678878,0.0,0.0,0.0,192.7897000418404
2024-05-30,206.91579414540232,185.87518706017713,200.89238153937282,206.91579414540232,206.91579414540232,-13.6595390472348,-13.6595390472348,-13.6595390472348,1.0291160953478493,1.0291160953478493,1.0291160953478493,-14.688655142582649,-14.688655142582649,-14.688655142582649,0.0,0.0,0.0,193.25625509816751
2024-05-31,207.5398576226985,186.64690435748912,201.21152876230784,207.5398576226985,207.5398576226985,-13.565189916017756,-13.565189916017756,-13.565189916017756,1.2495346665036067,1.2495346665036067,1.2495346665036067,-14.814724582521363,-14.814724582521363,-14.814724582521363,0.0,0.0,0.0,193.97466770668075
2024-06-03,209.4120480545869,187.95680565640808,202.2528689686366,209.4120480545869,209.4120480545869,-13.805614760272311,-13.805614760272311,-13.805614760272311,1.1937952256431654,1.1937952256431654,1.1937952256431654,-14.999409985915477,-14.999409985915477,-14.999409985915477,0.0,0.0,0.0,195.6064332943146
2024-06-04,210.03611153188302,188.58469667654836,204.17373840781673,210.03611153188302,210.03611153188302,-13.817564272925043,-13.817564272925043,-13.817564272925043,1.1925851675663866,1.1925851675663866,1.1925851675663866,-15.010149440491432,-15.010149440491432,-15.010149440491432,0.0,0.0,0.0,196.21854725895798
2024-06-05,210.66017500917914,188.9590098267259,203.6722571147808,210.66017500917914,210.66017500917914,-13.980209773884907,-13.980209773884907,-13.980209773884907,1.0228999524132931,1.0228999524132931,1.0228999524132931,-15.0031097262982,-15.0031097262982,-15.0031097262982,0.0,0.0,0.0,196.67996523529425
2024-06-06,211.28423848647526,189.842121963855,204.20808760620517,211.28423848647526,211.28423848647526,-13.953820876666496,-13.953820876666496,-13.953820876666496,1.0291160953490683,1.0291160953490683,1.0291160953490683,-14.982936972015565,-14.982936972015565,-14.982936972015565,0.0,0.0,0.0,197.33041760980876
2024-06-07,211.90830196377144,190.92589569446642,205.16927073046458,211.90830196377144,211.90830196377144,-13.70452160488207,-13.70452160488207,-13.70452160488207,1.249534666512325,1.249534666512325,1.249534666512325,-14.954056271394395,-14.954056271394395,-14.954056271394395,0.0,0.0,0.0,198.20378035888936
2024-06-10,213.78049239565985,192.89731824050844,207.18508011525043,213.78049239565985,213.78049239565985,-13.658772947053857,-13.658772947053857,-13.658772947053857,1.193795225646075,1.193795225646075,1.193795225646075,-14.85256817269993,-14.85256817269993,-14.85256817269993,0.0,0.0,0.0,200.121719448606
2024-06-11,214.40455587295597,193.58749510479944,207.86855520074877,214.40455587295597,214.40455587295597,-13.630414418158628,-13.630414418158628,-13.630414418158628,1.192585167566931,1.192585167566931,1.192585167566931,-14.822999585725562,-14.822999585725562,-14.822999585725562,0.0,0.0,0.0,200.77414145479733
2024-06-12,215.02861935025214,193.60902888546119,208.45050296999443,215.02861935025214,215.02861935025214,-13.7752790554024,-13.7752790554024,-13.7752790554024,1.022899952413722,1.022899952413722,1.022899952413722,-14.79817900781612,-14.79817900781612,-14.79817900781612,0.0,0.0,0.0,201.25334029484975
2024-06-13,215.65268282754826,194.48004662066515,209.16011643296147,215.65268282754826,215.65268282754826,-13.749243565445923,-13.749243565445923,-13.749243565445923,1.0291160953502874,1.0291160953502874,1.0291160953502874,-14.77835966079621,-14.77835966079621,-14.77835966079621,0.0,0.0,0.0,201.90343926210232
2024-06-14,216.27674630484438,195.38080382246366,210.1778896484191,216.27674630484438,216.27674630484438,-13.513363432736561,-13.513363432736561,-13.513363432736561,1.249534666512407,1.249534666512407,1.249534666512407,-14.76289809924897,-14.76289809924897,-14.76289809924897,0.0,0.0,0.0,202.76338287210783
2024-06-17,218.1489367367328,196.99670039082355,212.51827192973104,218.1489367367328,218.1489367367328,-13.529943252016434,-13.529943252016434,-13.529943252016434,1.1937952256489852,1.1937952256489852,1.1937952256489852,-14.723738477665417,-14.723738477665417,-14.723738477665417,0.0,0.0,0.0,204.61899348471636
2024-06-18,218.77300021402897,197.20411939480994,212.92335965799086,218.77300021402897,218.77300021402897,-13.510670295549964,-13.510670295549964,-13.510670295549964,1.1925851675704886,1.1925851675704886,1.1925851675704886,-14.703255463120453,-14.703255463120453,-14.703255463120453,0.0,0.0,0.0,205.262329918479
2024-06-20,220.0211271686212,199.02913901679196,213.50892054852116,220.0211271686212,220.0211271686212,-13.599145314567703,-13.599145314567703,-13.599145314567703,1.0291160953500882,1.0291160953500882,1.0291160953500882,-14.62826140991779,-14.62826140991779,-14.62826140991779,0.0,0.0,0.0,206.4219818540535
2024-06-21,220.64519064591738,199.6103163806507,214.87604055221166,220.64519064591738,220.64519064591738,-13.315797818579044,-13.315797818579044,-13.315797818579044,1.2495346665096958,1.2495346665096958,1.2495346665096958,-14.565332485088742,-14.565332485088742,-14.565332485088742,0.0,0.0,0.0,207.32939282733832
2024-06-24,222.51738107780574,202.1125221928476,216.87228096982813,222.51738107780574,222.51738107780574,-13.033760608916358,-13.033760608916358,-13.033760608916358,1.1937952256518947,1.1937952256518947,1.1937952256518947,-14.227555834568255,-14.227555834568255,-14.227555834568255,0.0,0.0,0.0,209.48362046888937
2024-06-25,223.1414445551019,203.19538203471603,217.42167288504046,223.1414445551019,223.1414445551019,-12.862291249730461,-12.862291249730461,-12.862291249730461,1.192585167571033,1.192585167571033,1.192585167571033,-14.054876417301493,-14.054876417301493,-14.054876417301493,0.0,0.0,0.0,210.27915330537144
2024-06-26,223.76550803239803,203.43758499055974,218.38645431749032,223.76550803239803,223.76550803239803,-12.82591482787061,-12.82591482787061,-12.82591482787061,1.0228999524134261,1.0228999524134261,1.0228999524134261,-13.848814780284037,-13.848814780284037,-13.848814780284037,0.0,0.0,0.0,210.93959320452743
2024-06-27,224.38957150969424,204.30564301990452,219.65966773722604,224.38957150969424,224.38957150969424,-12.579691245602383,-12.579691245602383,-12.579691245602383,1.0291160953527254,1.0291160953527254,1.0291160953527254,-13.608807340955108,-13.608807340955108,-13.608807340955108,0.0,0.0,0.0,211.80988026409184
2024-06-28,224.71033232628702,205.23103482959192,219.43844181271734,224.71033232628702,224.71033232628702,-12.085875574014187,-12.085875574014187,-12.085875574014187,1.2495346665069853,1.2495346665069853,1.2495346665069853,-13.335410240521172,-13.335410240521172,-13.335410240521172,0.0,0.0,0.0,212.62445675227283
2024-07-01,225.67261477606536,207.0222002607831,221.97653046619263,225.67261477606536,225.67261477606536,-11.144653955980544,-11.144653955980544,-11.144653955980544,1.193795225651714,1.193795225651714,1.193795225651714,-12.338449181632258,-12.338449181632258,-12.338449181632258,0.0,0.0,0.0,214.52796082008481
2024-07-02,225.9933755926581,207.36629078935948,222.78746054626833,225.9933755926581,225.9933755926581,-10.768522342959775,-10.768522342959775,-10.768522342959775,1.1925851675697299,1.1925851675697299,1.1925851675697299,-11.961107510529503,-11.961107510529503,-11.961107510529503,0.0,0.0,0.0,215.22485324969833
2024-07-03,226.3141364092509,208.453356908532,223.31662750563603,226.3141364092509,226.3141364092509,-10.548163733578166,-10.548163733578166,-10.548163733578166,1.0228999524131588,1.0228999524131588,1.0228999524131588,-11.571063685991327,-11.571063685991327,-11.571063685991327,0.0,0.0,0.0,215.7659726756727
2024-07-05,226.95565804243645,209.96112410390765,224.9672727557069,226.95565804243645,226.95565804243645,-9.533685496235538,-9.533685496235538,-9.533685496235538,1.2495346665042737,1.2495346665042737,1.2495346665042737,-10.783220162739811,-10.783220162739811,-10.783220162739811,0.0,0.0,0.0,217.42197254620092
2024-07-08,227.91794049221474,212.0384964996459,226.83954029616626,227.91794049221474,227.91794049221474,-8.518661681756727,-8.518661681756727,-8.518661681756727,1.1937952256577145,1.1937952256577145,1.1937952256577145,-9.712456907414442,-9.712456907414442,-9.712456907414442,0.0,0.0,0.0,219.39927881045801
2024-07-09,228.23870130880755,212.32975104893654,227.04836375852298,228.23870130880755,228.23870130880755,-8.229262523431801,-8.229262523431801,-8.229262523431801,1.1925851675714403,1.1925851675714403,1.1925851675714403,-9.42184769100324,-9.42184769100324,-9.42184769100324,0.0,0.0,0.0,220.00943878537575
2024-07-10,228.5594621254003,212.99939745298468,228.21214341925304,228.5594621254003,228.5594621254003,-8.156442153025484,-8.156442153025484,-8.156442153025484,1.022899952413368,1.022899952413368,1.022899952413368,-9.17934210543885,-9.17934210543885,-9.17934210543885,0.0,0.0,0.0,220.4030199723748
2024-07-11,228.88022294199305,213.12904959947673,227.99592766007444,228.88022294199305,228.88022294199305,-7.963990539179575,-7.963990539179575,-7.963990539179575,1.0291160953488099,1.0291160953488099,1.0291160953488099,-8.993106634528385,-8.993106634528385,-8.993106634528385,0.0,0.0,0.0,220.91623240281348
2024-07-12,229.20098375858583,214.35798407030958,229.23347475684812,229.20098375858583,229.20098375858583,-7.62088137360866,-7.62088137360866,-7.62088137360866,1.2495346665043563,1.2495346665043563,1.2495346665043563,-8.870416040113017,-8.870416040113017,-8.870416040113017,0.0,0.0,0.0,221.58010238497718
2024-07-15,230.16326620836415,215.4984178392661,229.4353772918354,230.16326620836415,230.16326620836415,-7.744395886155987,-7.744395886155987,-7.744395886155987,1.193795225645383,1.193795225645383,1.193795225645383,-8.93819111180137,-8.93819111180137,-8.93819111180137,0.0,0.0,0.0,222.41887032220816
2024-07-16,230.48402702495693,215.0494900524027,230.0864076095307,230.48402702495693,230.48402702495693,-7.92427104408327,-7.92427104408327,-7.92427104408327,1.192585167570137,1.192585167570137,1.192585167570137,-9.116856211653408,-9.116856211653408,-9.116856211653408,0.0,0.0,0.0,222.55975598087366
2024-07-17,230.8047878415497,214.78452022464438,229.7377053349882,230.8047878415497,230.8047878415497,-8.351844002740922,-8.351844002740922,-8.351844002740922,1.0228999524131013,1.0228999524131013,1.0228999524131013,-9.374743955154024,-9.374743955154024,-9.374743955154024,0.0,0.0,0.0,222.45294383880878
2024-07-18,231.1255486581425,215.29061335131013,229.90587324359106,231.1255486581425,231.1255486581425,-8.68073471430282,-8.68073471430282,-8.68073471430282,1.0291160953486103,1.0291160953486103,1.0291160953486103,-9.709850809651432,-9.709850809651432,-9.709850809651432,0.0,0.0,0.0,222.44481394383968
2024-07-19,231.44630947473524,215.3729804690368,230.6756360906846,231.44630947473524,231.44630947473524,-8.86878830729563,-8.86878830729563,-8.86878830729563,1.2495346664988511,1.2495346664988511,1.2495346664988511,-10.11832297379448,-10.11832297379448,-10.11832297379448,0.0,0.0,0.0,222.5775211674396
2024-07-22,232.4085919245136,214.36763989425026,228.6036537534121,232.4085919245136,232.4085919245136,-10.524947313783601,-10.524947313783601,-10.524947313783601,1.1937952256482929,1.1937952256482929,1.1937952256482929,-11.718742539431892,-11.718742539431892,-11.718742539431892,0.0,0.0,0.0,221.88364461073
2024-07-23,232.72935274110637,213.89580031490215,228.80205293237103,232.72935274110637,232.72935274110637,-11.154836206093634,-11.154836206093634,-11.154836206093634,1.1925851675706813,1.1925851675706813,1.1925851675706813,-12.347421373664316,-12.347421373664316,-12.347421373664316,0.0,0.0,0.0,221.57451653501272
2024-07-24,233.05011355769912,213.86204819749528,229.3323044654059,233.05011355769912,233.05011355769912,-11.982492036100412,-11.982492036100412,-11.982492036100412,1.0228999524130724,1.0228999524130724,1.0228999524130724,-13.005391988513484,-13.005391988513484,-13.005391988513484,0.0,0.0,0.0,221.0676215215987
2024-07-25,233.3708743742919,213.31903986899735,228.41734682362323,233.3708743742919,233.3708743742919,-12.650987248003617,-12.650987248003617,-12.650987248003617,1.029116095348411,1.029116095348411,1.029116095348411,-13.680103343352027,-13.680103343352027,-13.680103343352027,0.0,0.0,0.0,220.71988712628828
2024-07-26,233.6916351908847,212.7634536274931,228.317810954454,233.6916351908847,233.6916351908847,-13.108810548161072,-13.108810548161072,-13.108810548161072,1.2495346665103633,1.2495346665103633,1.2495346665103633,-14.358345214671438,-14.358345214671438,-14.358345214671438,0.0,0.0,0.0,220.58282464272364
2024-07-29,234.65391764066302,212.05086192653565,227.1293379998368,234.65391764066302,234.65391764066302,-15.084992929775304,-15.084992929775304,-15.084992929775304,1.193795225648112,1.193795225648112,1.193795225648112,-16.278788155423417,-16.278788155423417,-16.278788155423417,0.0,0.0,0.0,219.56892471088773
2024-07-30,234.97467845725575,212.02584421745232,226.48644310611485,234.97467845725575,234.97467845725575,-15.644242092428803,-15.644242092428803,-15.644242092428803,1.1925851675693784,1.1925851675693784,1.1925851675693784,-16.83682725999818,-16.83682725999818,-16.83682725999818,0.0,0.0,0.0,219.33043636482694
2024-07-31,234.93617175060692,211.28594174058063,225.69056508952644,234.93617175060692,234.93617175060692,-16.310598773732323,-16.310598773732323,-16.310598773732323,1.022899952413501,1.022899952413501,1.022899952413501,-17.333498726145823,-17.333498726145823,-17.333498726145823,0.0,0.0,0.0,218.6255729768746
2024-08-01,234.8976650439581,210.39210087961214,225.8984472030813,234.8976650439581,234.8976650439581,-16.729153036185934,-16.729153036185934,-16.729153036185934,1.0291160953510483,1.0291160953510483,1.0291160953510483,-17.758269131536984,-17.758269131536984,-17.758269131536984,0.0,0.0,0.0,218.16851200777216
2024-08-02,234.8591583373093,210.329316826827,225.54876430842978,234.8591583373093,234.8591583373093,-16.85255530920255,-16.85255530920255,-16.85255530920255,1.249534666504858,1.249534666504858,1.249534666504858,-18.102089975707408,-18.102089975707408,-18.102089975707408,0.0,0.0,0.0,218.00660302810675
2024-08-05,234.74363821736287,209.49783881363547,224.78196390970504,234.74363821736287,234.74363821736287,-17.3903499870045,-17.3903499870045,-17.3903499870045,1.1937952256479312,1.1937952256479312,1.1937952256479312,-18.58414521265243,-18.58414521265243,-18.58414521265243,0.0,0.0,0.0,217.35328823035837
2024-08-06,234.70513151071404,209.94646319468654,225.07901152764202,234.70513151071404,234.70513151071404,-17.357882159118837,-17.357882159118837,-17.357882159118837,1.1925851675699224,1.1925851675699224,1.1925851675699224,-18.55046732668876,-18.55046732668876,-18.55046732668876,0.0,0.0,0.0,217.3472493515952
2024-08-07,234.6666248040652,209.90356207298748,224.75023013812228,234.6666248040652,234.6666248040652,-17.396407326489484,-17.396407326489484,-17.396407326489484,1.022899952413472,1.022899952413472,1.022899952413472,-18.419307278902956,-18.419307278902956,-18.419307278902956,0.0,0.0,0.0,217.27021747757573
2024-08-08,234.6281180974164,210.21051334446574,224.98450390832895,234.6281180974164,234.6281180974164,-17.16459126700575,-17.16459126700575,-17.16459126700575,1.0291160953508491,1.0291160953508491,1.0291160953508491,-18.193707362356598,-18.193707362356598,-18.193707362356598,0.0,0.0,0.0,217.46352683041064
2024-08-09,234.5896113907676,210.58165802482773,225.82185599939055,234.5896113907676,234.5896113907676,-16.62924493682187,-16.62924493682187,-16.62924493682187,1.2495346665049405,1.2495346665049405,1.2495346665049405,-17.87877960332681,-17.87877960332681,-17.87877960332681,0.0,0.0,0.0,217.96036645394574
2024-08-12,234.47409127082116,211.8275289820034,226.72068999629533,234.47409127082116,234.47409127082116,-15.283381002747614,-15.283381002747614,-15.283381002747614,1.1937952256448712,1.1937952256448712,1.1937952256448712,-16.477176228392484,-16.477176228392484,-16.477176228392484,0.0,0.0,0.0,219.19071026807356
2024-08-13,234.4355845641723,212.13638976444787,226.56142760549508,234.4355845641723,234.4355845641723,-14.69939585386949,-14.69939585386949,-14.69939585386949,1.192585167566772,1.192585167566772,1.192585167566772,-15.891981021436262,-15.891981021436262,-15.891981021436262,0.0,0.0,0.0,219.73618871030283
2024-08-14,234.3970778575235,212.692545086066,227.31416318333936,234.3970778575235,234.3970778575235,-14.245067604597198,-14.245067604597198,-14.245067604597198,1.022899952413205,1.022899952413205,1.022899952413205,-15.267967557010403,-15.267967557010403,-15.267967557010403,0.0,0.0,0.0,220.1520102529263
2024-08-15,234.3585711508747,212.39371558020184,227.7253322398735,234.3585711508747,234.3585711508747,-13.589317414864249,-13.589317414864249,-13.589317414864249,1.029116095352068,1.029116095352068,1.029116095352068,-14.618433510216317,-14.618433510216317,-14.618433510216317,0.0,0.0,0.0,220.76925373601046
2024-08-16,234.32006444422586,213.68031836962487,229.29088147301883,234.32006444422586,234.32006444422586,-12.707474089733411,-12.707474089733411,-12.707474089733411,1.2495346665136586,1.2495346665136586,1.2495346665136586,-13.95700875624707,-13.95700875624707,-13.95700875624707,0.0,0.0,0.0,221.61259035449245
2024-08-19,234.20454432427942,215.6858019416168,231.13863063422792,234.20454432427942,234.20454432427942,-10.841697974499132,-10.841697974499132,-10.841697974499132,1.1937952256477815,1.1937952256477815,1.1937952256477815,-12.035493200146913,-12.035493200146913,-12.035493200146913,0.0,0.0,0.0,223.36284634978028
2024-08-20,234.16603761763062,216.48880222574473,231.526067563233,234.16603761763062,234.16603761763062,-10.264962270643395,-10.264962270643395,-10.264962270643395,1.192585167567316,1.192585167567316,1.192585167567316,-11.45754743821071,-11.45754743821071,-11.45754743821071,0.0,0.0,0.0,223.90107534698723
2024-08-21,234.1275309109818,216.4278397251422,231.4228503449219,234.1275309109818,234.1275309109818,-9.906190856211074,-9.906190856211074,-9.906190856211074,1.022899952413176,1.022899952413176,1.022899952413176,-10.92909080862425,-10.92909080862425,-10.92909080862425,0.0,0.0,0.0,224.2213400547707
2024-08-22,234.089024204333,216.86356659458946,232.3740709328529,234.089024204333,234.089024204333,-9.42979877102808,-9.42979877102808,-9.42979877102808,1.0291160953483514,1.0291160953483514,1.0291160953483514,-10.458914866376432,-10.458914866376432,-10.458914866376432,0.0,0.0,0.0,224.6592254333049
2024-08-23,234.05051749768415,217.875291324829,233.06838043510393,234.05051749768415,234.05051749768415,-8.804545920331904,-8.804545920331904,-8.804545920331904,1.2495346665109475,1.2495346665109475,1.2495346665109475,-10.054080586842852,-10.054080586842852,-10.054080586842852,0.0,0.0,0.0,225.24597157735224
2024-08-26,233.93499737773772,218.27422988836403,233.930271400696,233.93499737773772,233.93499737773772,-8.079498232567653,-8.079498232567653,-8.079498232567653,1.1937952256476003,1.1937952256476003,1.1937952256476003,-9.273293458215253,-9.273293458215253,-9.273293458215253,0.0,0.0,0.0,225.85549914517006
2024-08-27,233.8964906710889,218.67752828485123,233.24245677922656,233.8964906710889,233.8964906710889,-7.968752274757119,-7.968752274757119,-7.968752274757119,1.1925851675708738,1.1925851675708738,1.1925851675708738,-9.161337442327993,-9.161337442327993,-9.161337442327993,0.0,0.0,0.0,225.9277383963318
2024-08-28,233.8579839644401,218.41444512668744,232.9362752549624,233.8579839644401,233.8579839644401,-8.097425376441986,-8.097425376441986,-8.097425376441986,1.0228999524129092,1.0228999524129092,1.0228999524129092,-9.120325328854896,-9.120325328854896,-9.120325328854896,0.0,0.0,0.0,225.76055858799813
2024-08-29,233.81947725779122,218.59332510874117,233.5694013454929,233.81947725779122,233.81947725779122,-8.116320804112338,-8.116320804112338,-8.116320804112338,1.0291160953495706,1.0291160953495706,1.0291160953495706,-9.145436899461908,-9.145436899461908,-9.145436899461908,0.0,0.0,0.0,225.70315645367887
2024-08-30,233.71472300516382,217.9646710511699,233.14219188002505,233.71472300516382,233.71472300516382,-7.9805836909970465,-7.9805836909970465,-7.9805836909970465,1.249534666508236,1.249534666508236,1.249534666508236,-9.230118357505283,-9.230118357505283,-9.230118357505283,0.0,0.0,0.0,225.73413931416678
2024-09-03,233.29570599465418,217.2659906077397,232.88388365730728,233.29570599465418,233.29570599465418,-8.79252459835549,-8.79252459835549,-8.79252459835549,1.1925851675695707,1.1925851675695707,1.1925851675695707,-9.985109765925062,-9.985109765925062,-9.985109765925062,0.0,0.0,0.0,224.5031813962987
2024-09-04,233.19095174202678,216.1661000003634,231.50039953682685,233.19095174202678,233.19095174202678,-9.201844335534807,-9.201844335534807,-9.201844335534807,1.0228999524131182,1.0228999524131182,1.0228999524131182,-10.224744287947926,-10.224744287947926,-10.224744287947926,0.0,0.0,0.0,223.98910740649197
2024-09-05,233.08619748939938,216.3068169780748,230.970698609699,233.08619748939938,233.08619748939938,-9.432707111961433,-9.432707111961433,-9.432707111961433,1.0291160953507894,1.0291160953507894,1.0291160953507894,-10.461823207312223,-10.461823207312223,-10.461823207312223,0.0,0.0,0.0,223.65349037743795
2024-09-06,232.98144323677198,216.18931546294033,231.34806140024358,232.98144323677198,232.98144323677198,-9.43542346632568,-9.43542346632568,-9.43542346632568,1.249534666508319,1.249534666508319,1.249534666508319,-10.684958132833998,-10.684958132833998,-10.684958132833998,0.0,0.0,0.0,223.5460197704463
2024-09-09,232.66718047888972,215.65747064138424,230.25972655018873,232.66718047888972,232.66718047888972,-9.972797159350815,-9.972797159350815,-9.972797159350815,1.1937952256503293,1.1937952256503293,1.1937952256503293,-11.166592385001145,-11.166592385001145,-11.166592385001145,0.0,0.0,0.0,222.6943833195389
2024-09-10,232.56242622626232,215.44709942739078,229.4548125185311,232.56242622626232,232.56242622626232,-10.042415499907326,-10.042415499907326,-10.042415499907326,1.1925851675682677,1.1925851675682677,1.1925851675682677,-11.235000667475594,-11.235000667475594,-11.235000667475594,0.0,0.0,0.0,222.520010726355
2024-09-11,232.45767197363492,213.95372056122753,228.8318671956447,232.45767197363492,232.45767197363492,-10.223043144191633,-10.223043144191633,-10.223043144191633,1.0228999524128513,1.0228999524128513,1.0228999524128513,-11.245943096604485,-11.245943096604485,-11.245943096604485,0.0,0.0,0.0,222.2346288294433
2024-09-12,232.3529177210075,214.86630046734666,229.73023843327087,232.3529177210075,232.3529177210075,-10.16585687831665,-10.16585687831665,-10.16585687831665,1.029116095347073,1.029116095347073,1.029116095347073,-11.194972973663722,-11.194972973663722,-11.194972973663722,0.0,0.0,0.0,222.18706084269084
2024-09-13,232.24816346838008,215.49180878913506,229.9499842217929,232.24816346838008,232.24816346838008,-9.82986238196332,-9.82986238196332,-9.82986238196332,1.2495346665084015,1.2495346665084015,1.2495346665084015,-11.079397048471721,-11.079397048471721,-11.079397048471721,0.0,0.0,0.0,222.41830108641676
2024-09-16,231.93390071049788,215.74042263043953,230.2850335573144,231.93390071049788,231.93390071049788,-9.151249502130598,-9.151249502130598,-9.151249502130598,1.1937952256532391,1.1937952256532391,1.1937952256532391,-10.345044727783838,-10.345044727783838,-10.345044727783838,0.0,0.0,0.0,222.78265120836727
2024-09-17,231.82914645787045,215.58292189517968,230.5039412188347,231.82914645787045,231.82914645787045,-8.787194947333257,-8.787194947333257,-8.787194947333257,1.1925851675688117,1.1925851675688117,1.1925851675688117,-9.979780114902068,-9.979780114902068,-9.979780114902068,0.0,0.0,0.0,223.0419515105372
2024-09-18,231.72439220524305,215.275915889745,230.3724320721738,231.72439220524305,231.72439220524305,-8.53974816064994,-8.53974816064994,-8.53974816064994,1.0228999524132802,1.0228999524132802,1.0228999524132802,-9.56264811306322,-9.56264811306322,-9.56264811306322,0.0,0.0,0.0,223.1846440445931
2024-09-19,231.61963795261565,216.1633375771701,231.0541148375051,231.61963795261565,231.61963795261565,-8.071627337859317,-8.071627337859317,-8.071627337859317,1.0291160953468739,1.0291160953468739,1.0291160953468739,-9.10074343320619,-9.10074343320619,-9.10074343320619,0.0,0.0,0.0,223.54801061475632
2024-09-20,231.51488369998825,216.5244111221208,231.93309453117706,231.51488369998825,231.51488369998825,-7.352713961069184,-7.352713961069184,-7.352713961069184,1.2495346665056901,1.2495346665056901,1.2495346665056901,-8.602248627574875,-8.602248627574875,-8.602248627574875,0.0,0.0,0.0,224.16216973891906
2024-09-23,231.20062094210599,217.79427480375222,232.4285382244973,231.20062094210599,231.20062094210599,-5.786221978470247,-5.786221978470247,-5.786221978470247,1.193795225643998,1.193795225643998,1.193795225643998,-6.980017204114245,-6.980017204114245,-6.980017204114245,0.0,0.0,0.0,225.41439896363573
2024-09-24,231.09586668947858,218.32749246054237,233.19285773246202,231.09586668947858,231.09586668947858,-5.237098027839954,-5.237098027839954,-5.237098027839954,1.1925851675693562,1.1925851675693562,1.1925851675693562,-6.42968319540931,-6.42968319540931,-6.42968319540931,0.0,0.0,0.0,225.85876866163863
2024-09-25,230.99111243685118,218.37885239984402,233.16974909394705,230.99111243685118,230.99111243685118,-4.867858859328006,-4.867858859328006,-4.867858859328006,1.0228999524132512,1.0228999524132512,1.0228999524132512,-5.890758811741257,-5.890758811741257,-5.890758811741257,0.0,0.0,0.0,226.12325357752317
2024-09-26,230.88635818422375,219.40422211577499,233.7081821017169,230.88635818422375,230.88635818422375,-4.343197775171226,-4.343197775171226,-4.343197775171226,1.029116095349511,1.029116095349511,1.029116095349511,-5.3723138705207365,-5.3723138705207365,-5.3723138705207365,0.0,0.0,0.0,226.54316040905252
2024-09-27,230.78160393159635,220.08213629756062,235.14069344230336,230.78160393159635,230.78160393159635,-3.6330915027976465,-3.6330915027976465,-3.6330915027976465,1.249534666502979,1.249534666502979,1.249534666502979,-4.882626169300625,-4.882626169300625,-4.882626169300625,0.0,0.0,0.0,227.1485124287987
2024-09-30,230.46734117371415,220.87775231784585,235.43147190389809,230.46734117371415,230.46734117371415,-2.4587864338707788,-2.4587864338707788,-2.4587864338707788,1.1937952256438173,1.1937952256438173,1.1937952256438173,-3.6525816595145963,-3.6525816595145963,-3.6525816595145963,0.0,0.0,0.0,228.00855473984336
2024-10-01,230.36258677794524,220.84350182772468,235.92245265796834,230.36258677794524,230.36258677794524,-2.145236762006531,-2.145236762006531,-2.145236762006531,1.1925851675680528,1.1925851675680528,1.1925851675680528,-3.337821929574584,-3.337821929574584,-3.337821929574584,0.0,0.0,0.0,228.2173500159387
2024-10-02,230.25783238217633,221.00332562606835,235.07312330058423,230.25783238217633,230.25783238217633,-2.051913177486832,-2.051913177486832,-2.051913177486832,1.0228999524132223,1.0228999524132223,1.0228999524132223,-3.074813129900055,-3.074813129900055,-3.074813129900055,0.0,0.0,0.0,228.2059192046895
2024-10-03,230.1530779864074,221.52071249917427,235.82849320222007,230.1530779864074,230.1530779864074,-1.8346089754569535,-1.8346089754569535,-1.8346089754569535,1.029116095349312,1.029116095349312,1.029116095349312,-2.8637250708062654,-2.8637250708062654,-2.8637250708062654,0.0,0.0,0.0,228.31846901095045
2024-10-04,230.0483235906385,221.5315102927784,236.47934094799376,230.0483235906385,230.0483235906385,-1.4536728758388286,-1.4536728758388286,-1.4536728758388286,1.2495346665116969,1.2495346665116969,1.2495346665116969,-2.7032075423505253,-2.7032075423505253,-2.7032075423505253,0.0,0.0,0.0,228.59465071479966
2024-10-07,229.73406040333174,220.9013930032664,236.1944053652222,229.73406040333174,229.73406040333174,-1.296762408733747,-1.296762408733747,-1.296762408733747,1.1937952256498177,1.1937952256498177,1.1937952256498177,-2.490557634383565,-2.490557634383565,-2.490557634383565,0.0,0.0,0.0,228.437297994598
2024-10-08,229.62930600756283,220.67575637961573,235.75159160651444,229.62930600756283,229.62930600756283,-1.2991717248671346,-1.2991717248671346,-1.2991717248671346,1.1925851675667496,1.1925851675667496,1.1925851675667496,-2.491756892433884,-2.491756892433884,-2.491756892433884,0.0,0.0,0.0,228.3301342826957
2024-10-09,229.52455161179392,220.64478459397606,235.36013092685127,229.52455161179392,229.52455161179392,-1.4949355307036494,-1.4949355307036494,-1.4949355307036494,1.022899952413651,1.022899952413651,1.022899952413651,-2.5178354831173007,-2.5178354831173007,-2.5178354831173007,0.0,0.0,0.0,228.02961608109027
2024-10-10,229.419797216025,220.53487023974597,234.6555826557488,229.419797216025,229.419797216025,-1.5320025956092005,-1.5320025956092005,-1.5320025956092005,1.029116095350531,1.029116095350531,1.029116095350531,-2.561118690959731,-2.561118690959731,-2.561118690959731,0.0,0.0,0.0,227.88779462041578
2024-10-11,229.31504282025608,220.78488899845678,235.29546500196233,229.31504282025608,229.31504282025608,-1.3640802191366526,-1.3640802191366526,-1.3640802191366526,1.2495346665117795,1.2495346665117795,1.2495346665117795,-2.613614885648432,-2.613614885648432,-2.613614885648432,0.0,0.0,0.0,227.95096260111944
2024-10-14,229.00077963294933,219.8765269235563,235.31875694514412,229.00077963294933,229.00077963294933,-1.5531325363199235,-1.5531325363199235,-1.5531325363199235,1.193795225649637,1.193795225649637,1.193795225649637,-2.7469277619695607,-2.7469277619695607,-2.7469277619695607,0.0,0.0,0.0,227.4476470966294
2024-10-15,228.89602523718045,219.7629311068344,234.83631091721128,228.89602523718045,228.89602523718045,-1.5660714989447333,-1.5660714989447333,-1.5660714989447333,1.1925851675703076,1.1925851675703076,1.1925851675703076,-2.758656666515041,-2.758656666515041,-2.758656666515041,0.0,0.0,0.0,227.32995373823573
2024-10-16,228.79127084141155,219.21955979511628,234.64230783585515,228.79127084141155,228.79127084141155,-1.7204909071328778,-1.7204909071328778,-1.7204909071328778,1.0228999524136222,1.0228999524136222,1.0228999524136222,-2.7433908595465,-2.7433908595465,-2.7433908595465,0.0,0.0,0.0,227.07077993427868
2024-10-17,228.6865164456426,220.14585918265917,234.93409515458941,228.6865164456426,228.6865164456426,-1.6670342948225585,-1.6670342948225585,-1.6670342948225585,1.0291160953503318,1.0291160953503318,1.0291160953503318,-2.6961503901728903,-2.6961503901728903,-2.6961503901728903,0.0,0.0,0.0,227.01948215082004
2024-10-18,228.5817620498737,220.1487595113734,234.89592363441338,228.5817620498737,228.5817620498737,-1.3635609551157801,-1.3635609551157801,-1.3635609551157801,1.2495346665062743,1.2495346665062743,1.2495346665062743,-2.613095621622054,-2.613095621622054,-2.613095621622054,0.0,0.0,0.0,227.21820109475792
2024-10-21,228.26749886256695,219.94349733314934,234.93510000392322,228.26749886256695,228.26749886256695,-0.9357050721106114,-0.9357050721106114,-0.9357050721106114,1.1937952256525468,1.1937952256525468,1.1937952256525468,-2.1295002977631583,-2.1295002977631583,-2.1295002977631583,0.0,0.0,0.0,227.33179379045635
2024-10-22,228.16274446679805,219.19477655986984,235.20168433500115,228.16274446679805,228.16274446679805,-0.6975383256817326,-0.6975383256817326,-0.6975383256817326,1.1925851675690045,1.1925851675690045,1.1925851675690045,-1.890123493250737,-1.890123493250737,-1.890123493250737,0.0,0.0,0.0,227.4652061411163
2024-10-23,228.05799007102914,219.00066121741963,234.09478916828544,228.05799007102914,228.05799007102914,-0.5918831373803769,-0.5918831373803769,-0.5918831373803769,1.0228999524133553,1.0228999524133553,1.0228999524133553,-1.614783089793732,-1.614783089793732,-1.614783089793732,0.0,0.0,0.0,227.46610693364877
2024-10-24,227.9532356752602,220.12022365543282,234.599882591759,227.9532356752602,227.9532356752602,-0.27795241103760177,-0.27795241103760177,-0.27795241103760177,1.0291160953515508,1.0291160953515508,1.0291160953515508,-1.3070685063891525,-1.3070685063891525,-1.3070685063891525,0.0,0.0,0.0,227.6752832642226
2024-10-25,227.8484812794913,221.0050813947232,235.57472762176488,227.8484812794913,227.8484812794913,0.27800642584063356,0.27800642584063356,0.27800642584063356,1.2495346665063571,1.2495346665063571,1.2495346665063571,-0.9715282406657235,-0.9715282406657235,-0.9715282406657235,0.0,0.0,0.0,228.12648770533193
2024-10-28,227.53421809218455,221.461394350323,236.40719529290746,227.53421809218455,227.53421809218455,1.339785280988675,1.339785280988675,1.339785280988675,1.193795225652366,1.193795225652366,1.193795225652366,0.14599005533630896,0.14599005533630896,0.14599005533630896,0.0,0.0,0.0,228.87400337317322
2024-10-29,227.42946369641564,222.13359811249896,236.6268457056117,227.42946369641564,227.42946369641564,1.7273087667787914,1.7273087667787914,1.7273087667787914,1.192585167567701,1.192585167567701,1.192585167567701,0.5347235992110904,0.5347235992110904,0.5347235992110904,0.0,0.0,0.0,229.15677246319444
2024-10-30,227.3247093006467,221.27712369695934,236.77215809928228,227.3247093006467,227.3247093006467,1.943870471981908,1.943870471981908,1.943870471981908,1.0228999524135645,1.0228999524135645,1.0228999524135645,0.9209705195683434,0.9209705195683434,0.9209705195683434,0.0,0.0,0.0,229.2685797726286
2024-10-31,227.21995489664374,222.37215572334622,237.30631069055386,227.21995489664374,227.21995489664374,2.3278353631023196,2.3278353631023196,2.3278353631023196,1.0291160953478342,1.0291160953478342,1.0291160953478342,1.2987192677544854,1.2987192677544854,1.2987192677544854,0.0,0.0,0.0,229.54779025974605
2024-11-01,227.1152004926408,222.86246887744895,237.6827158508121,227.1152004926408,227.1152004926408,2.912039636109475,2.912039636109475,2.912039636109475,1.2495346665036458,1.2495346665036458,1.2495346665036458,1.6625049696058296,1.6625049696058296,1.6625049696058296,0.0,0.0,0.0,230.0272401287503
2024-11-04,226.8009372806319,222.88149361019808,238.48340958407465,226.8009372806319,226.8009372806319,3.8215605030605855,3.8215605030605855,3.8215605030605855,1.1937952256552757,1.1937952256552757,1.1937952256552757,2.6277652774053095,2.6277652774053095,2.6277652774053095,0.0,0.0,0.0,230.6224977836925
2024-11-05,226.69618287662897,223.6887709357029,238.38164863377813,226.69618287662897,226.69618287662897,4.091205386243687,4.091205386243687,4.091205386243687,1.1925851675731063,1.1925851675731063,1.1925851675731063,2.898620218670582,2.898620218670582,2.898620218670582,0.0,0.0,0.0,230.78738826287267
2024-11-06,226.591428472626,223.2268134165966,238.55133769828913,226.591428472626,226.591428472626,4.165523830090633,4.165523830090633,4.165523830090633,1.0228999524132971,1.0228999524132971,1.0228999524132971,3.1426238776773356,3.1426238776773356,3.1426238776773356,0.0,0.0,0.0,230.75695230271663
2024-11-07,226.48667406862307,223.84718437642627,238.36909620764143,226.48667406862307,226.48667406862307,4.390010357174203,4.390010357174203,4.390010357174203,1.0291160953490532,1.0291160953490532,1.0291160953490532,3.360894261825149,3.360894261825149,3.360894261825149,0.0,0.0,0.0,230.87668442579727
2024-11-08,226.38191966462009,223.91391494355543,238.3009987849114,226.38191966462009,226.38191966462009,4.805407394710281,4.805407394710281,4.805407394710281,1.249534666512364,1.249534666512364,1.249534666512364,3.555872728197917,3.555872728197917,3.555872728197917,0.0,0.0,0.0,231.18732705933036
2024-11-11,226.0676564526112,224.134205329721,238.68347141403143,226.0676564526112,226.0676564526112,5.237907008303997,5.237907008303997,5.237907008303997,1.193795225646035,1.193795225646035,1.193795225646035,4.0441117826579625,4.0441117826579625,4.0441117826579625,0.0,0.0,0.0,231.3055634609152
2024-11-12,225.96290204860824,223.55743257260528,238.6452565927662,225.96290204860824,225.96290204860824,5.387001756585108,5.387001756585108,5.387001756585108,1.192585167569956,1.192585167569956,1.192585167569956,4.194416589015153,4.194416589015153,4.194416589015153,0.0,0.0,0.0,231.34990380519335
2024-11-13,225.85814764460528,223.61200000859222,238.864547841793,225.85814764460528,225.85814764460528,5.3734602297848735,5.3734602297848735,5.3734602297848735,1.0228999524130304,1.0228999524130304,1.0228999524130304,4.350560277371843,4.350560277371843,4.350560277371843,0.0,0.0,0.0,231.23160787439016
2024-11-14,225.75339324060235,223.44002730758353,238.60670181600042,225.75339324060235,225.75339324060235,5.549775729027015,5.549775729027015,5.549775729027015,1.029116095348854,1.029116095348854,1.029116095348854,4.520659633678162,4.520659633678162,4.520659633678162,0.0,0.0,0.0,231.30316896962935
2024-11-15,225.6486388365994,224.21755256290757,239.21880990188973,225.6486388365994,225.6486388365994,5.96263198237403,5.96263198237403,5.96263198237403,1.2495346665096525,1.2495346665096525,1.2495346665096525,4.713097315864378,4.713097315864378,4.713097315864378,0.0,0.0,0.0,231.61127081897342
2024-11-18,225.33437562459048,224.1585637428575,239.7345908979486,225.33437562459048,225.33437562459048,6.700782998272102,6.700782998272102,6.700782998272102,1.1937952256489446,1.1937952256489446,1.1937952256489446,5.506987772623157,5.506987772623157,5.506987772623157,0.0,0.0,0.0,232.03515862286258
2024-11-19,225.22962122058752,224.62417293995844,240.34674472674934,225.22962122058752,225.22962122058752,7.061715595240425,7.061715595240425,7.061715595240425,1.1925851675705001,1.1925851675705001,1.1925851675705001,5.869130427669925,5.869130427669925,5.869130427669925,0.0,0.0,0.0,232.29133681582795
2024-11-20,225.12486681658459,225.53675184034742,239.27508668851476,225.12486681658459,225.12486681658459,7.313643685039504,7.313643685039504,7.313643685039504,1.0228999524130014,1.0228999524130014,1.0228999524130014,6.2907437326265025,6.2907437326265025,6.2907437326265025,0.0,0.0,0.0,232.43851050162408
2024-11-21,225.02011241258162,225.06970687990213,240.53646162496057,225.02011241258162,225.02011241258162,7.805743928805283,7.805743928805283,7.805743928805283,1.0291160953514913,1.0291160953514913,1.0291160953514913,6.776627833453792,6.776627833453792,6.776627833453792,0.0,0.0,0.0,232.8258563413869
2024-11-22,224.91535800857866,225.8497807813066,241.10307965892815,224.91535800857866,224.91535800857866,8.579771629345593,8.579771629345593,8.579771629345593,1.2495346665069413,1.2495346665069413,1.2495346665069413,7.330236962838653,7.330236962838653,7.330236962838653,0.0,0.0,0.0,233.49512963792426
2024-11-25,224.60109479656978,227.67888161610435,242.6791926657881,224.60109479656978,224.60109479656978,10.602838658629059,10.602838658629059,10.602838658629059,1.1937952256518545,1.1937952256518545,1.1937952256518545,9.409043432977205,9.409043432977205,9.409043432977205,0.0,0.0,0.0,235.20393345519884
2024-11-26,224.49634039256682,228.76696793326693,243.36505385587932,224.49634039256682,224.49634039256682,11.429592809302399,11.429592809302399,11.429592809302399,1.1925851675691972,1.1925851675691972,1.1925851675691972,10.237007641733202,10.237007641733202,10.237007641733202,0.0,0.0,0.0,235.9259332018692
2024-11-27,224.39158598856386,229.10399637290078,243.99412415146367,224.39158598856386,224.39158598856386,12.149081919898872,12.149081919898872,12.149081919898872,1.0228999524131925,1.0228999524131925,1.0228999524131925,11.12618196748568,11.12618196748568,11.12618196748568,0.0,0.0,0.0,236.54066790846272
2024-11-29,224.18207718055797,231.24985666305986,246.13708502663275,224.18207718055797,224.18207718055797,14.31144410102732,14.31144410102732,14.31144410102732,1.2495346665042302,1.2495346665042302,1.2495346665042302,13.06190943452309,13.06190943452309,13.06190943452309,0.0,0.0,0.0,238.4935212815853
2024-12-02,223.8678139366198,233.65819254943128,248.9189550005117,223.8678139366198,223.8678139366198,17.418972364141748,17.418972364141748,17.418972364141748,1.1937952256426134,1.1937952256426134,1.1937952256426134,16.225177138499134,16.225177138499134,16.225177138499134,0.0,0.0,0.0,241.28678630076155
2024-12-03,223.7630595219737,235.07071908491073,249.89120020564727,223.7630595219737,223.7630595219737,18.498432142519718,18.498432142519718,18.498432142519718,1.1925851675678936,1.1925851675678936,1.1925851675678936,17.305846974951823,17.305846974951823,17.305846974951823,0.0,0.0,0.0,242.2614916644934
2024-12-04,223.65830510732766,235.5733879125358,250.6249772502293,223.65830510732766,223.65830510732766,19.40263400527503,19.40263400527503,19.40263400527503,1.0228999524134017,1.0228999524134017,1.0228999524134017,18.37973405286163,18.37973405286163,18.37973405286163,0.0,0.0,0.0,243.06093911260268
2024-12-05,223.55355069268163,236.4566343222088,251.02129405959556,223.55355069268163,223.55355069268163,20.463601108447214,20.463601108447214,20.463601108447214,1.029116095348994,1.029116095348994,1.029116095348994,19.43448501309822,19.43448501309822,19.43448501309822,0.0,0.0,0.0,244.01715180112885
2024-12-06,223.44879627803553,237.66576091582456,252.70713028221152,223.44879627803553,223.44879627803553,21.707384816969405,21.707384816969405,21.707384816969405,1.2495346665043126,1.2495346665043126,1.2495346665043126,20.457850150465095,20.457850150465095,20.457850150465095,0.0,0.0,0.0,245.15618109500494
2024-12-09,223.13453303409736,239.94429137480404,255.29974805033513,223.13453303409736,223.13453303409736,24.418016491055177,24.418016491055177,24.418016491055177,1.1937952256424325,1.1937952256424325,1.1937952256424325,23.224221265412748,23.224221265412748,23.224221265412748,0.0,0.0,0.0,247.55254952515253
2024-12-10,223.0297786194513,240.69052922050048,255.91969360491282,223.0297786194513,223.0297786194513,25.203293002597214,25.203293002597214,25.203293002597214,1.1925851675665908,1.1925851675665908,1.1925851675665908,24.010707835030622,24.010707835030622,24.010707835030622,0.0,0.0,0.0,248.2330716220485
2024-12-11,222.92502420480525,241.45897354507787,256.3403882507192,222.92502420480525,222.92502420480525,25.737866695275944,25.737866695275944,25.737866695275944,1.0228999524131346,1.0228999524131346,1.0228999524131346,24.71496674286281,24.71496674286281,24.71496674286281,0.0,0.0,0.0,248.6628909000812
2024-12-12,222.82026979015916,241.99996682339287,256.85510206913125,222.82026979015916,222.82026979015916,26.359510988567113,26.359510988567113,26.359510988567113,1.0291160953487946,1.0291160953487946,1.0291160953487946,25.330394893218315,25.330394893218315,25.330394893218315,0.0,0.0,0.0,249.17978077872627
2024-12-13,222.71551537551312,242.17009217786867,256.71635591771314,222.71551537551312,222.71551537551312,27.10146650171938,27.10146650171938,27.10146650171938,1.2495346665130307,1.2495346665130307,1.2495346665130307,25.851931835206347,25.851931835206347,25.851931835206347,0.0,0.0,0.0,249.8169818772325
2024-12-16,222.40125213157495,242.91224010173516,257.90835132477065,222.40125213157495,222.40125213157495,28.020870269220012,28.020870269220012,28.020870269220012,1.1937952256484332,1.1937952256484332,1.1937952256484332,26.82707504357158,26.82707504357158,26.82707504357158,0.0,0.0,0.0,250.42212240079496
2024-12-17,222.29649771692885,242.82177593949206,257.72542887015743,222.29649771692885,222.29649771692885,28.147739823472524,28.147739823472524,28.147739823472524,1.192585167567135,1.192585167567135,1.192585167567135,26.955154655905385,26.955154655905385,26.955154655905385,0.0,0.0,0.0,250.4442375404014
2024-12-18,222.19174330228282,243.22337594150056,257.74528790301326,222.19174330228282,222.19174330228282,28.011370972552633,28.011370972552633,28.011370972552633,1.0228999524131055,1.0228999524131055,1.0228999524131055,26.988471020139528,26.988471020139528,26.988471020139528,0.0,0.0,0.0,250.20311427483546
2024-12-19,222.08698888763678,243.06643699140866,257.69845910232715,222.08698888763678,222.08698888763678,27.9605519327998,27.9605519327998,27.9605519327998,1.0291160953485952,1.0291160953485952,1.0291160953485952,26.931435837451208,26.931435837451208,26.931435837451208,0.0,0.0,0.0,250.04754082043658
2024-12-20,221.98223447299068,242.9494212495892,257.57754525977646,221.98223447299068,221.98223447299068,28.039255163825587,28.039255163825587,28.039255163825587,1.2495346665131133,1.2495346665131133,1.2495346665131133,26.789720497312473,26.789720497312473,26.789720497312473,0.0,0.0,0.0,250.02148963681628
2024-12-23,221.6679712290525,241.42109262641458,256.5538889462686,221.6679712290525,221.6679712290525,27.122096978766173,27.122096978766173,27.122096978766173,1.1937952256482522,1.1937952256482522,1.1937952256482522,25.92830175311792,25.92830175311792,25.92830175311792,0.0,0.0,0.0,248.79006820781868
2024-12-24,221.56321681440645,240.96001613680218,255.54605628132694,221.56321681440645,221.56321681440645,26.715864749508,26.715864749508,26.715864749508,1.1925851675706927,1.1925851675706927,1.1925851675706927,25.52327958193731,25.52327958193731,25.52327958193731,0.0,0.0,0.0,248.27908156391445
2024-12-26,221.35370798511434,239.6773524622203,254.72654598820344,221.35370798511434,221.35370798511434,25.619047067224923,25.619047067224923,25.619047067224923,1.0291160953512326,1.0291160953512326,1.0291160953512326,24.58993097187369,24.58993097187369,24.58993097187369,0.0,0.0,0.0,246.97275505233927
2024-12-27,221.24895357046827,239.33015961088654,253.8096864501439,221.24895357046827,221.24895357046827,25.329092606085943,25.329092606085943,25.329092606085943,1.2495346665076084,1.2495346665076084,1.2495346665076084,24.079557939578336,24.079557939578336,24.079557939578336,0.0,0.0,0.0,246.5780461765542
2024-12-30,220.9346903265301,237.03425994057872,252.36504549697872,220.9346903265301,220.9346903265301,23.667691572400184,23.667691572400184,23.667691572400184,1.1937952256480713,1.1937952256480713,1.1937952256480713,22.473896346752113,22.473896346752113,22.473896346752113,0.0,0.0,0.0,244.60238189893028
2024-12-31,220.829935911884,236.96572801248954,251.10542421630228,220.829935911884,220.829935911884,23.130719785542727,23.130719785542727,23.130719785542727,1.1925851675712367,1.1925851675712367,1.1925851675712367,21.938134617971492,21.938134617971492,21.938134617971492,0.0,0.0,0.0,243.96065569742674
2025-01-02,220.620427082592,235.06397542150933,250.24839862926672,220.620427082592,220.620427082592,21.930182895424664,21.930182895424664,21.930182895424664,1.0291160953510332,1.0291160953510332,1.0291160953510332,20.901066800073632,20.901066800073632,20.901066800073632,0.0,0.0,0.0,242.55060997801667
2025-01-03,220.51567267349515,234.8988516850989,249.6643450462341,220.51567267349515,220.51567267349515,21.657887568598337,21.657887568598337,21.657887568598337,1.2495346665076907,1.2495346665076907,1.2495346665076907,20.408352902090645,20.408352902090645,20.408352902090645,0.0,0.0,0.0,242.1735602420935
2025-01-06,220.20140944620474,232.83313940164723,248.20530635207416,220.20140944620474,220.20140944620474,20.259800054724696,20.259800054724696,20.259800054724696,1.1937952256540718,1.1937952256540718,1.1937952256540718,19.066004829070625,19.066004829070625,19.066004829070625,0.0,0.0,0.0,240.46120950092944
2025-01-07,220.09665503710795,232.50535577869965,247.79472878288786,220.09665503710795,220.09665503710795,19.86064397640769,19.86064397640769,19.86064397640769,1.1925851675680865,1.1925851675680865,1.1925851675680865,18.668058808839607,18.668058808839607,18.668058808839607,0.0,0.0,0.0,239.95729901351564
2025-01-08,219.99190062801114,231.98991160085106,246.4275496369359,219.99190062801114,219.99190062801114,19.318191817499432,19.318191817499432,19.318191817499432,1.0228999524134768,1.0228999524134768,1.0228999524134768,18.295291865085954,18.295291865085954,18.295291865085954,0.0,0.0,0.0,239.31009244551058
2025-01-10,219.78239180981754,231.44146329704944,246.33606571352414,219.78239180981754,219.78239180981754,18.872474402326688,18.872474402326688,18.872474402326688,1.2495346665077736,1.2495346665077736,1.2495346665077736,17.62293973581891,17.62293973581891,17.62293973581891,0.0,0.0,0.0,238.6548662121442
2025-01-13,219.4681285825271,230.1694920912117,244.47092341150145,219.4681285825271,219.4681285825271,17.976868120524955,17.976868120524955,17.976868120524955,1.193795225653891,1.193795225653891,1.193795225653891,16.783072894871065,16.783072894871065,16.783072894871065,0.0,0.0,0.0,237.44499670305206
2025-01-14,219.36337417343032,229.5940228484913,244.78080183178986,219.36337417343032,219.36337417343032,17.736943418031586,17.736943418031586,17.736943418031586,1.1925851675686303,1.1925851675686303,1.1925851675686303,16.544358250462956,16.544358250462956,16.544358250462956,0.0,0.0,0.0,237.1003175914619
2025-01-15,219.2586197643335,229.12540327448986,244.17683731137706,219.2586197643335,219.2586197643335,17.348210962908997,17.348210962908997,17.348210962908997,1.0228999524134479,1.0228999524134479,1.0228999524134479,16.32531101049555,16.32531101049555,16.32531101049555,0.0,0.0,0.0,236.6068307272425
2025-01-16,219.1538653552367,228.79580992716097,243.84663999327523,219.1538653552367,219.1538653552367,17.15502086025633,17.15502086025633,17.15502086025633,1.0291160953471175,1.0291160953471175,1.0291160953471175,16.12590476490921,16.12590476490921,16.12590476490921,0.0,0.0,0.0,236.30888621549303
2025-01-17,219.04911094613993,228.93615171084514,243.53241155778807,219.04911094613993,219.04911094613993,17.19610242092133,17.19610242092133,17.19610242092133,1.2495346665022684,1.2495346665022684,1.2495346665022684,15.946567754419062,15.946567754419062,15.946567754419062,0.0,0.0,0.0,236.24521336706127
2025-01-21,218.6300933097527,227.9660528433846,242.0875448017016,218.6300933097527,218.6300933097527,16.64787667136267,16.64787667136267,16.64787667136267,1.1925851675691748,1.1925851675691748,1.1925851675691748,15.455291503793495,15.455291503793495,15.455291503793495,0.0,0.0,0.0,235.27796998111538
2025-01-22,218.5253389006559,227.52607229538216,242.5124082362445,218.5253389006559,218.5253389006559,16.42207229940321,16.42207229940321,16.42207229940321,1.0228999524131803,1.0228999524131803,1.0228999524131803,15.39917234699003,15.39917234699003,15.39917234699003,0.0,0.0,0.0,234.9474112000591
2025-01-23,218.42058449155908,227.09682150347092,242.1011229939422,218.42058449155908,218.42058449155908,16.40408240625473,16.40408240625473,16.40408240625473,1.0291160953483365,1.0291160953483365,1.0291160953483365,15.374966310906395,15.374966310906395,15.374966310906395,0.0,0.0,0.0,234.8246668978138
2025-01-24,218.31583008246227,227.77957018650756,243.00057212306902,218.31583008246227,218.31583008246227,16.63511622291336,16.63511622291336,16.63511622291336,1.2495346665023508,1.2495346665023508,1.2495346665023508,15.385581556411012,15.385581556411012,15.385581556411012,0.0,0.0,0.0,234.95094630537562
2025-01-27,218.0015668551719,227.55776482435974,242.24856654866934,218.0015668551719,218.0015668551719,16.847641761044382,16.847641761044382,16.847641761044382,1.1937952256444693,1.1937952256444693,1.1937952256444693,15.653846535399913,15.653846535399913,15.653846535399913,0.0,0.0,0.0,234.84920861621626
2025-01-28,217.89681244607505,227.81558318808715,242.19618532038413,217.89681244607505,217.89681244607505,17.02220877758789,17.02220877758789,17.02220877758789,1.1925851675660242,1.1925851675660242,1.1925851675660242,15.829623610021866,15.829623610021866,15.829623610021866,0.0,0.0,0.0,234.91902122366292
2025-01-29,217.79205803697826,227.20962544819167,242.262683639825,217.79205803697826,217.79205803697826,17.07389870570914,17.07389870570914,17.07389870570914,1.0228999524133897,1.0228999524133897,1.0228999524133897,16.05099875329575,16.05099875329575,16.05099875329575,0.0,0.0,0.0,234.8659567426874
2025-01-30,217.68730362788145,227.11575492395477,242.5088592459951,217.68730362788145,217.68730362788145,17.347417837619727,17.347417837619727,17.347417837619727,1.0291160953495555,1.0291160953495555,1.0291160953495555,16.318301742270172,16.318301742270172,16.318301742270172,0.0,0.0,0.0,235.03472146550118
2025-01-31,217.58254921878466,228.6047124894524,242.5131181035103,217.58254921878466,217.58254921878466,17.880467667578404,17.880467667578404,17.880467667578404,1.249534666511069,1.249534666511069,1.249534666511069,16.630933001067337,16.630933001067337,16.630933001067337,0.0,0.0,0.0,235.46301688636308
2025-02-03,217.26828599149425,229.2763437168756,243.58158782017222,217.26828599149425,217.26828599149425,19.01270093265311,19.01270093265311,19.01270093265311,1.193795225647379,1.193795225647379,1.193795225647379,17.81890570700573,17.81890570700573,17.81890570700573,0.0,0.0,0.0,236.28098692414736
2025-02-04,217.16353158239744,228.70055936753488,243.33161579195178,217.16353158239744,217.16353158239744,19.47785982940855,19.47785982940855,19.47785982940855,1.1925851675714294,1.1925851675714294,1.1925851675714294,18.28527466183712,18.28527466183712,18.28527466183712,0.0,0.0,0.0,236.64139141180598
2025-02-05,217.0587771694912,228.9496855462852,244.6518991146088,217.0587771694912,217.0587771694912,19.800357071510906,19.800357071510906,19.800357071510906,1.0228999524135807,1.0228999524135807,1.0228999524135807,18.777457119097328,18.777457119097328,18.777457119097328,0.0,0.0,0.0,236.85913424100212
2025-02-06,216.95402275658495,229.70395006917252,245.0915140883828,216.95402275658495,216.95402275658495,20.317284677740467,20.317284677740467,20.317284677740467,1.0291160953507748,1.0291160953507748,1.0291160953507748,19.288168582389694,19.288168582389694,19.288168582389694,0.0,0.0,0.0,237.27130743432542
2025-02-07,216.84926834367874,230.744160527256,245.04646485161413,216.84926834367874,216.84926834367874,21.058666828275086,21.058666828275086,21.058666828275086,1.2495346665111515,1.2495346665111515,1.2495346665111515,19.809132161763934,19.809132161763934,19.809132161763934,0.0,0.0,0.0,237.90793517195382
2025-02-10,216.53500510496008,231.2887984492237,246.73985333893214,216.53500510496008,216.53500510496008,22.532556438746013,22.532556438746013,22.532556438746013,1.193795225650289,1.193795225650289,1.193795225650289,21.338761213095722,21.338761213095722,21.338761213095722,0.0,0.0,0.0,239.0675615437061
2025-02-11,216.43025069205382,232.0804818976807,246.89308361153243,216.43025069205382,216.43025069205382,22.99577540056223,22.99577540056223,22.99577540056223,1.1925851675682788,1.1925851675682788,1.1925851675682788,21.80319023299395,21.80319023299395,21.80319023299395,0.0,0.0,0.0,239.42602609261604
2025-02-12,216.3254962791476,232.71678319590455,247.11614127067574,216.3254962791476,216.3254962791476,23.24995905380075,23.24995905380075,23.24995905380075,1.0228999524135518,1.0228999524135518,1.0228999524135518,22.2270591013872,22.2270591013872,22.2270591013872,0.0,0.0,0.0,239.57545533294834
2025-02-13,216.22074186624138,232.45323512214443,247.02849800302357,216.22074186624138,216.22074186624138,23.628872821713532,23.628872821713532,23.628872821713532,1.0291160953505751,1.0291160953505751,1.0291160953505751,22.599756726362962,22.599756726362962,22.599756726362962,0.0,0.0,0.0,239.84961468795493
2025-02-14,216.11598745333515,233.14402134665866,248.16837246900522,216.11598745333515,216.11598745333515,24.160607775661273,24.160607775661273,24.160607775661273,1.2495346665084401,1.2495346665084401,1.2495346665084401,22.911073109152834,22.911073109152834,22.911073109152834,0.0,0.0,0.0,240.27659522899643
2025-02-18,215.69696980171025,232.65830851414142,247.50320502757117,215.69696980171025,215.69696980171025,24.558361733347738,24.558361733347738,24.558361733347738,1.1925851675688233,1.1925851675688233,1.1925851675688233,23.36577656577892,23.36577656577892,23.36577656577892,0.0,0.0,0.0,240.255331535058
2025-02-19,215.59221538880402,232.04481728049618,247.4774588532239,215.59221538880402,215.59221538880402,24.270453452905596,24.270453452905596,24.270453452905596,1.0228999524132845,1.0228999524132845,1.0228999524132845,23.24755350049231,23.24755350049231,23.24755350049231,0.0,0.0,0.0,239.86266884170962
2025-02-20,215.48746097589782,232.22901704178554,247.13657912551818,215.48746097589782,215.48746097589782,24.056990602965865,24.056990602965865,24.056990602965865,1.0291160953532128,1.0291160953532128,1.0291160953532128,23.027874507612655,23.027874507612655,23.027874507612655,0.0,0.0,0.0,239.5444515788637
2025-02-21,215.38270656299156,232.34208330151066,246.82379790440547,215.38270656299156,215.38270656299156,23.954817895968784,23.954817895968784,23.954817895968784,1.2495346665143645,1.2495346665143645,1.2495346665143645,22.70528322945442,22.70528322945442,22.70528322945442,0.0,0.0,0.0,239.33752445896033
2025-02-24,215.0684433242729,229.70359858397782,244.8854369638017,215.0684433242729,215.0684433242729,22.326112383744036,22.326112383744036,22.326112383744036,1.193795225653018,1.193795225653018,1.193795225653018,21.13231715809102,21.13231715809102,21.13231715809102,0.0,0.0,0.0,237.39455570801692
2025-02-25,214.9636889113667,228.9770787128734,243.75003947147698,214.9636889113667,214.9636889113667,21.61182239514731,21.61182239514731,21.61182239514731,1.1925851675675199,1.1925851675675199,1.1925851675675199,20.419237227579792,20.419237227579792,20.419237227579792,0.0,0.0,0.0,236.575511306514
2025-02-26,214.85893449846043,228.61705743977424,243.1886244533437,214.85893449846043,214.85893449846043,20.645363353472415,20.645363353472415,20.645363353472415,1.0228999524130176,1.0228999524130176,1.0228999524130176,19.6224634010594,19.6224634010594,19.6224634010594,0.0,0.0,0.0,235.50429785193285
2025-02-27,214.7541800855542,227.5720894244416,242.36682799528268,214.7541800855542,214.7541800855542,19.779778062215534,19.779778062215534,19.779778062215534,1.029116095348078,1.029116095348078,1.029116095348078,18.750661966867455,18.750661966867455,18.750661966867455,0.0,0.0,0.0,234.53395814776974
2025-02-28,214.64942567264796,226.30222862625178,241.15808598196662,214.64942567264796,214.64942567264796,19.06328833751732,19.06328833751732,19.06328833751732,1.2495346665116531,1.2495346665116531,1.2495346665116531,17.813753671005667,17.813753671005667,17.813753671005667,0.0,0.0,0.0,233.71271401016529
2025-03-03,214.3351624339293,222.52316413215667,237.3380808731641,214.3351624339293,214.3351624339293,15.919341975989669,15.919341975989669,15.919341975989669,1.1937952256468676,1.1937952256468676,1.1937952256468676,14.7255467503428,14.7255467503428,14.7255467503428,0.0,0.0,0.0,230.25450440991898
2025-03-04,214.23040802102307,221.49825118857643,236.3515864687916,214.23040802102307,214.23040802102307,14.836767987834966,14.836767987834966,14.836767987834966,1.192585167571078,1.192585167571078,1.192585167571078,13.644182820263888,13.644182820263888,13.644182820263888,0.0,0.0,0.0,229.06717600885804
2025-03-05,214.12565360811683,220.67175540736892,235.23821622301395,214.12565360811683,214.12565360811683,13.580424824866423,13.580424824866423,13.580424824866423,1.0228999524132267,1.0228999524132267,1.0228999524132267,12.557524872453197,12.557524872453197,12.557524872453197,0.0,0.0,0.0,227.70607843298325
2025-03-06,214.02089919521063,219.1587615329488,234.21167183720056,214.02089919521063,214.02089919521063,12.506748717431092,12.506748717431092,12.506748717431092,1.0291160953492968,1.0291160953492968,1.0291160953492968,11.477632622081796,11.477632622081796,11.477632622081796,0.0,0.0,0.0,226.52764791264173
2025-03-07,213.91614478230434,217.92660047019797,233.47832798708868,213.91614478230434,213.91614478230434,11.665472000325117,11.665472000325117,11.665472000325117,1.2495346665117357,1.2495346665117357,1.2495346665117357,10.415937333813384,10.415937333813384,10.415937333813384,0.0,0.0,0.0,225.58161678262945
2025-03-10,213.60188157349094,214.9630334911855,229.80186697375547,213.60188157349094,213.60188157349094,8.633404660684244,8.633404660684244,8.633404660684244,1.1937952256466866,1.1937952256466866,1.1937952256466866,7.439609435037557,7.439609435037557,7.439609435037557,0.0,0.0,0.0,222.2352862341752
2025-03-11,213.49712717055309,213.4413725422928,227.97560604326878,213.49712717055309,213.49712717055309,7.736440451831933,7.736440451831933,7.736440451831933,1.1925851675697743,1.1925851675697743,1.1925851675697743,6.5438552842621585,6.5438552842621585,6.5438552842621585,0.0,0.0,0.0,221.233567622385
2025-03-12,213.39237276761529,212.83995032021892,227.81659514343622,213.39237276761529,213.39237276761529,6.7287608605061155,6.7287608605061155,6.7287608605061155,1.0228999524129596,1.0228999524129596,1.0228999524129596,5.705860908093157,5.705860908093157,5.705860908093157,0.0,0.0,0.0,220.1211336281214
2025-03-13,213.28761836467748,211.1948072598713,226.5495828598823,213.28761836467748,213.28761836467748,5.957971016731454,5.957971016731454,5.957971016731454,1.0291160953490974,1.0291160953490974,1.0291160953490974,4.928854921382357,4.928854921382357,4.928854921382357,0.0,0.0,0.0,219.24558938140893
2025-03-14,213.18286396173966,212.05591028309516,225.9602447293056,213.18286396173966,213.18286396173966,5.463845168271935,5.463845168271935,5.463845168271935,1.2495346665090246,1.2495346665090246,1.2495346665090246,4.21431050176291,4.21431050176291,4.21431050176291,0.0,0.0,0.0,218.6467091300116
2025-03-17,212.86860075292623,209.43076357441507,224.047667331552,212.86860075292623,212.86860075292623,3.628175701367858,3.628175701367858,3.628175701367858,1.1937952256526871,1.1937952256526871,1.1937952256526871,2.4343804757151712,2.4343804757151712,2.4343804757151712,0.0,0.0,0.0,216.4967764542941
2025-03-18,212.76384634998843,208.37542210555864,223.3658860204349,212.76384634998843,212.76384634998843,3.143212515073932,3.143212515073932,3.143212515073932,1.1925851675703187,1.1925851675703187,1.1925851675703187,1.9506273475036138,1.9506273475036138,1.9506273475036138,0.0,0.0,0.0,215.90705886506237
2025-03-19,212.6590919470506,208.13207294355718,222.84554672457682,212.6590919470506,212.6590919470506,2.5352254309965945,2.5352254309965945,2.5352254309965945,1.0228999524129305,1.0228999524129305,1.0228999524129305,1.5123254785836637,1.5123254785836637,1.5123254785836637,0.0,0.0,0.0,215.1943173780472
2025-03-20,212.5543375441128,207.44741285658196,221.9116879679858,212.5543375441128,212.5543375441128,2.1413108588519396,2.1413108588519396,2.1413108588519396,1.0291160953467997,1.0291160953467997,1.0291160953467997,1.11219476350514,1.11219476350514,1.11219476350514,0.0,0.0,0.0,214.69564840296474
2025-03-21,212.449583141175,206.88426085841232,221.7975506033998,212.449583141175,212.449583141175,1.9916974471926134,1.9916974471926134,1.9916974471926134,1.2495346665091072,1.2495346665091072,1.2495346665091072,0.7421627806835063,0.7421627806835063,0.7421627806835063,0.0,0.0,0.0,214.44128058836762
2025-03-24,212.13531993236157,205.4252451624667,220.15653088604958,212.13531993236157,212.13531993236157,0.919505632991562,0.919505632991562,0.919505632991562,1.1937952256525062,1.1937952256525062,1.1937952256525062,-0.2742895926609443,-0.2742895926609443,-0.2742895926609443,0.0,0.0,0.0,213.05482556535313
2025-03-25,212.03056552942377,205.4407966698531,219.9711599261365,212.03056552942377,212.03056552942377,0.5815990928679887,0.5815990928679887,0.5815990928679887,1.1925851675690156,1.1925851675690156,1.1925851675690156,-0.6109860747010271,-0.6109860747010271,-0.6109860747010271,0.0,0.0,0.0,212.61216462229174
2025-03-26,211.92581112648594,204.19247371360404,219.25791063776882,211.92581112648594,211.92581112648594,0.06264892904166533,0.06264892904166533,0.06264892904166533,1.0228999524133597,1.0228999524133597,1.0228999524133597,-0.9602510233716944,-0.9602510233716944,-0.9602510233716944,0.0,0.0,0.0,211.9884600555276
2025-03-27,211.82105672354814,203.58363215674282,218.6439387634554,211.82105672354814,211.82105672354814,-0.30004494812980803,-0.30004494812980803,-0.30004494812980803,1.0291160953480183,1.0291160953480183,1.0291160953480183,-1.3291610434778265,-1.3291610434778265,-1.3291610434778265,0.0,0.0,0.0,211.52101177541834
2025-03-28,211.7163023206103,204.1204188155599,218.7087360367711,211.7163023206103,211.7163023206103,-0.4741979737134233,-0.4741979737134233,-0.4741979737134233,1.249534666503602,1.249534666503602,1.249534666503602,-1.7237326402170254,-1.7237326402170254,-1.7237326402170254,0.0,0.0,0.0,211.2421043468969
2025-03-31,211.40203911179688,202.261931961843,217.05603399488882,211.40203911179688,211.40203911179688,-1.9081084216767317,-1.9081084216767317,-1.9081084216767317,1.1937952256432653,1.1937952256432653,1.1937952256432653,-3.1019036473199972,-3.1019036473199972,-3.1019036473199972,0.0,0.0,0.0,209.49393069012015
2025-04-01,211.29728470885905,201.54363467556792,216.38451515374638,211.29728470885905,211.29728470885905,-2.43957832816702,-2.43957832816702,-2.43957832816702,1.19258516756956,1.19258516756956,1.19258516756956,-3.6321634957365796,-3.6321634957365796,-3.6321634957365796,0.0,0.0,0.0,208.85770638069204
2025-04-02,211.19253030592125,199.91351241632856,215.3139589146738,211.19253030592125,211.19253030592125,-3.1740261158128926,-3.1740261158128926,-3.1740261158128926,1.0228999524133306,1.0228999524133306,1.0228999524133306,-4.196926068226223,-4.196926068226223,-4.196926068226223,0.0,0.0,0.0,208.01850419010836
2025-04-03,211.08777590298345,199.64851246521687,214.4127911982578,211.08777590298345,211.08777590298345,-3.764132028027208,-3.764132028027208,-3.764132028027208,1.0291160953492375,1.0291160953492375,1.0291160953492375,-4.793248123376445,-4.793248123376445,-4.793248123376445,0.0,0.0,0.0,207.32364387495625
2025-04-04,210.98302150004565,199.36852236903414,214.25396518438276,210.98302150004565,210.98302150004565,-4.167144198604612,-4.167144198604612,-4.167144198604612,1.2495346665036848,1.2495346665036848,1.2495346665036848,-5.416678865108296,-5.416678865108296,-5.416678865108296,0.0,0.0,0.0,206.81587730144105
2025-04-07,210.66875829123222,197.24969408470423,212.65320293415127,210.66875829123222,210.66875829123222,-6.191489190038695,-6.191489190038695,-6.191489190038695,1.1937952256461752,1.1937952256461752,1.1937952256461752,-7.38528441568487,-7.38528441568487,-7.38528441568487,0.0,0.0,0.0,204.47726910119354
2025-04-08,210.56400393426358,195.9711984226931,211.51998718890312,210.56400393426358,210.56400393426358,-6.854904207728641,-6.854904207728641,-6.854904207728641,1.1925851675664096,1.1925851675664096,1.1925851675664096,-8.04748937529505,-8.04748937529505,-8.04748937529505,0.0,0.0,0.0,203.70909972653493
2025-04-09,210.45924957729494,195.08740929404752,210.04118859111927,210.45924957729494,210.45924957729494,-7.674543861871391,-7.674543861871391,-7.674543861871391,1.0228999524130638,1.0228999524130638,1.0228999524130638,-8.697443814284455,-8.697443814284455,-8.697443814284455,0.0,0.0,0.0,202.78470571542354
2025-04-10,210.35449522032633,194.29676523847465,209.7371725170309,210.35449522032633,210.35449522032633,-8.296301089217524,-8.296301089217524,-8.296301089217524,1.0291160953490381,1.0291160953490381,1.0291160953490381,-9.325417184566563,-9.325417184566563,-9.325417184566563,0.0,0.0,0.0,202.0581941311088
2025-04-11,210.24974086335772,194.1094091572248,209.32987578639498,210.24974086335772,210.24974086335772,-8.672145497032476,-8.672145497032476,-8.672145497032476,1.2495346665124027,1.2495346665124027,1.2495346665124027,-9.92168016354488,-9.92168016354488,-9.92168016354488,0.0,0.0,0.0,201.57759536632523
2025-04-14,209.93547779245182,192.29081415942258,206.98383549374867,209.93547779245182,209.93547779245182,-10.235011328893242,-10.235011328893242,-10.235011328893242,1.193795225649085,1.193795225649085,1.193795225649085,-11.428806554542328,-11.428806554542328,-11.428806554542328,0.0,0.0,0.0,199.70046646355857
2025-04-15,209.8307234354832,191.40803900237336,206.92003829182988,209.8307234354832,209.8307234354832,-10.618065899612505,-10.618065899612505,-10.618065899612505,1.1925851675669534,1.1925851675669534,1.1925851675669534,-11.810651067179458,-11.810651067179458,-11.810651067179458,0.0,0.0,0.0,199.2126575358707
2025-04-16,209.72596907851457,191.1022365498085,206.46008135861345,209.72596907851457,209.72596907851457,-11.098754950322643,-11.098754950322643,-11.098754950322643,1.0228999524137306,1.0228999524137306,1.0228999524137306,-12.121654902736374,-12.121654902736374,-12.121654902736374,0.0,0.0,0.0,198.62721412819192
2025-04-17,209.62121472154595,191.2120959451439,206.25038429971775,209.62121472154595,209.62121472154595,-11.32842457989763,-11.32842457989763,-11.32842457989763,1.0291160953488387,1.0291160953488387,1.0291160953488387,-12.357540675246469,-12.357540675246469,-12.357540675246469,0.0,0.0,0.0,198.2927901416483
2025-04-21,209.20219729367147,189.92715654552387,205.68778601537602,209.20219729367147,209.20219729367147,-11.327911438437136,-11.327911438437136,-11.327911438437136,1.193795225648904,1.193795225648904,1.193795225648904,-12.521706664086041,-12.521706664086041,-12.521706664086041,0.0,0.0,0.0,197.87428585523435
2025-04-22,209.09744293670286,190.8246203588154,205.4183618865843,209.09744293670286,209.09744293670286,-11.18329440650636,-11.18329440650636,-11.18329440650636,1.1925851675705113,1.1925851675705113,1.1925851675705113,-12.37587957407687,-12.37587957407687,-12.37587957407687,0.0,0.0,0.0,197.9141485301965
2025-04-23,208.99268857973425,189.87018205304622,205.89419406003418,208.99268857973425,208.99268857973425,-11.141487336763557,-11.141487336763557,-11.141487336763557,1.0228999524134637,1.0228999524134637,1.0228999524134637,-12.164387289177022,-12.164387289177022,-12.164387289177022,0.0,0.0,0.0,197.8512012429707
2025-04-24,208.8879342227656,190.72115065904035,205.3922650132718,208.8879342227656,208.8879342227656,-10.865349276760577,-10.865349276760577,-10.865349276760577,1.0291160953500578,1.0291160953500578,1.0291160953500578,-11.894465372110634,-11.894465372110634,-11.894465372110634,0.0,0.0,0.0,198.02258494600503
2025-04-25,208.783179865797,191.10972926635432,205.73668062848486,208.783179865797,208.783179865797,-10.3251089164743,-10.3251089164743,-10.3251089164743,1.2495346665069802,1.2495346665069802,1.2495346665069802,-11.57464358298128,-11.57464358298128,-11.57464358298128,0.0,0.0,0.0,198.4580709493227
2025-04-28,208.46891679489113,191.6590657556204,206.6143211645602,208.46891679489113,208.46891679489113,-9.222125660915562,-9.222125660915562,-9.222125660915562,1.193795225648723,1.193795225648723,1.193795225648723,-10.415920886564285,-10.415920886564285,-10.415920886564285,0.0,0.0,0.0,199.24679113397556
2025-04-29,208.36416243792252,191.23259375642212,206.57985487901254,208.36416243792252,208.36416243792252,-8.807249687314291,-8.807249687314291,-8.807249687314291,1.192585167569208,1.192585167569208,1.192585167569208,-9.9998348548835,-9.9998348548835,-9.9998348548835,0.0,0.0,0.0,199.55691275060823
2025-04-30,208.2594080809539,192.39777348123513,206.82200852324334,208.2594080809539,208.2594080809539,-8.564859069387703,-8.564859069387703,-8.564859069387703,1.0228999524136728,1.0228999524136728,1.0228999524136728,-9.587759021801377,-9.587759021801377,-9.587759021801377,0.0,0.0,0.0,199.6945490115662
2025-05-01,208.15465372398526,192.51843307958492,207.6576258855412,208.15465372398526,208.15465372398526,-8.161737026809506,-8.161737026809506,-8.161737026809506,1.0291160953512768,1.0291160953512768,1.0291160953512768,-9.190853122160783,-9.190853122160783,-9.190853122160783,0.0,0.0,0.0,199.99291669717576
2025-05-02,208.04989936701662,192.70944552367786,207.83350851844628,208.04989936701662,208.04989936701662,-7.570224682592058,-7.570224682592058,-7.570224682592058,1.2495346665070628,1.2495346665070628,1.2495346665070628,-8.81975934909912,-8.81975934909912,-8.81975934909912,0.0,0.0,0.0,200.47967468442457
2025-05-05,207.73563629611075,193.23376354724635,208.34452271862241,207.73563629611075,207.73563629611075,-6.760998161567322,-6.760998161567322,-6.760998161567322,1.193795225651633,1.193795225651633,1.193795225651633,-7.954793387218955,-7.954793387218955,-7.954793387218955,0.0,0.0,0.0,200.97463813454343
2025-05-06,207.63088193914214,193.29856333916467,208.1141287010607,207.63088193914214,207.63088193914214,-6.581984947044278,-6.581984947044278,-6.581984947044278,1.1925851675679053,1.1925851675679053,1.1925851675679053,-7.774570114612183,-7.774570114612183,-7.774570114612183,0.0,0.0,0.0,201.04889699209787
2025-05-07,207.52612758217353,193.15041902127044,208.50834452179848,207.52612758217353,207.52612758217353,-6.634658012266702,-6.634658012266702,-6.634658012266702,1.0228999524134057,1.0228999524134057,1.0228999524134057,-7.657557964680107,-7.657557964680107,-7.657557964680107,0.0,0.0,0.0,200.89146956990683
2025-05-08,207.42137322520495,193.03332769446985,207.76510494528694,207.42137322520495,207.42137322520495,-6.577791000722353,-6.577791000722353,-6.577791000722353,1.0291160953475604,1.0291160953475604,1.0291160953475604,-7.606907096069914,-7.606907096069914,-7.606907096069914,0.0,0.0,0.0,200.8435822244826
2025-05-09,207.72681639560633,194.07982321655285,208.9532442334029,207.72681639560633,207.72681639560633,-6.374584058494891,-6.374584058494891,-6.374584058494891,1.2495346665071454,1.2495346665071454,1.2495346665071454,-7.624118725002037,-7.624118725002037,-7.624118725002037,0.0,0.0,0.0,201.35223233711145
2025-05-12,208.6431459068106,194.77081983922923,209.28211729632403,208.6431459068106,208.6431459068106,-6.8796948873994745,-6.8796948873994745,-6.8796948873994745,1.1937952256545428,1.1937952256545428,1.1937952256545428,-8.073490113054017,-8.073490113054017,-8.073490113054017,0.0,0.0,0.0,201.76345101941112
2025-05-13,208.94858907721198,193.7138764058494,209.45745796971053,208.94858907721198,208.94858907721198,-7.152472465111949,-7.152472465111949,-7.152472465111949,1.1925851675684491,1.1925851675684491,1.1925851675684491,-8.345057632680398,-8.345057632680398,-8.345057632680398,0.0,0.0,0.0,201.79611661210004
2025-05-14,209.25403224761337,194.1817965957424,209.33211689537043,209.25403224761337,209.25403224761337,-7.645816128301248,-7.645816128301248,-7.645816128301248,1.022899952413377,1.022899952413377,1.022899952413377,-8.668716080714626,-8.668716080714626,-8.668716080714626,0.0,0.0,0.0,201.60821611931212
2025-05-15,209.55947541801478,193.57834351092754,208.97242952211647,209.55947541801478,209.55947541801478,-8.008387002287504,-8.008387002287504,-8.008387002287504,1.0291160953473608,1.0291160953473608,1.0291160953473608,-9.037503097634866,-9.037503097634866,-9.037503097634866,0.0,0.0,0.0,201.5510884157273
2025-05-16,209.86491858841617,194.18892501731102,208.53281275769848,209.86491858841617,209.86491858841617,-8.194086352725499,-8.194086352725499,-8.194086352725499,1.2495346665044342,1.2495346665044342,1.2495346665044342,-9.443621019229933,-9.443621019229933,-9.443621019229933,0.0,0.0,0.0,201.67083223569068
2025-05-19,210.7812480996204,193.965116944583,208.72733130002567,210.7812480996204,210.7812480996204,-9.606577149545746,-9.606577149545746,-9.606577149545746,1.1937952256453017,1.1937952256453017,1.1937952256453017,-10.80037237519105,-10.80037237519105,-10.80037237519105,0.0,0.0,0.0,201.17467095007464
2025-05-20,211.08669127002182,193.80349309499593,208.1173864930171,211.08669127002182,211.08669127002182,-10.076803840942732,-10.076803840942732,-10.076803840942732,1.1925851675701598,1.1925851675701598,1.1925851675701598,-11.269389008512892,-11.269389008512892,-11.269389008512892,0.0,0.0,0.0,201.00988742907907
2025-05-21,211.39213444042323,192.91287679835688,207.99617532220825,211.39213444042323,211.39213444042323,-10.709624432834493,-10.709624432834493,-10.709624432834493,1.0228999524131102,1.0228999524131102,1.0228999524131102,-11.732524385247604,-11.732524385247604,-11.732524385247604,0.0,0.0,0.0,200.68251000758875
2025-05-22,211.69757761082465,193.56200793542368,208.20967941701383,211.69757761082465,211.69757761082465,-11.152825011564683,-11.152825011564683,-11.152825011564683,1.0291160953499985,1.0291160953499985,1.0291160953499985,-12.18194110691468,-12.18194110691468,-12.18194110691468,0.0,0.0,0.0,200.54475259925997
2025-05-23,212.00302078122604,193.45254370451872,208.1676533012584,212.00302078122604,212.00302078122604,-11.36102420368445,-11.36102420368445,-11.36102420368445,1.2495346665017228,1.2495346665017228,1.2495346665017228,-12.610558870186173,-12.610558870186173,-12.610558870186173,0.0,0.0,0.0,200.6419965775416
2025-05-27,213.22479346283168,193.006192898809,207.5781032978376,213.22479346283168,213.22479346283168,-12.817445879883373,-12.817445879883373,-12.817445879883373,1.192585167570704,1.192585167570704,1.192585167570704,-14.010031047454076,-14.010031047454076,-14.010031047454076,0.0,0.0,0.0,200.40734758294832
2025-05-28,213.5302366332331,192.820445315532,207.68180271361828,213.5302366332331,213.5302366332331,-13.24143412190308,-13.24143412190308,-13.24143412190308,1.022899952413081,1.022899952413081,1.022899952413081,-14.264334074316162,-14.264334074316162,-14.264334074316162,0.0,0.0,0.0,200.28880251133003
2025-05-29,213.8356798036345,192.56345816889467,207.9933619472382,213.8356798036345,213.8356798036345,-13.44874138755102,-13.44874138755102,-13.44874138755102,1.029116095349799,1.029116095349799,1.029116095349799,-14.47785748290082,-14.47785748290082,-14.47785748290082,0.0,0.0,0.0,200.38693841608347
2025-05-30,214.1411229740359,192.7016793928947,208.38816061594778,214.1411229740359,214.1411229740359,-13.401814606100649,-13.401814606100649,-13.401814606100649,1.2495346665076472,1.2495346665076472,1.2495346665076472,-14.651349272608295,-14.651349272608295,-14.651349272608295,0.0,0.0,0.0,200.73930836793525
2025-06-02,215.05745248524013,193.75693449015992,209.02963140718916,215.05745248524013,215.05745248524013,-13.760072381396975,-13.760072381396975,-13.760072381396975,1.1937952256511215,1.1937952256511215,1.1937952256511215,-14.953867607048098,-14.953867607048098,-14.953867607048098,0.0,0.0,0.0,201.29738010384315
2025-06-03,215.36289565564155,194.0876619792851,209.51123505857248,215.36289565564155,215.36289565564155,-13.800811563037342,-13.800811563037342,-13.800811563037342,1.1925851675675536,1.1925851675675536,1.1925851675675536,-14.993396730604896,-14.993396730604896,-14.993396730604896,0.0,0.0,0.0,201.5620840926042
2025-06-04,215.66833882604294,194.72052448482665,209.19958879620907,215.66833882604294,215.66833882604294,-13.986415123515739,-13.986415123515739,-13.986415123515739,1.0228999524135098,1.0228999524135098,1.0228999524135098,-15.00931507592925,-15.00931507592925,-15.00931507592925,0.0,0.0,0.0,201.6819237025272
2025-06-05,215.97378199644433,195.01783730687723,209.45544999208923,215.97378199644433,215.97378199644433,-13.977163902636748,-13.977163902636748,-13.977163902636748,1.0291160953510181,1.0291160953510181,1.0291160953510181,-15.006279997987768,-15.006279997987768,-15.006279997987768,0.0,0.0,0.0,201.99661809380757
2025-06-06,216.27922516684575,195.01686810453094,210.1131996792134,216.27922516684575,216.27922516684575,-13.739429241287253,-13.739429241287253,-13.739429241287253,1.2495346665077296,1.2495346665077296,1.2495346665077296,-14.988963907794982,-14.988963907794982,-14.988963907794982,0.0,0.0,0.0,202.5397959255585
2025-06-09,217.19555467805,196.0207159586266,210.74192652097253,217.19555467805,217.19555467805,-13.700578226718127,-13.700578226718127,-13.700578226718127,1.1937952256509405,1.1937952256509405,1.1937952256509405,-14.894373452369068,-14.894373452369068,-14.894373452369068,0.0,0.0,0.0,203.49497645133187
2025-06-10,217.50099784845136,196.70286265776338,211.45856443524232,217.50099784845136,217.50099784845136,-13.668001723844625,-13.668001723844625,-13.668001723844625,1.1925851675680978,1.1925851675680978,1.1925851675680978,-14.860586891412723,-14.860586891412723,-14.860586891412723,0.0,0.0,0.0,203.83299612460672
2025-06-11,217.8064410188528,195.6913925155026,211.58885722797768,217.8064410188528,217.8064410188528,-13.807076378320385,-13.807076378320385,-13.807076378320385,1.022899952413481,1.022899952413481,1.022899952413481,-14.829976330733867,-14.829976330733867,-14.829976330733867,0.0,0.0,0.0,203.99936464053243
2025-06-12,218.11188418925423,197.02370684193832,211.81522149323004,218.11188418925423,218.11188418925423,-13.774793642718322,-13.774793642718322,-13.774793642718322,1.029116095350819,1.029116095350819,1.029116095350819,-14.803909738069141,-14.803909738069141,-14.803909738069141,0.0,0.0,0.0,204.3370905465359
2025-06-13,218.41732735965562,197.2055366425308,212.21410969849916,218.41732735965562,218.41732735965562,-13.53333102866329,-13.53333102866329,-13.53333102866329,1.2495346665050184,1.2495346665050184,1.2495346665050184,-14.78286569516831,-14.78286569516831,-14.78286569516831,0.0,0.0,0.0,204.88399633099232
2025-06-16,219.33365687085984,198.00670280171602,213.13107165888633,219.33365687085984,219.33365687085984,-13.547552139940372,-13.547552139940372,-13.547552139940372,1.1937952256447903,1.1937952256447903,1.1937952256447903,-14.741347365585161,-14.741347365585161,-14.741347365585161,0.0,0.0,0.0,205.78610473091948
2025-06-17,219.63910004126126,198.35353104377134,213.3228734448741,219.63910004126126,219.63910004126126,-13.53519130266845,-13.53519130266845,-13.53519130266845,1.1925851675686419,1.1925851675686419,1.1925851675686419,-14.72777647023709,-14.72777647023709,-14.72777647023709,0.0,0.0,0.0,206.10390873859282
2025-06-18,219.94454321166265,198.82969964121745,213.54219441048258,219.94454321166265,219.94454321166265,-13.686248828947424,-13.686248828947424,-13.686248828947424,1.022899952413214,1.022899952413214,1.022899952413214,-14.709148781360637,-14.709148781360637,-14.709148781360637,0.0,0.0,0.0,206.25829438271523
2025-06-20,220.55542955246548,198.92572559643185,214.22272094722837,220.55542955246548,220.55542955246548,-13.391425406507276,-13.391425406507276,-13.391425406507276,1.2495346665165306,1.2495346665165306,1.2495346665165306,-14.640960073023805,-14.640960073023805,-14.640960073023805,0.0,0.0,0.0,207.16400414595822
2025-06-23,221.47175906366968,200.82029155962653,215.71388549693802,221.47175906366968,221.47175906366968,-13.20515734588492,-13.20515734588492,-13.20515734588492,1.1937952256446096,1.1937952256446096,1.1937952256446096,-14.39895257152953,-14.39895257152953,-14.39895257152953,0.0,0.0,0.0,208.26660171778477
2025-06-24,221.77720223407113,201.55289095518904,216.2965216235539,221.77720223407113,221.77720223407113,-13.073089064875322,-13.073089064875322,-13.073089064875322,1.1925851675673385,1.1925851675673385,1.1925851675673385,-14.265674232442661,-14.265674232442661,-14.265674232442661,0.0,0.0,0.0,208.7041131691958
2025-06-25,222.08264540447254,201.39667043623749,216.12347942032537,222.08264540447254,222.08264540447254,-13.078230644154269,-13.078230644154269,-13.078230644154269,1.0228999524134226,1.0228999524134226,1.0228999524134226,-14.10113059656769,-14.10113059656769,-14.10113059656769,0.0,0.0,0.0,209.00441476031827
2025-06-26,222.3880885748739,202.31003456574703,216.85659115809474,222.3880885748739,222.3880885748739,-12.874392944796464,-12.874392944796464,-12.874392944796464,1.0291160953483214,1.0291160953483214,1.0291160953483214,-13.903509040144785,-13.903509040144785,-13.903509040144785,0.0,0.0,0.0,209.51369563007745
2025-06-27,222.69353174527532,202.3564363231118,218.0010218141111,222.69353174527532,222.69353174527532,-12.422446463335179,-12.422446463335179,-12.422446463335179,1.2495346665110252,1.2495346665110252,1.2495346665110252,-13.671981129846204,-13.671981129846204,-13.671981129846204,0.0,0.0,0.0,210.27108528194015
2025-06-30,223.60986125647958,204.71994814923977,219.4185815575156,223.60986125647958,223.60986125647958,-11.588767791903456,-11.588767791903456,-11.588767791903456,1.1937952256475193,1.1937952256475193,1.1937952256475193,-12.782563017550975,-12.782563017550975,-12.782563017550975,0.0,0.0,0.0,212.02109346457613
2025-07-01,223.91530442688094,205.98278279722092,220.37337353693738,223.91530442688094,223.91530442688094,-11.237437751553916,-11.237437751553916,-11.237437751553916,1.1925851675727437,1.1925851675727437,1.1925851675727437,-12.43002291912666,-12.43002291912666,-12.43002291912666,0.0,0.0,0.0,212.677866675327
2025-07-02,224.22074759728235,205.87915588202222,220.89849398952956,224.22074759728235,224.22074759728235,-11.034002566733099,-11.034002566733099,-11.034002566733099,1.022899952413156,1.022899952413156,1.022899952413156,-12.056902519146256,-12.056902519146256,-12.056902519146256,0.0,0.0,0.0,213.18674503054925
2025-07-03,224.5261907676838,206.06805843636772,220.9911690101214,224.5261907676838,224.5261907676838,-10.640260187707351,-10.640260187707351,-10.640260187707351,1.029116095350959,1.029116095350959,1.029116095350959,-11.669376283058309,-11.669376283058309,-11.669376283058309,0.0,0.0,0.0,213.88593057997645
2025-07-07,225.74796344928941,209.03576646445117,224.73977632619372,225.74796344928941,225.74796344928941,-8.936114241932472,-8.936114241932472,-8.936114241932472,1.1937952256504292,1.1937952256504292,1.1937952256504292,-10.1299094675829,-10.1299094675829,-10.1299094675829,0.0,0.0,0.0,216.81184920735694
2025-07-08,226.05340661969083,209.9427538464093,224.62154096175288,226.05340661969083,226.05340661969083,-8.59901865219266,-8.59901865219266,-8.59901865219266,1.1925851675695933,1.1925851675695933,1.1925851675695933,-9.791603819762255,-9.791603819762255,-9.791603819762255,0.0,0.0,0.0,217.45438796749818
2025-07-09,226.35884979009222,210.60251341967637,225.19500876251226,226.35884979009222,226.35884979009222,-8.467425365664942,-8.467425365664942,-8.467425365664942,1.0228999524128888,1.0228999524128888,1.0228999524128888,-9.490325318077831,-9.490325318077831,-9.490325318077831,0.0,0.0,0.0,217.89142442442727
2025-07-10,226.66429296049364,210.99910161455858,226.23285202223187,226.66429296049364,226.66429296049364,-8.205882744552866,-8.205882744552866,-8.205882744552866,1.0291160953507594,1.0291160953507594,1.0291160953507594,-9.234998839903625,-9.234998839903625,-9.234998839903625,0.0,0.0,0.0,218.45841021594077
2025-07-11,226.969736130895,211.03716132146482,226.7607338475317,226.969736130895,226.969736130895,-7.784440141628512,-7.784440141628512,-7.784440141628512,1.2495346665083966,1.2495346665083966,1.2495346665083966,-9.033974808136907,-9.033974808136907,-9.033974808136907,0.0,0.0,0.0,219.18529598926648
2025-07-14,227.88606564209925,212.46661826472243,227.3681306070775,227.88606564209925,227.88606564209925,-7.632554041407274,-7.632554041407274,-7.632554041407274,1.193795225653339,1.193795225653339,1.193795225653339,-8.826349267060614,-8.826349267060614,-8.826349267060614,0.0,0.0,0.0,220.25351160069198
2025-07-15,228.19150881250067,213.13136224614135,227.53132284550125,228.19150881250067,228.19150881250067,-7.713377380693629,-7.713377380693629,-7.713377380693629,1.1925851675701373,1.1925851675701373,1.1925851675701373,-8.905962548263766,-8.905962548263766,-8.905962548263766,0.0,0.0,0.0,220.47813143180704
2025-07-16,228.4969519829021,213.4430209411559,227.92815631991576,228.4969519829021,228.4969519829021,-8.04182527150296,-8.04182527150296,-8.04182527150296,1.0228999524128601,1.0228999524128601,1.0228999524128601,-9.06472522391582,-9.06472522391582,-9.06472522391582,0.0,0.0,0.0,220.45512671139912
2025-07-17,228.80239515330348,213.06312959919958,227.88593614911528,228.80239515330348,228.80239515330348,-8.273806675906405,-8.273806675906405,-8.273806675906405,1.029116095347043,1.029116095347043,1.029116095347043,-9.302922771253447,-9.302922771253447,-9.302922771253447,0.0,0.0,0.0,220.52858847739708
2025-07-18,229.1078383237049,213.18129505991186,227.9708001683009,229.1078383237049,229.1078383237049,-8.369479437922374,-8.369479437922374,-8.369479437922374,1.2495346665056855,1.2495346665056855,1.2495346665056855,-9.61901410442806,-9.61901410442806,-9.61901410442806,0.0,0.0,0.0,220.73835888578253
2025-07-21,230.02416783490915,212.90323492215722,227.74229875521496,230.02416783490915,230.02416783490915,-9.79786307332232,-9.79786307332232,-9.79786307332232,1.1937952256531583,1.1937952256531583,1.1937952256531583,-10.991658298975478,-10.991658298975478,-10.991658298975478,0.0,0.0,0.0,220.22630476158682
2025-07-22,230.3296110053105,212.31704173394982,227.05423232137375,230.3296110053105,230.3296110053105,-10.374949283339138,-10.374949283339138,-10.374949283339138,1.1925851675688344,1.1925851675688344,1.1925851675688344,-11.567534450907972,-11.567534450907972,-11.567534450907972,0.0,0.0,0.0,219.95466172197138
2025-07-23,230.63505417571193,211.63260628706846,227.19249924829955,230.63505417571193,230.63505417571193,-11.164133987554285,-11.164133987554285,-11.164133987554285,1.0228999524130509,1.0228999524130509,1.0228999524130509,-12.187033939967337,-12.187033939967337,-12.187033939967337,0.0,0.0,0.0,219.47092018815763
2025-07-24,230.94049734611332,211.51022059996546,226.78791268419016,230.94049734611332,230.94049734611332,-11.809709978577153,-11.809709978577153,-11.809709978577153,1.029116095346844,1.029116095346844,1.029116095346844,-12.838826073923997,-12.838826073923997,-12.838826073923997,0.0,0.0,0.0,219.13078736753616
2025-07-25,231.24594051651476,211.43631571133272,226.60144751350583,231.24594051651476,231.24594051651476,-12.26103537848078,-12.26103537848078,-12.26103537848078,1.249534666502974,1.249534666502974,1.249534666502974,-13.510570044983757,-13.510570044983757,-13.510570044983757,0.0,0.0,0.0,218.98490513803398
2025-07-28,232.16227002771896,210.3350228141159,225.0929264218368,232.16227002771896,232.16227002771896,-14.319146004133831,-14.319146004133831,-14.319146004133831,1.1937952256439173,1.1937952256439173,1.1937952256439173,-15.512941229777747,-15.512941229777747,-15.512941229777747,0.0,0.0,0.0,217.84312402358512
2025-07-29,232.46771319812038,210.39830254686578,225.3379932638877,232.46771319812038,232.46771319812038,-14.938459243753083,-14.938459243753083,-14.938459243753083,1.1925851675675312,1.1925851675675312,1.1925851675675312,-16.131044411320612,-16.131044411320612,-16.131044411320612,0.0,0.0,0.0,217.5292539543673
2025-07-30,232.7731563685218,209.9261411803137,224.42140420071925,232.7731563685218,232.7731563685218,-15.679730296315363,-15.679730296315363,-15.679730296315363,1.0228999524134983,1.0228999524134983,1.0228999524134983,-16.702630248728862,-16.702630248728862,-16.702630248728862,0.0,0.0,0.0,217.09342607220643
2025-07-31,233.0785995389232,209.14028705697677,224.75074854854003,233.0785995389232,233.0785995389232,-16.18656748841957,-16.18656748841957,-16.18656748841957,1.0291160953494811,1.0291160953494811,1.0291160953494811,-17.21568358376905,-17.21568358376905,-17.21568358376905,0.0,0.0,0.0,216.89203205050364
2025-08-01,233.38404270932458,209.5924997978348,224.26119554731795,233.38404270932458,233.38404270932458,-16.409805090026833,-16.409805090026833,-16.409805090026833,1.249534666503057,1.249534666503057,1.249534666503057,-17.659339756529892,-17.659339756529892,-17.659339756529892,0.0,0.0,0.0,216.97423761929775
2025-08-04,234.30037222052883,209.24930006097105,224.4013906463143,234.30037222052883,234.30037222052883,-17.29420119963322,-17.29420119963322,-17.29420119963322,1.1937952256437363,1.1937952256437363,1.1937952256437363,-18.487996425276958,-18.487996425276958,-18.487996425276958,0.0,0.0,0.0,217.0061710208956
2025-08-05,234.60581539093025,209.3853554868362,224.34185571761813,234.60581539093025,234.60581539093025,-17.384595058079736,-17.384595058079736,-17.384595058079736,1.1925851675662282,1.1925851675662282,1.1925851675662282,-18.577180225645964,-18.577180225645964,-18.577180225645964,0.0,0.0,0.0,217.22122033285052
2025-08-06,234.9112585613316,209.53807337831304,224.469300114554,234.9112585613316,234.9112585613316,-17.54519787060406,-17.54519787060406,-17.54519787060406,1.0228999524132312,1.0228999524132312,1.0228999524132312,-18.568097823017293,-18.568097823017293,-18.568097823017293,0.0,0.0,0.0,217.36606069072755
2025-08-07,235.21670173173305,210.54492328239465,225.16115400509906,235.21670173173305,235.21670173173305,-17.431989907496305,-17.431989907496305,-17.431989907496305,1.0291160953492817,1.0291160953492817,1.0291160953492817,-18.461106002845586,-18.461106002845586,-18.461106002845586,0.0,0.0,0.0,217.78471182423675
2025-08-08,235.52214490213444,211.60610888320045,226.5095165168247,235.52214490213444,235.52214490213444,-17.00918120422892,-17.00918120422892,-17.00918120422892,1.2495346665117748,1.2495346665117748,1.2495346665117748,-18.258715870740698,-18.258715870740698,-18.258715870740698,0.0,0.0,0.0,218.51296369790552
2025-08-11,236.4384744133387,213.31834309206553,228.1436148005037,236.4384744133387,236.4384744133387,-15.941135356319261,-15.941135356319261,-15.941135356319261,1.193795225649737,1.193795225649737,1.193795225649737,-17.134930581968998,-17.134930581968998,-17.134930581968998,0.0,0.0,0.0,220.49733905701945
2025-08-12,236.74391758374009,213.9666041511142,229.35991353757757,236.74391758374009,236.74391758374009,-15.423325108402357,-15.423325108402357,-15.423325108402357,1.1925851675667725,1.1925851675667725,1.1925851675667725,-16.615910275969128,-16.615910275969128,-16.615910275969128,0.0,0.0,0.0,221.32059247533772
2025-08-13,237.0493607541415,214.21726288534634,229.26013796784093,237.0493607541415,237.0493607541415,-15.01952637926458,-15.01952637926458,-15.01952637926458,1.02289995241366,1.02289995241366,1.02289995241366,-16.04242633167824,-16.04242633167824,-16.04242633167824,0.0,0.0,0.0,222.0298343748769
2025-08-14,237.3548039245429,215.36584100909306,230.3876563993724,237.3548039245429,237.3548039245429,-14.39777512053185,-14.39777512053185,-14.39777512053185,1.0291160953490823,1.0291160953490823,1.0291160953490823,-15.426891215880932,-15.426891215880932,-15.426891215880932,0.0,0.0,0.0,222.95702880401103
2025-08-15,237.66024709494434,216.89192001047084,231.93099402730394,237.66024709494434,237.66024709494434,-13.53293198997178,-13.53293198997178,-13.53293198997178,1.2495346665118574,1.2495346665118574,1.2495346665118574,-14.782466656483637,-14.782466656483637,-14.782466656483637,0.0,0.0,0.0,224.12731510497255
2025-08-18,238.57657660614854,219.24644118377248,234.54515029244868,238.57657660614854,238.57657660614854,-11.617883315813758,-11.617883315813758,-11.617883315813758,1.1937952256495559,1.1937952256495559,1.1937952256495559,-12.811678541463314,-12.811678541463314,-12.811678541463314,0.0,0.0,0.0,226.95869329033476
2025-08-19,238.88201977654992,220.90385220033386,235.34245871537118,238.88201977654992,238.88201977654992,-10.993948372777506,-10.993948372777506,-10.993948372777506,1.1925851675703303,1.1925851675703303,1.1925851675703303,-12.186533540347835,-12.186533540347835,-12.186533540347835,0.0,0.0,0.0,227.88807140377241
2025-08-20,239.18746294695137,221.07686808424478,236.23193634874465,239.18746294695137,239.18746294695137,-10.574873002517766,-10.574873002517766,-10.574873002517766,1.022899952413393,1.022899952413393,1.022899952413393,-11.597772954931159,-11.597772954931159,-11.597772954931159,0.0,0.0,0.0,228.6125899444336
2025-08-21,239.49290611735276,222.08941798884712,236.61584511298253,239.49290611735276,239.49290611735276,-10.026940329699949,-10.026940329699949,-10.026940329699949,1.0291160953517198,1.0291160953517198,1.0291160953517198,-11.056056425051667,-11.056056425051667,-11.056056425051667,0.0,0.0,0.0,229.4659657876528
2025-08-22,239.79834928775418,223.04843933862963,237.63176935349338,239.79834928775418,239.79834928775418,-9.321042976879868,-9.321042976879868,-9.321042976879868,1.2495346665063523,1.2495346665063523,1.2495346665063523,-10.570577643386223,-10.570577643386223,-10.570577643386223,0.0,0.0,0.0,230.4773063108743
2025-08-25,240.7146787989584,224.39787117006009,239.85758879265074,240.7146787989584,240.7146787989584,-8.323482421163813,-8.323482421163813,-8.323482421163813,1.1937952256493753,1.1937952256493753,1.1937952256493753,-9.51727764681319,-9.51727764681319,-9.51727764681319,0.0,0.0,0.0,232.39119637779459
2025-08-26,241.0201219693598,224.94153153721646,240.38613468580428,241.0201219693598,241.0201219693598,-8.120168910554183,-8.120168910554183,-8.120168910554183,1.1925851675690269,1.1925851675690269,1.1925851675690269,-9.31275407812321,-9.31275407812321,-9.31275407812321,0.0,0.0,0.0,232.8999530588056
2025-08-27,241.3255651397612,225.59928734418946,240.2662583586218,241.3255651397612,241.3255651397612,-8.159627742463252,-8.159627742463252,-8.159627742463252,1.022899952413364,1.022899952413364,1.022899952413364,-9.182527694876617,-9.182527694876617,-9.182527694876617,0.0,0.0,0.0,233.16593739729797
2025-08-28,241.63100831016263,225.8709010037124,240.89905705878382,241.63100831016263,241.63100831016263,-8.095043878421457,-8.095043878421457,-8.095043878421457,1.0291160953515202,1.0291160953515202,1.0291160953515202,-9.124159973772976,-9.124159973772976,-9.124159973772976,0.0,0.0,0.0,233.53596443174118
2025-08-29,241.93645148056402,226.9874499446862,241.5742246815825,241.93645148056402,241.93645148056402,-7.883755775423932,-7.883755775423932,-7.883755775423932,1.2495346665064349,1.2495346665064349,1.2495346665064349,-9.133290441930367,-9.133290441930367,-9.133290441930367,0.0,0.0,0.0,234.05269570514008
2025-09-02,243.1582241621697,226.9548004903988,242.50244402688767,243.1582241621697,243.1582241621697,-8.507082673149306,-8.507082673149306,-8.507082673149306,1.1925851675658767,1.1925851675658767,1.1925851675658767,-9.699667840715183,-9.699667840715183,-9.699667840715183,0.0,0.0,0.0,234.65114148902038
2025-09-03,243.46366733257105,227.52010993089132,242.07072204152695,243.46366733257105,243.46366733257105,-8.903262817944482,-8.903262817944482,-8.903262817944482,1.022899952413335,1.022899952413335,1.022899952413335,-9.926162770357816,-9.926162770357816,-9.926162770357816,0.0,0.0,0.0,234.56040451462655
2025-09-04,243.7691105029725,227.0949435345526,241.6291504244224,243.7691105029725,243.7691105029725,-9.135506822272491,-9.135506822272491,-9.135506822272491,1.0291160953478038,1.0291160953478038,1.0291160953478038,-10.164622917620298,-10.164622917620298,-10.164622917620298,0.0,0.0,0.0,234.6336036807
2025-09-05,244.07455367337388,227.73875920411973,242.54361046145863,244.07455367337388,244.07455367337388,-9.153888072312338,-9.153888072312338,-9.153888072312338,1.2495346665065172,1.2495346665065172,1.2495346665065172,-10.403422738818854,-10.403422738818854,-10.403422738818854,0.0,0.0,0.0,234.92066560106156
2025-09-08,244.99088318457808,227.8134525919303,242.31457433872242,244.99088318457808,244.99088318457808,-9.815918551755946,-9.815918551755946,-9.815918551755946,1.1937952256551947,1.1937952256551947,1.1937952256551947,-11.00971377741114,-11.00971377741114,-11.00971377741114,0.0,0.0,0.0,235.17496463282214
2025-09-09,245.29632635497953,227.74493327038246,241.91078992692618,245.29632635497953,245.29632635497953,-9.948606749230835,-9.948606749230835,-9.948606749230835,1.1925851675712815,1.1925851675712815,1.1925851675712815,-11.141191916802116,-11.141191916802116,-11.141191916802116,0.0,0.0,0.0,235.3477196057487
2025-09-10,245.60176952538092,228.39279412977422,242.44184204516972,245.60176952538092,245.60176952538092,-10.20017503107055,-10.20017503107055,-10.20017503107055,1.0228999524133062,1.0228999524133062,1.0228999524133062,-11.223074983483857,-11.223074983483857,-11.223074983483857,0.0,0.0,0.0,235.40159449431036
2025-09-11,245.9072126957823,227.9676462404068,242.33445536973795,245.9072126957823,245.9072126957823,-10.219751386113519,-10.219751386113519,-10.219751386113519,1.0291160953476046,1.0291160953476046,1.0291160953476046,-11.248867481461122,-11.248867481461122,-11.248867481461122,0.0,0.0,0.0,235.68746130966878
2025-09-12,246.21265586618375,229.0295598164314,243.15616508554928,246.21265586618375,246.21265586618375,-9.964163018552627,-9.964163018552627,-9.964163018552627,1.2495346665124416,1.2495346665124416,1.2495346665124416,-11.213697685065068,-11.213697685065068,-11.213697685065068,0.0,0.0,0.0,236.24849284763113
2025-09-15,247.12898537738795,229.2681881856371,245.30400576222272,247.12898537738795,247.12898537738795,-9.526217211516906,-9.526217211516906,-9.526217211516906,1.1937952256459539,1.1937952256459539,1.1937952256459539,-10.720012437162861,-10.720012437162861,-10.720012437162861,0.0,0.0,0.0,237.60276816587105
2025-09-16,247.43442854778934,230.8234501820783,245.923984384314,247.43442854778934,247.43442854778934,-9.234961805911821,-9.234961805911821,-9.234961805911821,1.1925851675699788,1.1925851675699788,1.1925851675699788,-10.4275469734818,-10.4275469734818,-10.4275469734818,0.0,0.0,0.0,238.19946674187753
2025-09-17,247.73987171819078,230.9531008872579,246.69924174619237,247.73987171819078,247.73987171819078,-9.053308831163532,-9.053308831163532,-9.053308831163532,1.0228999524130393,1.0228999524130393,1.0228999524130393,-10.07620878357657,-10.07620878357657,-10.07620878357657,0.0,0.0,0.0,238.68656288702726
2025-09-18,248.04531488859223,232.24749411808767,246.7311126511965,248.04531488859223,248.04531488859223,-8.642309992042726,-8.642309992042726,-8.642309992042726,1.0291160953488234,1.0291160953488234,1.0291160953488234,-9.67142608739155,-9.67142608739155,-9.67142608739155,0.0,0.0,0.0,239.4030048965495
2025-09-19,248.3507580589936,232.73578380831853,247.07804631459038,248.3507580589936,248.3507580589936,-7.970451231700613,-7.970451231700613,-7.970451231700613,1.2495346665125244,1.2495346665125244,1.2495346665125244,-9.219985898213139,-9.219985898213139,-9.219985898213139,0.0,0.0,0.0,240.38030682729297
2025-09-22,249.26708757019782,235.27467933780343,249.42989366926406,249.26708757019782,249.26708757019782,-6.475508819532548,-6.475508819532548,-6.475508819532548,1.193795225645773,1.193795225645773,1.193795225645773,-7.66930404517832,-7.66930404517832,-7.66930404517832,0.0,0.0,0.0,242.79157875066528
2025-09-23,249.57253074059926,236.3433435873219,251.4332669802617,249.57253074059926,249.57253074059926,-5.925679906041095,-5.925679906041095,-5.925679906041095,1.1925851675705226,1.1925851675705226,1.1925851675705226,-7.118265073611617,-7.118265073611617,-7.118265073611617,0.0,0.0,0.0,243.64685083455817
2025-09-24,249.87797391100062,237.22099514255055,252.05215963840072,249.87797391100062,249.87797391100062,-5.543665330361842,-5.543665330361842,-5.543665330361842,1.0228999524132483,1.0228999524132483,1.0228999524132483,-6.56656528277509,-6.56656528277509,-6.56656528277509,0.0,0.0,0.0,244.33430858063878
2025-09-25,250.18341708140207,237.3511104298711,252.53645005493547,250.18341708140207,250.18341708140207,-4.994796446590685,-4.994796446590685,-4.994796446590685,1.0291160953500427,1.0291160953500427,1.0291160953500427,-6.023912541940728,-6.023912541940728,-6.023912541940728,0.0,0.0,0.0,245.18862063481137
2025-09-26,250.48886025180346,238.458412142322,253.4029945545165,250.48886025180346,250.48886025180346,-4.250002072939492,-4.250002072939492,-4.250002072939492,1.249534666507019,1.249534666507019,1.249534666507019,-5.499536739446512,-5.499536739446512,-5.499536739446512,0.0,0.0,0.0,246.23885817886398
2025-09-29,251.40518976300766,241.07201184795147,256.5078085645707,251.40518976300766,251.40518976300766,-2.922249503115452,-2.922249503115452,-2.922249503115452,1.1937952256517734,1.1937952256517734,1.1937952256517734,-4.116044728767225,-4.116044728767225,-4.116044728767225,0.0,0.0,0.0,248.48294025989222
2025-09-30,251.7106329334091,241.6181339850138,256.6414763037575,251.7106329334091,251.7106329334091,-2.5466052510640966,-2.5466052510640966,-2.5466052510640966,1.192585167571067,1.192585167571067,1.192585167571067,-3.7391904186351637,-3.7391904186351637,-3.7391904186351637,0.0,0.0,0.0,249.164027682345
2025-10-01,252.0160761038105,241.99446615614627,256.87806106551614,252.0160761038105,252.0160761038105,-2.3888008638410625,-2.3888008638410625,-2.3888008638410625,1.0228999524134395,1.0228999524134395,1.0228999524134395,-3.411700816254502,-3.411700816254502,-3.411700816254502,0.0,0.0,0.0,249.62727523996944
2025-10-02,252.32151927421188,242.7205980172717,257.47135001788354,252.32151927421188,252.32151927421188,-2.1065619558037163,-2.1065619558037163,-2.1065619558037163,1.0291160953512617,1.0291160953512617,1.0291160953512617,-3.135678051154978,-3.135678051154978,-3.135678051154978,0.0,0.0,0.0,250.21495731840815
2025-10-03,252.62696244461333,243.14984340071575,258.43088027823626,252.62696244461333,252.62696244461333,-1.6621432287058011,-1.6621432287058011,-1.6621432287058011,1.2495346665071017,1.2495346665071017,1.2495346665071017,-2.911677895212903,-2.911677895212903,-2.911677895212903,0.0,0.0,0.0,250.96481921590754
2025-10-06,253.54329195581752,245.21390282859338,259.60645201731273,253.54329195581752,253.54329195581752,-1.3410153123946473,-1.3410153123946473,-1.3410153123946473,1.1937952256425326,1.1937952256425326,1.1937952256425326,-2.53481053803718,-2.53481053803718,-2.53481053803718,0.0,0.0,0.0,252.20227664342286
2025-10-07,253.8487351262189,244.7651813448895,260.14927194206894,253.8487351262189,253.8487351262189,-1.3024094047962367,-1.3024094047962367,-1.3024094047962367,1.1925851675679162,1.1925851675679162,1.1925851675679162,-2.494994572364153,-2.494994572364153,-2.494994572364153,0.0,0.0,0.0,252.54632572142268
2025-10-08,254.15417829662036,245.51263146130896,259.98404552571895,254.15417829662036,254.15417829662036,-1.465935383105002,-1.465935383105002,-1.465935383105002,1.0228999524134101,1.0228999524134101,1.0228999524134101,-2.488835335518412,-2.488835335518412,-2.488835335518412,0.0,0.0,0.0,252.68824291351535
2025-10-09,254.45962146702172,245.3755436656831,259.89689124808245,254.45962146702172,254.45962146702172,-1.4802796902034911,-1.4802796902034911,-1.4802796902034911,1.0291160953475451,1.0291160953475451,1.0291160953475451,-2.5093957855510363,-2.5093957855510363,-2.5093957855510363,0.0,0.0,0.0,252.97934177681822
2025-10-10,254.76506463742317,246.27698112129343,261.0517343287644,254.76506463742317,254.76506463742317,-1.2995842551351573,-1.2995842551351573,-1.2995842551351573,1.2495346665043905,1.2495346665043905,1.2495346665043905,-2.549118921639548,-2.549118921639548,-2.549118921639548,0.0,0.0,0.0,253.465480382288
2025-10-13,255.6813941486274,246.50494381829617,261.3212650093344,255.6813941486274,255.6813941486274,-1.509711133984195,-1.509711133984195,-1.509711133984195,1.193795225645442,1.193795225645442,1.193795225645442,-2.703506359629637,-2.703506359629637,-2.703506359629637,0.0,0.0,0.0,254.1716830146432
2025-10-14,255.98683731902875,246.63001272084972,261.7721768012018,255.98683731902875,255.98683731902875,-1.5478740623301463,-1.5478740623301463,-1.5478740623301463,1.1925851675684604,1.1925851675684604,1.1925851675684604,-2.740459229898607,-2.740459229898607,-2.740459229898607,0.0,0.0,0.0,254.4389632566986
2025-10-15,256.2922804894302,247.2472596949574,262.73657301202894,256.2922804894302,256.2922804894302,-1.7351374316799426,-1.7351374316799426,-1.7351374316799426,1.022899952413143,1.022899952413143,1.022899952413143,-2.758037384093086,-2.758037384093086,-2.758037384093086,0.0,0.0,0.0,254.55714305775027
2025-10-16,256.5977236598316,247.24669580344224,262.46588943857637,256.5977236598316,256.5977236598316,-1.720912891353066,-1.720912891353066,-1.720912891353066,1.0291160953487641,1.0291160953487641,1.0291160953487641,-2.7500289867018304,-2.7500289867018304,-2.7500289867018304,0.0,0.0,0.0,254.87681076847855
2025-10-17,256.90316683023303,248.66175033121985,262.6101970132572,256.90316683023303,256.90316683023303,-1.461653982809683,-1.461653982809683,-1.461653982809683,1.2495346665131084,1.2495346665131084,1.2495346665131084,-2.7111886493227915,-2.7111886493227915,-2.7111886493227915,0.0,0.0,0.0,255.44151284742335
2025-10-20,257.81949634143723,248.90397998469223,263.9170424947308,257.81949634143723,257.81949634143723,-1.1806770997943716,-1.1806770997943716,-1.1806770997943716,1.1937952256452613,1.1937952256452613,1.1937952256452613,-2.374472325439633,-2.374472325439633,-2.374472325439633,0.0,0.0,0.0,256.63881924164286
2025-10-21,258.1249395118387,249.6124341078236,264.3436442640834,258.1249395118387,258.1249395118387,-0.9908226260179788,-0.9908226260179788,-0.9908226260179788,1.1925851675671573,1.1925851675671573,1.1925851675671573,-2.183407793585136,-2.183407793585136,-2.183407793585136,0.0,0.0,0.0,257.13411688582073
2025-10-22,258.43038268224007,249.9968545707016,264.7499680465685,258.43038268224007,258.43038268224007,-0.9305562846069623,-0.9305562846069623,-0.9305562846069623,1.0228999524128761,1.0228999524128761,1.0228999524128761,-1.9534562370198385,-1.9534562370198385,-1.9534562370198385,0.0,0.0,0.0,257.4998263976331
2025-10-23,258.7358258526414,250.94267184820194,266.0530439885424,258.7358258526414,258.7358258526414,-0.6576949929990824,-0.6576949929990824,-0.6576949929990824,1.029116095348565,1.029116095348565,1.029116095348565,-1.6868110883476473,-1.6868110883476473,-1.6868110883476473,0.0,0.0,0.0,258.07813085964233
2025-10-24,259.0412690230429,251.1689261553105,266.34294865207534,259.0412690230429,259.0412690230429,-0.1372636757456988,-0.1372636757456988,-0.1372636757456988,1.2495346665103972,1.2495346665103972,1.2495346665103972,-1.3867983422560963,-1.3867983422560963,-1.3867983422560963,0.0,0.0,0.0,258.9040053472972
2025-10-27,259.9575985342471,252.73376203493055,267.73469415484203,259.9575985342471,259.9575985342471,0.8600374016806958,0.8600374016806958,0.8600374016806958,1.1937952256481714,1.1937952256481714,1.1937952256481714,-0.3337578239674755,-0.3337578239674755,-0.3337578239674755,0.0,0.0,0.0,260.8176359359278
2025-10-28,260.26304170464846,254.01624137322054,268.75207539108413,260.26304170464846,260.26304170464846,1.2417420224185087,1.2417420224185087,1.2417420224185087,1.192585167570715,1.192585167570715,1.192585167570715,0.04915685484779369,0.04915685484779369,0.04915685484779369,0.0,0.0,0.0,261.504783727067
2025-10-29,260.56848487504993,254.49219183252623,269.51264927828083,260.56848487504993,260.56848487504993,1.4604295594693086,1.4604295594693086,1.4604295594693086,1.0228999524130853,1.0228999524130853,1.0228999524130853,0.4375296070562234,0.4375296070562234,0.4375296070562234,0.0,0.0,0.0,262.02891443451927
2025-10-30,260.8739280454513,254.83955510299973,270.40637612637465,260.8739280454513,260.8739280454513,1.854094449626612,1.854094449626612,1.854094449626612,1.0291160953512024,1.0291160953512024,1.0291160953512024,0.8249783542754094,0.8249783542754094,0.8249783542754094,0.0,0.0,0.0,262.7280224950779
2025-10-31,261.17937121585277,255.73516310414664,271.00569286408245,261.17937121585277,261.17937121585277,2.4549236496817692,2.4549236496817692,2.4549236496817692,1.24953466651048,1.24953466651048,1.24953466651048,1.205388983171289,1.205388983171289,1.205388983171289,0.0,0.0,0.0,263.6342948655345
2025-11-03,262.09570072705696,258.17085720080485,273.24840602182127,262.09570072705696,262.09570072705696,3.44567084632642,3.44567084632642,3.44567084632642,1.1937952256479907,1.1937952256479907,1.1937952256479907,2.251875620678429,2.251875620678429,2.251875620678429,0.0,0.0,0.0,265.5413715733834
2025-11-04,262.4011438974583,258.5676288083262,273.9563247140074,262.4011438974583,262.4011438974583,3.7484367433338246,3.7484367433338246,3.7484367433338246,1.192585167569412,1.192585167569412,1.192585167569412,2.5558515757644127,2.5558515757644127,2.5558515757644127,0.0,0.0,0.0,266.1495806407921
2025-11-05,262.7065870678598,259.0454989246841,274.2309152713452,262.7065870678598,262.7065870678598,3.856338138214842,3.856338138214842,3.856338138214842,1.0228999524128184,1.0228999524128184,1.0228999524128184,2.8334381858020237,2.8334381858020237,2.8334381858020237,0.0,0.0,0.0,266.5629252060746
2025-11-06,263.01203023826116,259.62716970957575,274.83266070026326,263.01203023826116,263.01203023826116,4.113218002923872,4.113218002923872,4.113218002923872,1.029116095351003,1.029116095351003,1.029116095351003,3.084101907572869,3.084101907572869,3.084101907572869,0.0,0.0,0.0,267.12524824118503
2025-11-07,263.3174734086625,260.54622022021937,275.18883045014275,263.3174734086625,263.3174734086625,4.558162666314142,4.558162666314142,4.558162666314142,1.2495346665077687,1.2495346665077687,1.2495346665077687,3.3086279998063737,3.3086279998063737,3.3086279998063737,0.0,0.0,0.0,267.8756360749767
2025-11-10,264.23380291986683,261.95709897359967,276.8230554937531,264.23380291986683,264.23380291986683,5.046702380396328,5.046702380396328,5.046702380396328,1.193795225653991,1.193795225653991,1.193795225653991,3.8529071547423364,3.8529071547423364,3.8529071547423364,0.0,0.0,0.0,269.28050530026314
2025-11-11,264.5392460902682,262.16925014393723,277.1335958110419,264.5392460902682,264.5392460902682,5.199126521145189,5.199126521145189,5.199126521145189,1.1925851675699561,1.1925851675699561,1.1925851675699561,4.0065413535752326,4.0065413535752326,4.0065413535752326,0.0,0.0,0.0,269.7383726114134
2025-11-12,264.84468926066967,262.5507130168189,277.3805895524898,264.84468926066967,264.84468926066967,5.179500716703423,5.179500716703423,5.179500716703423,1.0228999524134854,1.0228999524134854,1.0228999524134854,4.156600764289938,4.156600764289938,4.156600764289938,0.0,0.0,0.0,270.0241899773731
2025-11-13,265.15013243107103,263.08862699619374,277.8092579813647,265.15013243107103,265.15013243107103,5.339655587481222,5.339655587481222,5.339655587481222,1.0291160953472864,1.0291160953472864,1.0291160953472864,4.310539492133936,4.310539492133936,4.310539492133936,0.0,0.0,0.0,270.48978801855225
2025-11-14,265.4555756014724,264.17514110162773,278.52019849375665,265.4555756014724,265.4555756014724,5.725904923186634,5.725904923186634,5.725904923186634,1.2495346665078515,1.2495346665078515,1.2495346665078515,4.476370256678782,4.476370256678782,4.476370256678782,0.0,0.0,0.0,271.18148052465904
2025-11-17,266.3719051126767,265.2117065154184,280.0688516312522,266.3719051126767,266.3719051126767,6.322546205351968,6.322546205351968,6.322546205351968,1.1937952256538098,1.1937952256538098,1.1937952256538098,5.128750979698158,5.128750979698158,5.128750979698158,0.0,0.0,0.0,272.69445131802865
2025-11-18,266.67734828307806,266.0235686875211,280.63771227865817,266.67734828307806,266.67734828307806,6.617652883805623,6.617652883805623,6.617652883805623,1.192585167568653,1.192585167568653,1.192585167568653,5.425067716236971,5.425067716236971,5.425067716236971,0.0,0.0,0.0,273.2950011668837
2025-11-19,266.9827914534794,266.0887132263866,281.47293193237437,266.9827914534794,266.9827914534794,6.796134028873953,6.796134028873953,6.796134028873953,1.0228999524132185,1.0228999524132185,1.0228999524132185,5.773234076460735,5.773234076460735,5.773234076460735,0.0,0.0,0.0,273.7789254823534
2025-11-20,267.2882346238809,266.587862969786,281.850040982386,267.2882346238809,267.2882346238809,7.208596865042288,7.208596865042288,7.208596865042288,1.0291160953485057,1.0291160953485057,1.0291160953485057,6.1794807696937815,6.1794807696937815,6.1794807696937815,0.0,0.0,0.0,274.4968314889232
2025-11-21,267.5936777942823,267.98481590215584,282.40836772574244,267.5936777942823,267.5936777942823,7.898452713714905,7.898452713714905,7.898452713714905,1.2495346665023463,1.2495346665023463,1.2495346665023463,6.648918047212558,6.648918047212558,6.648918047212558,0.0,0.0,0.0,275.4921305079972
2025-11-24,268.51000730548645,270.3755561780349,285.43966479022225,268.51000730548645,268.51000730548645,9.660827588472175,9.660827588472175,9.660827588472175,1.193795225644569,1.193795225644569,1.193795225644569,8.467032362827604,8.467032362827604,8.467032362827604,0.0,0.0,0.0,278.1708348939586
2025-11-25,268.8154504758879,271.75745565709445,287.23331608267904,268.8154504758879,268.8154504758879,10.40477789748812,10.40477789748812,10.40477789748812,1.1925851675691972,1.1925851675691972,1.1925851675691972,9.212192729918922,9.212192729918922,9.212192729918922,0.0,0.0,0.0,279.2202283733761
2025-11-26,269.12089364628935,272.84003417620085,288.15582420742976,269.12089364628935,269.12089364628935,11.046970248379688,11.046970248379688,11.046970248379688,1.0228999524131892,1.0228999524131892,1.0228999524131892,10.0240702959665,10.0240702959665,10.0240702959665,0.0,0.0,0.0,280.16786389466904
2025-11-27,269.42633681669076,274.18711257263715,288.60869208815217,269.42633681669076,269.42633681669076,11.927578613561858,11.927578613561858,11.927578613561858,1.0291160953497245,1.0291160953497245,1.0291160953497245,10.898462518212133,10.898462518212133,10.898462518212133,0.0,0.0,0.0,281.35391543025264
2025-11-28,269.7317799870921,275.486626012088,290.333422027487,269.7317799870921,269.76777252005814,13.079096878528945,13.079096878528945,13.079096878528945,1.249534666502429,1.249534666502429,1.249534666502429,11.829562212026516,11.829562212026516,11.829562212026516,0.0,0.0,0.0,282.8108768656211
2025-12-01,270.6481094982964,279.45969865454,294.4426805769175,270.640694416266,270.72549111351384,16.07712436555562,16.07712436555562,16.07712436555562,1.193795225647479,1.193795225647479,1.193795225647479,14.883329139908142,14.883329139908142,14.883329139908142,0.0,0.0,0.0,286.725233863852
2025-12-02,270.9535526686978,280.46844177071364,295.203287517153,270.90053893180516,271.0697534368826,17.147970643736212,17.147970643736212,17.147970643736212,1.1925851675660466,1.1925851675660466,1.1925851675660466,15.955385476170163,15.955385476170163,15.955385476170163,0.0,0.0,0.0,288.101523312434
2025-12-03,271.25899583909916,281.59293787846246,296.877710704656,271.155890297406,271.4579818055403,18.058734390978294,18.058734390978294,18.058734390978294,1.0228999524131606,1.0228999524131606,1.0228999524131606,17.035834438565136,17.035834438565136,17.035834438565136,0.0,0.0,0.0,289.3177302300775
2025-12-04,271.5644390095006,283.3346022986695,298.4275256947143,271.39856274365275,271.8867662392991,19.14168952677975,19.14168952677975,19.14168952677975,1.0291160953495253,1.0291160953495253,1.0291160953495253,18.112573431430224,18.112573431430224,18.112573431430224,0.0,0.0,0.0,290.70612853628035
2025-12-05,271.869882179902,284.51244782588276,299.91470304196434,271.6066039674605,272.3342142384286,20.422800165455104,20.422800165455104,20.422800165455104,1.2495346665111466,1.2495346665111466,1.2495346665111466,19.17326549894396,19.17326549894396,19.17326549894396,0.0,0.0,0.0,292.2926823453571
2025-12-08,272.7862116911062,288.71292350452313,303.49628876988515,272.4312944840488,273.36843090336,23.331630238677675,23.331630238677675,23.331630238677675,1.1937952256503888,1.1937952256503888,1.1937952256503888,22.13783501302729,22.13783501302729,22.13783501302729,0.0,0.0,0.0,296.1178419297839
2025-12-09,273.0916548615076,289.7419022106304,304.98577676884565,272.59689203329253,273.82138210770813,24.20824830022626,24.20824830022626,24.20824830022626,1.1925851675696049,1.1925851675696049,1.1925851675696049,23.015663132656655,23.015663132656655,23.015663132656655,0.0,0.0,0.0,297.2999031617339
2025-12-10,273.397098031909,290.3447456532292,306.301293602072,272.79085037054426,274.25213360481837,24.844404673292964,24.844404673292964,24.844404673292964,1.0228999524135896,1.0228999524135896,1.0228999524135896,23.821504720879375,23.821504720879375,23.821504720879375,0.0,0.0,0.0,298.241502705202
2025-12-11,273.70254120231044,292.208990110669,307.0294216468541,272.9879107615364,274.6983139775326,25.576113659752,25.576113659752,25.576113659752,1.029116095349326,1.029116095349326,1.029116095349326,24.546997564402673,24.546997564402673,24.546997564402673,0.0,0.0,0.0,299.27865486206247
2025-12-12,274.0079843727119,292.841807602405,308.07830726176815,273.1923916582092,275.177299704976,26.434704385403023,26.434704385403023,26.434704385403023,1.249534666508436,1.249534666508436,1.249534666508436,25.18516971889459,25.18516971889459,25.18516971889459,0.0,0.0,0.0,300.44268875811497
2025-12-15,274.92431388391606,295.33699310006875,310.29664821941066,273.9401255043695,276.229203692904,27.72307810548085,27.72307810548085,27.72307810548085,1.1937952256502076,1.1937952256502076,1.1937952256502076,26.529282879830642,26.529282879830642,26.529282879830642,0.0,0.0,0.0,302.6473919893969
2025-12-16,275.2297570543175,295.2918067885156,311.00488262207494,274.0660345713986,276.69242767376676,27.972448810103696,27.972448810103696,27.972448810103696,1.1925851675683015,1.1925851675683015,1.1925851675683015,26.779863642535396,26.779863642535396,26.779863642535396,0.0,0.0,0.0,303.20220586442116
2025-12-17,275.53520022471895,295.58272853457663,311.4788769925824,274.23148937088644,277.19331750611724,27.955061171758274,27.955061171758274,27.955061171758274,1.0228999524133224,1.0228999524133224,1.0228999524133224,26.93216121934495,26.93216121934495,26.93216121934495,0.0,0.0,0.0,303.4902613964772
2025-12-18,275.8406433951203,296.21949553709624,311.3403117656964,274.39400832590513,277.7040254141722,28.017923583700462,28.017923583700462,28.017923583700462,1.029116095350545,1.029116095350545,1.029116095350545,26.98880748834992,26.98880748834992,26.98880748834992,0.0,0.0,0.0,303.85856697882076
2025-12-19,276.1460865655217,296.20853564784653,311.91706791421274,274.5334048259891,278.1894509273346,28.203409572838687,28.203409572838687,28.203409572838687,1.2495346665057245,1.2495346665057245,1.2495346665057245,26.953874906332963,26.953874906332963,26.953874906332963,0.0,0.0,0.0,304.3494961383604
2025-12-22,277.0624160767259,296.77551442416154,312.6162757818599,275.3480356262847,279.27274192758694,27.552582834220278,27.552582834220278,27.552582834220278,1.193795225650027,1.193795225650027,1.193795225650027,26.358787608570253,26.358787608570253,26.358787608570253,0.0,0.0,0.0,304.6149989109462
2025-12-23,277.3678592471274,296.6912911226654,312.5911640533125,275.4815413992379,279.75410627987594,27.21418580610371,27.21418580610371,27.21418580610371,1.1925851675688457,1.1925851675688457,1.1925851675688457,26.021600638534867,26.021600638534867,26.021600638534867,0.0,0.0,0.0,304.5820450532311
2025-12-24,277.6733024175287,295.7123116219348,312.490053237193,275.60007456077204,280.2041243237198,26.651926643021053,26.651926643021053,26.651926643021053,1.0228999524135312,1.0228999524135312,1.0228999524135312,25.62902669060752,25.62902669060752,25.62902669060752,0.0,0.0,0.0,304.32522906054976
2025-12-25,277.9787455879301,296.315685477974,312.5219361274108,275.7358467317961,280.665185293047,26.219176285651727,26.219176285651727,26.219176285651727,1.029116095351764,1.029116095351764,1.029116095351764,25.190060190299963,25.190060190299963,25.190060190299963,0.0,0.0,0.0,304.19792187358183
2025-12-26,278.2841887583316,295.8117918977017,312.91800391015886,275.82317713991307,281.13237826342396,25.963312338487068,25.963312338487068,25.963312338487068,1.2495346665144427,1.2495346665144427,1.2495346665144427,24.713777671972625,24.713777671972625,24.713777671972625,0.0,0.0,0.0,304.24750109681867
2025-12-29,279.2005182695358,295.3307308740934,312.3718168410643,276.56929351648887,282.23794176432006,24.342581338284255,24.342581338284255,24.342581338284255,1.193795225652937,1.193795225652937,1.193795225652937,23.148786112631317,23.148786112631317,23.148786112631317,0.0,0.0,0.0,303.54309960782007
2025-12-30,279.50596143993727,294.7423726476108,311.60024514006795,276.7729201972579,282.7130457330682,23.801322803486883,23.801322803486883,23.801322803486883,1.1925851675675423,1.1925851675675423,1.1925851675675423,22.60873763591934,22.60873763591934,22.60873763591934,0.0,0.0,0.0,303.30728424342414
2025-12-31,279.81140461033857,294.47843388145634,312.2700429828048,276.83340332281074,283.2708767760264,23.09425344481316,23.09425344481316,23.09425344481316,1.0228999524132647,1.0228999524132647,1.0228999524132647,22.071353492399897,22.071353492399897,22.071353492399897,0.0,0.0,0.0,302.9056580551517
2026-01-01,280.11684778074,293.7427384993801,312.11705111585087,276.9120458044305,283.85714247740844,22.57164861549569,22.57164861549569,22.57164861549569,1.0291160953480478,1.0291160953480478,1.0291160953480478,21.54253252014764,21.54253252014764,21.54253252014764,0.0,0.0,0.0,302.6884963962357
