ds,trend,yhat_lower,yhat_upper,trend_lower,trend_upper,additive_terms,additive_terms_lower,additive_terms_upper,weekly,weekly_lower,weekly_upper,yearly,yearly_lower,yearly_upper,multiplicative_terms,multiplicative_terms_lower,multiplicative_terms_upper,yhat
2023-03-15,99.09956135002255,94.15998083520878,107.11900867812483,99.09956135002255,99.09956135002255,1.454788277071266,1.454788277071266,1.454788277071266,0.7853737221078277,0.7853737221078277,0.7853737221078277,0.6694145549634383,0.6694145549634383,0.6694145549634383,0.0,0.0,0.0,100.55434962709381
2023-03-16,99.42329163560163,94.83364177761658,107.11199492724944,99.42329163560163,99.42329163560163,1.1201024976524103,1.1201024976524103,1.1201024976524103,0.5435685821667566,0.5435685821667566,0.5435685821667566,0.5765339154856536,0.5765339154856536,0.5765339154856536,0.0,0.0,0.0,100.54339413325404
2023-03-17,99.7470219211807,94.59040674672231,107.58755055520413,99.7470219211807,99.7470219211807,1.2664971116848973,1.2664971116848973,1.2664971116848973,0.7782146546286517,0.7782146546286517,0.7782146546286517,0.4882824570562457,0.4882824570562457,0.4882824570562457,0.0,0.0,0.0,101.0135190328656
2023-03-20,100.71821277791791,95.58861599849608,107.99638011802239,100.71821277791791,100.71821277791791,1.0700691472249177,1.0700691472249177,1.0700691472249177,0.8430427719230794,0.8430427719230794,0.8430427719230794,0.2270263753018385,0.2270263753018385,0.2270263753018385,0.0,0.0,0.0,101.78828192514283
2023-03-21,101.041943063497,95.64767689995362,108.34738286992778,101.041943063497,101.041943063497,0.9132823163668139,0.9132823163668139,0.9132823163668139,0.7791610089065578,0.7791610089065578,0.7791610089065578,0.1341213074602559,0.1341213074602559,0.1341213074602559,0.0,0.0,0.0,101.95522537986382
2023-03-22,101.36567334907606,95.89834155802845,108.80450839447741,101.36567334907606,101.36567334907606,0.8207430529123821,0.8207430529123821,0.8207430529123821,0.7853737221084057,0.7853737221084057,0.7853737221084057,0.03536933080397646,0.03536933080397646,0.03536933080397646,0.0,0.0,0.0,102.18641640198844
2023-03-23,101.68940363465514,95.20787034179496,108.50001518300276,101.68940363465514,101.68940363465514,0.4729072119614397,0.4729072119614397,0.4729072119614397,0.543568582166352,0.543568582166352,0.543568582166352,-0.07066137020491238,-0.07066137020491238,-0.07066137020491238,0.0,0.0,0.0,102.16231084661658
2023-03-24,102.01313392023421,96.00016631180864,108.6217461942437,102.01313392023421,102.01313392023421,0.5930288807472637,0.5930288807472637,0.5930288807472637,0.778214654629092,0.778214654629092,0.778214654629092,-0.18518577388182833,-0.18518577388182833,-0.18518577388182833,0.0,0.0,0.0,102.60616280098148
2023-03-27,102.98432477697142,96.85530456726188,109.17157400761704,102.98432477697142,102.98432477697142,0.2543778873746527,0.2543778873746527,0.2543778873746527,0.8430427719146163,0.8430427719146163,0.8430427719146163,-0.5886648845399636,-0.5886648845399636,-0.5886648845399636,0.0,0.0,0.0,103.23870266434608
2023-03-28,103.30805506255051,97.40611884701566,109.64966233524203,103.30805506255051,103.30805506255051,0.03411320371253549,0.03411320371253549,0.03411320371253549,0.7791610089056968,0.7791610089056968,0.7791610089056968,-0.7450478051931613,-0.7450478051931613,-0.7450478051931613,0.0,0.0,0.0,103.34216826626304
2023-03-29,103.63178534812957,97.4512631346636,110.00711053589508,103.63178534812957,103.63178534812957,-0.1274326794989228,-0.1274326794989228,-0.1274326794989228,0.7853737221082001,0.7853737221082001,0.7853737221082001,-0.9128064016071229,-0.9128064016071229,-0.9128064016071229,0.0,0.0,0.0,103.50435266863064
2023-03-30,103.95551563370866,97.18997288609617,109.54635995051207,103.95551563370866,103.95551563370866,-0.5483102397716539,-0.5483102397716539,-0.5483102397716539,0.5435685821654771,0.5435685821654771,0.5435685821654771,-1.091878821937131,-1.091878821937131,-1.091878821937131,0.0,0.0,0.0,103.407205393937
2023-03-31,104.27924591928772,97.56742406160002,110.53976182938305,104.27924591928772,104.27924591928772,-0.5037723665022821,-0.5037723665022821,-0.5037723665022821,0.7782146546250033,0.7782146546250033,0.7782146546250033,-1.2819870211272852,-1.2819870211272852,-1.2819870211272852,0.0,0.0,0.0,103.77547355278544
2023-04-03,105.25043677602493,97.63273065481076,110.44784611784571,105.25043677602493,105.25043677602493,-1.069421328253912,-1.069421328253912,-1.069421328253912,0.8430427719166289,0.8430427719166289,0.8430427719166289,-1.912464100170541,-1.912464100170541,-1.912464100170541,0.0,0.0,0.0,104.18101544777102
2023-04-04,105.57416706160402,98.27019374279439,110.45256437850428,105.57416706160402,105.57416706160402,-1.3603933438117013,-1.3603933438117013,-1.3603933438117013,0.779161008906226,0.779161008906226,0.779161008906226,-2.1395543527179273,-2.1395543527179273,-2.1395543527179273,0.0,0.0,0.0,104.21377371779231
2023-04-05,105.89789734718308,98.10815852771474,110.54526179483202,105.89789734718308,105.89789734718308,-1.5876323602866165,-1.5876323602866165,-1.5876323602866165,0.7853737221081017,0.7853737221081017,0.7853737221081017,-2.3730060823947183,-2.3730060823947183,-2.3730060823947183,0.0,0.0,0.0,104.31026498689646
2023-04-06,106.22162763276216,97.76488900663242,110.66246344428437,106.22162763276216,106.22162763276216,-2.0676714060591666,-2.0676714060591666,-2.0676714060591666,0.5435685821650726,0.5435685821650726,0.5435685821650726,-2.611239988224239,-2.611239988224239,-2.611239988224239,0.0,0.0,0.0,104.153956226703
2023-04-10,107.51654877507843,98.1810772836739,110.6595508158752,107.51654877507843,107.51654877507843,-2.7307285126051184,-2.7307285126051184,-2.7307285126051184,0.8430427719162434,0.8430427719162434,0.8430427719162434,-3.5737712845213623,-3.5737712845213623,-3.5737712845213623,0.0,0.0,0.0,104.78582026247332
2023-04-11,107.84027906065752,98.04264225403786,110.94331310181893,107.84027906065752,107.84027906065752,-3.026678835352853,-3.026678835352853,-3.026678835352853,0.7791610089039743,0.7791610089039743,0.7791610089039743,-3.8058398442568273,-3.8058398442568273,-3.8058398442568273,0.0,0.0,0.0,104.81360022530467
2023-04-12,108.16400934623658,98.57618764599844,111.50013260241612,108.16400934623658,108.16400934623658,-3.2442989999478606,-3.2442989999478606,-3.2442989999478606,0.7853737221080036,0.7853737221080036,0.7853737221080036,-4.029672722055864,-4.029672722055864,-4.029672722055864,0.0,0.0,0.0,104.91971034628872
2023-04-13,108.48773963181567,98.95009053024793,110.76201633079583,108.48773963181567,108.48773963181567,-3.699171086604181,-3.699171086604181,-3.699171086604181,0.5435685821670625,0.5435685821670625,0.5435685821670625,-4.242739668771243,-4.242739668771243,-4.242739668771243,0.0,0.0,0.0,104.78856854521149
2023-04-14,108.81146991739473,99.07526608107977,111.35104646110207,108.81146991739473,108.81146991739473,-3.6642834480752002,-3.6642834480752002,-3.6642834480752002,0.7782146546308272,0.7782146546308272,0.7782146546308272,-4.442498102706027,-4.442498102706027,-4.442498102706027,0.0,0.0,0.0,105.14718646931954
2023-04-17,109.78266077413194,98.94246158987495,111.93094495935784,109.78266077413194,109.78266077413194,-4.094164630682971,-4.094164630682971,-4.094164630682971,0.8430427719158579,0.8430427719158579,0.8430427719158579,-4.937207402598829,-4.937207402598829,-4.937207402598829,0.0,0.0,0.0,105.68849614344897
2023-04-18,110.10639105752458,99.27860059191472,111.9490862815321,110.10639105752458,110.10639105752458,-4.280408189967394,-4.280408189967394,-4.280408189967394,0.7791610089075028,0.7791610089075028,0.7791610089075028,-5.059569198874897,-5.059569198874897,-5.059569198874897,0.0,0.0,0.0,105.82598286755719
2023-04-19,110.4301213409172,99.97059263363968,112.44495077814965,110.4301213409172,110.4301213409172,-4.37188026165612,-4.37188026165612,-4.37188026165612,0.7853737221079048,0.7853737221079048,0.7853737221079048,-5.157253983764025,-5.157253983764025,-5.157253983764025,0.0,0.0,0.0,106.05824107926108
2023-04-20,110.75385162430983,99.87178430083652,112.52563273588171,110.75385162430983,110.75385162430983,-4.685005556219714,-4.685005556219714,-4.685005556219714,0.5435685821666582,0.5435685821666582,0.5435685821666582,-5.228574138386373,-5.228574138386373,-5.228574138386373,0.0,0.0,0.0,106.06884606809012
2023-04-21,111.07758190770245,99.82795213313351,112.78317006824228,111.07758190770245,111.07758190770245,-4.493923701504089,-4.493923701504089,-4.493923701504089,0.7782146546312675,0.7782146546312675,0.7782146546312675,-5.272138356135357,-5.272138356135357,-5.272138356135357,0.0,0.0,0.0,106.58365820619836
2023-04-24,112.04877275788036,101.17738937921285,114.26338718409492,112.04877275788036,112.04877275788036,-4.384533512275566,-4.384533512275566,-4.384533512275566,0.8430427719202686,0.8430427719202686,0.8430427719202686,-5.227576284195835,-5.227576284195835,-5.227576284195835,0.0,0.0,0.0,107.66423924560479
2023-04-25,112.37250304127299,101.13810835310636,114.13421689294096,112.37250304127299,112.37250304127299,-4.374167577091481,-4.374167577091481,-4.374167577091481,0.7791610089066419,0.7791610089066419,0.7791610089066419,-5.153328585998123,-5.153328585998123,-5.153328585998123,0.0,0.0,0.0,107.99833546418151
2023-04-26,112.69623332466563,101.77061133938524,114.72080501321201,112.69623332466563,112.69623332466563,-4.264557757692707,-4.264557757692707,-4.264557757692707,0.7853737221084826,0.7853737221084826,0.7853737221084826,-5.04993147980119,-5.04993147980119,-5.04993147980119,0.0,0.0,0.0,108.43167556697293
2023-04-27,113.01996360805825,103.24754513866621,114.7542602037769,113.01996360805825,113.01996360805825,-4.374787255997865,-4.374787255997865,-4.374787255997865,0.5435685821674507,0.5435685821674507,0.5435685821674507,-4.918355838165316,-4.918355838165316,-4.918355838165316,0.0,0.0,0.0,108.64517635206039
2023-04-28,113.34369389145088,103.13041217718828,115.81805430172207,113.34369389145088,113.34369389145088,-3.981785628145234,-3.981785628145234,-3.981785628145234,0.7782146546317076,0.7782146546317076,0.7782146546317076,-4.760000282776942,-4.760000282776942,-4.760000282776942,0.0,0.0,0.0,109.36190826330565
2023-05-01,114.31488474162876,104.91334191935181,117.16680196119606,114.31488474162876,114.31488474162876,-3.3013201941984085,-3.3013201941984085,-3.3013201941984085,0.8430427719198832,0.8430427719198832,0.8430427719198832,-4.144362966118291,-4.144362966118291,-4.144362966118291,0.0,0.0,0.0,111.01356454743035
2023-05-02,114.6386150250214,105.46663925587269,117.8452742066374,114.6386150250214,114.6386150250214,-3.121704411820094,-3.121704411820094,-3.121704411820094,0.7791610089071711,0.7791610089071711,0.7791610089071711,-3.9008654207272646,-3.9008654207272646,-3.9008654207272646,0.0,0.0,0.0,111.5169106132013
2023-05-03,114.96234530841403,105.56396181457849,118.5387159503255,114.96234530841403,114.96234530841403,-2.857951458057535,-2.857951458057535,-2.857951458057535,0.7853737221083843,0.7853737221083843,0.7853737221083843,-3.643325180165919,-3.643325180165919,-3.643325180165919,0.0,0.0,0.0,112.1043938503565
2023-05-04,115.28607559180665,105.63896987781669,119.02421696509872,115.28607559180665,115.28607559180665,-2.831631481312931,-2.831631481312931,-2.831631481312931,0.5435685821653785,0.5435685821653785,0.5435685821653785,-3.3752000634783093,-3.3752000634783093,-3.3752000634783093,0.0,0.0,0.0,112.45444411049372
2023-05-05,115.60980587519929,106.61846299121939,119.52062295496556,115.60980587519929,115.60980587519929,-2.321928184167499,-2.321928184167499,-2.321928184167499,0.778214654627619,0.778214654627619,0.778214654627619,-3.1001428387951178,-3.1001428387951178,-3.1001428387951178,0.0,0.0,0.0,113.28787769103178
2023-05-08,116.58099672537719,108.9669230858192,121.52088926655232,116.58099672537719,116.58099672537719,-1.4286053272237556,-1.4286053272237556,-1.4286053272237556,0.8430427719218956,0.8430427719218956,0.8430427719218956,-2.271648099145651,-2.271648099145651,-2.271648099145651,0.0,0.0,0.0,115.15239139815344
2023-05-09,116.9047270087698,109.41996952129614,122.07553387824805,116.9047270087698,116.9047270087698,-1.228141520279652,-1.228141520279652,-1.228141520279652,0.7791610089077002,0.7791610089077002,0.7791610089077002,-2.0073025291873523,-2.0073025291873523,-2.0073025291873523,0.0,0.0,0.0,115.67658548849015
2023-05-10,117.22845729216245,109.722172726093,122.15729686100171,117.22845729216245,117.22845729216245,-0.969836337239773,-0.969836337239773,-0.969836337239773,0.7853737221081788,0.7853737221081788,0.7853737221081788,-1.755210059347952,-1.755210059347952,-1.755210059347952,0.0,0.0,0.0,116.25862095492268
2023-05-11,117.55218757555507,109.83032019073448,122.19747787635534,117.55218757555507,117.55218757555507,-0.9754173392880565,-0.9754173392880565,-0.9754173392880565,0.5435685821661713,0.5435685821661713,0.5435685821661713,-1.5189859214542278,-1.5189859214542278,-1.5189859214542278,0.0,0.0,0.0,116.57677023626701
2023-05-12,117.8759178589477,111.33608574403263,123.5755903815614,117.8759178589477,117.8759178589477,-0.5238301524304825,-0.5238301524304825,-0.5238301524304825,0.778214654628059,0.778214654628059,0.778214654628059,-1.3020448070585415,-1.3020448070585415,-1.3020448070585415,0.0,0.0,0.0,117.35208770651722
2023-05-15,118.84710870912559,112.9911502366165,125.43853703402156,118.84710870912559,118.84710870912559,0.04591608959760002,0.04591608959760002,0.04591608959760002,0.8430427719158304,0.8430427719158304,0.8430427719158304,-0.7971266823182304,-0.7971266823182304,-0.7971266823182304,0.0,0.0,0.0,118.89302479872319
2023-05-16,119.17083899251821,113.29776942786228,125.6435857401049,119.17083899251821,119.17083899251821,0.09320286517217266,0.09320286517217266,0.09320286517217266,0.7791610089054489,0.7791610089054489,0.7791610089054489,-0.6859581437332763,-0.6859581437332763,-0.6859581437332763,0.0,0.0,0.0,119.26404185769039
2023-05-17,119.49456926469844,113.88944258933698,126.04964065010017,119.49456926469844,119.49456926469844,0.17864194914446827,0.17864194914446827,0.17864194914446827,0.7853737221081873,0.7853737221081873,0.7853737221081873,-0.606731772963719,-0.606731772963719,-0.606731772963719,0.0,0.0,0.0,119.6732112138429
2023-05-18,119.81829953687868,113.4730947101643,125.6139483822528,119.81829953687868,119.81829953687868,-0.017340193489762915,-0.017340193489762915,-0.017340193489762915,0.5435685821657669,0.5435685821657669,0.5435685821657669,-0.5609087756555299,-0.5609087756555299,-0.5609087756555299,0.0,0.0,0.0,119.80095934338893
2023-05-19,120.14202980905893,114.01105382985816,126.45278237696142,120.14202980905893,120.14202980905893,0.22864972444983844,0.22864972444983844,0.22864972444983844,0.7782146546262347,0.7782146546262347,0.7782146546262347,-0.5495649301763964,-0.5495649301763964,-0.5495649301763964,0.0,0.0,0.0,120.37067953350876
2023-05-22,121.11322062559961,114.62681386461995,127.55324326615276,121.11322062559961,121.11322062559961,0.11556150907170609,0.11556150907170609,0.11556150907170609,0.8430427719178432,0.8430427719178432,0.8430427719178432,-0.727481262846137,-0.727481262846137,-0.727481262846137,0.0,0.0,0.0,121.22878213467132
2023-05-23,121.43695089777985,114.27760014374665,127.33800597898016,121.43695089777985,121.43695089777985,-0.07816273823017235,-0.07816273823017235,-0.07816273823017235,0.779161008905978,0.779161008905978,0.779161008905978,-0.8573237471361503,-0.8573237471361503,-0.8573237471361503,0.0,0.0,0.0,121.35878815954968
2023-05-24,121.7606811699601,115.19751556506112,127.97201676964627,121.7606811699601,121.7606811699601,-0.2361746132991082,-0.2361746132991082,-0.2361746132991082,0.7853737221079823,0.7853737221079823,0.7853737221079823,-1.0215483354070904,-1.0215483354070904,-1.0215483354070904,0.0,0.0,0.0,121.52450655666098
2023-05-25,122.08441144214034,115.12938000230007,128.13520494879734,122.08441144214034,122.08441144214034,-0.6756113930903727,-0.6756113930903727,-0.6756113930903727,0.5435685821665596,0.5435685821665596,0.5435685821665596,-1.2191799752569321,-1.2191799752569321,-1.2191799752569321,0.0,0.0,0.0,121.40880004904996
2023-05-26,122.40814171432055,115.56069442444723,128.07017986514202,122.40814171432055,122.40814171432055,-0.6707759354766251,-0.6707759354766251,-0.6707759354766251,0.7782146546316185,0.7782146546316185,0.7782146546316185,-1.4489905901082436,-1.4489905901082436,-1.4489905901082436,0.0,0.0,0.0,121.73736577884392
2023-05-30,123.70306280304149,115.18934454269848,127.65474568956635,123.70306280304149,123.70306280304149,-1.879281735711089,-1.879281735711089,-1.879281735711089,0.7791610089067259,0.7791610089067259,0.7791610089067259,-2.658442744617815,-2.658442744617815,-2.658442744617815,0.0,0.0,0.0,121.8237810673304
2023-05-31,124.02679307522172,115.12446564672143,128.03290367645823,124.02679307522172,124.02679307522172,-2.238787250356011,-2.238787250356011,-2.238787250356011,0.7853737221085597,0.7853737221085597,0.7853737221085597,-3.024160972464571,-3.024160972464571,-3.024160972464571,0.0,0.0,0.0,121.7880058248657
2023-06-01,124.35052334740195,114.95871397609785,128.11892952304015,124.35052334740195,124.35052334740195,-2.8676206472404084,-2.8676206472404084,-2.8676206472404084,0.543568582166155,0.543568582166155,0.543568582166155,-3.4111892294065638,-3.4111892294065638,-3.4111892294065638,0.0,0.0,0.0,121.48290270016153
2023-06-02,124.67425361958219,115.00732686673481,127.9996619171624,124.67425361958219,124.67425361958219,-3.039193214580851,-3.039193214580851,-3.039193214580851,0.7782146546297942,0.7782146546297942,0.7782146546297942,-3.817407869210645,-3.817407869210645,-3.817407869210645,0.0,0.0,0.0,121.63506040500134
2023-06-05,125.64544443612289,115.38279334582762,127.86309454641064,125.64544443612289,125.64544443612289,-4.286671954978769,-4.286671954978769,-4.286671954978769,0.8430427719194702,0.8430427719194702,0.8430427719194702,-5.129714726898239,-5.129714726898239,-5.129714726898239,0.0,0.0,0.0,121.35877248114411
2023-06-06,125.96917470830311,115.01943419952684,127.6571623456067,125.96917470830311,125.96917470830311,-4.812033992758728,-4.812033992758728,-4.812033992758728,0.7791610089072551,0.7791610089072551,0.7791610089072551,-5.591195001665983,-5.591195001665983,-5.591195001665983,0.0,0.0,0.0,121.15714071554439
2023-06-07,126.29290498048336,114.65231603579979,127.70394890974107,126.29290498048336,126.29290498048336,-5.275761123950901,-5.275761123950901,-5.275761123950901,0.7853737221084615,0.7853737221084615,0.7853737221084615,-6.061134846059363,-6.061134846059363,-6.061134846059363,0.0,0.0,0.0,121.01714385653246
2023-06-08,126.6166352526636,114.29134371256315,126.73103706168932,126.6166352526636,126.6166352526636,-5.993849513162065,-5.993849513162065,-5.993849513162065,0.5435685821681451,0.5435685821681451,0.5435685821681451,-6.53741809533021,-6.53741809533021,-6.53741809533021,0.0,0.0,0.0,120.62278573950154
2023-06-09,126.94036552484384,114.30265393624173,127.27477671524736,126.94036552484384,126.94036552484384,-6.2397283188178765,-6.2397283188178765,-6.2397283188178765,0.7782146546279701,0.7782146546279701,0.7782146546279701,-7.017942973445846,-7.017942973445846,-7.017942973445846,0.0,0.0,0.0,120.70063720602596
2023-06-12,127.91155634138453,114.37250434322813,126.37168476887994,127.91155634138453,127.91155634138453,-7.621068087648639,-7.621068087648639,-7.621068087648639,0.8430427719190848,0.8430427719190848,0.8430427719190848,-8.464110859567723,-8.464110859567723,-8.464110859567723,0.0,0.0,0.0,120.29048825373589
2023-06-13,128.23528661356477,113.53563121933432,126.04719442321385,128.23528661356477,128.23528661356477,-8.16161666614231,-8.16161666614231,-8.16161666614231,0.7791610089063942,0.7791610089063942,0.7791610089063942,-8.940777675048704,-8.940777675048704,-8.940777675048704,0.0,0.0,0.0,120.07366994742246
2023-06-14,128.559016885745,113.80293522971597,125.76304204246438,128.559016885745,128.559016885745,-8.625924129753235,-8.625924129753235,-8.625924129753235,0.7853737221083631,0.7853737221083631,0.7853737221083631,-9.411297851861598,-9.411297851861598,-9.411297851861598,0.0,0.0,0.0,119.93309275599177
2023-06-15,128.88274715792522,113.45178797268883,125.62491981144396,128.88274715792522,128.88274715792522,-9.330036189064582,-9.330036189064582,-9.330036189064582,0.5435685821677405,0.5435685821677405,0.5435685821677405,-9.873604771232323,-9.873604771232323,-9.873604771232323,0.0,0.0,0.0,119.55271096886064
2023-06-16,129.20647743010548,113.02333535598564,125.84038540470117,129.20647743010548,129.20647743010548,-9.547424772240568,-9.547424772240568,-9.547424772240568,0.7782146546333538,0.7782146546333538,0.7782146546333538,-10.325639426873922,-10.325639426873922,-10.325639426873922,0.0,0.0,0.0,119.65905265786492
2023-06-20,130.47711685250044,113.02767626044118,125.19504964365204,130.47711685250044,130.47711685250044,-11.21150800384797,-11.21150800384797,-11.21150800384797,0.7791610089055332,0.7791610089055332,0.7791610089055332,-11.990669012753504,-11.990669012753504,-11.990669012753504,0.0,0.0,0.0,119.26560884865248
2023-06-21,130.79477670809922,112.70708078904072,125.60907467191502,130.79477670809922,130.79477670809922,-11.5760895164457,-11.5760895164457,-11.5760895164457,0.7853737221081575,0.7853737221081575,0.7853737221081575,-12.361463238553856,-12.361463238553856,-12.361463238553856,0.0,0.0,0.0,119.21868719165352
2023-06-22,131.11243656369797,112.91719099877506,125.47349111438751,131.11243656369797,131.11243656369797,-12.16691048652209,-12.16691048652209,-12.16691048652209,0.5435685821656683,0.5435685821656683,0.5435685821656683,-12.710479068687759,-12.710479068687759,-12.710479068687759,0.0,0.0,0.0,118.94552607717588
2023-06-23,131.4300964192967,112.84449111909346,125.73639995435605,131.4300964192967,131.4300964192967,-12.257918853241767,-12.257918853241767,-12.257918853241767,0.7782146546337941,0.7782146546337941,0.7782146546337941,-13.036133507875562,-13.036133507875562,-13.036133507875562,0.0,0.0,0.0,119.17217756605493
2023-06-26,132.38307598609296,113.10656817003856,125.26480842396927,132.38307598609296,132.38307598609296,-13.016805844318807,-13.016805844318807,-13.016805844318807,0.8430427719174303,0.8430427719174303,0.8430427719174303,-13.859848616236237,-13.859848616236237,-13.859848616236237,0.0,0.0,0.0,119.36627014177415
2023-06-27,132.70073584169168,112.89939417041629,125.88163003234037,132.70073584169168,132.70073584169168,-13.300962429555437,-13.300962429555437,-13.300962429555437,0.7791610089076709,0.7791610089076709,0.7791610089076709,-14.08012343846311,-14.08012343846311,-14.08012343846311,0.0,0.0,0.0,119.39977341213624
2023-06-28,133.01839569729046,113.1305420254261,125.63120827809321,133.01839569729046,133.01839569729046,-13.486953795961593,-13.486953795961593,-13.486953795961593,0.7853737221079519,0.7853737221079519,0.7853737221079519,-14.272327518069547,-14.272327518069547,-14.272327518069547,0.0,0.0,0.0,119.53144190132886
2023-06-29,133.3360555528892,113.3059720252072,125.9846313216297,133.3360555528892,133.3360555528892,-13.892811217634291,-13.892811217634291,-13.892811217634291,0.5435685821664612,0.5435685821664612,0.5435685821664612,-14.436379799800752,-14.436379799800752,-14.436379799800752,0.0,0.0,0.0,119.44324433525492
2023-06-30,133.65371540848795,113.55799608501181,126.12532233899859,133.65371540848795,133.65371540848795,-13.79433390757558,-13.79433390757558,-13.79433390757558,0.7782146546297052,0.7782146546297052,0.7782146546297052,-14.572548562205286,-14.572548562205286,-14.572548562205286,0.0,0.0,0.0,119.85938150091238
2023-07-03,134.6066949752842,114.61896263991025,126.91063730428455,134.6066949752842,134.6066949752842,-13.978967762098053,-13.978967762098053,-13.978967762098053,0.8430427719194429,0.8430427719194429,0.8430427719194429,-14.822010534017496,-14.822010534017496,-14.822010534017496,0.0,0.0,0.0,120.62772721318615
2023-07-05,135.2420146864817,114.66062210847316,127.3428587331087,135.2420146864817,135.2420146864817,-14.085325664711737,-14.085325664711737,-14.085325664711737,0.7853737221078535,0.7853737221078535,0.7853737221078535,-14.870699386819593,-14.870699386819593,-14.870699386819593,0.0,0.0,0.0,121.15668902176996
2023-07-06,135.55967454208044,114.7816721365002,127.2746651206164,135.55967454208044,135.55967454208044,-14.322611646502672,-14.322611646502672,-14.322611646502672,0.5435685821672537,0.5435685821672537,0.5435685821672537,-14.866180228669926,-14.866180228669926,-14.866180228669926,0.0,0.0,0.0,121.23706289557776
2023-07-07,135.8773343976792,115.65877995991674,128.16524192475143,135.8773343976792,135.8773343976792,-14.067853250431034,-14.067853250431034,-14.067853250431034,0.7782146546301457,0.7782146546301457,0.7782146546301457,-14.84606790506118,-14.84606790506118,-14.84606790506118,0.0,0.0,0.0,121.80948114724816
2023-07-10,136.83031396447544,116.63628096882954,129.3456236944272,136.83031396447544,136.83031396447544,-13.8812503409054,-13.8812503409054,-13.8812503409054,0.8430427719190575,0.8430427719190575,0.8430427719190575,-14.724293112824459,-14.724293112824459,-14.724293112824459,0.0,0.0,0.0,122.94906362357004
2023-07-11,137.14797382007418,117.13423867841722,129.59073193663488,137.14797382007418,137.14797382007418,-13.895731859557936,-13.895731859557936,-13.895731859557936,0.779161008905949,0.779161008905949,0.779161008905949,-14.674892868463884,-14.674892868463884,-14.674892868463884,0.0,0.0,0.0,123.25224196051624
2023-07-12,137.46563367567293,117.16141386726709,130.03603006602881,137.46563367567293,137.46563367567293,-13.841823713751992,-13.841823713751992,-13.841823713751992,0.785373722107755,0.785373722107755,0.785373722107755,-14.627197435859747,-14.627197435859747,-14.627197435859747,0.0,0.0,0.0,123.62380996192094
2023-07-13,137.78329353127168,117.37921089004952,130.34650957790348,137.78329353127168,137.78329353127168,-14.041328671923266,-14.041328671923266,-14.041328671923266,0.5435685821651817,0.5435685821651817,0.5435685821651817,-14.584897254088446,-14.584897254088446,-14.584897254088446,0.0,0.0,0.0,123.74196485934841
2023-07-14,138.1009533868704,118.01777138631617,130.309275676838,138.1009533868704,138.1009533868704,-13.773385420236345,-13.773385420236345,-13.773385420236345,0.7782146546283212,0.7782146546283212,0.7782146546283212,-14.551600074864666,-14.551600074864666,-14.551600074864666,0.0,0.0,0.0,124.32756796663406
2023-07-17,139.05393295366667,118.64477202261635,131.635939473316,139.05393295366667,139.05393295366667,-13.695996958519881,-13.695996958519881,-13.695996958519881,0.8430427719210699,0.8430427719210699,0.8430427719210699,-14.539039730440951,-14.539039730440951,-14.539039730440951,0.0,0.0,0.0,125.35793599514679
2023-07-18,139.37159280926542,119.2837504759567,131.62423786147258,139.37159280926542,139.37159280926542,-13.794493051461291,-13.794493051461291,-13.794493051461291,0.7791610089064783,0.7791610089064783,0.7791610089064783,-14.57365406036777,-14.57365406036777,-14.57365406036777,0.0,0.0,0.0,125.57709975780413
2023-07-19,139.68925266486417,119.94120360040766,131.92057004395997,139.68925266486417,139.68925266486417,-13.84620583951176,-13.84620583951176,-13.84620583951176,0.785373722108333,0.785373722108333,0.785373722108333,-14.631579561620095,-14.631579561620095,-14.631579561620095,0.0,0.0,0.0,125.84304682535242
2023-07-20,139.9839710410186,119.53584953011625,132.03091759706402,139.9839710410186,139.9839710410186,-14.1709133238411,-14.1709133238411,-14.1709133238411,0.5435685821659744,0.5435685821659744,0.5435685821659744,-14.714481906007073,-14.714481906007073,-14.714481906007073,0.0,0.0,0.0,125.8130577171775
2023-07-21,140.27868941717298,119.95432397885455,132.50307254506606,140.27868941717298,140.27868941717298,-14.045293311302258,-14.045293311302258,-14.045293311302258,0.7782146546287613,0.7782146546287613,0.7782146546287613,-14.82350796593102,-14.82350796593102,-14.82350796593102,0.0,0.0,0.0,126.23339610587072
2023-07-24,141.16284454563626,120.38627807541836,133.17512747823938,141.16284454563626,141.16284454563626,-14.467345922332756,-14.467345922332756,-14.467345922332756,0.843042771915005,0.843042771915005,0.843042771915005,-15.31038869424776,-15.31038869424776,-15.31038869424776,0.0,0.0,0.0,126.69549862330351
2023-07-25,141.45756292179064,120.56760928486142,133.20941298178232,141.45756292179064,141.45756292179064,-14.744903578042596,-14.744903578042596,-14.744903578042596,0.7791610089056173,0.7791610089056173,0.7791610089056173,-15.524064586948212,-15.524064586948212,-15.524064586948212,0.0,0.0,0.0,126.71265934374804
2023-07-26,141.75228129794507,120.46386282037679,133.06105522996512,141.75228129794507,141.75228129794507,-14.975667678798873,-14.975667678798873,-14.975667678798873,0.7853737221081275,0.7853737221081275,0.7853737221081275,-15.761041400907,-15.761041400907,-15.761041400907,0.0,0.0,0.0,126.7766136191462
2023-07-27,142.04699967409948,120.23801617694176,132.9228795079158,142.04699967409948,142.04699967409948,-15.475485062434835,-15.475485062434835,-15.475485062434835,0.5435685821655698,0.5435685821655698,0.5435685821655698,-16.019053644600405,-16.019053644600405,-16.019053644600405,0.0,0.0,0.0,126.57151461166464
2023-07-28,142.34171805025392,119.93713699306605,132.8593899056843,142.34171805025392,142.34171805025392,-15.51711398165193,-15.51711398165193,-15.51711398165193,0.778214654626937,0.778214654626937,0.778214654626937,-16.295328636278867,-16.295328636278867,-16.295328636278867,0.0,0.0,0.0,126.82460406860199
2023-07-31,143.22587317871714,120.58879259970382,132.9462424560227,143.22587317871714,143.22587317871714,-16.35643626896688,-16.35643626896688,-16.35643626896688,0.8430427719170175,0.8430427719170175,0.8430427719170175,-17.1994790408839,-17.1994790408839,-17.1994790408839,0.0,0.0,0.0,126.86943690975025
2023-08-01,143.52059155487154,120.16505260842122,133.1369688931018,143.52059155487154,143.52059155487154,-16.7336637698904,-16.7336637698904,-16.7336637698904,0.7791610089061466,0.7791610089061466,0.7791610089061466,-17.512824778796546,-17.512824778796546,-17.512824778796546,0.0,0.0,0.0,126.78692778498115
2023-08-02,143.81530993102598,121.07797931541829,133.33338320598895,143.81530993102598,143.81530993102598,-17.0395963191017,-17.0395963191017,-17.0395963191017,0.7853737221081362,0.7853737221081362,0.7853737221081362,-17.824970041209838,-17.824970041209838,-17.824970041209838,0.0,0.0,0.0,126.77571361192427
2023-08-03,144.1100283071804,120.34823342934637,132.6408214363239,144.1100283071804,144.1100283071804,-17.587839661064685,-17.587839661064685,-17.587839661064685,0.5435685821675598,0.5435685821675598,0.5435685821675598,-18.131408243232247,-18.131408243232247,-18.131408243232247,0.0,0.0,0.0,126.5221886461157
2023-08-04,144.40474668333482,120.57944067351836,133.257283773428,144.40474668333482,144.40474668333482,-17.649402793725294,-17.649402793725294,-17.649402793725294,0.778214654632321,0.778214654632321,0.778214654632321,-18.427617448357612,-18.427617448357612,-18.427617448357612,0.0,0.0,0.0,126.75534388960952
2023-08-07,145.28890181179804,120.99064458081936,133.383318348513,145.28890181179804,145.28890181179804,-18.36810611373959,-18.36810611373959,-18.36810611373959,0.843042771916632,0.843042771916632,0.843042771916632,-19.211148885656225,-19.211148885656225,-19.211148885656225,0.0,0.0,0.0,126.92079569805846
2023-08-08,145.58362018795248,121.0636077669709,133.55297826254193,145.58362018795248,145.58362018795248,-18.64460072443161,-18.64460072443161,-18.64460072443161,0.7791610089052855,0.7791610089052855,0.7791610089052855,-19.423761733336896,-19.423761733336896,-19.423761733336896,0.0,0.0,0.0,126.93901946352086
2023-08-09,145.87833856410688,120.57236211264325,132.9915203004574,145.87833856410688,145.87833856410688,-18.820717752585317,-18.820717752585317,-18.820717752585317,0.7853737221086068,0.7853737221086068,0.7853737221086068,-19.606091474693923,-19.606091474693923,-19.606091474693923,0.0,0.0,0.0,127.05762081152156
2023-08-10,146.1730569402613,120.89097948828172,133.4538837735976,146.1730569402613,146.1730569402613,-19.211552712665295,-19.211552712665295,-19.211552712665295,0.5435685821671554,0.5435685821671554,0.5435685821671554,-19.755121294832445,-19.755121294832445,-19.755121294832445,0.0,0.0,0.0,126.961504227596
2023-08-11,146.4677753164157,120.85766956169597,133.8329544269278,146.4677753164157,146.4677753164157,-19.09007434391875,-19.09007434391875,-19.09007434391875,0.7782146546304965,0.7782146546304965,0.7782146546304965,-19.86828899854925,-19.86828899854925,-19.86828899854925,0.0,0.0,0.0,127.37770097249694
2023-08-14,147.35193044487895,122.01021500177683,134.82805965457953,147.35193044487895,147.35193044487895,-19.131376517878063,-19.131376517878063,-19.131376517878063,0.8430427719210425,0.8430427719210425,0.8430427719210425,-19.974419289799105,-19.974419289799105,-19.974419289799105,0.0,0.0,0.0,128.22055392700088
2023-08-15,147.64664882103338,122.32468649025002,134.76740032183397,147.64664882103338,147.64664882103338,-19.149344947544787,-19.149344947544787,-19.149344947544787,0.7791610089074236,0.7791610089074236,0.7791610089074236,-19.92850595645221,-19.92850595645221,-19.92850595645221,0.0,0.0,0.0,128.4973038734886
2023-08-16,147.94136719718776,122.66694110720711,135.52451810687947,147.94136719718776,147.94136719718776,-19.056101588231552,-19.056101588231552,-19.056101588231552,0.7853737221086157,0.7853737221086157,0.7853737221086157,-19.84147531034017,-19.84147531034017,-19.84147531034017,0.0,0.0,0.0,128.88526560895622
2023-08-17,148.2360855733422,122.95159860523886,135.3071659680094,148.2360855733422,148.2360855733422,-19.170207589397922,-19.170207589397922,-19.170207589397922,0.5435685821667506,0.5435685821667506,0.5435685821667506,-19.71377617156467,-19.71377617156467,-19.71377617156467,0.0,0.0,0.0,129.06587798394426
2023-08-18,148.5308039494966,123.25067273747344,135.97152254636734,148.5308039494966,148.5308039494966,-18.768089760584306,-18.768089760584306,-18.768089760584306,0.7782146546309366,0.7782146546309366,0.7782146546309366,-19.546304415215243,-19.546304415215243,-19.546304415215243,0.0,0.0,0.0,129.7627141889123
2023-08-21,147.974547274138,123.15948328890521,136.42295293241457,147.974547274138,147.974547274138,-17.97698286368823,-17.97698286368823,-17.97698286368823,0.8430427719206571,0.8430427719206571,0.8430427719206571,-18.82002563560889,-18.82002563560889,-18.82002563560889,0.0,0.0,0.0,129.99756441044977
2023-08-22,147.78912838235178,124.30294046278895,136.56784887330036,147.78912838235178,147.78912838235178,-17.73066314675789,-17.73066314675789,-17.73066314675789,0.7791610089065626,0.7791610089065626,0.7791610089065626,-18.509824155664454,-18.509824155664454,-18.509824155664454,0.0,0.0,0.0,130.05846523559387
2023-08-23,147.60370949056556,124.0069342735158,136.48528690793196,147.60370949056556,147.60370949056556,-17.38405485125878,-17.38405485125878,-17.38405485125878,0.7853737221084103,0.7853737221084103,0.7853737221084103,-18.169428573367192,-18.169428573367192,-18.169428573367192,0.0,0.0,0.0,130.21965463930678
2023-08-24,147.41829059877938,123.93479169501367,136.46021659761854,147.41829059877938,147.41829059877938,-17.257831328136387,-17.257831328136387,-17.257831328136387,0.5435685821675436,0.5435685821675436,0.5435685821675436,-17.801399910303928,-17.801399910303928,-17.801399910303928,0.0,0.0,0.0,130.160459270643
2023-08-25,147.23287170699317,124.72040139912083,137.14538245593195,147.23287170699317,147.23287170699317,-16.630171600362505,-16.630171600362505,-16.630171600362505,0.7782146546268481,0.7782146546268481,0.7782146546268481,-17.408386254989352,-17.408386254989352,-17.408386254989352,0.0,0.0,0.0,130.60270010663066
2023-08-28,146.67661503163453,125.14654468022353,137.32270838054333,146.67661503163453,146.67661503163453,-15.263162518996655,-15.263162518996655,-15.263162518996655,0.8430427719202718,0.8430427719202718,0.8430427719202718,-16.10620529091693,-16.10620529091693,-16.10620529091693,0.0,0.0,0.0,131.41345251263786
2023-08-29,146.49119613984834,125.44292574254833,138.49771793570596,146.49119613984834,146.49119613984834,-14.860671381202305,-14.860671381202305,-14.860671381202305,0.7791610089070918,0.7791610089070918,0.7791610089070918,-15.639832390109397,-15.639832390109397,-15.639832390109397,0.0,0.0,0.0,131.63052475864603
2023-08-30,146.30577724806213,125.42577846236064,138.18329898179755,146.30577724806213,146.30577724806213,-14.376091827384462,-14.376091827384462,-14.376091827384462,0.7853737221083116,0.7853737221083116,0.7853737221083116,-15.161465549492775,-15.161465549492775,-15.161465549492775,0.0,0.0,0.0,131.92968542067766
2023-08-31,146.12035835627591,125.53550086009395,137.85970914984836,146.12035835627591,146.12035835627591,-14.12986674042277,-14.12986674042277,-14.12986674042277,0.5435685821642742,0.5435685821642742,0.5435685821642742,-14.673435322587043,-14.673435322587043,-14.673435322587043,0.0,0.0,0.0,131.99049161585316
2023-09-01,145.9349394644897,126.1406431130596,139.4287393432565,145.9349394644897,145.9349394644897,-13.399732363990994,-13.399732363990994,-13.399732363990994,0.7782146546272882,0.7782146546272882,0.7782146546272882,-14.177947018618282,-14.177947018618282,-14.177947018618282,0.0,0.0,0.0,132.5352071004987
2023-09-05,145.19326389734488,126.9304470954094,140.26097987594287,145.19326389734488,145.19326389734488,-11.382220265623797,-11.382220265623797,-11.382220265623797,0.7791610089078396,0.7791610089078396,0.7791610089078396,-12.161381274531637,-12.161381274531637,-12.161381274531637,0.0,0.0,0.0,133.81104363172108
2023-09-06,145.00784500555866,127.89639132903805,140.25703566359073,145.00784500555866,145.00784500555866,-10.872371595592663,-10.872371595592663,-10.872371595592663,0.7853737221082131,0.7853737221082131,0.7853737221082131,-11.657745317700876,-11.657745317700876,-11.657745317700876,0.0,0.0,0.0,134.135473409966
2023-09-07,144.82242611377245,128.43792823902373,140.20080114297502,144.82242611377245,144.82242611377245,-10.614195848048924,-10.614195848048924,-10.614195848048924,0.543568582166264,0.543568582166264,0.543568582166264,-11.157764430215188,-11.157764430215188,-11.157764430215188,0.0,0.0,0.0,134.20823026572353
2023-09-08,144.63700722198627,128.70064402154043,140.60199180785403,144.63700722198627,144.63700722198627,-9.884919327358624,-9.884919327358624,-9.884919327358624,0.7782146546277284,0.7782146546277284,0.7782146546277284,-10.663133981986352,-10.663133981986352,-10.663133981986352,0.0,0.0,0.0,134.75208789462764
2023-09-11,144.08075054662763,129.39183338690816,142.36254598126052,144.08075054662763,144.08075054662763,-8.385801700028791,-8.385801700028791,-8.385801700028791,0.8430427719138213,0.8430427719138213,0.8430427719138213,-9.228844471942613,-9.228844471942613,-9.228844471942613,0.0,0.0,0.0,135.69494884659883
2023-09-12,143.8953316548414,130.07120378026102,142.63409390547633,143.8953316548414,143.8953316548414,-7.99429249595023,-7.99429249595023,-7.99429249595023,0.7791610089083687,0.7791610089083687,0.7791610089083687,-8.7734535048586,-8.7734535048586,-8.7734535048586,0.0,0.0,0.0,135.9010391588912
2023-09-13,143.70991276305523,130.24457684536978,142.58123495630346,143.70991276305523,143.70991276305523,-7.5473504768748985,-7.5473504768748985,-7.5473504768748985,0.7853737221081151,0.7853737221081151,0.7853737221081151,-8.332724198983014,-8.332724198983014,-8.332724198983014,0.0,0.0,0.0,136.16256228618033
2023-09-14,143.52449387126902,129.631016110303,142.6398084922309,143.52449387126902,143.52449387126902,-7.365219937367335,-7.365219937367335,-7.365219937367335,0.5435685821658596,0.5435685821658596,0.5435685821658596,-7.908788519533195,-7.908788519533195,-7.908788519533195,0.0,0.0,0.0,136.1592739339017
2023-09-15,143.3390749794828,130.56183127611263,143.0698597503416,143.3390749794828,143.3390749794828,-6.725654495508707,-6.725654495508707,-6.725654495508707,0.7782146546259041,0.7782146546259041,0.7782146546259041,-7.503869150134611,-7.503869150134611,-7.503869150134611,0.0,0.0,0.0,136.6134204839741
2023-09-18,142.7828183041242,130.8324969234708,143.279228937784,142.7828183041242,142.7828183041242,-5.583322803306555,-5.583322803306555,-5.583322803306555,0.8430427719182317,0.8430427719182317,0.8430427719182317,-6.4263655752247875,-6.4263655752247875,-6.4263655752247875,0.0,0.0,0.0,137.19949550081765
2023-09-19,142.59739941233798,131.11199857195066,143.64231726110054,142.59739941233798,142.59739941233798,-5.341584998836781,-5.341584998836781,-5.341584998836781,0.7791610089061176,0.7791610089061176,0.7791610089061176,-6.120746007742898,-6.120746007742898,-6.120746007742898,0.0,0.0,0.0,137.25581441350118
2023-09-20,142.34205515602744,130.61337175295722,143.91476112112124,142.34205515602744,142.34205515602744,-5.060306545387245,-5.060306545387245,-5.060306545387245,0.7853737221079093,0.7853737221079093,0.7853737221079093,-5.845680267495155,-5.845680267495155,-5.845680267495155,0.0,0.0,0.0,137.2817486106402
2023-09-21,142.08671089971693,130.97418793793614,143.58272909455653,142.08671089971693,142.08671089971693,-5.059679970447317,-5.059679970447317,-5.059679970447317,0.5435685821666523,0.5435685821666523,0.5435685821666523,-5.60324855261397,-5.60324855261397,-5.60324855261397,0.0,0.0,0.0,137.0270309292696
2023-09-22,141.8313666434064,131.12554653373448,143.2102808790856,141.8313666434064,141.8313666434064,-4.6171023626573096,-4.6171023626573096,-4.6171023626573096,0.778214654631288,0.778214654631288,0.778214654631288,-5.395317017288597,-5.395317017288597,-5.395317017288597,0.0,0.0,0.0,137.2142642807491
2023-09-25,141.06533387447485,130.10160471516616,142.94140161489278,141.06533387447485,141.06533387447485,-4.149480493873804,-4.149480493873804,-4.149480493873804,0.8430427719178463,0.8430427719178463,0.8430427719178463,-4.99252326579165,-4.99252326579165,-4.99252326579165,0.0,0.0,0.0,136.91585338060105
2023-09-26,140.80998961816434,130.3318538555344,143.16103786479846,140.80998961816434,140.80998961816434,-4.155393423598339,-4.155393423598339,-4.155393423598339,0.7791610089066466,0.7791610089066466,0.7791610089066466,-4.934554432504985,-4.934554432504985,-4.934554432504985,0.0,0.0,0.0,136.654596194566
2023-09-27,140.5546453618538,129.7848138286142,142.72787140109162,140.5546453618538,140.5546453618538,-4.129427205707051,-4.129427205707051,-4.129427205707051,0.7853737221084871,0.7853737221084871,0.7853737221084871,-4.914800927815539,-4.914800927815539,-4.914800927815539,0.0,0.0,0.0,136.42521815614674
2023-09-28,140.2993011055433,129.4216087130351,141.8198682756487,140.2993011055433,140.2993011055433,-4.388866580366634,-4.388866580366634,-4.388866580366634,0.543568582167445,0.543568582167445,0.543568582167445,-4.932435162534079,-4.932435162534079,-4.932435162534079,0.0,0.0,0.0,135.91043452517667
2023-09-29,140.04395684923279,129.4825335689354,141.95487908424565,140.04395684923279,140.04395684923279,-4.2077731611362665,-4.2077731611362665,-4.2077731611362665,0.7782146546271991,0.7782146546271991,0.7782146546271991,-4.985987815763465,-4.985987815763465,-4.985987815763465,0.0,0.0,0.0,135.83618368809653
2023-10-02,139.2779240803012,128.0485271985979,140.86689074060297,139.2779240803012,139.2779240803012,-4.494282285978083,-4.494282285978083,-4.494282285978083,0.8430427719198588,0.8430427719198588,0.8430427719198588,-5.337325057897942,-5.337325057897942,-5.337325057897942,0.0,0.0,0.0,134.78364179432313
2023-10-03,139.0225798239907,127.72261829179548,140.55409174610304,139.0225798239907,139.0225798239907,-4.727150143114257,-4.727150143114257,-4.727150143114257,0.7791610089071759,0.7791610089071759,0.7791610089071759,-5.506311152021432,-5.506311152021432,-5.506311152021432,0.0,0.0,0.0,134.29542968087645
2023-10-04,138.7672355676802,127.62198455110646,140.01359474189636,138.7672355676802,138.7672355676802,-4.908375798607864,-4.908375798607864,-4.908375798607864,0.7853737221082818,0.7853737221082818,0.7853737221082818,-5.693749520716146,-5.693749520716146,-5.693749520716146,0.0,0.0,0.0,133.85885976907232
2023-10-05,138.51189131136965,126.90025565884527,139.19005403352196,138.51189131136965,138.51189131136965,-5.350682874786017,-5.350682874786017,-5.350682874786017,0.5435685821682378,0.5435685821682378,0.5435685821682378,-5.894251456954255,-5.894251456954255,-5.894251456954255,0.0,0.0,0.0,133.16120843658365
2023-10-06,138.25654705505914,126.69200036895116,139.2878499933157,138.25654705505914,138.25654705505914,-5.323705930839337,-5.323705930839337,-5.323705930839337,0.7782146546276393,0.7782146546276393,0.7782146546276393,-6.101920585466976,-6.101920585466976,-6.101920585466976,0.0,0.0,0.0,132.9328411242198
2023-10-09,137.4905142861276,125.25042619704362,138.05039557816124,137.4905142861276,137.4905142861276,-5.860257332327794,-5.860257332327794,-5.860257332327794,0.8430427719137938,0.8430427719137938,0.8430427719137938,-6.703300104241588,-6.703300104241588,-6.703300104241588,0.0,0.0,0.0,131.6302569537998
2023-10-10,137.23517002981706,124.73726262779547,137.3205740241554,137.23517002981706,137.23517002981706,-6.094740997810517,-6.094740997810517,-6.094740997810517,0.7791610089049246,0.7791610089049246,0.7791610089049246,-6.873902006715441,-6.873902006715441,-6.873902006715441,0.0,0.0,0.0,131.14042903200655
2023-10-11,136.97982577350655,123.99198709768397,136.98080362270693,136.97982577350655,136.97982577350655,-6.232771174939334,-6.232771174939334,-6.232771174939334,0.7853737221082904,0.7853737221082904,0.7853737221082904,-7.018144897047623,-7.018144897047623,-7.018144897047623,0.0,0.0,0.0,130.74705459856722
2023-10-12,136.72448151719604,123.55013109755562,136.47398864778467,136.72448151719604,136.72448151719604,-6.585830102926955,-6.585830102926955,-6.585830102926955,0.5435685821678333,0.5435685821678333,0.5435685821678333,-7.129398685094788,-7.129398685094788,-7.129398685094788,0.0,0.0,0.0,130.13865141426908
2023-10-13,136.4691372608855,123.73219587397293,135.78723806821654,136.4691372608855,136.4691372608855,-6.423172973742527,-6.423172973742527,-6.423172973742527,0.7782146546330231,0.7782146546330231,0.7782146546330231,-7.201387628375551,-7.201387628375551,-7.201387628375551,0.0,0.0,0.0,130.04596428714297
2023-10-16,135.70310449195395,123.31947266188888,135.34390256637397,135.70310449195395,135.70310449195395,-6.284279557475061,-6.284279557475061,-6.284279557475061,0.8430427719158063,0.8430427719158063,0.8430427719158063,-7.127322329390868,-7.127322329390868,-7.127322329390868,0.0,0.0,0.0,129.4188249344789
2023-10-17,135.44776023564341,122.9143883466713,135.50218724536626,135.44776023564341,135.44776023564341,-6.212356091778142,-6.212356091778142,-6.212356091778142,0.7791610089054539,0.7791610089054539,0.7791610089054539,-6.991517100683596,-6.991517100683596,-6.991517100683596,0.0,0.0,0.0,129.23540414386528
2023-10-18,135.1924159793329,123.33135137335184,135.59967705200788,135.1924159793329,135.1924159793329,-6.009829561968821,-6.009829561968821,-6.009829561968821,0.785373722108085,0.785373722108085,0.785373722108085,-6.795203284076905,-6.795203284076905,-6.795203284076905,0.0,0.0,0.0,129.1825864173641
2023-10-19,134.9370717230224,122.9562802962386,134.80534456861426,134.9370717230224,134.9370717230224,-5.993409089683885,-5.993409089683885,-5.993409089683885,0.5435685821669582,0.5435685821669582,0.5435685821669582,-6.536977671850844,-6.536977671850844,-6.536977671850844,0.0,0.0,0.0,128.9436626333385
2023-10-20,134.6817270941902,123.12112438521235,135.38965999319817,134.6817270941902,134.6817270941902,-5.438367124067626,-5.438367124067626,-5.438367124067626,0.7782146546334634,0.7782146546334634,0.7782146546334634,-6.216581778701089,-6.216581778701089,-6.216581778701089,0.0,0.0,0.0,129.24335997012255
2023-10-23,133.91569320769358,123.20055116816378,135.9854615958587,133.91569320769358,133.91569320769358,-4.054595333657924,-4.054595333657924,-4.054595333657924,0.843042771917819,0.843042771917819,0.843042771917819,-4.8976381055757425,-4.8976381055757425,-4.8976381055757425,0.0,0.0,0.0,129.86109787403566
2023-10-24,133.66034857886137,124.61422742836848,136.46826837813595,133.66034857886137,133.66034857886137,-3.5705988181696835,-3.5705988181696835,-3.5705988181696835,0.779161008907592,0.779161008907592,0.779161008907592,-4.349759827077276,-4.349759827077276,-4.349759827077276,0.0,0.0,0.0,130.0897497606917
2023-10-25,133.40500395002917,124.67980559296483,137.39406074227708,133.40500395002917,133.40500395002917,-2.970734940754989,-2.970734940754989,-2.970734940754989,0.7853737221078794,0.7853737221078794,0.7853737221078794,-3.7561086628628684,-3.7561086628628684,-3.7561086628628684,0.0,0.0,0.0,130.43426900927417
2023-10-26,133.14965932119696,124.15114896177634,136.90396468421014,133.14965932119696,133.14965932119696,-2.5796636391213976,-2.5796636391213976,-2.5796636391213976,0.5435685821665537,0.5435685821665537,0.5435685821665537,-3.1232322212879517,-3.1232322212879517,-3.1232322212879517,0.0,0.0,0.0,130.56999568207556
2023-10-27,132.89431469236476,125.21593085977068,137.91360918614004,132.89431469236476,132.89431469236476,-1.6803388846889316,-1.6803388846889316,-1.6803388846889316,0.7782146546316391,0.7782146546316391,0.7782146546316391,-2.4585535393205706,-2.4585535393205706,-2.4585535393205706,0.0,0.0,0.0,131.21397580767584
2023-10-30,132.12828080586817,126.4673442926728,138.80512496920733,132.12828080586817,132.12828080586817,0.4850678122921161,0.4850678122921161,0.4850678122921161,0.8430427719198316,0.8430427719198316,0.8430427719198316,-0.3579749596277156,-0.3579749596277156,-0.3579749596277156,0.0,0.0,0.0,132.6133486181603
2023-10-31,131.87293617703597,126.48081810873558,139.0920904845801,131.87293617703597,131.87293617703597,1.1266579624579445,1.1266579624579445,1.1266579624579445,0.7791610089081213,0.7791610089081213,0.7791610089081213,0.34749695354982335,0.34749695354982335,0.34749695354982335,0.0,0.0,0.0,132.99959413949392
2023-11-01,131.61759154820376,127.30388768917047,139.7280211154986,131.61759154820376,131.61759154820376,1.825457146568424,1.825457146568424,1.825457146568424,0.7853737221078883,0.7853737221078883,0.7853737221078883,1.0400834244605355,1.0400834244605355,1.0400834244605355,0.0,0.0,0.0,133.4430486947722
2023-11-02,131.36224691937156,127.61076318864714,140.27625869291364,131.36224691937156,131.36224691937156,2.2542159735131526,2.2542159735131526,2.2542159735131526,0.5435685821685438,0.5435685821685438,0.5435685821685438,1.7106473913446092,1.7106473913446092,1.7106473913446092,0.0,0.0,0.0,133.6164628928847
2023-11-03,131.10690229053935,127.7615133673725,140.41728634044577,131.10690229053935,131.10690229053935,3.1286712671954504,3.1286712671954504,3.1286712671954504,0.7782146546298148,0.7782146546298148,0.7782146546298148,2.350456612565636,2.350456612565636,2.350456612565636,0.0,0.0,0.0,134.2355735577348
2023-11-06,130.34086840404274,129.0346196350813,141.28313194624863,130.34086840404274,130.34086840404274,4.851265435676525,4.851265435676525,4.851265435676525,0.8430427719194461,0.8430427719194461,0.8430427719194461,4.008222663757078,4.008222663757078,4.008222663757078,0.0,0.0,0.0,135.19213383971928
2023-11-07,130.08552377521053,129.10757888969283,141.64510101008213,130.08552377521053,130.08552377521053,5.231692921131576,5.231692921131576,5.231692921131576,0.7791610089072603,0.7791610089072603,0.7791610089072603,4.452531912224316,4.452531912224316,4.452531912224316,0.0,0.0,0.0,135.31721669634211
2023-11-08,129.83017914637833,129.6588275339343,142.1722746386308,129.83017914637833,129.83017914637833,5.620414623225765,5.620414623225765,5.620414623225765,0.7853737221076824,0.7853737221076824,0.7853737221076824,4.835040901118081,4.835040901118081,4.835040901118081,0.0,0.0,0.0,135.4505937696041
2023-11-09,129.57483451754612,129.09992004658537,141.49587997247008,129.57483451754612,129.57483451754612,5.696703513162781,5.696703513162781,5.696703513162781,0.5435685821652743,0.5435685821652743,0.5435685821652743,5.153134930997506,5.153134930997506,5.153134930997506,0.0,0.0,0.0,135.2715380307089
2023-11-10,129.31948988871395,129.67221801321367,142.3413470565248,129.31948988871395,129.31948988871395,6.1838568297535925,6.1838568297535925,6.1838568297535925,0.7782146546279906,0.7782146546279906,0.7782146546279906,5.405642175125602,5.405642175125602,5.405642175125602,0.0,0.0,0.0,135.50334671846753
2023-11-13,128.55345600221733,128.76178234366282,141.64843607829917,128.55345600221733,128.55345600221733,6.623333068506228,6.623333068506228,6.623333068506228,0.8430427719238567,0.8430427719238567,0.8430427719238567,5.78029029658237,5.78029029658237,5.78029029658237,0.0,0.0,0.0,135.17678907072357
2023-11-14,128.29811137338513,128.59541857378514,141.0318482386535,128.29811137338513,128.29811137338513,6.5676399178421105,6.5676399178421105,6.5676399178421105,0.779161008906399,0.779161008906399,0.779161008906399,5.788478908935711,5.788478908935711,5.788478908935711,0.0,0.0,0.0,134.86575129122724
2023-11-15,128.04276674455292,128.39758046868408,140.97477021967342,128.04276674455292,128.04276674455292,6.532654991649868,6.532654991649868,6.532654991649868,0.7853737221082603,0.7853737221082603,0.7853737221082603,5.747281269541607,5.747281269541607,5.747281269541607,0.0,0.0,0.0,134.5754217362028
2023-11-16,127.78742211572072,128.28709387475806,139.84365874564483,127.78742211572072,127.78742211572072,6.207530801074999,6.207530801074999,6.207530801074999,0.5435685821660671,0.5435685821660671,0.5435685821660671,5.663962218908933,5.663962218908933,5.663962218908933,0.0,0.0,0.0,133.9949529167957
2023-11-17,127.53207748688854,127.46657817329029,139.8061498556906,127.53207748688854,127.53207748688854,6.325064024276019,6.325064024276019,6.325064024276019,0.7782146546284308,0.7782146546284308,0.7782146546284308,5.546849369647588,5.546849369647588,5.546849369647588,0.0,0.0,0.0,133.85714151116457
2023-11-20,126.76604370491502,126.3011174779583,139.17296643186006,126.76604370491502,126.76604370491502,5.931165008429509,5.931165008429509,5.931165008429509,0.8430427719153937,0.8430427719153937,0.8430427719153937,5.088122236514115,5.088122236514115,5.088122236514115,0.0,0.0,0.0,132.69720871334454
2023-11-21,126.51069911092382,125.82038864629594,138.62812310030804,126.51069911092382,126.51069911092382,5.712938621521941,5.712938621521941,5.712938621521941,0.779161008905538,0.779161008905538,0.779161008905538,4.933777612616404,4.933777612616404,4.933777612616404,0.0,0.0,0.0,132.22363773244575
2023-11-22,126.25535451693266,125.49615923682012,138.14135418419352,126.25535451693266,126.25535451693266,5.581759412992456,5.581759412992456,5.581759412992456,0.785373722108162,0.785373722108162,0.785373722108162,4.796385690884294,4.796385690884294,4.796385690884294,0.0,0.0,0.0,131.83711392992512
2023-11-24,125.7446653289503,125.07680541908914,137.48683284286625,125.7446653289503,125.7446653289503,5.391813992652225,5.391813992652225,5.391813992652225,0.7782146546243419,0.7782146546243419,0.7782146546243419,4.613599338027883,4.613599338027883,4.613599338027883,0.0,0.0,0.0,131.13647932160254
2023-11-27,124.97863154697676,124.28883969420416,137.13930916453413,124.97863154697676,124.97863154697676,5.54991165680057,5.54991165680057,5.54991165680057,0.8430427719174062,0.8430427719174062,0.8430427719174062,4.706868884883164,4.706868884883164,4.706868884883164,0.0,0.0,0.0,130.52854320377733
2023-11-28,124.72328695298557,124.16162670158752,136.27537521149083,124.72328695298557,124.72328695298557,5.644964671971439,5.644964671971439,5.644964671971439,0.7791610089060672,0.7791610089060672,0.7791610089060672,4.865803663065372,4.865803663065372,4.865803663065372,0.0,0.0,0.0,130.36825162495703
2023-11-29,124.46794235899442,124.14316399201346,136.54565973206653,124.46794235899442,124.46794235899442,5.882829064254951,5.882829064254951,5.882829064254951,0.7853737221080638,0.7853737221080638,0.7853737221080638,5.097455342146887,5.097455342146887,5.097455342146887,0.0,0.0,0.0,130.35077142324937
2023-11-30,124.21259776500322,123.80378336319721,136.46229818321214,124.21259776500322,124.21259776500322,5.948472756173042,5.948472756173042,5.948472756173042,0.5435685821652579,0.5435685821652579,0.5435685821652579,5.404904174007784,5.404904174007784,5.404904174007784,0.0,0.0,0.0,130.16107052117627
2023-12-01,123.95725317101206,124.48970880439168,136.8781707399788,123.95725317101206,123.95725317101206,6.567860850608822,6.567860850608822,6.567860850608822,0.7782146546319902,0.7782146546319902,0.7782146546319902,5.7896461959768315,5.7896461959768315,5.7896461959768315,0.0,0.0,0.0,130.52511402162088
2023-12-04,123.19121938903854,125.39389348194764,137.93820099589465,123.19121938903854,123.19121938903854,8.241322974065337,8.241322974065337,8.241322974065337,0.8430427719170206,0.8430427719170206,0.8430427719170206,7.398280202148316,7.398280202148316,7.398280202148316,0.0,0.0,0.0,131.43254236310386
2023-12-05,122.93587479504735,125.37741607849182,137.79184598101196,122.93587479504735,122.93587479504735,8.854063114620276,8.854063114620276,8.854063114620276,0.7791610089038159,0.7791610089038159,0.7791610089038159,8.07490210571646,8.07490210571646,8.07490210571646,0.0,0.0,0.0,131.78993790966763
2023-12-06,122.68053020105617,125.90205503219524,138.42845514680596,122.68053020105617,122.68053020105617,9.597853117881469,9.597853117881469,9.597853117881469,0.7853737221086415,0.7853737221086415,0.7853737221086415,8.812479395772828,8.812479395772828,8.812479395772828,0.0,0.0,0.0,132.27838331893764
2023-12-07,122.42518560706499,126.44683824870873,138.83780738365067,122.42518560706499,122.42518560706499,10.147044251000064,10.147044251000064,10.147044251000064,0.5435685821672479,0.5435685821672479,0.5435685821672479,9.603475668832816,9.603475668832816,9.603475668832816,0.0,0.0,0.0,132.57222985806504
2023-12-08,122.16984101307384,126.4380163331357,139.43112721833148,122.16984101307384,122.16984101307384,11.217466151185581,11.217466151185581,11.217466151185581,0.778214654630166,0.778214654630166,0.778214654630166,10.439251496555414,10.439251496555414,10.439251496555414,0.0,0.0,0.0,133.38730716425943
2023-12-11,121.40380723110027,128.9704377705723,141.25719259858425,121.40380723110027,121.40380723110027,13.959548119501402,13.959548119501402,13.959548119501402,0.8430427719166352,0.8430427719166352,0.8430427719166352,13.116505347584766,13.116505347584766,13.116505347584766,0.0,0.0,0.0,135.36335535060167
2023-12-12,121.1484626371091,129.28678673044806,142.47893308547714,121.1484626371091,121.1484626371091,14.809250422262332,14.809250422262332,14.809250422262332,0.7791610089073443,0.7791610089073443,0.7791610089073443,14.030089413354988,14.030089413354988,14.030089413354988,0.0,0.0,0.0,135.95771305937143
2023-12-13,120.89311804311794,130.63423911896018,142.62338829594907,120.89311804311794,120.89311804311794,15.721442690506413,15.721442690506413,15.721442690506413,0.785373722108543,0.785373722108543,0.785373722108543,14.93606896839787,14.93606896839787,14.93606896839787,0.0,0.0,0.0,136.61456073362436
2023-12-14,120.63777344912675,130.92811989659373,143.6177843721837,120.63777344912675,120.63777344912675,16.367338078959985,16.367338078959985,16.367338078959985,0.5435685821668436,0.5435685821668436,0.5435685821668436,15.823769496793142,15.823769496793142,15.823769496793142,0.0,0.0,0.0,137.00511152808673
2023-12-15,120.38242885513557,131.777151100446,144.21266834123418,120.38242885513557,120.38242885513557,17.46122114337934,17.46122114337934,17.46122114337934,0.7782146546306061,0.7782146546306061,0.7782146546306061,16.683006488748738,16.683006488748738,16.683006488748738,0.0,0.0,0.0,137.8436499985149
2023-12-18,119.61639507316205,133.4753530821997,145.7250865143341,119.61639507316205,119.61639507316205,19.84301457605627,19.84301457605627,19.84301457605627,0.8430427719210459,0.8430427719210459,0.8430427719210459,18.999971804135225,18.999971804135225,18.999971804135225,0.0,0.0,0.0,139.45940964921832
2023-12-19,119.36105047917087,133.52910592122169,146.15305697461218,119.36105047917087,119.36105047917087,20.439830170088335,20.439830170088335,20.439830170088335,0.779161008905093,0.779161008905093,0.779161008905093,19.66066916118324,19.66066916118324,19.66066916118324,0.0,0.0,0.0,139.8008806492592
2023-12-20,119.10570588517965,133.53103409850021,146.03982219195308,119.10570588517965,119.10570588517965,21.04175057202003,21.04175057202003,21.04175057202003,0.7853737221083373,0.7853737221083373,0.7853737221083373,20.256376849911696,20.256376849911696,20.256376849911696,0.0,0.0,0.0,140.14745645719967
2023-12-21,119.07384882926063,133.94930955873988,146.83430151116298,119.07384882926063,119.07384882926063,21.327300141005335,21.327300141005335,21.327300141005335,0.5435685821676363,0.5435685821676363,0.5435685821676363,20.783731558837705,20.783731558837705,20.783731558837705,0.0,0.0,0.0,140.40114897026595
2023-12-22,119.04199177334162,135.01333943621302,147.52131454928684,119.04199177334162,119.04199177334162,22.01910796938986,22.01910796938986,22.01910796938986,0.7782146546310462,0.7782146546310462,0.7782146546310462,21.240893314758818,21.240893314758818,21.240893314758818,0.0,0.0,0.0,141.06109974273147
2023-12-26,118.91456354966559,135.69927484317233,148.3715215769706,118.91456354966559,118.91456354966559,23.163368826647954,23.163368826647954,23.163368826647954,0.7791610089056222,0.7791610089056222,0.7791610089056222,22.384207817742332,22.384207817742332,22.384207817742332,0.0,0.0,0.0,142.07793237631353
2023-12-27,118.88270649374658,135.60275656688378,148.05613712198496,118.88270649374658,118.88270649374658,23.300844172819346,23.300844172819346,23.300844172819346,0.7853737221082393,0.7853737221082393,0.7853737221082393,22.515470450711106,22.515470450711106,22.515470450711106,0.0,0.0,0.0,142.18355066656594
2023-12-28,118.85084943782758,136.12744883692702,148.07987912096687,118.85084943782758,118.85084943782758,23.13965509604944,23.13965509604944,23.13965509604944,0.5435685821655641,0.5435685821655641,0.5435685821655641,22.596086513883876,22.596086513883876,22.596086513883876,0.0,0.0,0.0,141.99050453387702
2023-12-29,118.81899238190857,136.4419920573294,148.72264504051014,118.81899238190857,118.81899238190857,23.411685050815496,23.411685050815496,23.411685050815496,0.7782146546269576,0.7782146546269576,0.7782146546269576,22.63347039618854,22.63347039618854,22.63347039618854,0.0,0.0,0.0,142.23067743272406
2024-01-02,118.69156415823254,136.07929418962806,148.46642563365222,118.69156415823254,118.69156415823254,23.29980527866489,23.29980527866489,23.29980527866489,0.7791610089077601,0.7791610089077601,0.7791610089077601,22.52064426975713,22.52064426975713,22.52064426975713,0.0,0.0,0.0,141.99136943689743
2024-01-03,118.65970710231353,135.150381906936,147.98929750399083,118.65970710231353,118.65970710231353,23.257045750668045,23.257045750668045,23.257045750668045,0.7853737221080336,0.7853737221080336,0.7853737221080336,22.47167202856001,22.47167202856001,22.47167202856001,0.0,0.0,0.0,141.91675285298157
2024-01-04,118.62785004639453,135.3268996578512,147.80449283915763,118.62785004639453,118.62785004639453,22.975557370499963,22.975557370499963,22.975557370499963,0.5435685821663567,0.5435685821663567,0.5435685821663567,22.43198878833361,22.43198878833361,22.43198878833361,0.0,0.0,0.0,141.6034074168945
2024-01-05,118.59599299047552,135.3486845896898,148.2662277301781,118.59599299047552,118.59599299047552,23.187820167864924,23.187820167864924,23.187820167864924,0.7782146546300771,0.7782146546300771,0.7782146546300771,22.409605513234848,22.409605513234848,22.409605513234848,0.0,0.0,0.0,141.78381315834045
2024-01-08,118.5004218227185,135.95136475228577,148.54167747593294,118.5004218227185,118.5004218227185,23.356708590710497,23.356708590710497,23.356708590710497,0.843042771916608,0.843042771916608,0.843042771916608,22.51366581879389,22.51366581879389,22.51366581879389,0.0,0.0,0.0,141.857130413429
2024-01-09,118.46856476679949,135.50639580835357,147.8639510977186,118.46856476679949,118.46856476679949,23.401690384652383,23.401690384652383,23.401690384652383,0.7791610089068991,0.7791610089068991,0.7791610089068991,22.622529375745486,22.622529375745486,22.622529375745486,0.0,0.0,0.0,141.8702551514519
2024-01-10,118.43670771088048,135.21252004397107,147.93643096754155,118.43670771088048,118.43670771088048,23.55928601198414,23.55928601198414,23.55928601198414,0.7853737221080423,0.7853737221080423,0.7853737221080423,22.773912289876094,22.773912289876094,22.773912289876094,0.0,0.0,0.0,141.99599372286463
2024-01-11,118.40485065496148,135.54050744355186,148.31153235117247,118.40485065496148,118.40485065496148,23.512588205026162,23.512588205026162,23.512588205026162,0.5435685821659523,0.5435685821659523,0.5435685821659523,22.969019622860213,22.969019622860213,22.969019622860213,0.0,0.0,0.0,141.91743885998764
2024-01-12,118.37299359904247,136.4304477237134,149.10544154799587,118.37299359904247,118.37299359904247,23.98584252001456,23.98584252001456,23.98584252001456,0.7782146546305171,0.7782146546305171,0.7782146546305171,23.207627865384044,23.207627865384044,23.207627865384044,0.0,0.0,0.0,142.35883611905703
2024-01-16,118.24556537536644,137.13580100707875,150.03543685397108,118.24556537536644,118.24556537536644,25.322790626178517,25.322790626178517,25.322790626178517,0.7791610089060381,0.7791610089060381,0.7791610089060381,24.54362961727248,24.54362961727248,24.54362961727248,0.0,0.0,0.0,143.56835600154494
2024-01-17,118.21370831944743,137.7045552535527,150.75193778062345,118.21370831944743,118.21370831944743,25.73372025162211,25.73372025162211,25.73372025162211,0.785373722107837,0.785373722107837,0.785373722107837,24.948346529514275,24.948346529514275,24.948346529514275,0.0,0.0,0.0,143.94742857106954
2024-01-18,118.18185126352843,137.94684920108276,150.14164681406345,118.18185126352843,118.18185126352843,25.911136661917784,25.911136661917784,25.911136661917784,0.543568582166745,0.543568582166745,0.543568582166745,25.367568079751038,25.367568079751038,25.367568079751038,0.0,0.0,0.0,144.0929879254462
2024-01-19,118.14999420760941,138.35177525031776,151.00869311859728,118.14999420760941,118.14999420760941,26.571073998079488,26.571073998079488,26.571073998079488,0.7782146546309573,0.7782146546309573,0.7782146546309573,25.79285934344853,25.79285934344853,25.79285934344853,0.0,0.0,0.0,144.7210682056889
2024-01-22,118.0544230398524,139.21660204909364,152.1117564153571,118.0544230398524,118.0544230398524,27.85604131480202,27.85604131480202,27.85604131480202,0.8430427719206331,0.8430427719206331,0.8430427719206331,27.012998542881387,27.012998542881387,27.012998542881387,0.0,0.0,0.0,145.9104643546544
2024-01-23,118.02256598393339,139.820704410145,152.24153764495543,118.02256598393339,118.02256598393339,28.148384609009316,28.148384609009316,28.148384609009316,0.7791610089065674,0.7791610089065674,0.7791610089065674,27.36922360010275,27.36922360010275,27.36922360010275,0.0,0.0,0.0,146.17095059294272
2024-01-24,117.99070892801439,140.09046579425328,153.06157302194313,117.99070892801439,117.99070892801439,28.469746276084518,28.469746276084518,28.469746276084518,0.7853737221084147,0.7853737221084147,0.7853737221084147,27.6843725539761,27.6843725539761,27.6843725539761,0.0,0.0,0.0,146.4604552040989
2024-01-25,118.42501768563159,140.2453529523581,152.7597767211351,118.42501768563159,118.42501768563159,28.493011526192216,28.493011526192216,28.493011526192216,0.5435685821663405,0.5435685821663405,0.5435685821663405,27.949442944025876,27.949442944025876,27.949442944025876,0.0,0.0,0.0,146.9180292118238
2024-01-26,118.85932644324879,141.91881157030988,154.24155227968615,118.85932644324879,118.85932644324879,28.934243987819183,28.934243987819183,28.934243987819183,0.7782146546291331,0.7782146546291331,0.7782146546291331,28.15602933319005,28.15602933319005,28.15602933319005,0.0,0.0,0.0,147.79357043106796
2024-01-29,120.16225271610043,143.01923473029944,155.64024300888892,120.16225271610043,120.16225271610043,29.196289386293056,29.196289386293056,29.196289386293056,0.8430427719145679,0.8430427719145679,0.8430427719145679,28.353246614378484,28.353246614378484,28.353246614378484,0.0,0.0,0.0,149.35854210239347
2024-01-30,120.59656147371763,143.6748102703287,155.94132823469786,120.59656147371763,120.59656147371763,29.038522840947607,29.038522840947607,29.038522840947607,0.7791610089070967,0.7791610089070967,0.7791610089070967,28.259361832040508,28.259361832040508,28.259361832040508,0.0,0.0,0.0,149.63508431466522
2024-01-31,121.03087023133483,143.36363195349617,155.74465259701117,121.03087023133483,121.03087023133483,28.86457351275762,28.86457351275762,28.86457351275762,0.7853737221083162,0.7853737221083162,0.7853737221083162,28.079199790649305,28.079199790649305,28.079199790649305,0.0,0.0,0.0,149.89544374409246
2024-02-01,121.46517898895205,143.39103499175377,156.51284839382254,121.46517898895205,121.46517898895205,28.35435392950875,28.35435392950875,28.35435392950875,0.5435685821666627,0.5435685821666627,0.5435685821666627,27.81078534734209,27.81078534734209,27.81078534734209,0.0,0.0,0.0,149.8195329184608
2024-02-02,121.89948774656926,143.86684572530854,156.161587100958,121.89948774656926,121.89948774656926,28.231676690486182,28.231676690486182,28.231676690486182,0.7782146546273087,0.7782146546273087,0.7782146546273087,27.453462035858873,27.453462035858873,27.453462035858873,0.0,0.0,0.0,150.13116443705545
2024-02-05,123.20241401942089,143.77132918278093,156.06172380214682,123.20241401942089,123.20241401942089,26.704081626896897,26.704081626896897,26.704081626896897,0.8430427719141826,0.8430427719141826,0.8430427719141826,25.861038854982713,25.861038854982713,25.861038854982713,0.0,0.0,0.0,149.90649564631778
2024-02-06,123.6367227770381,143.22037595020498,155.93088230322982,123.6367227770381,123.6367227770381,25.946449387817943,25.946449387817943,25.946449387817943,0.7791610089062356,0.7791610089062356,0.7791610089062356,25.167288378911707,25.167288378911707,25.167288378911707,0.0,0.0,0.0,149.58317216485605
2024-02-07,124.0710315346553,143.15275896101764,155.3084583206505,124.0710315346553,124.0710315346553,25.185548550524146,25.185548550524146,25.185548550524146,0.7853737221082178,0.7853737221082178,0.7853737221082178,24.400174828415928,24.400174828415928,24.400174828415928,0.0,0.0,0.0,149.25658008517945
2024-02-08,124.5053402922725,142.80722852514222,154.97749647754702,124.5053402922725,124.5053402922725,24.109616677185777,24.109616677185777,24.109616677185777,0.5435685821662584,0.5435685821662584,0.5435685821662584,23.56604809501952,23.56604809501952,23.56604809501952,0.0,0.0,0.0,148.6149569694583
2024-02-09,124.93964904988971,141.1527040877356,154.32822747993515,124.93964904988971,124.93964904988971,23.4502861216035,23.4502861216035,23.4502861216035,0.7782146546326926,0.7782146546326926,0.7782146546326926,22.67207146697081,22.67207146697081,22.67207146697081,0.0,0.0,0.0,148.38993517149322
2024-02-12,126.24257532274135,140.3571613744795,153.5049863426827,126.24257532274135,126.24257532274135,20.554860115604495,20.554860115604495,20.554860115604495,0.8430427719185931,0.8430427719185931,0.8430427719185931,19.7118173436859,19.7118173436859,19.7118173436859,0.0,0.0,0.0,146.79743543834584
2024-02-13,126.67688408035855,139.99390431530688,152.39616149264427,126.67688408035855,126.67688408035855,19.440346906662537,19.440346906662537,19.440346906662537,0.7791610089053745,0.7791610089053745,0.7791610089053745,18.66118589775716,18.66118589775716,18.66118589775716,0.0,0.0,0.0,146.1172309870211
2024-02-14,127.11119283797575,139.09846604867082,151.88522150826734,127.11119283797575,127.11119283797575,18.37887342656875,18.37887342656875,18.37887342656875,0.7853737221080122,0.7853737221080122,0.7853737221080122,17.593499704460736,17.593499704460736,17.593499704460736,0.0,0.0,0.0,145.4900662645445
2024-02-15,127.54550159559298,138.33749546635048,150.504761724337,127.54550159559298,127.54550159559298,17.061200588609044,17.061200588609044,17.061200588609044,0.543568582167051,0.543568582167051,0.543568582167051,16.517632006441993,16.517632006441993,16.517632006441993,0.0,0.0,0.0,144.60670218420202
2024-02-16,127.97981035321017,138.14989277528866,150.67518909160384,127.97981035321017,127.97981035321017,16.220430752982566,16.220430752982566,16.220430752982566,0.7782146546331327,0.7782146546331327,0.7782146546331327,15.442216098349432,15.442216098349432,15.442216098349432,0.0,0.0,0.0,144.20024110619272
2024-02-20,129.71704538367902,135.67259203205987,148.39609635922795,129.71704538367902,129.71704538367902,12.081596825452266,12.081596825452266,12.081596825452266,0.7791610089075127,0.7791610089075127,0.7791610089075127,11.302435816544751,11.302435816544751,11.302435816544751,0.0,0.0,0.0,141.7986422091313
2024-02-21,130.15135414129622,135.1024825192946,147.65537213674912,130.15135414129622,130.15135414129622,11.127434084767282,11.127434084767282,11.127434084767282,0.7853737221078066,0.7853737221078066,0.7853737221078066,10.342060362659476,10.342060362659476,10.342060362659476,0.0,0.0,0.0,141.2787882260635
2024-02-22,130.58566289891343,134.6812717731617,146.62745928805364,130.58566289891343,130.58566289891343,9.96619585313296,9.96619585313296,9.96619585313296,0.5435685821666465,0.5435685821666465,0.5435685821666465,9.422627270966313,9.422627270966313,9.422627270966313,0.0,0.0,0.0,140.5518587520464
2024-02-23,131.01997165653063,134.0974578392664,146.99884370000908,131.01997165653063,131.01997165653063,9.326505639729975,9.326505639729975,9.326505639729975,0.7782146546290442,0.7782146546290442,0.7782146546290442,8.548290985100929,8.548290985100929,8.548290985100929,0.0,0.0,0.0,140.34647729626062
2024-02-26,132.55716445415348,133.090636332023,145.63863523800478,132.55716445415348,132.55716445415348,7.0678848300405495,7.0678848300405495,7.0678848300405495,0.84304277192022,0.84304277192022,0.84304277192022,6.22484205812033,6.22484205812033,6.22484205812033,0.0,0.0,0.0,139.62504928419403
2024-02-27,133.06956205336104,133.24198161619398,146.35434750835452,133.06956205336104,133.06956205336104,6.3349278423559126,6.3349278423559126,6.3349278423559126,0.779161008908042,0.779161008908042,0.779161008908042,5.555766833447871,5.555766833447871,5.555766833447871,0.0,0.0,0.0,139.40448989571695
2024-02-28,133.58195965256866,132.91425882986206,145.20413837578988,133.58195965256866,133.58195965256866,5.72560162772441,5.72560162772441,5.72560162772441,0.7853737221084917,0.7853737221084917,0.7853737221084917,4.940227905615919,4.940227905615919,4.940227905615919,0.0,0.0,0.0,139.30756128029307
2024-02-29,134.09435725177627,132.49083347751395,145.09177946563008,134.09435725177627,134.09435725177627,4.921224840810153,4.921224840810153,4.921224840810153,0.5435685821674393,0.5435685821674393,0.5435685821674393,4.3776562586427135,4.3776562586427135,4.3776562586427135,0.0,0.0,0.0,139.0155820925864
2024-03-01,134.6067548509839,133.1589492453188,145.51142275649997,134.6067548509839,134.6067548509839,4.645068752285916,4.645068752285916,4.645068752285916,0.7782146546294842,0.7782146546294842,0.7782146546294842,3.8668540976564327,3.8668540976564327,3.8668540976564327,0.0,0.0,0.0,139.2518236032698
2024-03-04,136.1439476486067,132.6963442370989,146.02891363910294,136.1439476486067,136.1439476486067,3.4681752726491384,3.4681752726491384,3.4681752726491384,0.8430427719198348,0.8430427719198348,0.8430427719198348,2.625132500729303,2.625132500729303,2.625132500729303,0.0,0.0,0.0,139.61212292125586
2024-03-05,136.6563452478143,133.23853869928342,145.93362595286482,136.6563452478143,136.6563452478143,3.078508547660585,3.078508547660585,3.078508547660585,0.7791610089057905,0.7791610089057905,0.7791610089057905,2.299347538754794,2.299347538754794,2.299347538754794,0.0,0.0,0.0,139.7348537954749
2024-03-06,137.16874284702192,133.11436625592702,146.53337460430737,137.16874284702192,137.16874284702192,2.7978115948342537,2.7978115948342537,2.7978115948342537,0.7853737221085003,0.7853737221085003,0.7853737221085003,2.0124378727257533,2.0124378727257533,2.0124378727257533,0.0,0.0,0.0,139.96655444185618
2024-03-07,137.68114044622948,133.45782821700735,146.0840203720322,137.68114044622948,137.68114044622948,2.304535773620351,2.304535773620351,2.304535773620351,0.5435685821653671,0.5435685821653671,0.5435685821653671,1.7609671914549834,1.7609671914549834,1.7609671914549834,0.0,0.0,0.0,139.98567621984984
2024-03-08,138.1935380454371,134.16502725833982,146.6317528600361,138.1935380454371,138.1935380454371,2.3195942453763734,2.3195942453763734,2.3195942453763734,0.77821465462766,0.77821465462766,0.77821465462766,1.5413795907487133,1.5413795907487133,1.5413795907487133,0.0,0.0,0.0,140.51313229081347
2024-03-11,139.7307308430599,135.17453766938632,147.12583346995433,139.7307308430599,139.7307308430599,1.880879030740386,1.880879030740386,1.880879030740386,0.8430427719218474,0.8430427719218474,0.8430427719218474,1.0378362588185386,1.0378362588185386,1.0378362588185386,0.0,0.0,0.0,141.61160987380026
2024-03-12,140.2431284422675,135.47849092345487,148.2371594012156,140.2431284422675,140.2431284422675,1.6890551432302117,1.6890551432302117,1.6890551432302117,0.7791610089063198,0.7791610089063198,0.7791610089063198,0.9098941343238919,0.9098941343238919,0.9098941343238919,0.0,0.0,0.0,141.9321835854977
2024-03-13,140.75552604147515,136.0235900209816,148.69469680920707,140.75552604147515,140.75552604147515,1.581608530500737,1.581608530500737,1.581608530500737,0.7853737221082951,0.7853737221082951,0.7853737221082951,0.7962348083924419,0.7962348083924419,0.7962348083924419,0.0,0.0,0.0,142.3371345719759
2024-03-14,141.26792364068274,136.27029854900945,148.8740610475401,141.26792364068274,141.26792364068274,1.2372443879291584,1.2372443879291584,1.2372443879291584,0.5435685821661598,0.5435685821661598,0.5435685821661598,0.6936758057629986,0.6936758057629986,0.6936758057629986,0.0,0.0,0.0,142.5051680286119
2024-03-15,141.78032123989036,136.87032736206754,149.96804137866687,141.78032123989036,141.78032123989036,1.377430873994602,1.377430873994602,1.377430873994602,0.7782146546281002,0.7782146546281002,0.7782146546281002,0.5992162193665017,0.5992162193665017,0.5992162193665017,0.0,0.0,0.0,143.15775211388495
2024-03-18,143.31751403751315,138.45480769263557,150.64039399243472,143.31751403751315,143.31751403751315,1.1805149434598516,1.1805149434598516,1.1805149434598516,0.8430427719157823,0.8430427719157823,0.8430427719157823,0.3374721715440694,0.3374721715440694,0.3374721715440694,0.0,0.0,0.0,144.498028980973
2024-03-19,143.82991163672077,138.56272000438008,150.91931480995086,143.82991163672077,143.82991163672077,1.028688721727018,1.028688721727018,1.028688721727018,0.7791610089054586,0.7791610089054586,0.7791610089054586,0.24952771282155947,0.24952771282155947,0.24952771282155947,0.0,0.0,0.0,144.85860035844777
2024-03-20,144.34230923592833,138.8614868932268,151.12208471672346,144.34230923592833,144.34230923592833,0.9432087117187656,0.9432087117187656,0.9432087117187656,0.7853737221080893,0.7853737221080893,0.7853737221080893,0.15783498961067627,0.15783498961067627,0.15783498961067627,0.0,0.0,0.0,145.2855179476471
2024-03-21,144.85470683513594,139.16649208408327,151.34697857040783,144.85470683513594,144.85470683513594,0.6042560831482536,0.6042560831482536,0.6042560831482536,0.5435685821657552,0.5435685821657552,0.5435685821657552,0.06068750098249844,0.06068750098249844,0.06068750098249844,0.0,0.0,0.0,145.4589629182842
2024-03-22,145.3671044343436,139.5975123899659,152.32695706473405,145.3671044343436,145.3671044343436,0.7348134656261007,0.7348134656261007,0.7348134656261007,0.7782146546262758,0.7782146546262758,0.7782146546262758,-0.0434011890001751,-0.0434011890001751,-0.0434011890001751,0.0,0.0,0.0,146.1019178999697
2024-03-25,146.90429723196635,141.08225818445885,153.94055631059504,146.90429723196635,146.90429723196635,0.43411173684663207,0.43411173684663207,0.43411173684663207,0.843042771917795,0.843042771917795,0.843042771917795,-0.40893103507116285,-0.40893103507116285,-0.40893103507116285,0.0,0.0,0.0,147.33840896881298
2024-03-26,147.4166948311739,141.5176041150429,154.38892819260525,147.4166948311739,147.4166948311739,0.22782757178838772,0.22782757178838772,0.22782757178838772,0.7791610089059878,0.7791610089059878,0.7791610089059878,-0.5513334371176002,-0.5513334371176002,-0.5513334371176002,0.0,0.0,0.0,147.6445224029623
2024-03-27,147.92909243595386,141.7060550410409,154.22963294515642,147.92909243595386,147.92909243595386,0.08048581296824324,0.08048581296824324,0.08048581296824324,0.7853737221079912,0.7853737221079912,0.7853737221079912,-0.7048879091397479,-0.7048879091397479,-0.7048879091397479,0.0,0.0,0.0,148.0095782489221
2024-03-28,148.44149004073378,141.85213723395213,154.53886748971243,148.44149004073378,148.44149004073378,-0.3262314051289182,-0.3262314051289182,-0.3262314051289182,0.5435685821677453,0.5435685821677453,0.5435685821677453,-0.8697999872966634,-0.8697999872966634,-0.8697999872966634,0.0,0.0,0.0,148.11525863560487
2024-04-01,150.4910804598534,143.26296592604885,156.06327814425208,150.4910804598534,150.4910804598534,-0.7965717710049259,-0.7965717710049259,-0.7965717710049259,0.8430427719174093,0.8430427719174093,0.8430427719174093,-1.6396145429223352,-1.6396145429223352,-1.6396145429223352,0.0,0.0,0.0,149.6945086888485
2024-04-02,151.0034780646333,143.5875138333567,156.29076421893598,151.0034780646333,151.0034780646333,-1.077689808309515,-1.077689808309515,-1.077689808309515,0.7791610089067358,0.7791610089067358,0.7791610089067358,-1.8568508172162508,-1.8568508172162508,-1.8568508172162508,0.0,0.0,0.0,149.92578825632378
2024-04-03,151.5158756694132,143.87714461703106,156.61959614145348,151.5158756694132,151.5158756694132,-1.2967545140854537,-1.2967545140854537,-1.2967545140854537,0.7853737221084615,0.7853737221084615,0.7853737221084615,-2.082128236193915,-2.082128236193915,-2.082128236193915,0.0,0.0,0.0,150.21912115532774
2024-04-04,152.0282732741931,144.13013979828108,157.030500299314,152.0282732741931,152.0282732741931,-1.7705610594472594,-1.7705610594472594,-1.7705610594472594,0.5435685821673407,0.5435685821673407,0.5435685821673407,-2.3141296416146,-2.3141296416146,-2.3141296416146,0.0,0.0,0.0,150.25771221474585
2024-04-05,152.540670878973,144.56679306038427,157.10286388600804,152.540670878973,152.540670878973,-1.7731124881522322,-1.7731124881522322,-1.7731124881522322,0.7782146546298353,0.7782146546298353,0.7782146546298353,-2.5513271427820676,-2.5513271427820676,-2.5513271427820676,0.0,0.0,0.0,150.76755839082077
2024-04-08,154.07786369331274,145.5228587057438,158.21307113076676,154.07786369331274,154.07786369331274,-2.43283023636262,-2.43283023636262,-2.43283023636262,0.84304277192182,0.84304277192182,0.84304277192182,-3.2758730082844396,-3.2758730082844396,-3.2758730082844396,0.0,0.0,0.0,151.6450334569501
2024-04-09,154.5902612980926,146.11704034307255,157.8586236816763,154.5902612980926,154.5902612980926,-2.7355984658518655,-2.7355984658518655,-2.7355984658518655,0.7791610089058748,0.7791610089058748,0.7791610089058748,-3.51475947475774,-3.51475947475774,-3.51475947475774,0.0,0.0,0.0,151.85466283224073
2024-04-10,155.10265890287255,146.3183676835749,158.39798440708037,155.10265890287255,155.10265890287255,-2.9631230803914526,-2.9631230803914526,-2.9631230803914526,0.7853737221084707,0.7853737221084707,0.7853737221084707,-3.7484968024999232,-3.7484968024999232,-3.7484968024999232,0.0,0.0,0.0,152.1395358224811
2024-04-11,155.61505650765247,145.6452978093505,158.49776306294086,155.61505650765247,155.61505650765247,-3.4310558669082867,-3.4310558669082867,-3.4310558669082867,0.5435685821669364,0.5435685821669364,0.5435685821669364,-3.974624449075223,-3.974624449075223,-3.974624449075223,0.0,0.0,0.0,152.1840006407442
2024-04-12,156.12745411243236,146.3532537774677,158.9881955664688,156.12745411243236,156.12745411243236,-3.4124068049442524,-3.4124068049442524,-3.4124068049442524,0.7782146546280111,0.7782146546280111,0.7782146546280111,-4.190621459572263,-4.190621459572263,-4.190621459572263,0.0,0.0,0.0,152.7150473074881
2024-04-15,157.6646469267721,147.62978306563195,160.14027956526454,157.6646469267721,157.6646469267721,-3.909490772541724,-3.909490772541724,-3.909490772541724,0.8430427719214345,0.8430427719214345,0.8430427719214345,-4.752533544463159,-4.752533544463159,-4.752533544463159,0.0,0.0,0.0,153.75515615423038
2024-04-16,158.17704453155199,147.54203433673106,160.37540906266187,158.17704453155199,158.17704453155199,-4.123822841422822,-4.123822841422822,-4.123822841422822,0.7791610089050138,0.7791610089050138,0.7791610089050138,-4.902983850327836,-4.902983850327836,-4.902983850327836,0.0,0.0,0.0,154.05322169012916
2024-04-17,158.68944213633188,148.44948405876875,160.76792250174242,158.68944213633188,158.68944213633188,-4.245846638872503,-4.245846638872503,-4.245846638872503,0.7853737221082646,0.7853737221082646,0.7853737221082646,-5.031220360980767,-5.031220360980767,-5.031220360980767,0.0,0.0,0.0,154.44359549745937
2024-04-18,159.2018397411118,148.33609452141286,160.98344734716932,159.2018397411118,159.2018397411118,-4.591674725928779,-4.591674725928779,-4.591674725928779,0.543568582167729,0.543568582167729,0.543568582167729,-5.135243308096508,-5.135243308096508,-5.135243308096508,0.0,0.0,0.0,154.61016501518301
2024-04-19,159.71423734589172,148.88668017478486,161.72787223044907,159.71423734589172,159.71423734589172,-4.435082646661229,-4.435082646661229,-4.435082646661229,0.778214654633395,0.778214654633395,0.778214654633395,-5.213297301294624,-5.213297301294624,-5.213297301294624,0.0,0.0,0.0,155.2791546992305
2024-04-22,161.25143016023142,150.37337498172303,162.95503935516356,161.25143016023142,161.25143016023142,-4.435569722332469,-4.435569722332469,-4.435569722332469,0.843042771921049,0.843042771921049,0.843042771921049,-5.278612494253518,-5.278612494253518,-5.278612494253518,0.0,0.0,0.0,156.81586043789895
2024-04-23,161.76382776501134,150.91533628879301,163.7345980192056,161.76382776501134,161.76382776501134,-4.4623498892245985,-4.4623498892245985,-4.4623498892245985,0.7791610089055432,0.7791610089055432,0.7791610089055432,-5.241510898130141,-5.241510898130141,-5.241510898130141,0.0,0.0,0.0,157.30147787578673
2024-04-24,162.27622536979123,151.54309935931704,164.4795420736909,162.27622536979123,162.27622536979123,-4.389277993503595,-4.389277993503595,-4.389277993503595,0.7853737221081666,0.7853737221081666,0.7853737221081666,-5.174651715611761,-5.174651715611761,-5.174651715611761,0.0,0.0,0.0,157.88694737628765
2024-04-25,162.78862297457115,151.60729153261818,164.5024077602268,162.78862297457115,162.78862297457115,-4.534899199249207,-4.534899199249207,-4.534899199249207,0.5435685821644595,0.5435685821644595,0.5435685821644595,-5.078467781413666,-5.078467781413666,-5.078467781413666,0.0,0.0,0.0,158.25372377532196
2024-04-26,163.3000316865331,152.56239365149636,165.54672362792073,163.3000316865331,163.3000316865331,-4.175607577591781,-4.175607577591781,-4.175607577591781,0.778214654633835,0.778214654633835,0.778214654633835,-4.953822232225616,-4.953822232225616,-4.953822232225616,0.0,0.0,0.0,159.1244241089413
2024-04-29,164.83425782241892,155.4914878110005,167.53949822784529,164.83425782241892,164.83425782241892,-3.5810802058967948,-3.5810802058967948,-3.5810802058967948,0.8430427719173821,0.8430427719173821,0.8430427719173821,-4.424122977814177,-4.424122977814177,-4.424122977814177,0.0,0.0,0.0,161.25317761652212
2024-04-30,165.34566653438085,155.6673954663075,167.95524212307478,165.34566653438085,165.34566653438085,-3.423499765692119,-3.423499765692119,-3.423499765692119,0.779161008907681,0.779161008907681,0.779161008907681,-4.2026607745998,-4.2026607745998,-4.2026607745998,0.0,0.0,0.0,161.92216676868873
2024-05-01,165.85707524634282,155.99435208166489,168.50775169327062,165.85707524634282,165.85707524634282,-3.1778126159974653,-3.1778126159974653,-3.1778126159974653,0.7853737221080681,0.7853737221080681,0.7853737221080681,-3.9631863381055337,-3.9631863381055337,-3.9631863381055337,0.0,0.0,0.0,162.67926263034536
2024-05-02,166.36848395830478,157.04944409311688,169.56523294857445,166.36848395830478,166.36848395830478,-3.1652728067992943,-3.1652728067992943,-3.1652728067992943,0.5435685821664494,0.5435685821664494,0.5435685821664494,-3.7088413889657437,-3.7088413889657437,-3.7088413889657437,0.0,0.0,0.0,163.20321115150549
2024-05-03,166.87989267026668,157.74341034273388,171.0496554116651,166.87989267026668,166.87989267026668,-2.6648120796342836,-2.6648120796342836,-2.6648120796342836,0.7782146546297463,0.7782146546297463,0.7782146546297463,-3.4430267342640297,-3.4430267342640297,-3.4430267342640297,0.0,0.0,0.0,164.2150805906324
2024-05-06,168.41411880615252,160.19913514807016,172.97234322397946,168.41411880615252,168.41411880615252,-1.7705232559261885,-1.7705232559261885,-1.7705232559261885,0.8430427719169965,0.8430427719169965,0.8430427719169965,-2.613566027843185,-2.613566027843185,-2.613566027843185,0.0,0.0,0.0,166.64359555022634
2024-05-07,168.92552751811448,160.38137925254227,173.44368729863393,168.92552751811448,168.92552751811448,-1.5600493744049597,-1.5600493744049597,-1.5600493744049597,0.7791610089082102,0.7791610089082102,0.7791610089082102,-2.33921038331317,-2.33921038331317,-2.33921038331317,0.0,0.0,0.0,167.3654781437095
2024-05-08,169.4369362300764,162.07131113903165,174.1664877257045,169.4369362300764,169.4369362300764,-1.287011384815863,-1.287011384815863,-1.287011384815863,0.7853737221079697,0.7853737221079697,0.7853737221079697,-2.072385106923833,-2.072385106923833,-2.072385106923833,0.0,0.0,0.0,168.14992484526056
2024-05-09,169.94834494203832,162.41550081298914,174.6275137228553,169.94834494203832,169.94834494203832,-1.273315109279615,-1.273315109279615,-1.273315109279615,0.5435685821660451,0.5435685821660451,0.5435685821660451,-1.8168836914456603,-1.8168836914456603,-1.8168836914456603,0.0,0.0,0.0,168.6750298327587
2024-05-10,170.45975365400028,163.5700496283466,176.3800747634092,170.45975365400028,170.45975365400028,-0.7981490228047304,-0.7981490228047304,-0.7981490228047304,0.7782146546301866,0.7782146546301866,0.7782146546301866,-1.576363677434917,-1.576363677434917,-1.576363677434917,0.0,0.0,0.0,169.66160463119556
2024-05-13,171.9939797898861,165.57815832651082,178.3109622591432,171.9939797898861,171.9939797898861,-0.1351220150481014,-0.1351220150481014,-0.1351220150481014,0.8430427719214072,0.8430427719214072,0.8430427719214072,-0.9781647869695086,-0.9781647869695086,-0.9781647869695086,0.0,0.0,0.0,171.85885777483801
2024-05-14,172.50538850184807,166.04629869580432,178.51082163509813,172.50538850184807,172.50538850184807,-0.050541151977515096,-0.050541151977515096,-0.050541151977515096,0.7791610089059589,0.7791610089059589,0.7791610089059589,-0.829702160883474,-0.829702160883474,-0.829702160883474,0.0,0.0,0.0,172.45484734987056
2024-05-15,173.01679721380998,166.93607179781017,179.60676369931534,173.01679721380998,173.01679721380998,0.0745525125853791,0.0745525125853791,0.0745525125853791,0.785373722107764,0.785373722107764,0.785373722107764,-0.710821209522385,-0.710821209522385,-0.710821209522385,0.0,0.0,0.0,173.09134972639535
2024-05-16,173.52820592577194,167.03438342555674,180.23350782773187,173.52820592577194,173.52820592577194,-0.07988871971935911,-0.07988871971935911,-0.07988871971935911,0.54356858216517,0.54356858216517,0.54356858216517,-0.6234573018845291,-0.6234573018845291,-0.6234573018845291,0.0,0.0,0.0,173.4483172060526
2024-05-17,174.03961463773388,167.18659830653726,180.5357084588609,174.03961463773388,174.03961463773388,0.20904711666347622,0.20904711666347622,0.20904711666347622,0.7782146546306267,0.7782146546306267,0.7782146546306267,-0.5691675379671505,-0.5691675379671505,-0.5691675379671505,0.0,0.0,0.0,174.24866175439735
2024-05-20,175.57384077361974,169.70693859336444,182.01649969918378,175.57384077361974,175.57384077361974,0.22849177936842083,0.22849177936842083,0.22849177936842083,0.8430427719210217,0.8430427719210217,0.8430427719210217,-0.6145509925526009,-0.6145509925526009,-0.6145509925526009,0.0,0.0,0.0,175.80233255298816
2024-05-21,176.08524948558167,169.80492217156024,182.79722435193565,176.08524948558167,176.08524948558167,0.07868053998290722,0.07868053998290722,0.07868053998290722,0.7791610089064882,0.7791610089064882,0.7791610089064882,-0.700480468923581,-0.700480468923581,-0.700480468923581,0.0,0.0,0.0,176.16393002556458
2024-05-22,176.5966581975436,170.85721475235752,182.9254398959287,176.5966581975436,176.5966581975436,-0.03623400793991345,-0.03623400793991345,-0.03623400793991345,0.7853737221083421,0.7853737221083421,0.7853737221083421,-0.8216077300482556,-0.8216077300482556,-0.8216077300482556,0.0,0.0,0.0,176.56042418960368
2024-05-23,177.10806690950554,170.41935061131232,182.85294836838153,177.10806690950554,177.10806690950554,-0.4337490359712084,-0.4337490359712084,-0.4337490359712084,0.5435685821647657,0.5435685821647657,0.5435685821647657,-0.9773176181359741,-0.9773176181359741,-0.9773176181359741,0.0,0.0,0.0,176.67431787353433
2024-05-24,177.61947562146747,170.70602515672573,183.93273163804287,177.61947562146747,177.61947562146747,-0.38848863998000444,-0.38848863998000444,-0.38848863998000444,0.7782146546265378,0.7782146546265378,0.7782146546265378,-1.1667032946065423,-1.1667032946065423,-1.1667032946065423,0.0,0.0,0.0,177.23098698148746
2024-05-28,179.66511046931524,172.19286626521836,184.78301309591828,179.66511046931524,179.66511046931524,-1.4552559969235226,-1.4552559969235226,-1.4552559969235226,0.7791610089070174,0.7791610089070174,0.7791610089070174,-2.23441700583054,-2.23441700583054,-2.23441700583054,0.0,0.0,0.0,178.20985447239173
2024-05-29,180.17651906520283,172.1474112687913,184.82713879347233,180.17651906520283,180.17651906520283,-1.7852136012931779,-1.7852136012931779,-1.7852136012931779,0.7853737221081365,0.7853737221081365,0.7853737221081365,-2.5705873234013144,-2.5705873234013144,-2.5705873234013144,0.0,0.0,0.0,178.39130546390965
2024-05-30,180.6879276610904,171.6945691711495,184.66136425006076,180.6879276610904,180.6879276610904,-2.387083039912481,-2.387083039912481,-2.387083039912481,0.5435685821655583,0.5435685821655583,0.5435685821655583,-2.930651622078039,-2.930651622078039,-2.930651622078039,0.0,0.0,0.0,178.30084462117793
2024-05-31,181.199336256978,172.4831787596218,184.80744410781458,181.199336256978,181.199336256978,-2.5343350422640745,-2.5343350422640745,-2.5343350422640745,0.7782146546269781,0.7782146546269781,0.7782146546269781,-3.3125496968910526,-3.3125496968910526,-3.3125496968910526,0.0,0.0,0.0,178.66500121471393
2024-06-03,182.73356204464082,172.57674299142138,185.5133281690542,182.73356204464082,182.73356204464082,-3.724966133946598,-3.724966133946598,-3.724966133946598,0.8430427719145712,0.8430427719145712,0.8430427719145712,-4.568008905861169,-4.568008905861169,-4.568008905861169,0.0,0.0,0.0,179.00859591069423
2024-06-04,183.2449706405284,172.61161987174475,185.5702954762159,183.2449706405284,183.2449706405284,-4.236754897533733,-4.236754897533733,-4.236754897533733,0.7791610089047661,0.7791610089047661,0.7791610089047661,-5.0159159064385,-5.0159159064385,-5.0159159064385,0.0,0.0,0.0,179.00821574299468
2024-06-05,183.756379236416,172.9883787506646,185.72505143953256,183.756379236416,183.756379236416,-4.689575128130616,-4.689575128130616,-4.689575128130616,0.7853737221081453,0.7853737221081453,0.7853737221081453,-5.4749488502387615,-5.4749488502387615,-5.4749488502387615,0.0,0.0,0.0,179.06680410828537
2024-06-06,184.26778783230358,172.56123169482814,185.32842178744036,184.26778783230358,184.26778783230358,-5.399404204434763,-5.399404204434763,-5.399404204434763,0.543568582166351,0.543568582166351,0.543568582166351,-5.942972786601114,-5.942972786601114,-5.942972786601114,0.0,0.0,0.0,178.8683836278688
2024-06-07,184.77919642819123,172.7966476831131,185.409214498288,184.77919642819123,184.77919642819123,-5.639653103063119,-5.639653103063119,-5.639653103063119,0.778214654632362,0.778214654632362,0.778214654632362,-6.417867757695482,-6.417867757695482,-6.417867757695482,0.0,0.0,0.0,179.1395433251281
2024-06-10,186.31342221585396,172.50959095876524,185.78517836310385,186.31342221585396,186.31342221585396,-7.019744675655464,-7.019744675655464,-7.019744675655464,0.8430427719165838,0.8430427719165838,0.8430427719165838,-7.862787447572048,-7.862787447572048,-7.862787447572048,0.0,0.0,0.0,179.2936775401985
2024-06-11,186.82483081174155,172.95271508539986,185.8080186513283,186.82483081174155,186.82483081174155,-7.565065273768893,-7.565065273768893,-7.565065273768893,0.7791610089052954,0.7791610089052954,0.7791610089052954,-8.344226282674189,-8.344226282674189,-8.344226282674189,0.0,0.0,0.0,179.25976553797267
2024-06-12,187.33623940762914,173.10487261187748,185.22576453460798,187.33623940762914,187.33623940762914,-8.036732674218902,-8.036732674218902,-8.036732674218902,0.785373722108723,0.785373722108723,0.785373722108723,-8.822106396327625,-8.822106396327625,-8.822106396327625,0.0,0.0,0.0,179.29950673341023
2024-06-13,187.84764800351672,172.75686397146512,185.68576385151133,187.84764800351672,187.84764800351672,-8.750788578006002,-8.750788578006002,-8.750788578006002,0.5435685821671438,0.5435685821671438,0.5435685821671438,-9.294357160173146,-9.294357160173146,-9.294357160173146,0.0,0.0,0.0,179.09685942551073
2024-06-14,188.3590565994043,173.16342578269513,185.92615241216743,188.3590565994043,188.3590565994043,-8.980696169768121,-8.980696169768121,-8.980696169768121,0.7782146546328021,0.7782146546328021,0.7782146546328021,-9.758910824400923,-9.758910824400923,-9.758910824400923,0.0,0.0,0.0,179.3783604296362
2024-06-17,189.89328238706713,173.5243337859523,185.8938278417833,189.89328238706713,189.89328238706713,-10.242806591370217,-10.242806591370217,-10.242806591370217,0.8430427719185966,0.8430427719185966,0.8430427719185966,-11.085849363288812,-11.085849363288812,-11.085849363288812,0.0,0.0,0.0,179.6504757956969
2024-06-18,190.40469098295472,173.29729158566533,185.6553740167178,190.40469098295472,190.40469098295472,-10.720023449241411,-10.720023449241411,-10.720023449241411,0.7791610089074332,0.7791610089074332,0.7791610089074332,-11.499184458148843,-11.499184458148843,-11.499184458148843,0.0,0.0,0.0,179.6846675337133
2024-06-20,191.42750817472987,173.14282052213457,185.750639145865,191.42750817472987,191.42750817472987,-11.727172702917898,-11.727172702917898,-11.727172702917898,0.5435685821667393,0.5435685821667393,0.5435685821667393,-12.270741285084636,-12.270741285084636,-12.270741285084636,0.0,0.0,0.0,179.70033547181197
2024-06-21,191.93891677061754,173.42249150878808,186.44157991192446,191.93891677061754,191.93891677061754,-11.847141413786915,-11.847141413786915,-11.847141413786915,0.7782146546309778,0.7782146546309778,0.7782146546309778,-12.625356068417892,-12.625356068417892,-12.625356068417892,0.0,0.0,0.0,180.09177535683062
2024-06-24,193.47314255828027,174.7679966782532,186.89772887745116,193.47314255828027,193.47314255828027,-12.70263690277283,-12.70263690277283,-12.70263690277283,0.8430427719206088,0.8430427719206088,0.8430427719206088,-13.545679674693439,-13.545679674693439,-13.545679674693439,0.0,0.0,0.0,180.77050565550743
2024-06-25,193.98455115416786,174.6104121206803,187.13707947282927,193.98455115416786,193.98455115416786,-13.021273769649754,-13.021273769649754,-13.021273769649754,0.7791610089079625,0.7791610089079625,0.7791610089079625,-13.800434778557715,-13.800434778557715,-13.800434778557715,0.0,0.0,0.0,180.9632773845181
2024-06-26,194.49595975005545,174.885657267713,187.149026780593,194.49595975005545,194.49595975005545,-13.242302114210656,-13.242302114210656,-13.242302114210656,0.7853737221084193,0.7853737221084193,0.7853737221084193,-14.027675836319075,-14.027675836319075,-14.027675836319075,0.0,0.0,0.0,181.2536576358448
2024-06-27,195.00736834594312,175.4217766274553,187.74870637067667,195.00736834594312,195.00736834594312,-13.683349788634589,-13.683349788634589,-13.683349788634589,0.5435685821687292,0.5435685821687292,0.5435685821687292,-14.226918370803316,-14.226918370803316,-14.226918370803316,0.0,0.0,0.0,181.32401855730853
2024-06-28,194.7237900677976,174.55871682547038,187.78208546574416,194.7237900677976,194.7237900677976,-13.619782794316976,-13.619782794316976,-13.619782794316976,0.7782146546291536,0.7782146546291536,0.7782146546291536,-14.39799744894613,-14.39799744894613,-14.39799744894613,0.0,0.0,0.0,181.10400727348065
2024-07-01,193.87305523336116,174.06073950894398,186.3681542703408,193.87305523336116,193.87305523336116,-13.902831948510546,-13.902831948510546,-13.902831948510546,0.8430427719202235,0.8430427719202235,0.8430427719202235,-14.74587472043077,-14.74587472043077,-14.74587472043077,0.0,0.0,0.0,179.97022328485062
2024-07-02,193.58947695521567,173.2699613655796,186.05936474683,193.58947695521567,193.58947695521567,-14.03062356454771,-14.03062356454771,-14.03062356454771,0.7791610089071015,0.7791610089071015,0.7791610089071015,-14.809784573454811,-14.809784573454811,-14.809784573454811,0.0,0.0,0.0,179.55885339066796
2024-07-03,193.30589867707016,173.11306554670827,185.43732317215608,193.30589867707016,193.30589867707016,-14.064785391573132,-14.064785391573132,-14.064785391573132,0.7853737221082133,0.7853737221082133,0.7853737221082133,-14.850159113681343,-14.850159113681343,-14.850159113681343,0.0,0.0,0.0,179.24111328549702
2024-07-05,192.7387421207792,172.98937822056504,185.23823230815358,192.7387421207792,192.7387421207792,-14.090672399510868,-14.090672399510868,-14.090672399510868,0.7782146546273294,0.7782146546273294,0.7782146546273294,-14.868887054138199,-14.868887054138199,-14.868887054138199,0.0,0.0,0.0,178.6480697212683
2024-07-08,191.8880072863427,171.78466059394032,183.99061760716282,191.8880072863427,191.8880072863427,-13.939764051138672,-13.939764051138672,-13.939764051138672,0.8430427719246342,0.8430427719246342,0.8430427719246342,-14.782806823063309,-14.782806823063309,-14.782806823063309,0.0,0.0,0.0,177.94824323520405
2024-07-09,191.60442900819723,171.87001117750057,184.1713961925779,191.60442900819723,191.60442900819723,-13.957314036199572,-13.957314036199572,-13.957314036199572,0.7791610089078495,0.7791610089078495,0.7791610089078495,-14.73647504510742,-14.73647504510742,-14.73647504510742,0.0,0.0,0.0,177.64711497199767
2024-07-10,191.32085073005172,171.0225067435769,183.68201305369433,191.32085073005172,191.32085073005172,-13.90185432089821,-13.90185432089821,-13.90185432089821,0.7853737221082222,0.7853737221082222,0.7853737221082222,-14.687228043006433,-14.687228043006433,-14.687228043006433,0.0,0.0,0.0,177.41899640915352
2024-07-11,191.03727245190623,170.79897267430562,183.75707312000813,191.03727245190623,191.03727245190623,-14.095190210846313,-14.095190210846313,-14.095190210846313,0.5435685821662525,0.5435685821662525,0.5435685821662525,-14.638758793012565,-14.638758793012565,-14.638758793012565,0.0,0.0,0.0,176.94208224105992
2024-07-12,190.75369417376072,170.64998371816438,183.10603780198446,190.75369417376072,190.75369417376072,-13.816552443352764,-13.816552443352764,-13.816552443352764,0.7782146546277695,0.7782146546277695,0.7782146546277695,-14.594767097980535,-14.594767097980535,-14.594767097980535,0.0,0.0,0.0,176.93714173040794
2024-07-15,189.90295933932424,170.40030348096798,182.68335543578144,189.90295933932424,189.90295933932424,-13.682207748270992,-13.682207748270992,-13.682207748270992,0.843042771916171,0.843042771916171,0.843042771916171,-14.525250520187162,-14.525250520187162,-14.525250520187162,0.0,0.0,0.0,176.22075159105324
2024-07-16,189.61938106117873,169.66070242176224,182.00343156314312,189.61938106117873,189.61938106117873,-13.75462634928359,-13.75462634928359,-13.75462634928359,0.7791610089069884,0.7791610089069884,0.7791610089069884,-14.53378735819058,-14.53378735819058,-14.53378735819058,0.0,0.0,0.0,175.86475471189513
2024-07-17,189.33580278303327,169.52223713463536,182.0254882682069,189.33580278303327,189.33580278303327,-13.777517214875953,-13.777517214875953,-13.777517214875953,0.7853737221080169,0.7853737221080169,0.7853737221080169,-14.56289093698397,-14.56289093698397,-14.56289093698397,0.0,0.0,0.0,175.55828556815732
2024-07-18,189.0522245048878,169.05795371531275,181.2537628758911,189.0522245048878,189.0522245048878,-14.071244525704621,-14.071244525704621,-14.071244525704621,0.543568582165848,0.543568582165848,0.543568582165848,-14.614813107870468,-14.614813107870468,-14.614813107870468,0.0,0.0,0.0,174.98097997918316
2024-07-19,188.7686462267423,168.81219828958672,181.21134103652236,188.7686462267423,188.7686462267423,-13.913128147836563,-13.913128147836563,-13.913128147836563,0.7782146546236807,0.7782146546236807,0.7782146546236807,-14.691342802460245,-14.691342802460245,-14.691342802460245,0.0,0.0,0.0,174.85551807890573
2024-07-22,187.9179113923058,167.7956246128878,179.70592365220125,187.9179113923058,187.9179113923058,-14.23558541382441,-14.23558541382441,-14.23558541382441,0.8430427719181836,0.8430427719181836,0.8430427719181836,-15.078628185742593,-15.078628185742593,-15.078628185742593,0.0,0.0,0.0,173.6823259784814
2024-07-23,187.6343331141603,166.562219609271,179.6126662076799,187.6343331141603,187.6343331141603,-14.481663523924217,-14.481663523924217,-14.481663523924217,0.7791610089075176,0.7791610089075176,0.7791610089075176,-15.260824532831732,-15.260824532831732,-15.260824532831732,0.0,0.0,0.0,173.1526695902361
2024-07-24,187.35075483601486,165.91381662130703,178.6338340694398,187.35075483601486,187.35075483601486,-14.683010662160923,-14.683010662160923,-14.683010662160923,0.7853737221079184,0.7853737221079184,0.7853737221079184,-15.468384384268841,-15.468384384268841,-15.468384384268841,0.0,0.0,0.0,172.66774417385395
2024-07-25,187.06717655786935,165.68339391172813,178.38829248522407,187.06717655786935,187.06717655786935,-15.156159051814209,-15.156159051814209,-15.156159051814209,0.5435685821654436,0.5435685821654436,0.5435685821654436,-15.699727633979652,-15.699727633979652,-15.699727633979652,0.0,0.0,0.0,171.91101750605515
2024-07-26,186.78359827972383,165.57663757979287,178.07945715916895,186.78359827972383,186.78359827972383,-15.174507239046264,-15.174507239046264,-15.174507239046264,0.7782146546313291,0.7782146546313291,0.7782146546313291,-15.952721893677593,-15.952721893677593,-15.952721893677593,0.0,0.0,0.0,171.60909104067758
2024-07-29,185.93286344528732,163.59319688227015,176.31157371319912,185.93286344528732,185.93286344528732,-15.969764393427326,-15.969764393427326,-15.969764393427326,0.8430427719177982,0.8430427719177982,0.8430427719177982,-16.812807165345124,-16.812807165345124,-16.812807165345124,0.0,0.0,0.0,169.96309905186
2024-07-30,185.64928516714184,163.19020581933194,176.14857877738902,185.64928516714184,185.64928516714184,-16.34231389243026,-16.34231389243026,-16.34231389243026,0.7791610089066565,0.7791610089066565,0.7791610089066565,-17.121474901336917,-17.121474901336917,-17.121474901336917,0.0,0.0,0.0,169.30697127471157
2024-07-31,185.36570686663876,162.36798427942213,174.5028736058654,185.36570686663876,185.36570686663876,-16.6490526639733,-16.6490526639733,-16.6490526639733,0.785373722108496,0.785373722108496,0.785373722108496,-17.434426386081796,-17.434426386081796,-17.434426386081796,0.0,0.0,0.0,168.71665420266547
2024-08-01,185.08212856613565,161.3235054029566,174.33921354071234,185.08212856613565,185.08212856613565,-17.203723234405548,-17.203723234405548,-17.203723234405548,0.5435685821674334,0.5435685821674334,0.5435685821674334,-17.74729181657298,-17.74729181657298,-17.74729181657298,0.0,0.0,0.0,167.8784053317301
2024-08-02,184.79855026563257,161.27690989533872,174.21963693599548,184.79855026563257,184.79855026563257,-17.277366893468283,-17.277366893468283,-17.277366893468283,0.7782146546272403,0.7782146546272403,0.7782146546272403,-18.055581548095525,-18.055581548095525,-18.055581548095525,0.0,0.0,0.0,167.52118337216427
2024-08-05,183.94781536412336,159.57489241058008,172.18171414902676,183.94781536412336,183.94781536412336,-18.06501170154579,-18.06501170154579,-18.06501170154579,0.8430427719174125,0.8430427719174125,0.8430427719174125,-18.908054473463203,-18.908054473463203,-18.908054473463203,0.0,0.0,0.0,165.88280366257757
2024-08-06,183.6642370636203,158.8157170127911,171.41390471938266,183.6642370636203,183.6642370636203,-18.374496339064798,-18.374496339064798,-18.374496339064798,0.7791610089071855,0.7791610089071855,0.7791610089071855,-19.153657347971983,-19.153657347971983,-19.153657347971983,0.0,0.0,0.0,165.28974072455551
2024-08-07,183.3806587631172,158.46636960145912,171.03713444819797,183.3806587631172,183.3806587631172,-18.58794658353953,-18.58794658353953,-18.58794658353953,0.785373722108398,0.785373722108398,0.785373722108398,-19.37332030564793,-19.37332030564793,-19.37332030564793,0.0,0.0,0.0,164.79271217957768
2024-08-08,183.09708046261412,157.63605162041299,170.3737142749226,183.09708046261412,183.09708046261412,-19.01995195326757,-19.01995195326757,-19.01995195326757,0.5435685821670291,0.5435685821670291,0.5435685821670291,-19.5635205354346,-19.5635205354346,-19.5635205354346,0.0,0.0,0.0,164.07712850934655
2024-08-09,182.81350216211104,157.76638986116438,169.9560802541148,182.81350216211104,182.81350216211104,-18.942919287448003,-18.942919287448003,-18.942919287448003,0.7782146546276805,0.7782146546276805,0.7782146546276805,-19.721133942075678,-19.721133942075678,-19.721133942075678,0.0,0.0,0.0,163.87058287466303
2024-08-12,181.9627672606018,156.32327493195424,169.0671319457008,181.9627672606018,181.9627672606018,-19.13104135530413,-19.13104135530413,-19.13104135530413,0.8430427719161436,0.8430427719161436,0.8430427719161436,-19.974084127220273,-19.974084127220273,-19.974084127220273,0.0,0.0,0.0,162.83172590529767
2024-08-13,181.6791889600987,156.54692367646498,168.74491729600572,181.6791889600987,181.6791889600987,-19.200304721389692,-19.200304721389692,-19.200304721389692,0.7791610089049343,0.7791610089049343,0.7791610089049343,-19.97946573029463,-19.97946573029463,-19.97946573029463,0.0,0.0,0.0,162.478884238709
2024-08-14,181.39561065959563,155.71890043146385,168.20404175163384,181.39561065959563,181.39561065959563,-19.158472524739217,-19.158472524739217,-19.158472524739217,0.7853737221081922,0.7853737221081922,0.7853737221081922,-19.943846246847407,-19.943846246847407,-19.943846246847407,0.0,0.0,0.0,162.23713813485642
2024-08-15,181.11203235909255,155.78015924777094,168.206927155265,181.11203235909255,181.11203235909255,-19.32350251289482,-19.32350251289482,-19.32350251289482,0.5435685821678217,0.5435685821678217,0.5435685821678217,-19.86707109506264,-19.86707109506264,-19.86707109506264,0.0,0.0,0.0,161.78852984619772
2024-08-16,180.82845405858944,155.51938189271354,167.74568299868469,180.82845405858944,180.82845405858944,-18.971257265323008,-18.971257265323008,-18.971257265323008,0.7782146546330644,0.7782146546330644,0.7782146546330644,-19.749471919956076,-19.749471919956076,-19.749471919956076,0.0,0.0,0.0,161.85719679326644
2024-08-19,179.9777191570803,155.4752780835243,168.1390041648218,179.9777191570803,179.9777191570803,-18.318605271364337,-18.318605271364337,-18.318605271364337,0.8430427719181561,0.8430427719181561,0.8430427719181561,-19.161648043282494,-19.161648043282494,-19.161648043282494,0.0,0.0,0.0,161.65911388571595
2024-08-20,179.69414085657718,155.46428188521014,168.12564568675438,179.69414085657718,179.69414085657718,-18.113409669484646,-18.113409669484646,-18.113409669484646,0.7791610089054635,0.7791610089054635,0.7791610089054635,-18.89257067839011,-18.89257067839011,-18.89257067839011,0.0,0.0,0.0,161.58073118709254
2024-08-21,179.4105625560741,155.19232286939226,168.0208883799823,179.4105625560741,179.4105625560741,-17.804928870073642,-17.804928870073642,-17.804928870073642,0.785373722108094,0.785373722108094,0.785373722108094,-18.590302592181732,-18.590302592181732,-18.590302592181732,0.0,0.0,0.0,161.60563368600046
2024-08-22,179.12698425557102,154.83518530627612,167.52336838631032,179.12698425557102,179.12698425557102,-17.71365141948652,-17.71365141948652,-17.71365141948652,0.5435685821657495,0.5435685821657495,0.5435685821657495,-18.25722000165227,-18.25722000165227,-18.25722000165227,0.0,0.0,0.0,161.4133328360845
2024-08-23,178.84340595506794,155.74542288979725,167.8296871684304,178.84340595506794,178.84340595506794,-17.11763920612098,-17.11763920612098,-17.11763920612098,0.7782146546312402,0.7782146546312402,0.7782146546312402,-17.89585386075222,-17.89585386075222,-17.89585386075222,0.0,0.0,0.0,161.72576674894697
2024-08-26,177.9926710535587,155.9682104909424,168.07252235938267,177.9926710535587,177.9926710535587,-15.825521886952007,-15.825521886952007,-15.825521886952007,0.8430427719177708,0.8430427719177708,0.8430427719177708,-16.66856465886978,-16.66856465886978,-16.66856465886978,0.0,0.0,0.0,162.1671491666067
2024-08-27,177.70909275305561,156.01493321955064,168.46155092724658,177.70909275305561,177.70909275305561,-15.441478919865173,-15.441478919865173,-15.441478919865173,0.7791610089076018,0.7791610089076018,0.7791610089076018,-16.220639928772773,-16.220639928772773,-16.220639928772773,0.0,0.0,0.0,162.26761383319044
2024-08-28,177.42551445255253,156.07915285109374,168.5840635152631,177.42551445255253,177.42551445255253,-14.972270045160442,-14.972270045160442,-14.972270045160442,0.7853737221078883,0.7853737221078883,0.7853737221078883,-15.757643767268332,-15.757643767268332,-15.757643767268332,0.0,0.0,0.0,162.4532444073921
2024-08-29,177.14193615204945,156.51652125510444,169.1184174336665,177.14193615204945,177.14193615204945,-14.738483543540479,-14.738483543540479,-14.738483543540479,0.5435685821665424,0.5435685821665424,0.5435685821665424,-15.28205212570702,-15.28205212570702,-15.28205212570702,0.0,0.0,0.0,162.40345260850899
2024-08-30,176.88117590575632,157.09483714033632,169.09368472249213,176.88117590575632,176.88117590575632,-14.018011403797136,-14.018011403797136,-14.018011403797136,0.7782146546294156,0.7782146546294156,0.7782146546294156,-14.796226058426553,-14.796226058426553,-14.796226058426553,0.0,0.0,0.0,162.86316450195918
2024-09-03,175.8381349205839,157.491855594788,170.30532497790455,175.8381349205839,175.8381349205839,-12.014318345412924,-12.014318345412924,-12.014318345412924,0.7791610089067407,0.7791610089067407,0.7791610089067407,-12.793479354319663,-12.793479354319663,-12.793479354319663,0.0,0.0,0.0,163.82381657517098
2024-09-04,175.57737467429084,157.80168147650645,170.72895444809456,175.57737467429084,175.57737467429084,-11.502289273492135,-11.502289273492135,-11.502289273492135,0.785373722107897,0.785373722107897,0.785373722107897,-12.28766299560003,-12.28766299560003,-12.28766299560003,0.0,0.0,0.0,164.0750854007987
2024-09-05,175.31661442799773,158.00455489121757,170.3917419532599,175.31661442799773,175.31661442799773,-11.239809093107578,-11.239809093107578,-11.239809093107578,0.5435685821673351,0.5435685821673351,0.5435685821673351,-11.783377675274913,-11.783377675274913,-11.783377675274913,0.0,0.0,0.0,164.07680533489017
2024-09-06,175.05585418170463,158.17792077464713,170.6801268910498,175.05585418170463,175.05585418170463,-10.504109865816824,-10.504109865816824,-10.504109865816824,0.778214654629856,0.778214654629856,0.778214654629856,-11.28232452044668,-11.28232452044668,-11.28232452044668,0.0,0.0,0.0,164.55174431588782
2024-09-09,174.27357344282535,159.2127548308044,171.76653393671296,174.27357344282535,174.27357344282535,-8.972570146501258,-8.972570146501258,-8.972570146501258,0.8430427719193978,0.8430427719193978,0.8430427719193978,-9.815612918420657,-9.815612918420657,-9.815612918420657,0.0,0.0,0.0,165.3010032963241
2024-09-10,174.01281319653225,159.3104513229798,171.95999384799813,174.01281319653225,174.01281319653225,-8.565581620936902,-8.565581620936902,-8.565581620936902,0.7791610089058797,0.7791610089058797,0.7791610089058797,-9.344742629842782,-9.344742629842782,-9.344742629842782,0.0,0.0,0.0,165.44723157559534
2024-09-11,173.75205295023915,159.41495912615923,171.70227743152347,173.75205295023915,173.75205295023915,-8.100634129007387,-8.100634129007387,-8.100634129007387,0.7853737221076915,0.7853737221076915,0.7853737221076915,-8.886007851115078,-8.886007851115078,-8.886007851115078,0.0,0.0,0.0,165.65141882123177
2024-09-12,173.49129270394604,159.30215348088907,171.6979892322602,173.49129270394604,173.49129270394604,-7.897848464546881,-7.897848464546881,-7.897848464546881,0.5435685821652629,0.5435685821652629,0.5435685821652629,-8.441417046712143,-8.441417046712143,-8.441417046712143,0.0,0.0,0.0,165.59344423939916
2024-09-13,173.23053245765297,159.42632419847214,172.3571060581539,173.23053245765297,173.23053245765297,-7.2348632505398225,-7.2348632505398225,-7.2348632505398225,0.7782146546302962,0.7782146546302962,0.7782146546302962,-8.01307790517012,-8.01307790517012,-8.01307790517012,0.0,0.0,0.0,165.99566920711314
2024-09-16,172.44825171877366,160.2072317865241,172.547324205995,172.44825171877366,172.44825171877366,-6.004908812137565,-6.004908812137565,-6.004908812137565,0.8430427719214104,0.8430427719214104,0.8430427719214104,-6.847951584058975,-6.847951584058975,-6.847951584058975,0.0,0.0,0.0,166.4433429066361
2024-09-17,172.18749147248056,160.47362905097606,172.61819224909505,172.18749147248056,172.18749147248056,-5.728124679742253,-5.728124679742253,-5.728124679742253,0.7791610089064089,0.7791610089064089,0.7791610089064089,-6.507285688648662,-6.507285688648662,-6.507285688648662,0.0,0.0,0.0,166.4593667927383
2024-09-18,171.92673122618746,160.41255598425613,172.84639347680854,171.92673122618746,171.92673122618746,-5.408997764370839,-5.408997764370839,-5.408997764370839,0.7853737221082694,0.7853737221082694,0.7853737221082694,-6.194371486479109,-6.194371486479109,-6.194371486479109,0.0,0.0,0.0,166.51773346181662
2024-09-19,171.66597097989435,160.4213863234387,172.41257414308606,171.66597097989435,171.66597097989435,-5.3678967981948205,-5.3678967981948205,-5.3678967981948205,0.5435685821648581,0.5435685821648581,0.5435685821648581,-5.911465380359679,-5.911465380359679,-5.911465380359679,0.0,0.0,0.0,166.29807418169952
2024-09-20,171.40521073360128,160.32947764223942,173.02244326935903,171.40521073360128,171.40521073360128,-4.882476035374277,-4.882476035374277,-4.882476035374277,0.7782146546284717,0.7782146546284717,0.7782146546284717,-5.660690690002749,-5.660690690002749,-5.660690690002749,0.0,0.0,0.0,166.522734698227
2024-09-23,170.62292999472197,159.83345098779662,172.4099378041527,170.62292999472197,170.62292999472197,-4.275975454558446,-4.275975454558446,-4.275975454558446,0.8430427719153453,0.8430427719153453,0.8430427719153453,-5.119018226473791,-5.119018226473791,-5.119018226473791,0.0,0.0,0.0,166.34695454016352
2024-09-24,170.36216974842887,159.78239178336779,172.48552545456374,170.36216974842887,170.36216974842887,-4.233864753031119,-4.233864753031119,-4.233864753031119,0.7791610089069382,0.7791610089069382,0.7791610089069382,-5.013025761938057,-5.013025761938057,-5.013025761938057,0.0,0.0,0.0,166.12830499539774
2024-09-25,170.10140950213577,159.65758373221004,172.16534964611427,170.10140950213577,170.10140950213577,-4.16007145614516,-4.16007145614516,-4.16007145614516,0.7853737221081709,0.7853737221081709,0.7853737221081709,-4.9454451782533315,-4.9454451782533315,-4.9454451782533315,0.0,0.0,0.0,165.94133804599062
2024-09-26,169.84064925584264,158.87206886875956,171.38286295582603,169.84064925584264,169.84064925584264,-4.372622606268462,-4.372622606268462,-4.372622606268462,0.5435685821668482,0.5435685821668482,0.5435685821668482,-4.9161911884353096,-4.9161911884353096,-4.9161911884353096,0.0,0.0,0.0,165.46802664957417
2024-09-27,169.57988900954956,158.90371461276018,171.6624765426488,169.57988900954956,169.57988900954956,-4.146375912846429,-4.146375912846429,-4.146375912846429,0.7782146546266476,0.7782146546266476,0.7782146546266476,-4.924590567473076,-4.924590567473076,-4.924590567473076,0.0,0.0,0.0,165.43351309670314
2024-09-30,168.79760827067034,158.23134074749584,170.8629431733142,168.79760827067034,168.79760827067034,-4.316266612919686,-4.316266612919686,-4.316266612919686,0.8430427719149599,0.8430427719149599,0.8430427719149599,-5.159309384834646,-5.159309384834646,-5.159309384834646,0.0,0.0,0.0,164.48134165775065
2024-10-01,168.7911585426337,158.24194051911368,170.77713868034064,168.7911585426337,168.7911585426337,-4.519377933433467,-4.519377933433467,-4.519377933433467,0.7791610089060771,0.7791610089060771,0.7791610089060771,-5.298538942339544,-5.298538942339544,-5.298538942339544,0.0,0.0,0.0,164.27178060920022
2024-10-02,168.78470881459705,157.88068005907013,170.76037685240132,168.78470881459705,168.78470881459705,-4.6767627485215035,-4.6767627485215035,-4.6767627485215035,0.7853737221080728,0.7853737221080728,0.7853737221080728,-5.462136470629575,-5.462136470629575,-5.462136470629575,0.0,0.0,0.0,164.10794606607556
2024-10-03,168.7782590865604,157.1094854921671,170.03565549049273,168.7782590865604,168.7782590865604,-5.10187685874928,-5.10187685874928,-5.10187685874928,0.5435685821664438,0.5435685821664438,0.5435685821664438,-5.645445440915725,-5.645445440915725,-5.645445440915725,0.0,0.0,0.0,163.67638222781113
2024-10-04,168.77180935852377,157.52822077271802,169.55621410114438,168.77180935852377,168.77180935852377,-5.0650011576481395,-5.0650011576481395,-5.0650011576481395,0.7782146546320313,0.7782146546320313,0.7782146546320313,-5.843215812280171,-5.843215812280171,-5.843215812280171,0.0,0.0,0.0,163.70680820087563
2024-10-07,168.75246017441384,156.33088287976662,169.17067355217762,168.75246017441384,168.75246017441384,-5.620364452906457,-5.620364452906457,-5.620364452906457,0.8430427719193704,0.8430427719193704,0.8430427719193704,-6.4634072248258265,-6.4634072248258265,-6.4634072248258265,0.0,0.0,0.0,163.1320957215074
2024-10-08,168.7460104463772,156.98937953986777,169.22302335958165,168.7460104463772,168.7460104463772,-5.878168929901201,-5.878168929901201,-5.878168929901201,0.7791610089052161,0.7791610089052161,0.7791610089052161,-6.657329938806418,-6.657329938806418,-6.657329938806418,0.0,0.0,0.0,162.867841516476
2024-10-09,168.73956071834058,156.16417855195547,169.32857399888056,168.73956071834058,168.73956071834058,-6.048084276216874,-6.048084276216874,-6.048084276216874,0.7853737221086504,0.7853737221086504,0.7853737221086504,-6.833457998325524,-6.833457998325524,-6.833457998325524,0.0,0.0,0.0,162.6914764421237
2024-10-10,168.73311099030394,155.94881987763497,168.4498279104912,168.73311099030394,168.73311099030394,-6.441354266787402,-6.441354266787402,-6.441354266787402,0.5435685821672366,0.5435685821672366,0.5435685821672366,-6.984922848954639,-6.984922848954639,-6.984922848954639,0.0,0.0,0.0,162.29175672351653
2024-10-11,168.7266612622673,155.7803839334618,168.8951139647135,168.7266612622673,168.7266612622673,-6.326813941206235,-6.326813941206235,-6.326813941206235,0.7782146546324714,0.7782146546324714,0.7782146546324714,-7.105028595838706,-7.105028595838706,-7.105028595838706,0.0,0.0,0.0,162.39984732106106
2024-10-14,168.70731207815737,156.25870159611696,168.4857135663389,168.70731207815737,168.70731207815737,-6.3728252604938165,-6.3728252604938165,-6.3728252604938165,0.8430427719189848,0.8430427719189848,0.8430427719189848,-7.215868032412802,-7.215868032412802,-7.215868032412802,0.0,0.0,0.0,162.33448681766356
2024-10-15,168.70086235012073,156.33915512237755,168.4388216332805,168.70086235012073,168.70086235012073,-6.372926591535489,-6.372926591535489,-6.372926591535489,0.7791610089073542,0.7791610089073542,0.7791610089073542,-7.152087600442843,-7.152087600442843,-7.152087600442843,0.0,0.0,0.0,162.32793575858523
2024-10-16,168.6944126220841,155.92425085087788,168.48530723046656,168.6944126220841,168.6944126220841,-6.2456882294787395,-6.2456882294787395,-6.2456882294787395,0.7853737221085519,0.7853737221085519,0.7853737221085519,-7.031061951587291,-7.031061951587291,-7.031061951587291,0.0,0.0,0.0,162.44872439260536
2024-10-17,168.68796289404744,155.68037119518092,168.9663071980229,168.68796289404744,168.68796289404744,-6.306481720639646,-6.306481720639646,-6.306481720639646,0.5435685821668319,0.5435685821668319,0.5435685821668319,-6.850050302806479,-6.850050302806479,-6.850050302806479,0.0,0.0,0.0,162.3814811734078
2024-10-18,168.6815131660108,156.57204568456925,169.05243247627374,168.6815131660108,168.6815131660108,-5.829157821935987,-5.829157821935987,-5.829157821935987,0.7782146546283826,0.7782146546283826,0.7782146546283826,-6.607372476564369,-6.607372476564369,-6.607372476564369,0.0,0.0,0.0,162.85235534407482
2024-10-21,168.66216398190087,157.9259159921755,169.98948797022638,168.66216398190087,168.66216398190087,-4.666715183925432,-4.666715183925432,-4.666715183925432,0.8430427719209974,0.8430427719209974,0.8430427719209974,-5.509757955846429,-5.509757955846429,-5.509757955846429,0.0,0.0,0.0,163.99544879797546
2024-10-22,168.65571425386423,158.22133194458308,170.64725500407727,168.65571425386423,168.65571425386423,-4.247620470575071,-4.247620470575071,-4.247620470575071,0.779161008906493,0.779161008906493,0.779161008906493,-5.026781479481564,-5.026781479481564,-5.026781479481564,0.0,0.0,0.0,164.40809378328916
2024-10-23,168.6492645258276,158.63735410248196,171.43054014084214,168.6492645258276,168.6492645258276,-3.7058816327377406,-3.7058816327377406,-3.7058816327377406,0.7853737221083464,0.7853737221083464,0.7853737221083464,-4.491255354846087,-4.491255354846087,-4.491255354846087,0.0,0.0,0.0,164.94338289308985
2024-10-24,168.64281479779095,159.14035575028998,171.61475473364862,168.64281479779095,168.64281479779095,-3.3649019573352446,-3.3649019573352446,-3.3649019573352446,0.5435685821676247,0.5435685821676247,0.5435685821676247,-3.9084705395028694,-3.9084705395028694,-3.9084705395028694,0.0,0.0,0.0,165.2779128404557
2024-10-25,168.6363650697543,160.37120352837346,172.6052090031797,168.6363650697543,168.6363650697543,-2.506521815728306,-2.506521815728306,-2.506521815728306,0.778214654628823,0.778214654628823,0.778214654628823,-3.2847364703571293,-3.2847364703571293,-3.2847364703571293,0.0,0.0,0.0,166.12984325402599
2024-10-28,168.61701588564438,161.5253663437621,174.68061972780689,168.61701588564438,168.61701588564438,-0.4006649980830516,-0.4006649980830516,-0.4006649980830516,0.843042771920612,0.843042771920612,0.843042771920612,-1.2437077700036638,-1.2437077700036638,-1.2437077700036638,0.0,0.0,0.0,168.21635088756133
2024-10-29,168.61056615760774,162.88158397731155,175.23501789800315,168.61056615760774,168.61056615760774,0.2438974709919388,0.2438974709919388,0.2438974709919388,0.7791610089056319,0.7791610089056319,0.7791610089056319,-0.5352635379136931,-0.5352635379136931,-0.5352635379136931,0.0,0.0,0.0,168.85446362859966
2024-10-30,168.60411642957115,163.15600661313206,176.25135804634726,168.60411642957115,168.60411642957115,0.9573478094346622,0.9573478094346622,0.9573478094346622,0.7853737221083553,0.7853737221083553,0.7853737221083553,0.17197408732630703,0.17197408732630703,0.17197408732630703,0.0,0.0,0.0,169.5614642390058
2024-10-31,168.59766669817697,163.54193890649495,176.2286762543989,168.59766669817697,168.59766669817697,1.4122184369105262,1.4122184369105262,1.4122184369105262,0.5435685821655525,0.5435685821655525,0.5435685821655525,0.8686498547449737,0.8686498547449737,0.8686498547449737,0.0,0.0,0.0,170.0098851350875
2024-11-01,168.59121696678275,164.97814974327468,177.3125673306525,168.59121696678275,168.59121696678275,2.323772029376484,2.323772029376484,2.323772029376484,0.7782146546269986,0.7782146546269986,0.7782146546269986,1.5455573747494855,1.5455573747494855,1.5455573747494855,0.0,0.0,0.0,170.91498899615922
2024-11-04,168.57186777260017,166.60525752019882,179.27593326324683,168.57186777260017,168.57186777260017,4.215157597098257,4.215157597098257,4.215157597098257,0.8430427719226247,0.8430427719226247,0.8430427719226247,3.372114825175632,3.372114825175632,3.372114825175632,0.0,0.0,0.0,172.78702536969843
2024-11-05,168.56541804120596,167.07237466603317,179.88947577537468,168.56541804120596,168.56541804120596,4.667087911155082,4.667087911155082,4.667087911155082,0.7791610089091603,0.7791610089091603,0.7791610089091603,3.8879269022459217,3.8879269022459217,3.8879269022459217,0.0,0.0,0.0,173.23250595236104
2024-11-06,168.5589683098118,167.2156219020567,179.9009928474015,168.5589683098118,168.5589683098118,5.132489233142871,5.132489233142871,5.132489233142871,0.7853737221081498,0.7853737221081498,0.7853737221081498,4.347115511034722,4.347115511034722,4.347115511034722,0.0,0.0,0.0,173.69145754295468
2024-11-07,168.5525185784176,167.36218613456683,180.3879595067212,168.5525185784176,168.5525185784176,5.288943174445436,5.288943174445436,5.288943174445436,0.5435685821663453,0.5435685821663453,0.5435685821663453,4.745374592279091,4.745374592279091,4.745374592279091,0.0,0.0,0.0,173.84146175286304
2024-11-08,168.5460688470234,167.83168100336684,180.6488692246903,168.5460688470234,168.5460688470234,5.857954266900571,5.857954266900571,5.857954266900571,0.7782146546323826,0.7782146546323826,0.7782146546323826,5.079739612268188,5.079739612268188,5.079739612268188,0.0,0.0,0.0,174.40402311392398
2024-11-11,168.52671965284082,168.85018207297335,181.1519919502462,168.52671965284082,168.52671965284082,6.534553376552041,6.534553376552041,6.534553376552041,0.8430427719165595,0.8430427719165595,0.8430427719165595,5.691510604635481,5.691510604635481,5.691510604635481,0.0,0.0,0.0,175.06127302939288
2024-11-12,168.52026992144664,168.7869484089357,181.35013947505627,168.52026992144664,168.52026992144664,6.548949815052026,6.548949815052026,6.548949815052026,0.779161008906909,0.779161008906909,0.779161008906909,5.769788806145116,5.769788806145116,5.769788806145116,0.0,0.0,0.0,175.06921973649867
2024-11-13,168.51382019005246,168.72639043830355,181.68291360962957,168.51382019005246,168.51382019005246,6.576693612024538,6.576693612024538,6.576693612024538,0.7853737221079441,0.7853737221079441,0.7853737221079441,5.791319889916595,5.791319889916595,5.791319889916595,0.0,0.0,0.0,175.090513802077
2024-11-14,168.50737045865824,168.4105900257169,180.88642064267066,168.50737045865824,168.50737045865824,6.305401339445045,6.305401339445045,6.305401339445045,0.5435685821659408,0.5435685821659408,0.5435685821659408,5.761832757279104,5.761832757279104,5.761832757279104,0.0,0.0,0.0,174.81277179810328
2024-11-15,168.50092072726406,169.26068627607023,181.28224458403318,168.50092072726406,168.50092072726406,6.466516696434664,6.466516696434664,6.466516696434664,0.7782146546305582,0.7782146546305582,0.7782146546305582,5.688302041804105,5.688302041804105,5.688302041804105,0.0,0.0,0.0,174.96743742369873
2024-11-18,168.48157153308145,168.20466102672574,181.10673255431124,168.48157153308145,168.48157153308145,6.131738405181357,6.131738405181357,6.131738405181357,0.8430427719185721,0.8430427719185721,0.8430427719185721,5.288695633262786,5.288695633262786,5.288695633262786,0.0,0.0,0.0,174.6133099382628
2024-11-19,168.4751218016873,167.808499208139,181.19358575065732,168.4751218016873,168.4751218016873,5.907274165283079,5.907274165283079,5.907274165283079,0.7791610089074383,0.7791610089074383,0.7791610089074383,5.12811315637564,5.12811315637564,5.12811315637564,0.0,0.0,0.0,174.38239596697036
2024-11-20,168.46867207029308,168.22924688846632,180.54782368321682,168.46867207029308,168.46867207029308,5.756561327963579,5.756561327963579,5.756561327963579,0.7853737221078458,0.7853737221078458,0.7853737221078458,4.971187605855733,4.971187605855733,4.971187605855733,0.0,0.0,0.0,174.22523339825665
2024-11-21,168.4622223388989,167.79695468628591,179.8769337232261,168.4622223388989,168.4622223388989,5.372137990814663,5.372137990814663,5.372137990814663,0.5435685821679307,0.5435685821679307,0.5435685821679307,4.8285694086467315,4.8285694086467315,4.8285694086467315,0.0,0.0,0.0,173.83436032971355
2024-11-22,168.45577260750468,167.0085671121217,179.57323698007428,168.45577260750468,168.45577260750468,5.4889536747192365,5.4889536747192365,5.4889536747192365,0.778214654628734,0.778214654628734,0.778214654628734,4.710739020090503,4.710739020090503,4.710739020090503,0.0,0.0,0.0,173.9447262822239
2024-11-25,168.43642341332213,167.39459121726603,180.45452558124148,168.43642341332213,168.43642341332213,5.446373392005428,5.446373392005428,5.446373392005428,0.8430427719205847,0.8430427719205847,0.8430427719205847,4.603330620084843,4.603330620084843,4.603330620084843,0.0,0.0,0.0,173.88279680532756
2024-11-26,168.42997368192792,167.72897986886343,180.33806483768146,168.42997368192792,168.42997368192792,5.457152079575399,5.457152079575399,5.457152079575399,0.7791610089065774,0.7791610089065774,0.7791610089065774,4.677991070668822,4.677991070668822,4.677991070668822,0.0,0.0,0.0,173.8871257615033
2024-11-27,168.42352395053373,167.90502320767465,180.1268390334764,168.42352395053373,168.42352395053373,5.604780695822935,5.604780695822935,5.604780695822935,0.7853737221083166,0.7853737221083166,0.7853737221083166,4.819406973714619,4.819406973714619,4.819406973714619,0.0,0.0,0.0,174.02830464635667
2024-11-29,168.4106244877453,168.19605191215123,180.47492611552417,168.4106244877453,168.4106244877453,6.0990412583058555,6.0990412583058555,6.0990412583058555,0.7782146546269095,0.7782146546269095,0.7782146546269095,5.320826603678946,5.320826603678946,5.320826603678946,0.0,0.0,0.0,174.50966574605116
2024-12-02,168.39127540721512,169.56803240230815,182.21951795406758,168.39127540721512,168.39127540721512,7.490676647171716,7.490676647171716,7.490676647171716,0.8430427719145198,0.8430427719145198,0.8430427719145198,6.6476338752571955,6.6476338752571955,6.6476338752571955,0.0,0.0,0.0,175.88195205438683
2024-12-03,168.38482571370503,169.878482784408,182.67974359358993,168.38482571370503,168.38482571370503,8.018574291865358,8.018574291865358,8.018574291865358,0.7791610089057164,0.7791610089057164,0.7791610089057164,7.239413282959641,7.239413282959641,7.239413282959641,0.0,0.0,0.0,176.40340000557038
2024-12-04,168.378376020195,171.07932460201528,183.68094163230583,168.378376020195,168.378376020195,8.685138142409537,8.685138142409537,8.685138142409537,0.7853737221083253,0.7853737221083253,0.7853737221083253,7.899764420301212,7.899764420301212,7.899764420301212,0.0,0.0,0.0,177.06351416260452
2024-12-05,168.3719263266849,170.92708425812395,184.0358113558701,168.3719263266849,168.3719263266849,9.166330998353713,9.166330998353713,9.166330998353713,0.5435685821666513,0.5435685821666513,0.5435685821666513,8.622762416187063,8.622762416187063,8.622762416187063,0.0,0.0,0.0,177.53825732503861
2024-12-06,168.36547663317484,172.72117859274948,184.81318533169028,168.36547663317484,168.36547663317484,10.179388576763285,10.179388576763285,10.179388576763285,0.7782146546273497,0.7782146546273497,0.7782146546273497,9.401173922135936,9.401173922135936,9.401173922135936,0.0,0.0,0.0,178.5448652099381
2024-12-09,168.34612755264465,174.70345470603044,187.2834118615073,168.34612755264465,168.34612755264465,12.82353010164388,12.82353010164388,12.82353010164388,0.8430427719141341,0.8430427719141341,0.8430427719141341,11.980487329729746,11.980487329729746,11.980487329729746,0.0,0.0,0.0,181.16965765428853
2024-12-10,168.33967785913455,175.90280601236802,188.25281423644242,168.33967785913455,168.33967785913455,13.667360813806665,13.667360813806665,13.667360813806665,0.7791610089048553,0.7791610089048553,0.7791610089048553,12.888199804901811,12.888199804901811,12.888199804901811,0.0,0.0,0.0,182.0070386729412
2024-12-11,168.33322816562452,177.3478514624575,188.84992320771312,168.33322816562452,168.33322816562452,14.587355613016474,14.587355613016474,14.587355613016474,0.7853737221081197,0.7853737221081197,0.7853737221081197,13.801981890908353,13.801981890908353,13.801981890908353,0.0,0.0,0.0,182.920583778641
2024-12-12,168.32677847211443,177.0709813908329,189.61452583582223,168.32677847211443,168.32677847211443,15.254445953252887,15.254445953252887,15.254445953252887,0.5435685821662467,0.5435685821662467,0.5435685821662467,14.710877371086642,14.710877371086642,14.710877371086642,0.0,0.0,0.0,183.5812244253673
2024-12-13,168.32032877860436,177.88167704621804,191.3956071073064,168.32032877860436,168.32032877860436,16.382340158169338,16.382340158169338,16.382340158169338,0.7782146546327336,0.7782146546327336,0.7782146546327336,15.604125503536606,15.604125503536606,15.604125503536606,0.0,0.0,0.0,184.7026689367737
2024-12-16,168.30097969807417,180.8421680856418,193.0645170757964,168.30097969807417,168.30097969807417,18.933243170828156,18.933243170828156,18.933243170828156,0.8430427719185448,0.8430427719185448,0.8430427719185448,18.090200398909612,18.090200398909612,18.090200398909612,0.0,0.0,0.0,187.23422286890232
2024-12-17,168.29453000456408,181.87389291796728,193.93943536079107,168.29453000456408,168.29453000456408,19.604338855305997,19.604338855305997,19.604338855305997,0.7791610089053844,0.7791610089053844,0.7791610089053844,18.825177846400614,18.825177846400614,18.825177846400614,0.0,0.0,0.0,187.89886885987008
2024-12-18,168.28808031105402,182.0710428550065,194.86816480810973,168.28808031105402,168.28808031105402,20.286797123763506,20.286797123763506,20.286797123763506,0.7853737221080214,0.7853737221080214,0.7853737221080214,19.501423401655483,19.501423401655483,19.501423401655483,0.0,0.0,0.0,188.57487743481752
2024-12-19,168.28163061754395,182.39722477135274,195.609944275345,168.28163061754395,168.28163061754395,20.657320952785085,20.657320952785085,20.657320952785085,0.5435685821658423,0.5435685821658423,0.5435685821658423,20.11375237061924,20.11375237061924,20.11375237061924,0.0,0.0,0.0,188.93895157032904
2024-12-20,168.2751809240339,183.46938628124258,196.07186202806784,168.2751809240339,168.2751809240339,21.436642598679967,21.436642598679967,21.436642598679967,0.7782146546331737,0.7782146546331737,0.7782146546331737,20.658427944046792,20.658427944046792,20.658427944046792,0.0,0.0,0.0,189.71182352271387
2024-12-23,168.25583184350367,184.89758077227867,196.97051043079495,168.25583184350367,168.25583184350367,22.71503583810303,22.71503583810303,22.71503583810303,0.8430427719181594,0.8430427719181594,0.8430427719181594,21.871993066184874,21.871993066184874,21.871993066184874,0.0,0.0,0.0,190.9708676816067
2024-12-24,168.2493821499936,185.26214635899103,197.71461398068487,168.2493821499936,168.2493821499936,22.9183146333168,22.9183146333168,22.9183146333168,0.7791610089075224,0.7791610089075224,0.7791610089075224,22.13915362440928,22.13915362440928,22.13915362440928,0.0,0.0,0.0,191.16769678331042
2024-12-26,168.23648276297345,185.00236153694695,197.95963276706178,168.23648276297345,168.23648276297345,23.031241809050112,23.031241809050112,23.031241809050112,0.5435685821678321,0.5435685821678321,0.5435685821678321,22.48767322688228,22.48767322688228,22.48767322688228,0.0,0.0,0.0,191.26772457202355
2024-12-27,168.23003306946342,185.4914482358849,197.57374505598793,168.23003306946342,168.23003306946342,23.358504146133974,23.358504146133974,23.358504146133974,0.7782146546290852,0.7782146546290852,0.7782146546290852,22.58028949150489,22.58028949150489,22.58028949150489,0.0,0.0,0.0,191.5885372155974
2024-12-30,168.2106839889332,185.2383769918601,198.02808201749616,168.2106839889332,168.2106839889332,23.462767796735633,23.462767796735633,23.462767796735633,0.8430427719177739,0.8430427719177739,0.8430427719177739,22.61972502481786,22.61972502481786,22.61972502481786,0.0,0.0,0.0,191.67345178566882
2024-12-31,168.20423429542313,185.27621491033227,197.58714645110288,168.20423429542313,168.20423429542313,23.360958461901298,23.360958461901298,23.360958461901298,0.7791610089080516,0.7791610089080516,0.7791610089080516,22.581797452993243,22.581797452993243,22.581797452993243,0.0,0.0,0.0,191.56519275732444
2025-01-02,168.19133490840298,184.70662401930286,197.42582452039065,168.19133490840298,168.19133490840298,23.02694007694024,23.02694007694024,23.02694007694024,0.5435685821674278,0.5435685821674278,0.5435685821674278,22.48337149477281,22.48337149477281,22.48337149477281,0.0,0.0,0.0,191.21827498534321
2025-01-03,168.17291317579895,185.23671460883438,197.4940084674435,168.17291317579895,168.17291317579895,23.218803487535883,23.218803487535883,23.218803487535883,0.7782146546295252,0.7782146546295252,0.7782146546295252,22.440588832906357,22.440588832906357,22.440588832906357,0.0,0.0,0.0,191.39171666333485
2025-01-06,168.11764797798696,185.50501378383223,197.90676836370412,168.11764797798696,168.11764797798696,23.276329763218737,23.276329763218737,23.276329763218737,0.8430427719221847,0.8430427719221847,0.8430427719221847,22.43328699129655,22.43328699129655,22.43328699129655,0.0,0.0,0.0,191.3939777412057
2025-01-07,168.09922624538294,184.9129939018442,197.6925807082982,168.09922624538294,168.09922624538294,23.271979563822324,23.271979563822324,23.271979563822324,0.7791610089058004,0.7791610089058004,0.7791610089058004,22.49281855491652,22.49281855491652,22.49281855491652,0.0,0.0,0.0,191.37120580920526
2025-01-08,168.0808045127789,185.55485631599532,197.90921924381203,168.0808045127789,168.0808045127789,23.376779170065277,23.376779170065277,23.376779170065277,0.7853737221084024,0.7853737221084024,0.7853737221084024,22.591405447956877,22.591405447956877,22.591405447956877,0.0,0.0,0.0,191.4575836828442
2025-01-10,168.0439610475709,185.4100156703756,198.2682763767423,168.0439610475709,168.0439610475709,23.694345989863468,23.694345989863468,23.694345989863468,0.7782146546299655,0.7782146546299655,0.7782146546299655,22.916131335233505,22.916131335233505,22.916131335233505,0.0,0.0,0.0,191.73830703743437
2025-01-13,167.98869584975887,186.47799854594905,198.75389236526723,167.98869584975887,167.98869584975887,24.567159587863685,24.567159587863685,24.567159587863685,0.8430427719217991,0.8430427719217991,0.8430427719217991,23.724116815941887,23.724116815941887,23.724116815941887,0.0,0.0,0.0,192.55585543762254
2025-01-14,167.97027411715487,186.2921495329437,199.08182492330408,167.97027411715487,167.97027411715487,24.84885720806494,24.84885720806494,24.84885720806494,0.7791610089063297,0.7791610089063297,0.7791610089063297,24.069696199158606,24.069696199158606,24.069696199158606,0.0,0.0,0.0,192.81913132521981
2025-01-15,167.95185238455085,186.78834024421565,199.36328308344184,167.95185238455085,167.95185238455085,25.231006680114007,25.231006680114007,25.231006680114007,0.785373722108304,0.785373722108304,0.785373722108304,24.445632958005703,24.445632958005703,24.445632958005703,0.0,0.0,0.0,193.18285906466485
2025-01-16,167.93343065194685,186.57157608028666,199.54290631255478,167.93343065194685,167.93343065194685,25.389062467862875,25.389062467862875,25.389062467862875,0.5435685821649511,0.5435685821649511,0.5435685821649511,24.845493885697927,24.845493885697927,24.845493885697927,0.0,0.0,0.0,193.32249311980974
2025-01-17,167.91500891934285,187.94791411732547,200.4459250502458,167.91500891934285,167.91500891934285,26.04006710001693,26.04006710001693,26.04006710001693,0.7782146546258768,0.7782146546258768,0.7782146546258768,25.261852445391053,25.261852445391053,25.261852445391053,0.0,0.0,0.0,193.95507601935978
2025-01-21,167.84132198892678,189.2334506674252,202.3339827422932,167.84132198892678,167.84132198892678,27.697782010060553,27.697782010060553,27.697782010060553,0.779161008906859,0.779161008906859,0.779161008906859,26.918621001153696,26.918621001153696,26.918621001153696,0.0,0.0,0.0,195.53910399898734
2025-01-22,167.8229002563228,189.2379413705853,201.93373359647916,167.8229002563228,167.8229002563228,28.069029773768744,28.069029773768744,28.069029773768744,0.7853737221080984,0.7853737221080984,0.7853737221080984,27.283656051660646,27.283656051660646,27.283656051660646,0.0,0.0,0.0,195.89193003009154
2025-01-23,167.80447852371879,190.26955620352507,202.7105815779712,167.80447852371879,167.80447852371879,28.15350592162916,28.15350592162916,28.15350592162916,0.5435685821657439,0.5435685821657439,0.5435685821657439,27.609937339463418,27.609937339463418,27.609937339463418,0.0,0.0,0.0,195.95798444534796
2025-01-24,167.78605679111476,189.99197058467348,202.63235195036194,167.78605679111476,167.78605679111476,28.666556411385333,28.666556411385333,28.666556411385333,0.7782146546263168,0.7782146546263168,0.7782146546263168,27.888341756759015,27.888341756759015,27.888341756759015,0.0,0.0,0.0,196.4526132025001
2025-01-27,167.73079159330277,190.2946090177902,203.00131852021565,167.73079159330277,167.73079159330277,29.197415236366894,29.197415236366894,29.197415236366894,0.8430427719153486,0.8430427719153486,0.8430427719153486,28.354372464451544,28.354372464451544,28.354372464451544,0.0,0.0,0.0,196.92820682966965
2025-01-28,167.71236986069874,190.48527386732258,203.19566882206152,167.71236986069874,167.71236986069874,29.14275318923449,29.14275318923449,29.14275318923449,0.7791610089046075,0.7791610089046075,0.7791610089046075,28.36359218032988,28.36359218032988,28.36359218032988,0.0,0.0,0.0,196.85512304993324
2025-01-29,167.69394812809472,190.56548232066683,203.02364894110326,167.69394812809472,167.69394812809472,29.076189370501144,29.076189370501144,29.076189370501144,0.7853737221081073,0.7853737221081073,0.7853737221081073,28.290815648393036,28.290815648393036,28.290815648393036,0.0,0.0,0.0,196.77013749859586
2025-01-30,167.67552639549072,190.01029155105024,202.58223963588563,167.67552639549072,167.67552639549072,28.67602782508621,28.67602782508621,28.67602782508621,0.5435685821665365,0.5435685821665365,0.5435685821665365,28.132459242919673,28.132459242919673,28.132459242919673,0.0,0.0,0.0,196.35155422057693
2025-01-31,167.6571046628867,189.6212628370745,202.6839476507953,167.6571046628867,167.6571046628867,28.664435794363904,28.664435794363904,28.664435794363904,0.7782146546317006,0.7782146546317006,0.7782146546317006,27.886221139732204,27.886221139732204,27.886221139732204,0.0,0.0,0.0,196.3215404572506
2025-02-03,167.60183946507468,188.51437788640774,201.61386971763332,167.60183946507468,167.60183946507468,27.459967940378313,27.459967940378313,27.459967940378313,0.8430427719173611,0.8430427719173611,0.8430427719173611,26.61692516846095,26.61692516846095,26.61692516846095,0.0,0.0,0.0,195.06180740545298
2025-02-04,167.5834177324707,187.72137225248505,200.6078202484999,167.5834177324707,167.5834177324707,26.801518592926477,26.801518592926477,26.801518592926477,0.7791610089081357,0.7791610089081357,0.7791610089081357,26.02235758401834,26.02235758401834,26.02235758401834,0.0,0.0,0.0,194.38493632539718
2025-02-05,167.47333508357542,187.2674063205776,200.27598011490662,167.47333508357542,167.47333508357542,26.133205745548747,26.133205745548747,26.133205745548747,0.785373722108578,0.785373722108578,0.785373722108578,25.34783202344017,25.34783202344017,25.34783202344017,0.0,0.0,0.0,193.60654082912416
2025-02-06,167.3632524346801,186.38069471249577,198.90342324267633,167.3632524346801,167.3632524346801,25.142067284403876,25.142067284403876,25.142067284403876,0.5435685821673292,0.5435685821673292,0.5435685821673292,24.598498702236547,24.598498702236547,24.598498702236547,0.0,0.0,0.0,192.50531971908399
2025-02-07,167.25316978578482,185.90049370980202,197.97225521974596,167.25316978578482,167.25316978578482,24.558697767611402,24.558697767611402,24.558697767611402,0.7782146546321409,0.7782146546321409,0.7782146546321409,23.780483112979265,23.780483112979265,23.780483112979265,0.0,0.0,0.0,191.8118675533962
2025-02-10,166.92292183909888,182.80766869493303,194.77010129839553,166.92292183909888,166.92292183909888,21.830500470219288,21.830500470219288,21.830500470219288,0.8430427719193738,0.8430427719193738,0.8430427719193738,20.987457698299913,20.987457698299913,20.987457698299913,0.0,0.0,0.0,188.75342230931815
2025-02-11,166.81283919020353,181.5472859293799,193.7014795788811,166.81283919020353,166.81283919020353,20.74992006137843,20.74992006137843,20.74992006137843,0.7791610089058845,0.7791610089058845,0.7791610089058845,19.970759052472545,19.970759052472545,19.970759052472545,0.0,0.0,0.0,187.56275925158195
2025-02-12,166.70275654130822,179.78578476324327,192.13726557627893,166.70275654130822,166.70275654130822,19.711166270910045,19.711166270910045,19.711166270910045,0.7853737221084792,0.7853737221084792,0.7853737221084792,18.925792548801567,18.925792548801567,18.925792548801567,0.0,0.0,0.0,186.41392281221826
2025-02-13,166.5926738924129,178.97438323915802,191.26770759409837,166.5926738924129,166.5926738924129,18.405100412061646,18.405100412061646,18.405100412061646,0.5435685821669248,0.5435685821669248,0.5435685821669248,17.86153182989472,17.86153182989472,17.86153182989472,0.0,0.0,0.0,184.99777430447455
2025-02-14,166.4825912435176,177.87570785708624,190.53857762552,166.4825912435176,166.4825912435176,17.565103101129147,17.565103101129147,17.565103101129147,0.7782146546303166,0.7782146546303166,0.7782146546303166,16.78688844649883,16.78688844649883,16.78688844649883,0.0,0.0,0.0,184.04769434464674
2025-02-18,166.0422606479364,172.84509743514508,185.52433580421282,166.0422606479364,166.0422606479364,13.331980063107997,13.331980063107997,13.331980063107997,0.7791610089064137,0.7791610089064137,0.7791610089064137,12.552819054201585,12.552819054201585,12.552819054201585,0.0,0.0,0.0,179.3742407110444
2025-02-19,165.93217799904107,171.95895135095873,184.3334949689463,165.93217799904107,165.93217799904107,12.333734899665746,12.333734899665746,12.333734899665746,0.7853737221082738,0.7853737221082738,0.7853737221082738,11.548361177557473,11.548361177557473,11.548361177557473,0.0,0.0,0.0,178.26591289870683
2025-02-20,165.82209535014576,171.06796198775228,183.32326841903208,165.82209535014576,165.82209535014576,11.122065048563732,11.122065048563732,11.122065048563732,0.5435685821689147,0.5435685821689147,0.5435685821689147,10.578496466394817,10.578496466394817,10.578496466394817,0.0,0.0,0.0,176.9441603987095
2025-02-21,165.71201270125044,170.16659971200542,182.41101492819314,165.71201270125044,165.71201270125044,10.426620364349064,10.426620364349064,10.426620364349064,0.7782146546334362,0.7782146546334362,0.7782146546334362,9.648405709715629,9.648405709715629,9.648405709715629,0.0,0.0,0.0,176.13863306559952
2025-02-24,165.38176475456453,167.1864933776325,179.938770031434,165.38176475456453,165.38176475456453,7.979257576944596,7.979257576944596,7.979257576944596,0.8430427719210009,0.8430427719210009,0.8430427719210009,7.136214805023595,7.136214805023595,7.136214805023595,0.0,0.0,0.0,173.36102233150913
2025-02-25,165.27168210566924,165.7145923959403,179.03560528760664,165.27168210566924,165.27168210566924,7.179638586107774,7.179638586107774,7.179638586107774,0.7791610089055528,0.7791610089055528,0.7791610089055528,6.400477577202221,6.400477577202221,6.400477577202221,0.0,0.0,0.0,172.45132069177703
2025-02-26,165.16159945677393,165.1797901602934,178.03217926988643,165.16159945677393,165.16159945677393,6.50338284850122,6.50338284850122,6.50338284850122,0.7853737221080683,0.7853737221080683,0.7853737221080683,5.718009126393151,5.718009126393151,5.718009126393151,0.0,0.0,0.0,171.66498230527515
2025-02-27,165.05151680787858,164.11119607690537,177.05466467618464,165.05151680787858,165.05151680787858,5.632682056908401,5.632682056908401,5.632682056908401,0.5435685821656453,0.5435685821656453,0.5435685821656453,5.0891134747427555,5.0891134747427555,5.0891134747427555,0.0,0.0,0.0,170.684198864787
2025-02-28,164.94143415898327,164.3041028094787,176.60271108924223,164.94143415898327,164.94143415898327,5.291603531004891,5.291603531004891,5.291603531004891,0.7782146546316118,0.7782146546316118,0.7782146546316118,4.51338887637328,4.51338887637328,4.51338887637328,0.0,0.0,0.0,170.23303768998815
2025-03-03,164.61118621229735,162.55333537734234,175.0619693804955,164.61118621229735,164.61118621229735,3.9350005266186177,3.9350005266186177,3.9350005266186177,0.8430427719173339,0.8430427719173339,0.8430427719173339,3.091957754701284,3.091957754701284,3.091957754701284,0.0,0.0,0.0,168.54618673891596
2025-03-04,164.50110356340204,161.75486021907466,174.48406996864935,164.50110356340204,164.50110356340204,3.492199868023403,3.492199868023403,3.492199868023403,0.779161008907691,0.779161008907691,0.779161008907691,2.713038859115712,2.713038859115712,2.713038859115712,0.0,0.0,0.0,167.99330343142543
2025-03-05,164.39102091450675,161.57334960273778,173.84643913540842,164.39102091450675,164.39102091450675,3.1623922901848154,3.1623922901848154,3.1623922901848154,0.7853737221080772,0.7853737221080772,0.7853737221080772,2.377018568076738,2.377018568076738,2.377018568076738,0.0,0.0,0.0,167.55341320469157
2025-03-06,164.28093826561144,160.64854748256033,172.96414359037217,164.28093826561144,164.28093826561144,2.6242746862751702,2.6242746862751702,2.6242746862751702,0.5435685821664381,0.5435685821664381,0.5435685821664381,2.080706104108732,2.080706104108732,2.080706104108732,0.0,0.0,0.0,166.9052129518866
2025-03-07,164.17085561671612,160.98101307583758,173.31727865393793,164.17085561671612,164.17085561671612,2.598920140832987,2.598920140832987,2.598920140832987,0.7782146546320517,0.7782146546320517,0.7782146546320517,1.8207054862009355,1.8207054862009355,1.8207054862009355,0.0,0.0,0.0,166.7697757575491
2025-03-10,163.84060772623857,159.94749487325635,172.53088735501885,163.84060772623857,163.84060772623857,2.0659945418056584,2.0659945418056584,2.0659945418056584,0.8430427719169484,0.8430427719169484,0.8430427719169484,1.2229517698887098,1.2229517698887098,1.2229517698887098,0.0,0.0,0.0,165.90660226804422
2025-03-11,163.73052509607936,159.72232480721408,171.7479997237073,163.73052509607936,163.73052509607936,1.8516029234301743,1.8516029234301743,1.8516029234301743,0.7791610089068298,0.7791610089068298,0.7791610089068298,1.0724419145233444,1.0724419145233444,1.0724419145233444,0.0,0.0,0.0,165.58212801950953
2025-03-12,163.62044246592018,159.3301665685273,171.62925533860252,163.62044246592018,163.62044246592018,1.725786372615607,1.725786372615607,1.725786372615607,0.7853737221078716,0.7853737221078716,0.7853737221078716,0.9404126505077355,0.9404126505077355,0.9404126505077355,0.0,0.0,0.0,165.34622883853578
2025-03-13,163.510359835761,158.7974867599458,170.93819232082214,163.510359835761,163.510359835761,1.3670561991551264,1.3670561991551264,1.3670561991551264,0.5435685821660334,0.5435685821660334,0.5435685821660334,0.8234876169890929,0.8234876169890929,0.8234876169890929,0.0,0.0,0.0,164.8774160349161
2025-03-14,163.4002772056018,158.83678665486954,171.2053723144378,163.4002772056018,163.4002772056018,1.4966569512273262,1.4966569512273262,1.4966569512273262,0.7782146546302275,0.7782146546302275,0.7782146546302275,0.7184422965970987,0.7184422965970987,0.7184422965970987,0.0,0.0,0.0,164.89693415682913
2025-03-17,163.07002931512423,157.85741379436055,170.7316665324008,163.07002931512423,163.07002931512423,1.2881339077870158,1.2881339077870158,1.2881339077870158,0.843042771921359,0.843042771921359,0.843042771921359,0.44509113586565685,0.44509113586565685,0.44509113586565685,0.0,0.0,0.0,164.35816322291126
2025-03-18,162.95994668496502,157.657932677676,170.4201461319341,162.95994668496502,162.95994668496502,1.1382547401540986,1.1382547401540986,1.1382547401540986,0.7791610089073588,0.7791610089073588,0.7791610089073588,0.35909373124673966,0.35909373124673966,0.35909373124673966,0.0,0.0,0.0,164.09820142511913
2025-03-19,162.84986405480586,157.7486595400855,170.21086222569897,162.84986405480586,162.84986405480586,1.0571674205431743,1.0571674205431743,1.0571674205431743,0.7853737221077732,0.7853737221077732,0.7853737221077732,0.27179369843540097,0.27179369843540097,0.27179369843540097,0.0,0.0,0.0,163.90703147534904
2025-03-20,162.73978142464668,157.23416877741587,169.4821737418389,162.73978142464668,162.73978142464668,0.7247752562368974,0.7247752562368974,0.7247752562368974,0.5435685821651586,0.5435685821651586,0.5435685821651586,0.1812066740717389,0.1812066740717389,0.1812066740717389,0.0,0.0,0.0,163.4645566808836
2025-03-21,162.62969879448747,157.06635110595917,169.3020369418424,162.62969879448747,162.62969879448747,0.8637854387947362,0.8637854387947362,0.8637854387947362,0.7782146546306677,0.7782146546306677,0.7782146546306677,0.08557078416406852,0.08557078416406852,0.08557078416406852,0.0,0.0,0.0,163.4934842332822
2025-03-24,162.29945090400992,156.59400302487148,169.1146292838386,162.29945090400992,162.29945090400992,0.5970886615564976,0.5970886615564976,0.5970886615564976,0.8430427719209734,0.8430427719209734,0.8430427719209734,-0.24595411036447581,-0.24595411036447581,-0.24595411036447581,0.0,0.0,0.0,162.8965395655664
2025-03-25,162.1893682738507,155.97778438908915,168.75610065345523,162.1893682738507,162.1893682738507,0.4041323670533274,0.4041323670533274,0.4041323670533274,0.7791610089064981,0.7791610089064981,0.7791610089064981,-0.3750286418531707,-0.3750286418531707,-0.3750286418531707,0.0,0.0,0.0,162.59350064090404
2025-03-26,162.07928564369152,155.87396800652232,168.5762678983475,162.07928564369152,162.07928564369152,0.27067369247154716,0.27067369247154716,0.27067369247154716,0.785373722108351,0.785373722108351,0.785373722108351,-0.514700029636804,-0.514700029636804,-0.514700029636804,0.0,0.0,0.0,162.34995933616307
2025-03-27,161.96920301353236,155.346947371339,167.72604133921016,161.96920301353236,161.96920301353236,-0.12187032427966873,-0.12187032427966873,-0.12187032427966873,0.5435685821659512,0.5435685821659512,0.5435685821659512,-0.6654389064456199,-0.6654389064456199,-0.6654389064456199,0.0,0.0,0.0,161.8473326892527
2025-03-28,161.85912038337315,155.51978080776036,167.74320609140028,161.85912038337315,161.85912038337315,-0.04928931325416504,-0.04928931325416504,-0.04928931325416504,0.778214654626579,0.778214654626579,0.778214654626579,-0.8275039678807441,-0.8275039678807441,-0.8275039678807441,0.0,0.0,0.0,161.80983107011897
2025-03-31,161.5288724928956,154.65747457509104,167.0542902990155,161.5288724928956,161.5288724928956,-0.5379902483955952,-0.5379902483955952,-0.5379902483955952,0.8430427719149084,0.8430427719149084,0.8430427719149084,-1.3810330203105035,-1.3810330203105035,-1.3810330203105035,0.0,0.0,0.0,160.9908822445
2025-04-01,161.4187898627364,154.886830637503,167.1138866472755,161.4187898627364,161.4187898627364,-0.8075346903970644,-0.8075346903970644,-0.8075346903970644,0.7791610089070273,0.7791610089070273,0.7791610089070273,-1.5866956993040917,-1.5866956993040917,-1.5866956993040917,0.0,0.0,0.0,160.61125517233933
2025-04-02,161.30870723257723,153.62544593176378,166.4739770322522,161.30870723257723,161.30870723257723,-1.0163674424392308,-1.0163674424392308,-1.0163674424392308,0.7853737221082526,0.7853737221082526,0.7853737221082526,-1.8017411645474837,-1.8017411645474837,-1.8017411645474837,0.0,0.0,0.0,160.29233979013802
2025-04-03,161.19862460241802,153.88274297446276,166.3292831946423,161.19862460241802,161.19862460241802,-1.481554817750648,-1.481554817750648,-1.481554817750648,0.543568582166744,0.543568582166744,0.543568582166744,-2.025123399917392,-2.025123399917392,-2.025123399917392,0.0,0.0,0.0,159.7170697846674
2025-04-04,161.0885419722588,153.52578924319803,166.06148158905083,161.0885419722588,161.0885419722588,-1.4773642894308205,-1.4773642894308205,-1.4773642894308205,0.7782146546270191,0.7782146546270191,0.7782146546270191,-2.2555789440578398,-2.2555789440578398,-2.2555789440578398,0.0,0.0,0.0,159.611177682828
2025-04-07,160.7582940817813,152.30873580735803,165.09441353451805,160.7582940817813,160.7582940817813,-2.130573881459383,-2.130573881459383,-2.130573881459383,0.8430427719169209,0.8430427719169209,0.8430427719169209,-2.973616653376304,-2.973616653376304,-2.973616653376304,0.0,0.0,0.0,158.6277202003219
2025-04-08,160.68577197492615,151.9990724027551,164.28761626672033,160.68577197492615,160.68577197492615,-2.43646560586852,-2.43646560586852,-2.43646560586852,0.7791610089047761,0.7791610089047761,0.7791610089047761,-3.2156266147732957,-3.2156266147732957,-3.2156266147732957,0.0,0.0,0.0,158.24930636905765
2025-04-09,160.613249868071,151.61136023296177,163.73592478382332,160.613249868071,160.613249868071,-2.6700525868183766,-2.6700525868183766,-2.6700525868183766,0.785373722108047,0.785373722108047,0.785373722108047,-3.4554263089264246,-3.4554263089264246,-3.4554263089264246,0.0,0.0,0.0,157.94319728125262
2025-04-10,160.5407277612159,150.57169827692636,163.3224495299,160.5407277612159,160.5407277612159,-3.1471098709069945,-3.1471098709069945,-3.1471098709069945,0.5435685821663395,0.5435685821663395,0.5435685821663395,-3.690678453073334,-3.690678453073334,-3.690678453073334,0.0,0.0,0.0,157.3936178903089
2025-04-11,160.46820565436073,150.91385906853085,163.47464901383515,160.46820565436073,160.46820565436073,-3.1407284679901575,-3.1407284679901575,-3.1407284679901575,0.778214654632403,0.778214654632403,0.778214654632403,-3.91894312262256,-3.91894312262256,-3.91894312262256,0.0,0.0,0.0,157.32747718637057
2025-04-14,160.25063933379533,150.31869793798188,163.21537649207949,160.25063933379533,160.25063933379533,-3.693556195932487,-3.693556195932487,-3.693556195932487,0.8430427719189335,0.8430427719189335,0.8430427719189335,-4.536598967851421,-4.536598967851421,-4.536598967851421,0.0,0.0,0.0,156.55708313786283
2025-04-15,160.1781172269402,149.83291878889034,162.4161498546334,160.1781172269402,160.1781172269402,-3.9325430901887297,-3.9325430901887297,-3.9325430901887297,0.7791610089053053,0.7791610089053053,0.7791610089053053,-4.711704099094035,-4.711704099094035,-4.711704099094035,0.0,0.0,0.0,156.2455741367515
2025-04-16,160.10559512008507,149.67686860250282,161.78878045758634,160.10559512008507,160.10559512008507,-4.081997236588675,-4.081997236588675,-4.081997236588675,0.7853737221087319,0.7853737221087319,0.7853737221087319,-4.867370958697406,-4.867370958697406,-4.867370958697406,0.0,0.0,0.0,156.0235978834964
2025-04-17,160.03307301322994,149.81815023360633,161.5867530809443,160.03307301322994,160.03307301322994,-4.457788398358089,-4.457788398358089,-4.457788398358089,0.5435685821659351,0.5435685821659351,0.5435685821659351,-5.001356980524023,-5.001356980524023,-5.001356980524023,0.0,0.0,0.0,155.57528461487186
2025-04-21,159.74298458580938,148.74117561387158,161.67663334116793,159.74298458580938,159.74298458580938,-4.440124741021791,-4.440124741021791,-4.440124741021791,0.843042771918548,0.843042771918548,0.843042771918548,-5.283167512940339,-5.283167512940339,-5.283167512940339,0.0,0.0,0.0,155.30285984478758
2025-04-22,159.67046247895425,149.287275507577,161.52906868290066,159.67046247895425,159.67046247895425,-4.504067020308413,-4.504067020308413,-4.504067020308413,0.7791610089074432,0.7791610089074432,0.7791610089074432,-5.283228029215857,-5.283228029215857,-5.283228029215857,0.0,0.0,0.0,155.16639545864584
2025-04-23,159.59794037209912,149.24032508263636,161.09521538759552,159.59794037209912,159.59794037209912,-4.468209869077258,-4.468209869077258,-4.468209869077258,0.7853737221085265,0.7853737221085265,0.7853737221085265,-5.253583591185785,-5.253583591185785,-5.253583591185785,0.0,0.0,0.0,155.12973050302185
2025-04-24,159.52541826524399,148.80434314923446,161.25247458122425,159.52541826524399,159.52541826524399,-4.6505713598218765,-4.6505713598218765,-4.6505713598218765,0.5435685821667277,0.5435685821667277,0.5435685821667277,-5.194139941988604,-5.194139941988604,-5.194139941988604,0.0,0.0,0.0,154.87484690542212
2025-04-25,159.45289615838885,148.82572478078802,161.2430819748193,159.45289615838885,159.45289615838885,-4.327008476063319,-4.327008476063319,-4.327008476063319,0.7782146546287545,0.7782146546287545,0.7782146546287545,-5.105223130692075,-5.105223130692075,-5.105223130692075,0.0,0.0,0.0,155.12588768232553
2025-04-28,159.23532983782346,148.7691040020174,161.804228060961,159.23532983782346,159.23532983782346,-3.8282886883269693,-3.8282886883269693,-3.8282886883269693,0.8430427719181626,0.8430427719181626,0.8430427719181626,-4.671331460245132,-4.671331460245132,-4.671331460245132,0.0,0.0,0.0,155.40704114949648
2025-04-29,159.1628077309683,149.06895656600554,161.67288860767255,159.1628077309683,159.1628077309683,-3.697173365426138,-3.697173365426138,-3.697173365426138,0.7791610089065821,0.7791610089065821,0.7791610089065821,-4.47633437433272,-4.47633437433272,-4.47633437433272,0.0,0.0,0.0,155.46563436554217
2025-04-30,159.0902856241132,149.1391984234433,161.7320675616076,159.0902856241132,159.0902856241132,-3.4744576042228026,-3.4744576042228026,-3.4744576042228026,0.7853737221085352,0.7853737221085352,0.7853737221085352,-4.259831326331338,-4.259831326331338,-4.259831326331338,0.0,0.0,0.0,155.6158280198904
2025-05-01,159.01776351725803,149.1385307692297,162.01261184887795,159.01776351725803,159.01776351725803,-3.481007997945302,-3.481007997945302,-3.481007997945302,0.5435685821675205,0.5435685821675205,0.5435685821675205,-4.0245765801128215,-4.0245765801128215,-4.0245765801128215,0.0,0.0,0.0,155.53675551931272
2025-05-02,158.9452414104029,149.812887399086,161.95874645616163,158.9452414104029,158.9452414104029,-2.995425066861666,-2.995425066861666,-2.995425066861666,0.7782146546291946,0.7782146546291946,0.7782146546291946,-3.7736397214908606,-3.7736397214908606,-3.7736397214908606,0.0,0.0,0.0,155.94981634354124
2025-05-05,158.7276750898375,150.39709679437695,162.98264132501916,158.7276750898375,158.7276750898375,-2.1181530966856057,-2.1181530966856057,-2.1181530966856057,0.8430427719201751,0.8430427719201751,0.8430427719201751,-2.961195868605781,-2.961195868605781,-2.961195868605781,0.0,0.0,0.0,156.6095219931519
2025-05-06,158.65515298298237,150.4301679437487,163.07115271248807,158.65515298298237,158.65515298298237,-1.9037175398998714,-1.9037175398998714,-1.9037175398998714,0.7791610089057212,0.7791610089057212,0.7791610089057212,-2.682878548805592,-2.682878548805592,-2.682878548805592,0.0,0.0,0.0,156.7514354430825
2025-05-07,158.58263087612724,150.53450683872455,163.24036516129777,158.58263087612724,158.58263087612724,-1.6218699865503101,-1.6218699865503101,-1.6218699865503101,0.7853737221083297,0.7853737221083297,0.7853737221083297,-2.40724370865864,-2.40724370865864,-2.40724370865864,0.0,0.0,0.0,156.96076088957693
2025-05-08,158.51010876927214,150.07462726478403,163.1843200806246,158.51010876927214,158.51010876927214,-1.5946075099010573,-1.5946075099010573,-1.5946075099010573,0.5435685821654483,0.5435685821654483,0.5435685821654483,-2.1381760920665056,-2.1381760920665056,-2.1381760920665056,0.0,0.0,0.0,156.91550125937107
2025-05-09,159.14810373223287,151.56654841600385,163.80726341366534,159.14810373223287,159.14810373223287,-1.1012799282466017,-1.1012799282466017,-1.1012799282466017,0.7782146546296348,0.7782146546296348,0.7782146546296348,-1.8794945828762364,-1.8794945828762364,-1.8794945828762364,0.0,0.0,0.0,158.04682380398626
2025-05-12,161.0620886211151,154.48960802953277,166.58172832472772,161.0620886211151,161.0620886211151,-0.3587633553300292,-0.3587633553300292,-0.3587633553300292,0.8430427719221878,0.8430427719221878,0.8430427719221878,-1.201806127252217,-1.201806127252217,-1.201806127252217,0.0,0.0,0.0,160.70332526578505
2025-05-13,161.70008358407583,155.10974866577064,167.8107806131577,161.70008358407583,161.70008358407583,-0.24047982003122648,-0.24047982003122648,-0.24047982003122648,0.7791610089062505,0.7791610089062505,0.7791610089062505,-1.019640828937477,-1.019640828937477,-1.019640828937477,0.0,0.0,0.0,161.4596037640446
2025-05-14,162.33807854703656,155.91254824390379,168.81364069061075,162.33807854703656,162.33807854703656,-0.078754554904652,-0.078754554904652,-0.078754554904652,0.7853737221082315,0.7853737221082315,0.7853737221082315,-0.8641282770128835,-0.8641282770128835,-0.8641282770128835,0.0,0.0,0.0,162.2593239921319
2025-05-15,162.97607350999738,155.93445594837516,168.9472459496379,162.97607350999738,162.97607350999738,-0.19408736020514564,-0.19408736020514564,-0.19408736020514564,0.5435685821650438,0.5435685821650438,0.5435685821650438,-0.7376559423701894,-0.7376559423701894,-0.7376559423701894,0.0,0.0,0.0,162.78198614979223
2025-05-16,163.61406847295805,157.87781837785843,169.98498208295433,163.61406847295805,163.61406847295805,0.13596280570326608,0.13596280570326608,0.13596280570326608,0.7782146546278106,0.7782146546278106,0.7782146546278106,-0.6422518489245445,-0.6422518489245445,-0.6422518489245445,0.0,0.0,0.0,163.7500312786613
2025-05-19,165.52805336184025,159.92362477823752,172.22029103355788,165.52805336184025,165.52805336184025,0.28598884669363794,0.28598884669363794,0.28598884669363794,0.8430427719161225,0.8430427719161225,0.8430427719161225,-0.5570539252224845,-0.5570539252224845,-0.5570539252224845,0.0,0.0,0.0,165.8140422085339
2025-05-20,166.16604832480098,160.50239175115922,172.34741032708186,166.16604832480098,166.16604832480098,0.1805507078115775,0.1805507078115775,0.1805507078115775,0.7791610089069982,0.7791610089069982,0.7791610089069982,-0.5986103010954208,-0.5986103010954208,-0.5986103010954208,0.0,0.0,0.0,166.34659903261257
2025-05-21,166.80404328776174,160.60231642456768,172.98810062865505,166.80404328776174,166.80404328776174,0.10969262274479973,0.10969262274479973,0.10969262274479973,0.7853737221080259,0.7853737221080259,0.7853737221080259,-0.6756810993632263,-0.6756810993632263,-0.6756810993632263,0.0,0.0,0.0,166.91373591050655
2025-05-22,167.44203825072248,160.74405246447495,173.11206366718102,167.44203825072248,167.44203825072248,-0.24448597099073255,-0.24448597099073255,-0.24448597099073255,0.5435685821670336,0.5435685821670336,0.5435685821670336,-0.7880545531577662,-0.7880545531577662,-0.7880545531577662,0.0,0.0,0.0,167.19755227973175
2025-05-23,168.0800332136832,162.084491333727,174.22498627451947,168.0800332136832,168.0800332136832,-0.15697825858882503,-0.15697825858882503,-0.15697825858882503,0.7782146546259862,0.7782146546259862,0.7782146546259862,-0.9351929132148112,-0.9351929132148112,-0.9351929132148112,0.0,0.0,0.0,167.9230549550944
2025-05-27,170.63201306552617,163.59167519196555,175.75762638525646,170.63201306552617,170.63201306552617,-1.0716606524282706,-1.0716606524282706,-1.0716606524282706,0.7791610089075276,0.7791610089075276,0.7791610089075276,-1.8508216613357982,-1.8508216613357982,-1.8508216613357982,0.0,0.0,0.0,169.5603524130979
2025-05-28,171.27000802848696,163.91533817883797,176.8386138098968,171.27000802848696,171.27000802848696,-1.3689688966431532,-1.3689688966431532,-1.3689688966431532,0.7853737221079276,0.7853737221079276,0.7853737221079276,-2.1543426187510804,-2.1543426187510804,-2.1543426187510804,0.0,0.0,0.0,169.9010391318438
2025-05-29,171.90800299144763,163.83361166915176,176.44992446546206,171.90800299144763,171.90800299144763,-1.9406570531087193,-1.9406570531087193,-1.9406570531087193,0.5435685821666293,0.5435685821666293,0.5435685821666293,-2.4842256352753487,-2.4842256352753487,-2.4842256352753487,0.0,0.0,0.0,169.96734593833892
2025-05-30,172.5459979544084,163.82753035951097,176.12931799856594,172.5459979544084,172.5459979544084,-2.0602924708228643,-2.0602924708228643,-2.0602924708228643,0.7782146546291057,0.7782146546291057,0.7782146546291057,-2.8385071254519696,-2.8385071254519696,-2.8385071254519696,0.0,0.0,0.0,170.48570548358552
2025-06-02,174.45998284329067,165.03083709168368,177.51877820306095,174.45998284329067,174.45998284329067,-3.184000987123237,-3.184000987123237,-3.184000987123237,0.8430427719201476,0.8430427719201476,0.8430427719201476,-4.0270437590433845,-4.0270437590433845,-4.0270437590433845,0.0,0.0,0.0,171.27598185616745
2025-06-03,175.09797780625135,165.22982462955042,177.76956830823843,175.09797780625135,175.09797780625135,-3.678861042122247,-3.678861042122247,-3.678861042122247,0.7791610089052762,0.7791610089052762,0.7791610089052762,-4.458022051027523,-4.458022051027523,-4.458022051027523,0.0,0.0,0.0,171.41911676412911
2025-06-04,175.73597276921208,164.85335538858243,177.46760882427137,175.73597276921208,175.73597276921208,-4.117438671009473,-4.117438671009473,-4.117438671009473,0.7853737221085052,0.7853737221085052,0.7853737221085052,-4.902812393117978,-4.902812393117978,-4.902812393117978,0.0,0.0,0.0,171.61853409820262
2025-06-05,176.37396773217282,165.04715410267767,177.9804048200405,176.37396773217282,176.37396773217282,-4.815695978886232,-4.815695978886232,-4.815695978886232,0.5435685821674219,0.5435685821674219,0.5435685821674219,-5.359264561053655,-5.359264561053655,-5.359264561053655,0.0,0.0,0.0,171.5582717532866
2025-06-06,177.01196269513355,165.99872280007082,178.7703621228343,177.01196269513355,177.01196269513355,-5.047025438982024,-5.047025438982024,-5.047025438982024,0.7782146546295458,0.7782146546295458,0.7782146546295458,-5.825240093611569,-5.825240093611569,-5.825240093611569,0.0,0.0,0.0,171.96493725615153
2025-06-09,178.92594758401577,166.0706279457862,178.78928462334613,178.92594758401577,178.92594758401577,-6.41609982168781,-6.41609982168781,-6.41609982168781,0.8430427719197623,0.8430427719197623,0.8430427719197623,-7.259142593607572,-7.259142593607572,-7.259142593607572,0.0,0.0,0.0,172.50984776232795
2025-06-10,179.5639425469765,166.60255719610842,178.8288865819465,179.5639425469765,179.5639425469765,-6.962953528289518,-6.962953528289518,-6.962953528289518,0.7791610089058055,0.7791610089058055,0.7791610089058055,-7.742114537195324,-7.742114537195324,-7.742114537195324,0.0,0.0,0.0,172.600989018687
2025-06-11,180.20193750993724,166.43292109602794,178.84728898058137,180.20193750993724,180.20193750993724,-7.4387455541503815,-7.4387455541503815,-7.4387455541503815,0.785373722108407,0.785373722108407,0.785373722108407,-8.224119276258788,-8.224119276258788,-8.224119276258788,0.0,0.0,0.0,172.76319195578685
2025-06-12,180.83993247289806,166.83568327854766,178.92764182544127,180.83993247289806,180.83993247289806,-8.159514688779796,-8.159514688779796,-8.159514688779796,0.5435685821670175,0.5435685821670175,0.5435685821670175,-8.703083270946815,-8.703083270946815,-8.703083270946815,0.0,0.0,0.0,172.68041778411825
2025-06-13,181.47792743585873,166.74546998578768,178.9008999639595,181.47792743585873,181.47792743585873,-8.398720716600112,-8.398720716600112,-8.398720716600112,0.7782146546277214,0.7782146546277214,0.7782146546277214,-9.176935371227835,-9.176935371227835,-9.176935371227835,0.0,0.0,0.0,173.07920671925862
2025-06-16,183.39191232474093,167.4844920834164,179.9984760522332,183.39191232474093,183.39191232474093,-9.7041223038652,-9.7041223038652,-9.7041223038652,0.8430427719160953,0.8430427719160953,0.8430427719160953,-10.547165075781296,-10.547165075781296,-10.547165075781296,0.0,0.0,0.0,173.68779002087572
2025-06-17,184.02990728770175,167.50230608202864,179.62208765561533,184.02990728770175,184.02990728770175,-10.200805785471749,-10.200805785471749,-10.200805785471749,0.7791610089063348,0.7791610089063348,0.7791610089063348,-10.979966794378083,-10.979966794378083,-10.979966794378083,0.0,0.0,0.0,173.82910150223
2025-06-18,184.66790225066242,167.74120639187808,180.03064903873096,184.66790225066242,184.66790225066242,-10.612066945460649,-10.612066945460649,-10.612066945460649,0.7853737221082014,0.7853737221082014,0.7853737221082014,-11.397440667568848,-11.397440667568848,-11.397440667568848,0.0,0.0,0.0,174.05583530520178
2025-06-20,185.94389217658397,168.10445913749953,180.45168889582493,185.94389217658397,185.94389217658397,-11.400469052051113,-11.400469052051113,-11.400469052051113,0.7782146546353699,0.7782146546353699,0.7782146546353699,-12.178683706686483,-12.178683706686483,-12.178683706686483,0.0,0.0,0.0,174.54342312453286
2025-06-23,187.8578770654661,168.9284469506552,182.00554460327555,187.8578770654661,187.8578770654661,-12.346708414683205,-12.346708414683205,-12.346708414683205,0.8430427719157098,0.8430427719157098,0.8430427719157098,-13.189751186598915,-13.189751186598915,-13.189751186598915,0.0,0.0,0.0,175.5111686507829
2025-06-24,188.49587202842685,169.12151934891696,182.50765049699123,188.49587202842685,188.49587202842685,-12.69861576096875,-12.69861576096875,-12.69861576096875,0.7791610089054735,0.7791610089054735,0.7791610089054735,-13.477776769874223,-13.477776769874223,-13.477776769874223,0.0,0.0,0.0,175.7972562674581
2025-06-25,189.13386699138766,170.12942292335268,182.6148020522025,189.13386699138766,189.13386699138766,-12.953926167007662,-12.953926167007662,-12.953926167007662,0.78537372210821,0.78537372210821,0.78537372210821,-13.739299889115873,-13.739299889115873,-13.739299889115873,0.0,0.0,0.0,176.17994082438
2025-06-26,189.77186195434834,169.7608932319586,182.47551998276376,189.77186195434834,189.77186195434834,-13.42990818154756,-13.42990818154756,-13.42990818154756,0.543568582165738,0.543568582165738,0.543568582165738,-13.973476763713299,-13.973476763713299,-13.973476763713299,0.0,0.0,0.0,176.34195377280076
2025-06-27,190.40985691730913,170.31248329858204,183.2627960133542,190.40985691730913,190.40985691730913,-13.401532670168738,-13.401532670168738,-13.401532670168738,0.778214654631281,0.778214654631281,0.778214654631281,-14.17974732480002,-14.17974732480002,-14.17974732480002,0.0,0.0,0.0,177.0083242471404
2025-06-30,192.32384180619135,172.3163857107085,184.83228467102415,192.32384180619135,192.32384180619135,-13.787317771089931,-13.787317771089931,-13.787317771089931,0.8430427719177224,0.8430427719177224,0.8430427719177224,-14.630360543007654,-14.630360543007654,-14.630360543007654,0.0,0.0,0.0,178.53652403510142
2025-07-01,192.96183676915203,172.47066373646936,185.22701322400232,192.96183676915203,192.96183676915203,-13.94685305985307,-13.94685305985307,-13.94685305985307,0.7791610089090019,0.7791610089090019,0.7791610089090019,-14.726014068762069,-14.726014068762069,-14.726014068762069,0.0,0.0,0.0,179.01498370929897
2025-07-02,193.59983173211282,173.10518692189137,185.78992877382504,193.59983173211282,193.59983173211282,-14.010712108164414,-14.010712108164414,-14.010712108164414,0.7853737221080046,0.7853737221080046,0.7853737221080046,-14.796085830272416,-14.796085830272416,-14.796085830272416,0.0,0.0,0.0,179.5891196239484
2025-07-03,194.23782669507358,173.88136425509853,186.224177022988,194.23782669507358,194.23782669507358,-14.298597042299457,-14.298597042299457,-14.298597042299457,0.543568582167728,0.543568582167728,0.543568582167728,-14.842165624467185,-14.842165624467185,-14.842165624467185,0.0,0.0,0.0,179.93922965277412
2025-07-07,196.7898065469165,176.4818168415468,189.47302083014364,196.7898065469165,196.7898065469165,-13.988080189040652,-13.988080189040652,-13.988080189040652,0.8430427719197351,0.8430427719197351,0.8430427719197351,-14.83112296096039,-14.83112296096039,-14.83112296096039,0.0,0.0,0.0,182.80172635787585
2025-07-08,197.42780150987727,177.02997683686712,189.3212273247324,197.42780150987727,197.42780150987727,-14.014346710285809,-14.014346710285809,-14.014346710285809,0.7791610089067506,0.7791610089067506,0.7791610089067506,-14.793507719192558,-14.793507719192558,-14.793507719192558,0.0,0.0,0.0,183.41345479959145
2025-07-09,198.06579647283795,177.71078399674087,190.2234800220052,198.06579647283795,198.06579647283795,-13.963100683666651,-13.963100683666651,-13.963100683666651,0.7853737221077991,0.7853737221077991,0.7853737221077991,-14.748474405774452,-14.748474405774452,-14.748474405774452,0.0,0.0,0.0,184.1026957891713
2025-07-10,198.70379143579873,178.18653771451258,191.3037227824865,198.70379143579873,198.70379143579873,-14.156043209619162,-14.156043209619162,-14.156043209619162,0.5435685821673235,0.5435685821673235,0.5435685821673235,-14.699611791786486,-14.699611791786486,-14.699611791786486,0.0,0.0,0.0,184.54774822617958
2025-07-11,199.3417863987594,179.31248612623165,191.78392058863088,199.3417863987594,199.3417863987594,-13.872385657022866,-13.872385657022866,-13.872385657022866,0.7782146546298969,0.7782146546298969,0.7782146546298969,-14.650600311652765,-14.650600311652765,-14.650600311652765,0.0,0.0,0.0,185.46940074173654
2025-07-14,201.25577128764164,181.24652667515926,193.72768670749036,201.25577128764164,201.25577128764164,-13.69637170773101,-13.69637170773101,-13.69637170773101,0.8430427719217476,0.8430427719217476,0.8430427719217476,-14.539414479652757,-14.539414479652757,-14.539414479652757,0.0,0.0,0.0,187.55939957991063
2025-07-15,201.89376625060243,182.40376846178685,194.62378564867024,201.89376625060243,201.89376625060243,-13.746865213508478,-13.746865213508478,-13.746865213508478,0.7791610089072799,0.7791610089072799,0.7791610089072799,-14.526026222415759,-14.526026222415759,-14.526026222415759,0.0,0.0,0.0,188.14690103709395
2025-07-16,202.5317612135631,182.56063372693728,195.07778238953995,202.5317612135631,202.5317612135631,-13.744448684590227,-13.744448684590227,-13.744448684590227,0.7853737221077008,0.7853737221077008,0.7853737221077008,-14.529822406697928,-14.529822406697928,-14.529822406697928,0.0,0.0,0.0,188.78731252897288
2025-07-17,203.16975617652392,182.76840104417124,195.27746274351514,203.16975617652392,203.16975617652392,-14.009987659237476,-14.009987659237476,-14.009987659237476,0.5435685821652513,0.5435685821652513,0.5435685821652513,-14.553556241402728,-14.553556241402728,-14.553556241402728,0.0,0.0,0.0,189.15976851728644
2025-07-18,203.80775113948465,183.53892473769463,196.2722960866306,203.80775113948465,203.80775113948465,-13.821372460387463,-13.821372460387463,-13.821372460387463,0.7782146546280727,0.7782146546280727,0.7782146546280727,-14.599587115015536,-14.599587115015536,-14.599587115015536,0.0,0.0,0.0,189.9863786790972
2025-07-21,205.72173602836688,185.19096817947656,197.89396608354656,205.72173602836688,205.72173602836688,-14.04498268009798,-14.04498268009798,-14.04498268009798,0.8430427719213621,0.8430427719213621,0.8430427719213621,-14.888025452019344,-14.888025452019344,-14.888025452019344,0.0,0.0,0.0,191.6767533482689
2025-07-22,206.3597309913276,185.77044710410567,198.63426072688816,206.3597309913276,206.3597309913276,-14.258011748633235,-14.258011748633235,-14.258011748633235,0.7791610089064188,0.7791610089064188,0.7791610089064188,-15.037172757539654,-15.037172757539654,-15.037172757539654,0.0,0.0,0.0,192.10171924269437
2025-07-23,206.99772595428834,185.94908351856125,199.32724273006443,206.99772595428834,206.99772595428834,-14.427474684443283,-14.427474684443283,-14.427474684443283,0.7853737221081715,0.7853737221081715,0.7853737221081715,-15.212848406551455,-15.212848406551455,-15.212848406551455,0.0,0.0,0.0,192.57025126984507
2025-07-24,207.63572091724902,186.52624816730815,198.84381417096486,207.63572091724902,207.63572091724902,-14.870624766107728,-14.870624766107728,-14.870624766107728,0.5435685821648468,0.5435685821648468,0.5435685821648468,-15.414193348272576,-15.414193348272576,-15.414193348272576,0.0,0.0,0.0,192.76509615114128
2025-07-25,208.2737158802098,186.8702375467744,199.7534072438643,208.2737158802098,208.2737158802098,-14.861554935154835,-14.861554935154835,-14.861554935154835,0.7782146546262484,0.7782146546262484,0.7782146546262484,-15.639769589781082,-15.639769589781082,-15.639769589781082,0.0,0.0,0.0,193.41216094505498
2025-07-28,210.18770076909203,188.03927637508318,201.0447590735798,210.18770076909203,210.18770076909203,-15.596278444907435,-15.596278444907435,-15.596278444907435,0.8430427719152971,0.8430427719152971,0.8430427719152971,-16.439321216822734,-16.439321216822734,-16.439321216822734,0.0,0.0,0.0,194.5914223241846
2025-07-29,210.8256957320527,188.28549618390937,201.12540666624733,210.8256957320527,210.8256957320527,-15.957642594824156,-15.957642594824156,-15.957642594824156,0.7791610089055577,0.7791610089055577,0.7791610089055577,-16.73680360372971,-16.73680360372971,-16.73680360372971,0.0,0.0,0.0,194.86805313722854
2025-07-30,211.46369069501353,188.95138136443794,201.58131220538277,211.46369069501353,211.46369069501353,-16.258365760096225,-16.258365760096225,-16.258365760096225,0.7853737221082872,0.7853737221082872,0.7853737221082872,-17.04373948220451,-17.04373948220451,-17.04373948220451,0.0,0.0,0.0,195.20532493491731
2025-07-31,212.10168565797426,189.50575143881642,201.54181005284008,212.10168565797426,212.10168565797426,-16.812454619213486,-16.812454619213486,-16.812454619213486,0.5435685821668368,0.5435685821668368,0.5435685821668368,-17.356023201380324,-17.356023201380324,-17.356023201380324,0.0,0.0,0.0,195.28923103876076
2025-08-01,212.739680620935,189.41295974444895,202.48812171330707,212.739680620935,212.739680620935,-16.891113133373533,-16.891113133373533,-16.891113133373533,0.7782146546266886,0.7782146546266886,0.7782146546266886,-17.66932778800022,-17.66932778800022,-17.66932778800022,0.0,0.0,0.0,195.84856748756147
2025-08-04,214.65366550981722,190.86765588068613,203.29367148786446,214.65366550981722,214.65366550981722,-17.727446614016564,-17.727446614016564,-17.727446614016564,0.8430427719149116,0.8430427719149116,0.8430427719149116,-18.570489385931474,-18.570489385931474,-18.570489385931474,0.0,0.0,0.0,196.92621889580064
2025-08-05,215.29166047277795,190.9184395749058,203.47072405660788,215.29166047277795,215.29166047277795,-18.063885993481733,-18.063885993481733,-18.063885993481733,0.7791610089046968,0.7791610089046968,0.7791610089046968,-18.84304700238643,-18.84304700238643,-18.84304700238643,0.0,0.0,0.0,197.22777447929622
2025-08-06,215.92965543573868,191.40630063031915,204.16836488104082,215.92965543573868,215.92965543573868,-18.30916916391829,-18.30916916391829,-18.30916916391829,0.7853737221080815,0.7853737221080815,0.7853737221080815,-19.09454288602637,-19.09454288602637,-19.09454288602637,0.0,0.0,0.0,197.6204862718204
2025-08-07,216.5676503986994,191.32418525270847,204.38336332013313,216.5676503986994,216.5676503986994,-18.77746692209323,-18.77746692209323,-18.77746692209323,0.5435685821664322,0.5435685821664322,0.5435685821664322,-19.321035504259658,-19.321035504259658,-19.321035504259658,0.0,0.0,0.0,197.7901834766062
2025-08-08,217.2056453616601,192.67354484489442,204.98392104290113,217.2056453616601,217.2056453616601,-18.740696086497373,-18.740696086497373,-18.740696086497373,0.7782146546320724,0.7782146546320724,0.7782146546320724,-19.518910741129446,-19.518910741129446,-19.518910741129446,0.0,0.0,0.0,198.46494927516272
2025-08-11,219.11963025054237,193.9230810249057,206.015575039005,219.11963025054237,219.11963025054237,-19.067713641832814,-19.067713641832814,-19.067713641832814,0.8430427719193223,0.8430427719193223,0.8430427719193223,-19.910756413752136,-19.910756413752136,-19.910756413752136,0.0,0.0,0.0,200.05191660870955
2025-08-12,219.7576252135031,194.36974562988948,206.90323766802476,219.7576252135031,219.7576252135031,-19.187237492547556,-19.187237492547556,-19.187237492547556,0.7791610089052257,0.7791610089052257,0.7791610089052257,-19.966398501452783,-19.966398501452783,-19.966398501452783,0.0,0.0,0.0,200.57038772095555
2025-08-13,220.39562017646386,194.97110663325697,207.46518317803609,220.39562017646386,220.39562017646386,-19.196573398539243,-19.196573398539243,-19.196573398539243,0.7853737221086593,0.7853737221086593,0.7853737221086593,-19.981947120647902,-19.981947120647902,-19.981947120647902,0.0,0.0,0.0,201.19904677792462
2025-08-14,221.0336151394246,194.93693966213013,208.2084925756712,221.0336151394246,221.0336151394246,-19.41304334553421,-19.41304334553421,-19.41304334553421,0.5435685821660278,0.5435685821660278,0.5435685821660278,-19.95661192770024,-19.95661192770024,-19.95661192770024,0.0,0.0,0.0,201.62057179389038
2025-08-15,221.67161010238533,196.1140566045964,209.03230874751137,221.67161010238533,221.67161010238533,-19.111898491953625,-19.111898491953625,-19.111898491953625,0.7782146546325126,0.7782146546325126,0.7782146546325126,-19.89011314658614,-19.89011314658614,-19.89011314658614,0.0,0.0,0.0,202.5597116104317
2025-08-18,223.58559499126756,198.9796895136204,211.0990417433474,223.58559499126756,223.58559499126756,-18.605003431640174,-18.605003431640174,-18.605003431640174,0.8430427719189368,0.8430427719189368,0.8430427719189368,-19.448046203559112,-19.448046203559112,-19.448046203559112,0.0,0.0,0.0,204.98059155962738
2025-08-19,224.2235899542283,199.55501793043072,211.9670797770264,224.2235899542283,224.2235899542283,-18.44431113700239,-18.44431113700239,-18.44431113700239,0.779161008907364,0.779161008907364,0.779161008907364,-19.223472145909753,-19.223472145909753,-19.223472145909753,0.0,0.0,0.0,205.7792788172259
2025-08-20,224.86158491718902,200.6832413916424,213.14699074550023,224.86158491718902,224.86158491718902,-18.177666549180056,-18.177666549180056,-18.177666549180056,0.7853737221084539,0.7853737221084539,0.7853737221084539,-18.96304027128851,-18.96304027128851,-18.96304027128851,0.0,0.0,0.0,206.68391836800896
2025-08-21,225.49957988014975,200.8411145503215,213.6603663806833,225.49957988014975,225.49957988014975,-18.125285785535226,-18.125285785535226,-18.125285785535226,0.5435685821680177,0.5435685821680177,0.5435685821680177,-18.668854367703243,-18.668854367703243,-18.668854367703243,0.0,0.0,0.0,207.37429409461453
2025-08-22,226.1375748431105,202.5431642366825,215.0303953763497,226.1375748431105,226.1375748431105,-17.56502856607283,-17.56502856607283,-17.56502856607283,0.7782146546284238,0.7782146546284238,0.7782146546284238,-18.34324322070125,-18.34324322070125,-18.34324322070125,0.0,0.0,0.0,208.57254627703767
2025-08-25,228.0515597319927,205.3242706832523,218.4564198190779,228.0515597319927,228.0515597319927,-16.36030617351522,-16.36030617351522,-16.36030617351522,0.8430427719185514,0.8430427719185514,0.8430427719185514,-17.20334894543377,-17.20334894543377,-17.20334894543377,0.0,0.0,0.0,211.69125355847748
2025-08-26,228.68955469495347,206.35467580096199,219.4388333560183,228.68955469495347,228.68955469495347,-15.998730172481407,-15.998730172481407,-15.998730172481407,0.7791610089065029,0.7791610089065029,0.7791610089065029,-16.777891181387908,-16.777891181387908,-16.777891181387908,0.0,0.0,0.0,212.69082452247207
2025-08-27,229.3275496579142,207.12932585552318,220.12417889776825,229.3275496579142,229.3275496579142,-15.548759360367477,-15.548759360367477,-15.548759360367477,0.7853737221083555,0.7853737221083555,0.7853737221083555,-16.334133082475834,-16.334133082475834,-16.334133082475834,0.0,0.0,0.0,213.77879029754672
2025-08-28,229.96554462087494,208.57832057771478,220.38821840667694,229.96554462087494,229.96554462087494,-15.331099911131393,-15.331099911131393,-15.331099911131393,0.5435685821676133,0.5435685821676133,0.5435685821676133,-15.874668493299005,-15.874668493299005,-15.874668493299005,0.0,0.0,0.0,214.63444470974355
2025-08-29,230.60353958383567,209.53429442174948,221.92853611534267,230.60353958383567,230.60353958383567,-14.62378500737132,-14.62378500737132,-14.62378500737132,0.7782146546288639,0.7782146546288639,0.7782146546288639,-15.401999662000184,-15.401999662000184,-15.401999662000184,0.0,0.0,0.0,215.97975457646436
2025-09-02,233.15551943567863,214.0444961560628,226.69090382290565,233.15551943567863,233.15551943567863,-12.646089367712733,-12.646089367712733,-12.646089367712733,0.7791610089042516,0.7791610089042516,0.7791610089042516,-13.425250376616983,-13.425250376616983,-13.425250376616983,0.0,0.0,0.0,220.5094300679659
2025-09-03,233.79351439863936,215.37383458853483,228.4008173475509,233.79351439863936,233.79351439863936,-12.134596533917813,-12.134596533917813,-12.134596533917813,0.7853737221082571,0.7853737221082571,0.7853737221082571,-12.91997025602607,-12.91997025602607,-12.91997025602607,0.0,0.0,0.0,221.65891786472156
2025-09-04,234.43150936160012,216.14611501615732,228.68736478353708,234.43150936160012,234.43150936160012,-11.870472002430049,-11.870472002430049,-11.870472002430049,0.543568582165541,0.543568582165541,0.543568582165541,-12.41404058459559,-12.41404058459559,-12.41404058459559,0.0,0.0,0.0,222.5610373591701
2025-09-05,235.0695043245609,217.71841183901591,229.89099225420804,235.0695043245609,235.0695043245609,-11.130997428133695,-11.130997428133695,-11.130997428133695,0.7782146546293042,0.7782146546293042,0.7782146546293042,-11.909212082762998,-11.909212082762998,-11.909212082762998,0.0,0.0,0.0,223.9385068964272
2025-09-08,236.98348921344308,220.8386689141903,233.63895880501278,236.98348921344308,236.98348921344308,-9.57531874399177,-9.57531874399177,-9.57531874399177,0.8430427719225765,0.8430427719225765,0.8430427719225765,-10.418361515914347,-10.418361515914347,-10.418361515914347,0.0,0.0,0.0,227.4081704694513
2025-09-09,237.6214841764038,222.29678910092719,234.99157951707596,237.6214841764038,237.6214841764038,-9.15583957359786,-9.15583957359786,-9.15583957359786,0.7791610089077797,0.7791610089077797,0.7791610089077797,-9.935000582505639,-9.935000582505639,-9.935000582505639,0.0,0.0,0.0,228.46564460280595
2025-09-10,238.2594791393646,223.82266509398383,236.09118772457447,238.2594791393646,238.2594791393646,-8.676025060197667,-8.676025060197667,-8.676025060197667,0.7853737221081587,0.7853737221081587,0.7853737221081587,-9.461398782305825,-9.461398782305825,-9.461398782305825,0.0,0.0,0.0,229.58345407916693
2025-09-11,238.89747410232528,224.3690180768836,236.73210831875556,238.89747410232528,238.89747410232528,-8.455877123527891,-8.455877123527891,-8.455877123527891,0.5435685821651366,0.5435685821651366,0.5435685821651366,-8.999445705693027,-8.999445705693027,-8.999445705693027,0.0,0.0,0.0,230.44159697879738
2025-09-12,239.535469065286,225.5145824771794,237.599973304166,239.535469065286,239.535469065286,-7.772910505882377,-7.772910505882377,-7.772910505882377,0.7782146546324236,0.7782146546324236,0.7782146546324236,-8.5511251605148,-8.5511251605148,-8.5511251605148,0.0,0.0,0.0,231.76255855940363
2025-09-15,241.4494539541683,228.87497708006418,241.1381732954027,241.4494539541683,241.4494539541683,-6.466213136937015,-6.466213136937015,-6.466213136937015,0.8430427719165114,0.8430427719165114,0.8430427719165114,-7.309255908853526,-7.309255908853526,-7.309255908853526,0.0,0.0,0.0,234.98324081723126
2025-09-16,242.08744891712897,230.03499058742693,242.21572852463203,242.08744891712897,242.08744891712897,-6.158020966255778,-6.158020966255778,-6.158020966255778,0.7791610089069186,0.7791610089069186,0.7791610089069186,-6.937181975162697,-6.937181975162697,-6.937181975162697,0.0,0.0,0.0,235.9294279508732
2025-09-17,242.72544388008973,230.30242888252076,243.0323083926077,242.72544388008973,242.72544388008973,-5.804566920039364,-5.804566920039364,-5.804566920039364,0.7853737221079533,0.7853737221079533,0.7853737221079533,-6.589940642147318,-6.589940642147318,-6.589940642147318,0.0,0.0,0.0,236.92087696005035
2025-09-18,243.36343884305052,231.14471593685886,243.8640970268858,243.36343884305052,243.36343884305052,-5.726304535218887,-5.726304535218887,-5.726304535218887,0.5435685821659292,0.5435685821659292,0.5435685821659292,-6.269873117384815,-6.269873117384815,-6.269873117384815,0.0,0.0,0.0,237.63713430783162
2025-09-19,244.00143380601125,232.07469972516884,244.99790415004372,244.00143380601125,244.00143380601125,-5.201045012973309,-5.201045012973309,-5.201045012973309,0.7782146546328637,0.7782146546328637,0.7782146546328637,-5.979259667606173,-5.979259667606173,-5.979259667606173,0.0,0.0,0.0,238.80038879303794
2025-09-22,245.91541869489348,234.50521356647937,247.55012517244936,245.91541869489348,245.91541869489348,-4.461753804004934,-4.461753804004934,-4.461753804004934,0.8430427719161259,0.8430427719161259,0.8430427719161259,-5.30479657592106,-5.30479657592106,-5.30479657592106,0.0,0.0,0.0,241.45366489088855
2025-09-23,246.5534136578542,236.04349976493936,248.53650994376048,246.5534136578542,246.5534136578542,-4.372315515097519,-4.372315515097519,-4.372315515097519,0.7791610089074482,0.7791610089074482,0.7791610089074482,-5.151476524004967,-5.151476524004967,-5.151476524004967,0.0,0.0,0.0,242.1810981427567
2025-09-24,247.19140862081494,237.01923538074823,248.54837743908337,247.19140862081494,247.19140862081494,-4.250557889114606,-4.250557889114606,-4.250557889114606,0.7853737221079621,0.7853737221079621,0.7853737221079621,-5.035931611222568,-5.035931611222568,-5.035931611222568,0.0,0.0,0.0,242.94085073170032
2025-09-25,247.8294035837757,237.32413327976238,250.04002336169233,247.8294035837757,247.8294035837757,-4.415165631046852,-4.415165631046852,-4.415165631046852,0.543568582166722,0.543568582166722,0.543568582166722,-4.958734213213574,-4.958734213213574,-4.958734213213574,0.0,0.0,0.0,243.41423795272885
2025-09-26,248.4673985467363,238.21599222875594,250.30446834887377,248.4673985467363,248.4673985467363,-4.14172322557335,-4.14172322557335,-4.14172322557335,0.778214654628775,0.778214654628775,0.778214654628775,-4.919937880202125,-4.919937880202125,-4.919937880202125,0.0,0.0,0.0,244.32567532116295
2025-09-29,250.38138343561863,239.48805946320218,252.21280023051588,250.38138343561863,250.38138343561863,-4.182548665117566,-4.182548665117566,-4.182548665117566,0.8430427719205364,0.8430427719205364,0.8430427719205364,-5.025591437038103,-5.025591437038103,-5.025591437038103,0.0,0.0,0.0,246.19883477050107
2025-09-30,251.0193783985794,240.05177974834194,252.74914042225325,251.0193783985794,251.0193783985794,-4.349633526055865,-4.349633526055865,-4.349633526055865,0.7791610089079772,0.7791610089079772,0.7791610089079772,-5.128794534963843,-5.128794534963843,-5.128794534963843,0.0,0.0,0.0,246.66974487252352
2025-10-01,251.65737336153998,241.11078757363697,253.71424147771336,251.65737336153998,251.65737336153998,-4.475905250696266,-4.475905250696266,-4.475905250696266,0.7853737221084328,0.7853737221084328,0.7853737221084328,-5.261278972804699,-5.261278972804699,-5.261278972804699,0.0,0.0,0.0,247.18146811084372
2025-10-02,252.29536832450086,241.01705463484203,253.62468082336144,252.29536832450086,252.29536832450086,-4.87562808159681,-4.87562808159681,-4.87562808159681,0.5435685821675148,0.5435685821675148,0.5435685821675148,-5.419196663764325,-5.419196663764325,-5.419196663764325,0.0,0.0,0.0,247.41974024290406
2025-10-03,252.9333632874616,241.80359942679954,254.69428018873546,252.9333632874616,252.9333632874616,-4.819833128260247,-4.819833128260247,-4.819833128260247,0.7782146546292152,0.7782146546292152,0.7782146546292152,-5.598047782889462,-5.598047782889462,-5.598047782889462,0.0,0.0,0.0,248.11353015920133
2025-10-06,254.84734817634381,243.32583403786688,256.0248205438865,254.84734817634381,254.84734817634381,-5.36343988999361,-5.36343988999361,-5.36343988999361,0.8430427719144716,0.8430427719144716,0.8430427719144716,-6.206482661908081,-6.206482661908081,-6.206482661908081,0.0,0.0,0.0,249.48390828635021
2025-10-07,255.48534313930455,243.6700517965817,256.369354261035,255.48534313930455,255.48534313930455,-5.633794927786549,-5.633794927786549,-5.633794927786549,0.7791610089057263,0.7791610089057263,0.7791610089057263,-6.412955936692276,-6.412955936692276,-6.412955936692276,0.0,0.0,0.0,249.851548211518
2025-10-08,256.1233381022653,244.07483200950963,256.3921843726436,256.1233381022653,256.1233381022653,-5.824873739427073,-5.824873739427073,-5.824873739427073,0.7853737221083342,0.7853737221083342,0.7853737221083342,-6.6102474615354065,-6.6102474615354065,-6.6102474615354065,0.0,0.0,0.0,250.29846436283822
2025-10-09,256.76133306522604,243.9346190171028,256.67006755577603,256.76133306522604,256.76133306522604,-6.247903116323902,-6.247903116323902,-6.247903116323902,0.5435685821654426,0.5435685821654426,0.5435685821654426,-6.791471698489343,-6.791471698489343,-6.791471698489343,0.0,0.0,0.0,250.51342994890214
2025-10-10,257.39932802818674,244.95389392201903,257.50547802198025,257.39932802818674,257.39932802818674,-6.171524649873839,-6.171524649873839,-6.171524649873839,0.7782146546273907,0.7782146546273907,0.7782146546273907,-6.94973930450123,-6.94973930450123,-6.94973930450123,0.0,0.0,0.0,251.2278033783129
2025-10-13,259.31331291706897,246.7933886274374,258.84584145516965,259.31331291706897,259.31331291706897,-6.3777863839396955,-6.3777863839396955,-6.3777863839396955,0.843042771916484,0.843042771916484,0.843042771916484,-7.22082915585618,-7.22082915585618,-7.22082915585618,0.0,0.0,0.0,252.93552653312926
2025-10-14,259.95130788002973,247.7522260045014,259.7949587831172,259.95130788002973,259.95130788002973,-6.4441225810456215,-6.4441225810456215,-6.4441225810456215,0.7791610089062555,0.7791610089062555,0.7791610089062555,-7.223283589951877,-7.223283589951877,-7.223283589951877,0.0,0.0,0.0,253.5071852989841
2025-10-15,260.5893028429905,248.2535459980555,261.0553393949656,260.5893028429905,260.5893028429905,-6.3878965762458755,-6.3878965762458755,-6.3878965762458755,0.7853737221081287,0.7853737221081287,0.7853737221081287,-7.173270298354005,-7.173270298354005,-7.173270298354005,0.0,0.0,0.0,254.2014062667446
2025-10-16,261.2272978059512,248.54397405674408,261.3841991514813,261.2272978059512,261.2272978059512,-6.523283903330861,-6.523283903330861,-6.523283903330861,0.5435685821662352,0.5435685821662352,0.5435685821662352,-7.066852485497095,-7.066852485497095,-7.066852485497095,0.0,0.0,0.0,254.70401390262035
2025-10-17,261.86529276891196,249.59432987538662,261.7568688825649,261.86529276891196,261.86529276891196,-6.122822994878254,-6.122822994878254,-6.122822994878254,0.7782146546327748,0.7782146546327748,0.7782146546327748,-6.901037649511029,-6.901037649511029,-6.901037649511029,0.0,0.0,0.0,255.7424697740337
2025-10-20,263.7792776577942,252.03751411362256,264.7468472251125,263.7792776577942,263.7792776577942,-5.190270023167359,-5.190270023167359,-5.190270023167359,0.8430427719160986,0.8430427719160986,0.8430427719160986,-6.033312795083457,-6.033312795083457,-6.033312795083457,0.0,0.0,0.0,258.5890076346268
2025-10-21,264.4172726207549,253.1845195092217,266.16366278191236,264.4172726207549,264.4172726207549,-4.842614343078553,-4.842614343078553,-4.842614343078553,0.7791610089053941,0.7791610089053941,0.7791610089053941,-5.621775351983948,-5.621775351983948,-5.621775351983948,0.0,0.0,0.0,259.57465827767635
2025-10-22,265.05526758371565,254.6895613722416,266.83068968004847,265.05526758371565,265.05526758371565,-4.367261368653632,-4.367261368653632,-4.367261368653632,0.7853737221079232,0.7853737221079232,0.7853737221079232,-5.152635090761555,-5.152635090761555,-5.152635090761555,0.0,0.0,0.0,260.688006215062
2025-10-23,265.69326254667635,255.29016397547292,267.8267750977634,265.69326254667635,265.69326254667635,-4.086223642800285,-4.086223642800285,-4.086223642800285,0.5435685821658308,0.5435685821658308,0.5435685821658308,-4.629792224966115,-4.629792224966115,-4.629792224966115,0.0,0.0,0.0,261.60703890387606
2025-10-24,266.3312575096371,256.93413918176,269.2020866135095,266.3312575096371,266.3312575096371,-3.2800539889285365,-3.2800539889285365,-3.2800539889285365,0.7782146546309505,0.7782146546309505,0.7782146546309505,-4.0582686435594875,-4.0582686435594875,-4.0582686435594875,0.0,0.0,0.0,263.05120352070855
2025-10-27,268.24524239851934,260.95930827120844,273.32974444822185,268.24524239851934,268.24524239851934,-1.2737704986983052,-1.2737704986983052,-1.2737704986983052,0.8430427719181112,0.8430427719181112,0.8430427719181112,-2.1168132706164164,-2.1168132706164164,-2.1168132706164164,0.0,0.0,0.0,266.97147189982104
2025-10-28,268.88323736148004,261.7410518935838,274.7166424448024,268.88323736148004,268.88323736148004,-0.6407524234303525,-0.6407524234303525,-0.6407524234303525,0.7791610089075323,0.7791610089075323,0.7791610089075323,-1.4199134323378848,-1.4199134323378848,-1.4199134323378848,0.0,0.0,0.0,268.2424849380497
2025-10-29,269.5212323244408,263.1892969265312,275.75668692941014,269.5212323244408,269.5212323244408,0.07274646636805959,0.07274646636805959,0.07274646636805959,0.785373722107932,0.785373722107932,0.785373722107932,-0.7126272557398723,-0.7126272557398723,-0.7126272557398723,0.0,0.0,0.0,269.5939787908089
2025-10-30,270.15922728740156,264.6454788098571,276.6840389360387,270.15922728740156,270.15922728740156,0.5393589609439752,0.5393589609439752,0.5393589609439752,0.5435685821678207,0.5435685821678207,0.5435685821678207,-0.00420962122384557,-0.00420962122384557,-0.00420962122384557,0.0,0.0,0.0,270.6985862483455
2025-10-31,270.79722225036227,265.6943410478741,278.59878903928717,270.79722225036227,270.79722225036227,1.4741936934500903,1.4741936934500903,1.4741936934500903,0.7782146546313906,0.7782146546313906,0.7782146546313906,0.6959790388186997,0.6959790388186997,0.6959790388186997,0.0,0.0,0.0,272.27141594381237
2025-11-03,272.7112071392445,269.8890626103904,282.28571633462576,272.7112071392445,272.7112071392445,3.499302122932549,3.499302122932549,3.499302122932549,0.8430427719177257,0.8430427719177257,0.8430427719177257,2.6562593510148234,2.6562593510148234,2.6562593510148234,0.0,0.0,0.0,276.210509262177
2025-11-04,273.34920210220525,271.2017317106477,283.52848255935385,273.34920210220525,273.34920210220525,4.014098813243748,4.014098813243748,4.014098813243748,0.7791610089066711,0.7791610089066711,0.7791610089066711,3.2349378043370765,3.2349378043370765,3.2349378043370765,0.0,0.0,0.0,277.363300915449
2025-11-05,273.98719706516596,272.2049008772865,284.83169696502387,273.98719706516596,273.98719706516596,4.549459884364603,4.549459884364603,4.549459884364603,0.7853737221077264,0.7853737221077264,0.7853737221077264,3.7640861622568758,3.7640861622568758,3.7640861622568758,0.0,0.0,0.0,278.53665694953054
2025-11-06,274.6251920281267,273.42718053329486,285.742794363973,274.6251920281267,274.6251920281267,4.7814530276075375,4.7814530276075375,4.7814530276075375,0.5435685821674163,0.5435685821674163,0.5435685821674163,4.2378844454401206,4.2378844454401206,4.2378844454401206,0.0,0.0,0.0,279.40664505573426
2025-11-07,275.2631869910875,274.197623042267,287.00288411516885,275.2631869910875,275.2631869910875,5.429922574068787,5.429922574068787,5.429922574068787,0.7782146546295664,0.7782146546295664,0.7782146546295664,4.651707919439221,4.651707919439221,4.651707919439221,0.0,0.0,0.0,280.69310956515625
2025-11-10,277.17717187996965,277.584286652863,289.99131593548134,277.17717187996965,277.17717187996965,6.350383750919264,6.350383750919264,6.350383750919264,0.8430427719221362,0.8430427719221362,0.8430427719221362,5.507340978997127,5.507340978997127,5.507340978997127,0.0,0.0,0.0,283.5275556308889
2025-11-11,277.8151668429304,277.44564671905607,290.28767655107885,277.8151668429304,277.8151668429304,6.441692056542432,6.441692056542432,6.441692056542432,0.7791610089072005,0.7791610089072005,0.7791610089072005,5.662531047635231,5.662531047635231,5.662531047635231,0.0,0.0,0.0,284.25685889947283
2025-11-12,278.45316180589117,278.53212784258574,291.12092274843,278.45316180589117,278.45316180589117,6.541107687374649,6.541107687374649,6.541107687374649,0.7853737221084113,0.7853737221084113,0.7853737221084113,5.755733965266238,5.755733965266238,5.755733965266238,0.0,0.0,0.0,284.99426949326585
2025-11-13,279.0911567688519,279.2327383753474,291.6378403106039,279.0911567688519,279.0911567688519,6.334534712683079,6.334534712683079,6.334534712683079,0.5435685821653441,0.5435685821653441,0.5435685821653441,5.790966130517735,5.790966130517735,5.790966130517735,0.0,0.0,0.0,285.42569148153495
2025-11-14,279.72915173181264,280.039222850445,292.6399017024992,279.72915173181264,279.72915173181264,6.551840773605489,6.551840773605489,6.551840773605489,0.7782146546300065,0.7782146546300065,0.7782146546300065,5.773626118975482,5.773626118975482,5.773626118975482,0.0,0.0,0.0,286.2809925054181
2025-11-17,281.64313662069486,281.4773410687004,294.40587590057805,281.64313662069486,281.64313662069486,6.321513215728384,6.321513215728384,6.321513215728384,0.8430427719217507,0.8430427719217507,0.8430427719217507,5.478470443806634,5.478470443806634,5.478470443806634,0.0,0.0,0.0,287.96464983642323
2025-11-18,282.28113158365557,281.95199761911823,294.598978274132,282.28113158365557,282.28113158365557,6.107328670700773,6.107328670700773,6.107328670700773,0.7791610089063395,0.7791610089063395,0.7791610089063395,5.328167661794432,5.328167661794432,5.328167661794432,0.0,0.0,0.0,288.38846025435635
2025-11-19,282.9191265466163,282.3213132245714,295.3904513383839,282.9191265466163,282.9191265466163,5.95370602110526,5.95370602110526,5.95370602110526,0.7853737221082059,0.7853737221082059,0.7853737221082059,5.168332298997054,5.168332298997054,5.168332298997054,0.0,0.0,0.0,288.87283256772156
2025-11-20,283.5571215095771,282.97784355834307,295.58436004015897,283.5571215095771,283.5571215095771,5.553061222105402,5.553061222105402,5.553061222105402,0.5435685821661367,0.5435685821661367,0.5435685821661367,5.009492639939266,5.009492639939266,5.009492639939266,0.0,0.0,0.0,289.11018273168247
2025-11-21,284.1951164725378,283.50813601517166,296.15624337057415,284.1951164725378,284.1951164725378,5.640519006659519,5.640519006659519,5.640519006659519,0.7782146546259178,0.7782146546259178,0.7782146546259178,4.862304352033602,4.862304352033602,4.862304352033602,0.0,0.0,0.0,289.8356354791973
2025-11-24,286.10910136142,285.2619647482503,298.39612411063257,286.10910136142,286.10910136142,5.437174506013175,5.437174506013175,5.437174506013175,0.8430427719156858,0.8430427719156858,0.8430427719156858,4.5941317340974885,4.5941317340974885,4.5941317340974885,0.0,0.0,0.0,291.54627586743317
2025-11-25,286.7470963243808,286.07525189897393,298.292866680704,286.7470963243808,286.7470963243808,5.373544424789178,5.373544424789178,5.373544424789178,0.7791610089068689,0.7791610089068689,0.7791610089068689,4.594383415882309,4.594383415882309,4.594383415882309,0.0,0.0,0.0,292.12064074917
2025-11-26,287.3850912873415,286.4683265993025,299.122436115844,287.3850912873415,287.3850912873415,5.438665898987952,5.438665898987952,5.438665898987952,0.7853737221081073,0.7853737221081073,0.7853737221081073,4.653292176879845,4.653292176879845,4.653292176879845,0.0,0.0,0.0,292.82375718632943
2025-11-27,288.02308625030224,286.8540475036117,299.47838926557705,288.02308625030224,288.02308625030224,5.32106784645774,5.32106784645774,5.32106784645774,0.5435685821669295,0.5435685821669295,0.5435685821669295,4.777499264290809,4.777499264290809,4.777499264290809,0.0,0.0,0.0,293.34415409676
2025-11-28,288.66108121326295,287.8694289197095,300.73972946299835,288.6252278154075,288.66108121326295,5.750525599008514,5.750525599008514,5.750525599008514,0.7782146546263579,0.7782146546263579,0.7782146546263579,4.972310944382156,4.972310944382156,4.972310944382156,0.0,0.0,0.0,294.4116068122715
2025-12-01,290.5750661021452,291.2573076959731,303.9045180406922,290.49082730549884,290.57668906630767,6.854069034931075,6.854069034931075,6.854069034931075,0.8430427719176984,0.8430427719176984,0.8430427719176984,6.011026263013377,6.011026263013377,6.011026263013377,0.0,0.0,0.0,297.42913513707623
2025-12-02,291.21306106510593,292.1801391051599,304.9234183282242,291.0180337485907,291.2954941454711,7.290123160434522,7.290123160434522,7.290123160434522,0.7791610089046177,0.7791610089046177,0.7791610089046177,6.510962151529903,6.510962151529903,6.510962151529903,0.0,0.0,0.0,298.50318422554045
2025-12-03,291.8510560280667,293.51206283044723,306.1976854473202,291.5325794742056,292.01308417271537,7.870212869472941,7.870212869472941,7.870212869472941,0.7853737221080092,0.7853737221080092,0.7853737221080092,7.0848391473649315,7.0848391473649315,7.0848391473649315,0.0,0.0,0.0,299.72126889753963
2025-12-04,292.4890509910274,294.1315645019168,307.3134405663038,292.0464621365799,292.76439565575834,8.272117153965517,8.272117153965517,8.272117153965517,0.543568582166525,0.543568582166525,0.543568582166525,7.728548571798993,7.728548571798993,7.728548571798993,0.0,0.0,0.0,300.7611681449929
2025-12-05,293.12704595398816,295.67910723221854,308.94494999474614,292.6197402323901,293.50924660543194,9.214729055420486,9.214729055420486,9.214729055420486,0.7782146546317417,0.7782146546317417,0.7782146546317417,8.436514400788745,8.436514400788745,8.436514400788745,0.0,0.0,0.0,302.34177500940865
2025-12-08,295.0410308428704,300.33024369116134,313.31410774769216,294.37840080364145,295.54971376818577,11.714020111850655,11.714020111850655,11.714020111850655,0.843042771919711,0.843042771919711,0.843042771919711,10.870977339930946,10.870977339930946,10.870977339930946,0.0,0.0,0.0,306.755050954721
2025-12-09,295.6790258058311,301.59678328284144,314.5157239913924,294.86888255474224,296.3335993144546,12.534951523045448,12.534951523045448,12.534951523045448,0.7791610089067557,0.7791610089067557,0.7791610089067557,11.755790514138694,11.755790514138694,11.755790514138694,0.0,0.0,0.0,308.2139773288765
2025-12-10,296.31702076879185,303.439038720895,315.78487474906956,295.3751226827791,297.1044947579397,13.445647564961316,13.445647564961316,13.445647564961316,0.7853737221085867,0.7853737221085867,0.7853737221085867,12.660273842852728,12.660273842852728,12.660273842852728,0.0,0.0,0.0,309.76266833375314
2025-12-11,296.95501573175255,305.05198631441476,318.0431171123163,295.8645034053878,297.8818943040241,14.117136579629841,14.117136579629841,14.117136579629841,0.5435685821661205,0.5435685821661205,0.5435685821661205,13.573567997463723,13.573567997463723,13.573567997463723,0.0,0.0,0.0,311.0721523113824
2025-12-12,297.5930106947133,306.522171274029,319.58960577244585,296.2825757833739,298.73502207834963,15.26292035087579,15.26292035087579,15.26292035087579,0.7782146546299175,0.7782146546299175,0.7782146546299175,14.484705696245872,14.484705696245872,14.484705696245872,0.0,0.0,0.0,312.8559310455891
2025-12-15,299.50699558359554,311.0061618491477,324.298496787685,298.0365247567103,300.79244565528745,17.942000214246,17.942000214246,17.942000214246,0.8430427719193253,0.8430427719193253,0.8430427719193253,17.098957442326675,17.098957442326675,17.098957442326675,0.0,0.0,0.0,317.4489957978415
2025-12-16,300.14499054655624,311.5510259111965,325.7684934122706,298.4235968002322,301.6874292045724,18.677177904626816,18.677177904626816,18.677177904626816,0.7791610089058943,0.7791610089058943,0.7791610089058943,17.89801689572092,17.89801689572092,17.89801689572092,0.0,0.0,0.0,318.8221684511831
2025-12-17,300.782985509517,313.15488960781516,326.7384376286629,298.8221379245039,302.5579154211359,19.432080263143664,19.432080263143664,19.432080263143664,0.7853737221083812,0.7853737221083812,0.7853737221083812,18.646706541035282,18.646706541035282,18.646706541035282,0.0,0.0,0.0,320.2150657726607
2025-12-18,301.4209804724779,314.3977562656489,328.1890442458158,299.2848536794669,303.39603821753894,19.88174434554356,19.88174434554356,19.88174434554356,0.5435685821669132,0.5435685821669132,0.5435685821669132,19.338175763376643,19.338175763376643,19.338175763376643,0.0,0.0,0.0,321.30272481802143
2025-12-19,302.05897543543847,316.44530643138506,329.63941255089696,299.78662985011687,304.2097169637729,20.745106799108196,20.745106799108196,20.745106799108196,0.7782146546280932,0.7782146546280932,0.7782146546280932,19.966892144480102,19.966892144480102,19.966892144480102,0.0,0.0,0.0,322.8040822345467
2025-12-22,303.9729603243207,318.69708481635263,333.40540191942085,301.51966567308585,306.30525809055075,22.286041729642022,22.286041729642022,22.286041729642022,0.84304277191894,0.84304277191894,0.84304277191894,21.442998957723084,21.442998957723084,21.442998957723084,0.0,0.0,0.0,326.2590020539627
2025-12-23,304.61095528728157,319.8506642720213,334.98664121579657,301.9574383309355,307.2116100175088,22.57395388296796,22.57395388296796,22.57395388296796,0.7791610089064237,0.7791610089064237,0.7791610089064237,21.794792874061535,21.794792874061535,21.794792874061535,0.0,0.0,0.0,327.1849091702495
2025-12-24,305.24895025024216,320.6510375204739,335.6768819520725,302.4076879884709,307.98887217417706,22.863871018908995,22.863871018908995,22.863871018908995,0.7853737221083898,0.7853737221083898,0.7853737221083898,22.078497296800606,22.078497296800606,22.078497296800606,0.0,0.0,0.0,328.11282126915114
2025-12-25,305.8869452132029,321.74221091620774,335.8125993614552,302.8725028772182,308.832974674011,22.841088630236765,22.841088630236765,22.841088630236765,0.543568582167706,0.543568582167706,0.543568582167706,22.29752004806906,22.29752004806906,22.29752004806906,0.0,0.0,0.0,328.7280338434397
2025-12-26,306.5249401761637,321.99646187698187,337.73010186498453,303.2721658161403,309.7757531923463,23.234813316157705,23.234813316157705,23.234813316157705,0.778214654633477,0.778214654633477,0.778214654633477,22.45659866152423,22.45659866152423,22.45659866152423,0.0,0.0,0.0,329.7597534923214
2025-12-29,308.43892506504585,324.2123707373933,339.51464967158813,305.0787495313036,312.0369589019663,23.481520299201502,23.481520299201502,23.481520299201502,0.8430427719209524,0.8430427719209524,0.8430427719209524,22.638477527280553,22.638477527280553,22.638477527280553,0.0,0.0,0.0,331.92044536424737
2025-12-30,309.0769200280066,325.18515477752436,340.53273171470835,305.50974709125467,312.91140419008707,23.4056552077825,23.4056552077825,23.4056552077825,0.7791610089055627,0.7791610089055627,0.7791610089055627,22.626494198876937,22.626494198876937,22.626494198876937,0.0,0.0,0.0,332.4825752357891
2025-12-31,309.7149149909674,324.93832151678856,340.51283586868806,305.97658159836294,313.944486521594,23.37799580629756,23.37799580629756,23.37799580629756,0.7853737221081847,0.7853737221081847,0.7853737221081847,22.592622084189372,22.592622084189372,22.592622084189372,0.0,0.0,0.0,333.09291079726495
2026-01-01,310.3529099539281,325.28227709483053,340.94081028135747,306.3815916708325,314.7580426946406,23.089514773656337,23.089514773656337,23.089514773656337,0.5435685821656336,0.5435685821656336,0.5435685821656336,22.545946191490707,22.545946191490707,22.545946191490707,0.0,0.0,0.0,333.4424247275844
