ds,trend,yhat_lower,yhat_upper,trend_lower,trend_upper,additive_terms,additive_terms_lower,additive_terms_upper,weekly,weekly_lower,weekly_upper,yearly,yearly_lower,yearly_upper,multiplicative_terms,multiplicative_terms_lower,multiplicative_terms_upper,yhat
2020-01-02,65.0957816823999,63.88304660751179,81.32384380505967,65.0957816823999,65.0957816823999,7.352560102283136,7.352560102283136,7.352560102283136,-1.414493771270613,-1.414493771270613,-1.414493771270613,8.767053873553749,8.767053873553749,8.767053873553749,0.0,0.0,0.0,72.44834178468304
2020-01-03,65.25566096691608,63.9169355969452,80.70036962043076,65.25566096691608,65.25566096691608,7.165566105579254,7.165566105579254,7.165566105579254,-1.2960651895477633,-1.2960651895477633,-1.2960651895477633,8.461631295127017,8.461631295127017,8.461631295127017,0.0,0.0,0.0,72.42122707249534
2020-01-06,65.73529882046459,64.12301966655971,80.22266386621669,65.73529882046459,65.73529882046459,6.4250346869238175,6.4250346869238175,6.4250346869238175,-1.1671696041555104,-1.1671696041555104,-1.1671696041555104,7.5922042910793275,7.5922042910793275,7.5922042910793275,0.0,0.0,0.0,72.16033350738842
2020-01-07,65.89517810498077,63.3834818250248,80.91251524089604,65.89517810498077,65.89517810498077,6.10914546683883,6.10914546683883,6.10914546683883,-1.22046119696829,-1.22046119696829,-1.22046119696829,7.3296066638071204,7.3296066638071204,7.3296066638071204,0.0,0.0,0.0,72.0043235718196
2020-01-08,66.05505738949694,63.725137526806634,80.25372979625249,66.05505738949694,66.05505738949694,5.768362246662208,5.768362246662208,5.768362246662208,-1.3175953777279465,-1.3175953777279465,-1.3175953777279465,7.085957624390154,7.085957624390154,7.085957624390154,0.0,0.0,0.0,71.82341963615914
2020-01-09,66.21493667401312,64.02530902694899,80.10952752911112,66.21493667401312,66.21493667401312,5.449588768212546,5.449588768212546,5.449588768212546,-1.4144937712718295,-1.4144937712718295,-1.4144937712718295,6.864082539484376,6.864082539484376,6.864082539484376,0.0,0.0,0.0,71.66452544222567
2020-01-10,66.3748159585293,63.6814904648453,79.69906457163013,66.3748159585293,66.3748159585293,5.370421122213072,5.370421122213072,5.370421122213072,-1.2960651895612434,-1.2960651895612434,-1.2960651895612434,6.666486311774316,6.666486311774316,6.666486311774316,0.0,0.0,0.0,71.74523708074237
2020-01-13,66.85445381207781,63.41491062276703,79.93260983734338,66.85445381207781,66.85445381207781,5.071562820513582,5.071562820513582,5.071562820513582,-1.1671696041554493,-1.1671696041554493,-1.1671696041554493,6.238732424669031,6.238732424669031,6.238732424669031,0.0,0.0,0.0,71.92601663259138
2020-01-14,67.01433309659399,63.53071997020914,80.14837704106127,67.01433309659399,67.01433309659399,4.935005926853021,4.935005926853021,4.935005926853021,-1.2204611969688528,-1.2204611969688528,-1.2204611969688528,6.155467123821873,6.155467123821873,6.155467123821873,0.0,0.0,0.0,71.94933902344701
2020-01-15,67.17421238111015,63.486863044868855,80.33645067837337,67.17421238111015,67.17421238111015,4.7852470143420485,4.7852470143420485,4.7852470143420485,-1.317595377727492,-1.317595377727492,-1.317595377727492,6.10284239206954,6.10284239206954,6.10284239206954,0.0,0.0,0.0,71.9594593954522
2020-01-16,67.33409166562633,63.79858798492661,80.3574573335471,67.33409166562633,67.33409166562633,4.666206416195597,4.666206416195597,4.666206416195597,-1.414493771273046,-1.414493771273046,-1.414493771273046,6.080700187468643,6.080700187468643,6.080700187468643,0.0,0.0,0.0,72.00029808182192
2020-01-17,67.49397095014251,64.21785960505454,80.51328478609125,67.49397095014251,67.49397095014251,4.792303489098729,4.792303489098729,4.792303489098729,-1.2960651895519237,-1.2960651895519237,-1.2960651895519237,6.088368678650653,6.088368678650653,6.088368678650653,0.0,0.0,0.0,72.28627443924124
2020-01-21,68.1334880882072,64.77733888060366,81.71051662192832,68.1334880882072,68.1334880882072,5.165364903456002,5.165364903456002,5.165364903456002,-1.2204611969694161,-1.2204611969694161,-1.2204611969694161,6.385826100425418,6.385826100425418,6.385826100425418,0.0,0.0,0.0,73.29885299166321
2020-01-22,68.29336737272337,64.6996807853633,81.67543094603454,68.29336737272337,68.29336737272337,5.197168366680986,5.197168366680986,5.197168366680986,-1.317595377727568,-1.317595377727568,-1.317595377727568,6.514763744408553,6.514763744408553,6.514763744408553,0.0,0.0,0.0,73.49053573940435
2020-01-23,68.45324665723955,65.5055597420173,82.15464070997432,68.45324665723955,68.45324665723955,5.244605335689851,5.244605335689851,5.244605335689851,-1.4144937712742631,-1.4144937712742631,-1.4144937712742631,6.659099106964114,6.659099106964114,6.659099106964114,0.0,0.0,0.0,73.6978519929294
2020-01-24,68.61312594175573,65.89961311054377,82.72640316620424,68.61312594175573,68.61312594175573,5.518856988304267,5.518856988304267,5.518856988304267,-1.2960651895518376,-1.2960651895518376,-1.2960651895518376,6.814922177856104,6.814922177856104,6.814922177856104,0.0,0.0,0.0,74.13198293005999
2020-01-27,69.09276379530424,66.54549402043955,83.32386826614913,69.09276379530424,69.09276379530424,6.14049802777907,6.14049802777907,6.14049802777907,-1.1671696041615687,-1.1671696041615687,-1.1671696041615687,7.307667631940639,7.307667631940639,7.307667631940639,0.0,0.0,0.0,75.23326182308331
2020-01-28,69.25264307982042,67.37137015472878,83.66734556633332,69.25264307982042,69.25264307982042,6.244213261818585,6.244213261818585,6.244213261818585,-1.220461196966477,-1.220461196966477,-1.220461196966477,7.464674458785062,7.464674458785062,7.464674458785062,0.0,0.0,0.0,75.496856341639
2020-01-29,69.41252236433658,67.23684287462147,84.36621490907974,69.41252236433658,69.41252236433658,6.292293879708439,6.292293879708439,6.292293879708439,-1.3175953777277127,-1.3175953777277127,-1.3175953777277127,7.609889257436152,7.609889257436152,7.609889257436152,0.0,0.0,0.0,75.70481624404502
2020-01-30,69.57240164885276,67.6930344609346,84.61997217471183,69.57240164885276,69.57240164885276,6.323855177877673,6.323855177877673,6.323855177877673,-1.4144937712737906,-1.4144937712737906,-1.4144937712737906,7.738348949151464,7.738348949151464,7.738348949151464,0.0,0.0,0.0,75.89625682673044
2020-01-31,69.73228093336894,68.3560013804324,85.037090599875,69.73228093336894,69.73228093336894,6.549084146824632,6.549084146824632,6.549084146824632,-1.29606518956224,-1.29606518956224,-1.29606518956224,7.845149336386872,7.845149336386872,7.845149336386872,0.0,0.0,0.0,76.28136508019357
2020-02-03,70.21191878691745,69.0149379924938,85.71128130897452,70.21191878691745,70.21191878691745,6.821778718340638,6.821778718340638,6.821778718340638,-1.1671696041516897,-1.1671696041516897,-1.1671696041516897,7.988948322492329,7.988948322492329,7.988948322492329,0.0,0.0,0.0,77.03369750525809
2020-02-04,70.37179807143363,68.50188858730982,85.41666783358923,70.37179807143363,70.37179807143363,6.743297904179579,6.743297904179579,6.743297904179579,-1.2204611969670405,-1.2204611969670405,-1.2204611969670405,7.9637591011466204,7.9637591011466204,7.9637591011466204,0.0,0.0,0.0,77.11509597561322
2020-02-05,70.5316773559498,69.04543894856528,85.43654548176173,70.5316773559498,70.5316773559498,6.578169770514435,6.578169770514435,6.578169770514435,-1.3175953777277891,-1.3175953777277891,-1.3175953777277891,7.895765148242225,7.895765148242225,7.895765148242225,0.0,0.0,0.0,77.10984712646423
2020-02-06,70.69155664046598,68.87884633348423,85.55116815633635,70.69155664046598,70.69155664046598,6.367388433822432,6.367388433822432,6.367388433822432,-1.4144937712704237,-1.4144937712704237,-1.4144937712704237,7.781882205092855,7.781882205092855,7.781882205092855,0.0,0.0,0.0,77.0589450742884
2020-02-07,70.85143592498216,68.27732030388614,85.65020324665838,70.85143592498216,70.85143592498216,6.323480369562469,6.323480369562469,6.323480369562469,-1.296065189562154,-1.296065189562154,-1.296065189562154,7.619545559124623,7.619545559124623,7.619545559124623,0.0,0.0,0.0,77.17491629454463
2020-02-10,71.33107377853067,68.5765652052862,85.41850436786245,71.33107377853067,71.33107377853067,5.657732191771347,5.657732191771347,5.657732191771347,-1.16716960415475,-1.16716960415475,-1.16716960415475,6.824901795926096,6.824901795926096,6.824901795926096,0.0,0.0,0.0,76.98880597030201
2020-02-11,71.49095306304685,67.9758993502098,84.89791292268477,71.49095306304685,71.49095306304685,5.234529058687901,5.234529058687901,5.234529058687901,-1.2204611969702,-1.2204611969702,-1.2204611969702,6.4549902556581005,6.4549902556581005,6.4549902556581005,0.0,0.0,0.0,76.72548212173474
2020-02-12,71.65083234756301,67.90226707370267,84.82028680595738,71.65083234756301,71.65083234756301,4.715379505977085,4.715379505977085,4.715379505977085,-1.317595377727865,-1.317595377727865,-1.317595377727865,6.0329748837049495,6.0329748837049495,6.0329748837049495,0.0,0.0,0.0,76.3662118535401
2020-02-13,71.81071163207919,67.7186206241325,84.03302477816504,71.81071163207919,71.81071163207919,4.145621364670155,4.145621364670155,4.145621364670155,-1.4144937712699517,-1.4144937712699517,-1.4144937712699517,5.560115135940107,5.560115135940107,5.560115135940107,0.0,0.0,0.0,75.95633299674934
2020-02-14,71.97059091659537,67.09355025109144,84.2054263108014,71.97059091659537,71.97059091659537,3.742275052356827,3.742275052356827,3.742275052356827,-1.29606518955899,-1.29606518955899,-1.29606518955899,5.038340241915817,5.038340241915817,5.038340241915817,0.0,0.0,0.0,75.7128659689522
2020-02-18,72.61010805466006,66.2003821655293,82.5041951320036,72.61010805466006,72.61010805466006,1.302388272736825,1.302388272736825,1.302388272736825,-1.2204611969707626,-1.2204611969707626,-1.2204611969707626,2.522849469707588,2.522849469707588,2.522849469707588,0.0,0.0,0.0,73.91249632739688
2020-02-19,72.76998733917623,64.50234113828543,81.38910535159353,72.76998733917623,72.76998733917623,0.4894917453361131,0.4894917453361131,0.4894917453361131,-1.31759537772801,-1.31759537772801,-1.31759537772801,1.807087123064123,1.807087123064123,1.807087123064123,0.0,0.0,0.0,73.25947908451234
2020-02-20,72.9298666236924,64.04519969384668,81.6271081472852,72.9298666236924,72.9298666236924,-0.3481229229175183,-0.3481229229175183,-0.3481229229175183,-1.4144937712745465,-1.4144937712745465,-1.4144937712745465,1.066370848357028,1.066370848357028,1.066370848357028,0.0,0.0,0.0,72.5817437007749
2020-02-21,73.08974590820858,63.51726630521043,79.84700577092802,73.08974590820858,73.08974590820858,-0.9897834645637511,-0.9897834645637511,-0.9897834645637511,-1.2960651895558264,-1.2960651895558264,-1.2960651895558264,0.3062817249920751,0.3062817249920751,0.3062817249920751,0.0,0.0,0.0,72.09996244364483
2020-02-24,73.5693837617571,62.5623477989085,79.15005914985719,73.5693837617571,73.5693837617571,-3.1980399610669825,-3.1980399610669825,-3.1980399610669825,-1.1671696041577482,-1.1671696041577482,-1.1671696041577482,-2.030870356909234,-2.030870356909234,-2.030870356909234,0.0,0.0,0.0,70.37134380069011
2020-02-25,73.72926304627327,61.1985447245193,77.44825293843887,73.72926304627327,73.72926304627327,-4.028972849328302,-4.028972849328302,-4.028972849328302,-1.2204611969695751,-1.2204611969695751,-1.2204611969695751,-2.8085116523587272,-2.8085116523587272,-2.8085116523587272,0.0,0.0,0.0,69.70029019694498
2020-02-26,73.88914233078944,59.64323006971353,76.80897661248547,73.88914233078944,73.88914233078944,-4.892872443725878,-4.892872443725878,-4.892872443725878,-1.3175953777280864,-1.3175953777280864,-1.3175953777280864,-3.5752770659977915,-3.5752770659977915,-3.5752770659977915,0.0,0.0,0.0,68.99626988706356
2020-02-27,74.04902161530562,59.60231213378892,76.1447701946625,74.04902161530562,74.04902161530562,-5.739752070117897,-5.739752070117897,-5.739752070117897,-1.4144937712694905,-1.4144937712694905,-1.4144937712694905,-4.325258298848405,-4.325258298848405,-4.325258298848405,0.0,0.0,0.0,68.30926954518772
2020-02-28,74.2089008998218,59.480477102318524,76.23006938015932,74.2089008998218,74.2089008998218,-6.348862875411567,-6.348862875411567,-6.348862875411567,-1.296065189552662,-1.296065189552662,-1.296065189552662,-5.052797685858904,-5.052797685858904,-5.052797685858904,0.0,0.0,0.0,67.86003802441023
2020-03-02,74.68853875337031,58.514049854476326,74.40382225011663,74.68853875337031,74.68853875337031,-8.216795925576662,-8.216795925576662,-8.216795925576662,-1.167169604163929,-1.167169604163929,-1.167169604163929,-7.049626321412732,-7.049626321412732,-7.049626321412732,0.0,0.0,0.0,66.47174282779365
2020-03-03,74.84841803628923,57.59040654776475,74.41214861213727,74.84841803628923,74.84841803628923,-8.85903589186537,-8.85903589186537,-8.85903589186537,-1.220461196968387,-1.220461196968387,-1.220461196968387,-7.638574694896982,-7.638574694896982,-7.638574694896982,0.0,0.0,0.0,65.98938214442386
2020-03-04,75.00829731920815,57.21421083137829,73.33804029118488,75.00829731920815,75.00829731920815,-9.500794163075414,-9.500794163075414,-9.500794163075414,-1.3175953777276312,-1.3175953777276312,-1.3175953777276312,-8.183198785347782,-8.183198785347782,-8.183198785347782,0.0,0.0,0.0,65.50750315613274
2020-03-05,75.16817660212709,57.32196899658426,73.77418161694656,75.16817660212709,75.16817660212709,-10.095322129083481,-10.095322129083481,-10.095322129083481,-1.4144937712707073,-1.4144937712707073,-1.4144937712707073,-8.680828357812773,-8.680828357812773,-8.680828357812773,0.0,0.0,0.0,65.0728544730436
2020-03-06,75.32805588504601,56.95822385363506,73.72699026660047,75.32805588504601,75.32805588504601,-10.425524740020013,-10.425524740020013,-10.425524740020013,-1.2960651895525763,-1.2960651895525763,-1.2960651895525763,-9.129459550467436,-9.129459550467436,-9.129459550467436,0.0,0.0,0.0,64.902531145026
2020-03-09,75.80769373380281,56.39921951373239,72.55234918657901,75.80769373380281,75.80769373380281,-11.338825676570593,-11.338825676570593,-11.338825676570593,-1.167169604150929,-1.167169604150929,-1.167169604150929,-10.171656072419665,-10.171656072419665,-10.171656072419665,0.0,0.0,0.0,64.46886805723221
2020-03-10,75.96757301672173,55.546599964472286,72.0892963129551,75.96757301672173,75.96757301672173,-11.638493331100648,-11.638493331100648,-11.638493331100648,-1.2204611969671988,-1.2204611969671988,-1.2204611969671988,-10.418032134133451,-10.418032134133451,-10.418032134133451,0.0,0.0,0.0,64.32907968562108
2020-03-11,76.12745229964065,55.630539688160546,72.47230553445573,76.12745229964065,76.12745229964065,-11.933265040580281,-11.933265040580281,-11.933265040580281,-1.3175953777277072,-1.3175953777277072,-1.3175953777277072,-10.615669662852573,-10.615669662852573,-10.615669662852573,0.0,0.0,0.0,64.19418725906037
2020-03-12,76.28733158255957,56.145742385107894,73.19604099289312,76.28733158255957,76.28733158255957,-12.181062444394144,-12.181062444394144,-12.181062444394144,-1.414493771270235,-1.414493771270235,-1.414493771270235,-10.766568673123908,-10.766568673123908,-10.766568673123908,0.0,0.0,0.0,64.10626913816543
2020-03-13,76.44721086547851,56.136282745322006,72.83682705103195,76.44721086547851,76.44721086547851,-12.169355830223445,-12.169355830223445,-12.169355830223445,-1.296065189546334,-1.296065189546334,-1.296065189546334,-10.873290640677112,-10.873290640677112,-10.873290640677112,0.0,0.0,0.0,64.27785503525507
2020-03-16,76.92684871423528,56.31061619339812,72.54549361889872,76.92684871423528,76.92684871423528,-12.128341872237955,-12.128341872237955,-12.128341872237955,-1.167169604153989,-1.167169604153989,-1.167169604153989,-10.961172268083967,-10.961172268083967,-10.961172268083967,0.0,0.0,0.0,64.79850684199732
2020-03-17,77.08672799715421,56.55345982140806,73.29626085393522,77.08672799715421,77.08672799715421,-12.14632661802419,-12.14632661802419,-12.14632661802419,-1.2204611969677621,-1.2204611969677621,-1.2204611969677621,-10.925865421056427,-10.925865421056427,-10.925865421056427,0.0,0.0,0.0,64.94040137913002
2020-03-18,77.24660728007314,56.754345490390094,73.4506732286501,77.24660728007314,77.24660728007314,-12.182950020890965,-12.182950020890965,-12.182950020890965,-1.317595377727852,-1.317595377727852,-1.317595377727852,-10.865354643163112,-10.865354643163112,-10.865354643163112,0.0,0.0,0.0,65.06365725918216
2020-03-19,77.40648656299206,57.535048043157644,73.10129431034692,77.40648656299206,77.40648656299206,-12.198631241644758,-12.198631241644758,-12.198631241644758,-1.4144937712697625,-1.4144937712697625,-1.4144937712697625,-10.784137470374995,-10.784137470374995,-10.784137470374995,0.0,0.0,0.0,65.2078553213473
2020-03-20,77.566365845911,56.70244724138276,73.78268250457782,77.566365845911,77.566365845911,-11.982820914678928,-11.982820914678928,-11.982820914678928,-1.2960651895598148,-1.2960651895598148,-1.2960651895598148,-10.686755725119115,-10.686755725119115,-10.686755725119115,0.0,0.0,0.0,65.58354493123207
2020-03-23,78.04600369466776,58.46712500744019,74.81941119288604,78.04600369466776,78.04600369466776,-11.509193033885504,-11.509193033885504,-11.509193033885504,-1.167169604153928,-1.167169604153928,-1.167169604153928,-10.342023429731578,-10.342023429731578,-10.342023429731578,0.0,0.0,0.0,66.53681066078225
2020-03-24,78.2058829775867,58.65190920153157,75.06304280567485,78.2058829775867,78.2058829775867,-11.443981768481743,-11.443981768481743,-11.443981768481743,-1.2204611969648225,-1.2204611969648225,-1.2204611969648225,-10.22352057151692,-10.22352057151692,-10.22352057151692,0.0,0.0,0.0,66.76190120910495
2020-03-25,78.36576226050562,58.89872579389613,74.73212510107506,78.36576226050562,78.36576226050562,-11.427119052629394,-11.427119052629394,-11.427119052629394,-1.3175953777273974,-1.3175953777273974,-1.3175953777273974,-10.109523674901995,-10.109523674901995,-10.109523674901995,0.0,0.0,0.0,66.93864320787623
2020-03-26,78.52564154342454,58.61617611848396,75.46975760257149,78.52564154342454,78.52564154342454,-11.417787765639092,-11.417787765639092,-11.417787765639092,-1.4144937712726684,-1.4144937712726684,-1.4144937712726684,-10.003293994366425,-10.003293994366425,-10.003293994366425,0.0,0.0,0.0,67.10785377778545
2020-03-27,78.68552082634349,58.96897479071155,76.34593677332383,78.68552082634349,78.68552082634349,-11.203747695060956,-11.203747695060956,-11.203747695060956,-1.2960651895566506,-1.2960651895566506,-1.2960651895566506,-9.907682505504306,-9.907682505504306,-9.907682505504306,0.0,0.0,0.0,67.48177313128254
2020-03-30,79.16515867510026,59.82886558483959,76.24117981392327,79.16515867510026,79.16515867510026,-10.873475534014498,-10.873475534014498,-10.873475534014498,-1.1671696041538664,-1.1671696041538664,-1.1671696041538664,-9.706305929860632,-9.706305929860632,-9.706305929860632,0.0,0.0,0.0,68.29168314108576
2020-03-31,79.3250379580192,59.72163104559415,77.10004961602344,79.3250379580192,79.3250379580192,-10.893019546779701,-10.893019546779701,-10.893019546779701,-1.2204611969697332,-1.2204611969697332,-1.2204611969697332,-9.672558349809968,-9.672558349809968,-9.672558349809968,0.0,0.0,0.0,68.4320184112395
2020-04-01,79.48491724093812,59.886353531767504,76.62222971411026,79.48491724093812,79.48491724093812,-10.974359608312719,-10.974359608312719,-10.974359608312719,-1.3175953777275078,-1.3175953777275078,-1.3175953777275078,-9.656764230585212,-9.656764230585212,-9.656764230585212,0.0,0.0,0.0,68.51055763262539
2020-04-02,79.64479652385704,60.269939124207156,77.99023652902981,79.64479652385704,79.64479652385704,-11.07349402354803,-11.07349402354803,-11.07349402354803,-1.414493771272196,-1.414493771272196,-1.414493771272196,-9.659000252275833,-9.659000252275833,-9.659000252275833,0.0,0.0,0.0,68.571302500309
2020-04-03,79.80467580677598,59.98305623021186,76.89567364639102,79.80467580677598,79.80467580677598,-10.974989146500981,-10.974989146500981,-10.974989146500981,-1.2960651895565647,-1.2960651895565647,-1.2960651895565647,-9.678923956944418,-9.678923956944418,-9.678923956944418,0.0,0.0,0.0,68.829686660275
2020-04-06,80.28431365553274,60.943324829462256,77.74613351774228,80.28431365553274,80.28431365553274,-11.003093223071463,-11.003093223071463,-11.003093223071463,-1.1671696041600472,-1.1671696041600472,-1.1671696041600472,-9.835923618911416,-9.835923618911416,-9.835923618911416,0.0,0.0,0.0,69.28122043246128
2020-04-07,80.44419293845168,61.34440004608428,77.5769247143824,80.44419293845168,80.44419293845168,-11.136666757062367,-11.136666757062367,-11.136666757062367,-1.220461196968545,-1.220461196968545,-1.220461196968545,-9.916205560093822,-9.916205560093822,-9.916205560093822,0.0,0.0,0.0,69.3075261813893
2020-04-08,80.6040722213706,61.10902532013636,76.97257508847761,80.6040722213706,80.6040722213706,-11.325264963928465,-11.325264963928465,-11.325264963928465,-1.3175953777275835,-1.3175953777275835,-1.3175953777275835,-10.007669586200882,-10.007669586200882,-10.007669586200882,0.0,0.0,0.0,69.27880725744214
2020-04-09,80.76395150428952,60.47419565168395,77.27723510848335,80.76395150428952,80.76395150428952,-11.522915656291211,-11.522915656291211,-11.522915656291211,-1.4144937712734127,-1.4144937712734127,-1.4144937712734127,-10.108421885017798,-10.108421885017798,-10.108421885017798,0.0,0.0,0.0,69.24103584799832
2020-04-13,81.40346863596523,61.60556513219389,77.97002637907431,81.40346863596523,81.40346863596523,-11.732474794550539,-11.732474794550539,-11.732474794550539,-1.1671696041599862,-1.1671696041599862,-1.1671696041599862,-10.565305190390553,-10.565305190390553,-10.565305190390553,0.0,0.0,0.0,69.67099384141468
2020-04-14,81.56334791888416,61.41009607858827,78.3356271467888,81.56334791888416,81.56334791888416,-11.904152467932754,-11.904152467932754,-11.904152467932754,-1.2204611969673573,-1.2204611969673573,-1.2204611969673573,-10.683691270965396,-10.683691270965396,-10.683691270965396,0.0,0.0,0.0,69.65919545095142
2020-04-15,81.72322720180308,61.67522118576015,78.25867897760547,81.72322720180308,81.72322720180308,-12.11805156467492,-12.11805156467492,-12.11805156467492,-1.3175953777276945,-1.3175953777276945,-1.3175953777276945,-10.800456186947226,-10.800456186947226,-10.800456186947226,0.0,0.0,0.0,69.60517563712817
2020-04-16,81.883106484722,61.19127970679463,77.99301325267679,81.883106484722,81.883106484722,-12.328768945891138,-12.328768945891138,-12.328768945891138,-1.4144937712700463,-1.4144937712700463,-1.4144937712700463,-10.91427517462109,-10.91427517462109,-10.91427517462109,0.0,0.0,0.0,69.55433753883086
2020-04-17,82.04298576764093,61.317502521431344,77.87743526021409,82.04298576764093,82.04298576764093,-12.320111854555206,-12.320111854555206,-12.320111854555206,-1.2960651895502369,-1.2960651895502369,-1.2960651895502369,-11.024046665004969,-11.024046665004969,-11.024046665004969,0.0,0.0,0.0,69.72287391308572
2020-04-20,82.52262361639771,61.40253126654758,78.51508780852389,82.52262361639771,82.52262361639771,-12.488810432100522,-12.488810432100522,-12.488810432100522,-1.167169604163046,-1.167169604163046,-1.167169604163046,-11.321640827937477,-11.321640827937477,-11.321640827937477,0.0,0.0,0.0,70.03381318429719
2020-04-21,82.68250289931665,62.689451995785646,78.28602783444967,82.68250289931665,82.68250289931665,-12.629443857234422,-12.629443857234422,-12.629443857234422,-1.2204611969705161,-1.2204611969705161,-1.2204611969705161,-11.408982660263906,-11.408982660263906,-11.408982660263906,0.0,0.0,0.0,70.05305904208223
2020-04-22,82.84238218223557,62.135448087709655,78.95913360823681,82.84238218223557,82.84238218223557,-12.807913394880442,-12.807913394880442,-12.807913394880442,-1.3175953777277705,-1.3175953777277705,-1.3175953777277705,-11.490318017152672,-11.490318017152672,-11.490318017152672,0.0,0.0,0.0,70.03446878735512
2020-04-23,83.00226146515449,62.231809142127595,78.91185444840605,83.00226146515449,83.00226146515449,-12.98039104447395,-12.98039104447395,-12.98039104447395,-1.4144937712712633,-1.4144937712712633,-1.4144937712712633,-11.565897273202689,-11.565897273202689,-11.565897273202689,0.0,0.0,0.0,70.02187042068054
2020-04-24,83.16214074807341,61.730757179708675,78.74440654233562,83.16214074807341,83.16214074807341,-12.932196173899673,-12.932196173899673,-12.932196173899673,-1.296065189550151,-1.296065189550151,-1.296065189550151,-11.63613098434952,-11.63613098434952,-11.63613098434952,0.0,0.0,0.0,70.22994457417374
2020-04-27,83.6417785968302,62.31179004969267,78.92524546509597,83.6417785968302,83.6417785968302,-12.98771291205771,-12.98771291205771,-12.98771291205771,-1.167169604153167,-1.167169604153167,-1.167169604153167,-11.820543307904543,-11.820543307904543,-11.820543307904543,0.0,0.0,0.0,70.65406568477249
2020-04-28,83.80165787974914,62.63043418053686,79.50514193779763,83.80165787974914,83.80165787974914,-13.095935509410422,-13.095935509410422,-13.095935509410422,-1.2204611969693286,-1.2204611969693286,-1.2204611969693286,-11.875474312441096,-11.875474312441096,-11.875474312441096,0.0,0.0,0.0,70.70572237033872
2020-04-29,83.96162919862833,62.272497253396836,78.60386970094739,83.96162919862833,83.96162919862833,-13.245853536799638,-13.245853536799638,-13.245853536799638,-1.3175953777279152,-1.3175953777279152,-1.3175953777279152,-11.92825815907172,-11.92825815907172,-11.92825815907172,0.0,0.0,0.0,70.71577566182869
2020-04-30,84.12160051750755,61.90444358974132,78.76488381843686,84.12160051750755,84.12160051750755,-13.393989285057664,-13.393989285057664,-13.393989285057664,-1.4144937712707908,-1.4144937712707908,-1.4144937712707908,-11.979495513786874,-11.979495513786874,-11.979495513786874,0.0,0.0,0.0,70.72761123244987
2020-05-01,84.28157183638675,63.1075704926225,78.77494420828364,84.28157183638675,84.28157183638675,-13.325754861227832,-13.325754861227832,-13.325754861227832,-1.296065189557475,-1.296065189557475,-1.296065189557475,-12.029689671670358,-12.029689671670358,-12.029689671670358,0.0,0.0,0.0,70.95581697515891
2020-05-04,84.76148579302433,62.436937782184486,79.45621424443539,84.76148579302433,84.76148579302433,-13.344166022766737,-13.344166022766737,-13.344166022766737,-1.1671696041562267,-1.1671696041562267,-1.1671696041562267,-12.176996418610509,-12.176996418610509,-12.176996418610509,0.0,0.0,0.0,71.41731977025759
2020-05-05,84.92145711190355,63.34303182918713,79.72430074057606,84.92145711190355,84.92145711190355,-13.445633747408127,-13.445633747408127,-13.445633747408127,-1.2204611969681405,-1.2204611969681405,-1.2204611969681405,-12.225172550439988,-12.225172550439988,-12.225172550439988,0.0,0.0,0.0,71.47582336449543
2020-05-06,85.08142843078275,62.68797508512634,78.95386193978496,85.08142843078275,85.08142843078275,-13.590105906717358,-13.590105906717358,-13.590105906717358,-1.317595377727991,-1.317595377727991,-1.317595377727991,-12.272510528989367,-12.272510528989367,-12.272510528989367,0.0,0.0,0.0,71.4913225240654
2020-05-07,85.24139974966195,63.70974798283022,79.39898587951774,85.24139974966195,85.24139974966195,-13.732996893842838,-13.732996893842838,-13.732996893842838,-1.4144937712720071,-1.4144937712720071,-1.4144937712720071,-12.31850312257083,-12.31850312257083,-12.31850312257083,0.0,0.0,0.0,71.50840285581911
2020-05-08,85.40137106854115,63.34332821879926,80.56246526643537,85.40137106854115,85.40137106854115,-13.658528038924073,-13.658528038924073,-13.658528038924073,-1.296065189557389,-1.296065189557389,-1.296065189557389,-12.362462849366684,-12.362462849366684,-12.362462849366684,0.0,0.0,0.0,71.74284302961708
2020-05-11,85.88128502517876,64.06557102335535,80.80785469505712,85.88128502517876,85.88128502517876,-13.640081536029744,-13.640081536029744,-13.640081536029744,-1.1671696041561657,-1.1671696041561657,-1.1671696041561657,-12.472911931873577,-12.472911931873577,-12.472911931873577,0.0,0.0,0.0,72.24120348914902
2020-05-12,86.04125634405796,64.04006807503343,80.5792472017313,86.04125634405796,86.04125634405796,-13.719350669011511,-13.719350669011511,-13.719350669011511,-1.220461196968704,-1.220461196968704,-1.220461196968704,-12.498889472042807,-12.498889472042807,-12.498889472042807,0.0,0.0,0.0,72.32190567504645
2020-05-13,86.20122766293717,64.12795838856287,79.6959584479625,86.20122766293717,86.20122766293717,-13.834992127334843,-13.834992127334843,-13.834992127334843,-1.3175953777275364,-1.3175953777275364,-1.3175953777275364,-12.517396749607304,-12.517396749607304,-12.517396749607304,0.0,0.0,0.0,72.36623553560233
2020-05-14,86.36119898181634,64.12709313802897,81.20604822265227,86.36119898181634,86.36119898181634,-13.94164808027182,-13.94164808027182,-13.94164808027182,-1.4144937712715349,-1.4144937712715349,-1.4144937712715349,-12.527154309000286,-12.527154309000286,-12.527154309000286,0.0,0.0,0.0,72.41955090154453
2020-05-15,86.52117030069556,64.48723513565545,80.8453593938384,86.52117030069556,86.52117030069556,-13.822967477840782,-13.822967477840782,-13.822967477840782,-1.2960651895542252,-1.2960651895542252,-1.2960651895542252,-12.526902288286555,-12.526902288286555,-12.526902288286555,0.0,0.0,0.0,72.69820282285478
2020-05-18,87.00108425733318,64.82662024560916,81.54830463060067,87.00108425733318,87.00108425733318,-13.621737468409878,-13.621737468409878,-13.621737468409878,-1.1671696041494075,-1.1671696041494075,-1.1671696041494075,-12.45456786426047,-12.45456786426047,-12.45456786426047,0.0,0.0,0.0,73.3793467889233
2020-05-19,87.16105557621236,64.99778787159843,81.872596655869,87.16105557621236,87.16105557621236,-13.623820432729152,-13.623820432729152,-13.623820432729152,-1.2204611969692667,-1.2204611969692667,-1.2204611969692667,-12.403359235759886,-12.403359235759886,-12.403359235759886,0.0,0.0,0.0,73.53723514348322
2020-05-20,87.32102689509156,65.53257363383734,82.14382151686767,87.32102689509156,87.32102689509156,-13.654985597448468,-13.654985597448468,-13.654985597448468,-1.317595377727647,-1.317595377727647,-1.317595377727647,-12.33739021972082,-12.33739021972082,-12.33739021972082,0.0,0.0,0.0,73.66604129764309
2020-05-21,87.48099821397076,65.70360086358198,82.21030975816011,87.48099821397076,87.48099821397076,-13.67072187942092,-13.67072187942092,-13.67072187942092,-1.4144937712744405,-1.4144937712744405,-1.4144937712744405,-12.25622810814648,-12.25622810814648,-12.25622810814648,0.0,0.0,0.0,73.81027633454984
2020-05-22,87.64096953284997,65.80202189998938,82.44777254437336,87.64096953284997,87.64096953284997,-13.45572414300529,-13.45572414300529,-13.45572414300529,-1.2960651895510615,-1.2960651895510615,-1.2960651895510615,-12.159658953454228,-12.159658953454228,-12.159658953454228,0.0,0.0,0.0,74.18524538984468
2020-05-26,88.28085480836678,67.47259828847027,83.6926267049268,88.28085480836678,88.28085480836678,-12.843350339481892,-12.843350339481892,-12.843350339481892,-1.2204611969680792,-1.2204611969680792,-1.2204611969680792,-11.622889142513813,-11.622889142513813,-11.622889142513813,0.0,0.0,0.0,75.4375044688849
2020-05-27,88.44082612724597,67.42361101344612,83.66834493033627,88.44082612724597,88.44082612724597,-12.771425640875028,-12.771425640875028,-12.771425640875028,-1.3175953777277574,-1.3175953777277574,-1.3175953777277574,-11.453830263147273,-11.453830263147273,-11.453830263147273,0.0,0.0,0.0,75.66940048637095
2020-05-28,88.60079744612518,67.05804789032187,84.02721361908739,88.60079744612518,88.60079744612518,-12.687066937809261,-12.687066937809261,-12.687066937809261,-1.4144937712710741,-1.4144937712710741,-1.4144937712710741,-11.272573166538185,-11.272573166538185,-11.272573166538185,0.0,0.0,0.0,75.91373050831592
2020-05-29,88.76076876500439,68.37344621633247,84.3940809386314,88.76076876500439,88.76076876500439,-12.37630362257108,-12.37630362257108,-12.37630362257108,-1.2960651895614634,-1.2960651895614634,-1.2960651895614634,-11.080238433009614,-11.080238433009614,-11.080238433009614,0.0,0.0,0.0,76.3844651424333
2020-06-01,89.24068272164199,69.524720318233,86.5312612072306,89.24068272164199,89.24068272164199,-11.616162330408585,-11.616162330408585,-11.616162330408585,-1.1671696041555273,-1.1671696041555273,-1.1671696041555273,-10.448992726253058,-10.448992726253058,-10.448992726253058,0.0,0.0,0.0,77.6245203912334
2020-06-02,89.40065404052119,69.58016339186521,86.38964585156249,89.40065404052119,89.40065404052119,-11.44507676116675,-11.44507676116675,-11.44507676116675,-1.2204611969668913,-1.2204611969668913,-1.2204611969668913,-10.224615564199858,-10.224615564199858,-10.224615564199858,0.0,0.0,0.0,77.95557727935444
2020-06-03,89.56062535940039,69.74187094110366,86.57456205417711,89.56062535940039,89.56062535940039,-11.312781661563049,-11.312781661563049,-11.312781661563049,-1.3175953777278337,-1.3175953777278337,-1.3175953777278337,-9.995186283835215,-9.995186283835215,-9.995186283835215,0.0,0.0,0.0,78.24784369783734
2020-06-04,89.72059667827958,70.28377090670133,87.05974659974167,89.72059667827958,89.72059667827958,-11.176188625593781,-11.176188625593781,-11.176188625593781,-1.414493771272291,-1.414493771272291,-1.414493771272291,-9.76169485432149,-9.76169485432149,-9.76169485432149,0.0,0.0,0.0,78.5444080526858
2020-06-05,89.88056799715879,71.25265215973032,86.82314687986594,89.88056799715879,89.88056799715879,-10.82103043116284,-10.82103043116284,-10.82103043116284,-1.2960651895613775,-1.2960651895613775,-1.2960651895613775,-9.524965241601462,-9.524965241601462,-9.524965241601462,0.0,0.0,0.0,79.05953756599595
2020-06-08,90.3604819537964,71.93763147881671,88.73278962873646,90.3604819537964,90.3604819537964,-9.967615526865371,-9.967615526865371,-9.967615526865371,-1.167169604155466,-1.167169604155466,-1.167169604155466,-8.800445922709907,-8.800445922709907,-8.800445922709907,0.0,0.0,0.0,80.39286642693102
2020-06-09,90.52045327267558,72.19303969716533,88.98504361033224,90.52045327267558,90.52045327267558,-9.775120591897835,-9.775120591897835,-9.775120591897835,-1.2204611969700498,-1.2204611969700498,-1.2204611969700498,-8.554659394927786,-8.554659394927786,-8.554659394927786,0.0,0.0,0.0,80.74533268077775
2020-06-10,90.6804245915548,73.04765905470626,89.2826938521605,90.6804245915548,90.6804245915548,-9.623933349898085,-9.623933349898085,-9.623933349898085,-1.3175953777279095,-1.3175953777279095,-1.3175953777279095,-8.306337972170176,-8.306337972170176,-8.306337972170176,0.0,0.0,0.0,81.05649124165672
2020-06-11,90.840395910434,73.1245542596944,89.54637885752916,90.840395910434,90.840395910434,-9.469351459807893,-9.469351459807893,-9.469351459807893,-1.4144937712718186,-1.4144937712718186,-1.4144937712718186,-8.054857688536075,-8.054857688536075,-8.054857688536075,0.0,0.0,0.0,81.3710444506261
2020-06-12,91.0003672293132,73.50680093664684,90.46030724708645,91.0003672293132,91.0003672293132,-9.09541778424149,-9.09541778424149,-9.09541778424149,-1.2960651895551356,-1.2960651895551356,-1.2960651895551356,-7.799352594686356,-7.799352594686356,-7.799352594686356,0.0,0.0,0.0,81.90494944507171
2020-06-15,91.4802811859508,74.8920434173071,91.97466469875512,91.4802811859508,91.4802811859508,-8.16412175673045,-8.16412175673045,-8.16412175673045,-1.1671696041585258,-1.1671696041585258,-1.1671696041585258,-6.996952152571925,-6.996952152571925,-6.996952152571925,0.0,0.0,0.0,83.31615942922035
2020-06-16,91.64025250483,75.55068722970843,92.2418860970581,91.64025250483,91.64025250483,-7.933307944182915,-7.933307944182915,-7.933307944182915,-1.2204611969706134,-1.2204611969706134,-1.2204611969706134,-6.712846747212303,-6.712846747212303,-6.712846747212303,0.0,0.0,0.0,83.70694456064709
2020-06-17,91.8002238237092,76.13288476478063,91.98135299012812,91.8002238237092,91.8002238237092,-7.735460171837144,-7.735460171837144,-7.735460171837144,-1.31759537772802,-1.31759537772802,-1.31759537772802,-6.417864794109124,-6.417864794109124,-6.417864794109124,0.0,0.0,0.0,84.06476365187206
2020-06-18,91.96019514258842,76.25970113203151,92.70771710168583,91.96019514258842,91.96019514258842,-7.524948328139101,-7.524948328139101,-7.524948328139101,-1.4144937712730354,-1.4144937712730354,-1.4144937712730354,-6.110454556866066,-6.110454556866066,-6.110454556866066,0.0,0.0,0.0,84.43524681444931
2020-06-19,92.12016646146762,76.22494576081549,93.66255431771847,92.12016646146762,92.12016646146762,-7.08520097917827,-7.08520097917827,-7.08520097917827,-1.2960651895550497,-1.2960651895550497,-1.2960651895550497,-5.789135789623221,-5.789135789623221,-5.789135789623221,0.0,0.0,0.0,85.03496548228935
2020-06-22,92.60008041810521,78.0571922557818,94.89648470609386,92.60008041810521,92.60008041810521,-5.896458300106885,-5.896458300106885,-5.896458300106885,-1.1671696041584645,-1.1671696041584645,-1.1671696041584645,-4.72928869594842,-4.72928869594842,-4.72928869594842,0.0,0.0,0.0,86.70362211799832
2020-06-23,92.76005173698442,78.47988576813633,95.87237720457658,92.76005173698442,92.76005173698442,-5.561561076274637,-5.561561076274637,-5.561561076274637,-1.2204611969676744,-1.2204611969676744,-1.2204611969676744,-4.341099879306962,-4.341099879306962,-4.341099879306962,0.0,0.0,0.0,87.19849066070978
2020-06-24,92.92002305586362,79.58072049911291,96.89620886443988,92.92002305586362,92.92002305586362,-5.252373822273904,-5.252373822273904,-5.252373822273904,-1.3175953777281308,-1.3175953777281308,-1.3175953777281308,-3.9347784445457736,-3.9347784445457736,-3.9347784445457736,0.0,0.0,0.0,87.66764923358971
2020-06-25,93.07999437474281,79.82048772602054,96.13142484541966,93.07999437474281,93.07999437474281,-4.924982915226465,-4.924982915226465,-4.924982915226465,-1.4144937712696686,-1.4144937712696686,-1.4144937712696686,-3.5104891439567965,-3.5104891439567965,-3.5104891439567965,0.0,0.0,0.0,88.15501145951634
2020-06-26,93.23996569482837,80.05435041126549,97.56775304843491,93.23996569482837,93.23996569482837,-4.36489316004653,-4.36489316004653,-4.36489316004653,-1.2960651895518855,-1.2960651895518855,-1.2960651895518855,-3.0688279704946444,-3.0688279704946444,-3.0688279704946444,0.0,0.0,0.0,88.87507253478184
2020-06-29,93.71987965508504,82.9707090045912,99.64751814943139,93.71987965508504,93.71987965508504,-2.819599508198772,-2.819599508198772,-2.819599508198772,-1.1671696041615245,-1.1671696041615245,-1.1671696041615245,-1.6524299040372479,-1.6524299040372479,-1.6524299040372479,0.0,0.0,0.0,90.90028014688626
2020-06-30,93.8798509751706,82.52826230929821,100.36296329751393,93.8798509751706,93.8798509751706,-2.3768648240563204,-2.3768648240563204,-2.3768648240563204,-1.2204611969682377,-1.2204611969682377,-1.2204611969682377,-1.1564036270880826,-1.1564036270880826,-1.1564036270880826,0.0,0.0,0.0,91.50298615111427
2020-07-01,94.03982229525616,83.77810077445774,100.63948975668369,94.03982229525616,94.03982229525616,-1.9704199445798396,-1.9704199445798396,-1.9704199445798396,-1.3175953777277103,-1.3175953777277103,-1.3175953777277103,-0.6528245668521295,-0.6528245668521295,-0.6528245668521295,0.0,0.0,0.0,92.06940235067631
2020-07-02,94.19979361534172,84.4823739615221,101.04188756334113,94.19979361534172,94.19979361534172,-1.5594220474859328,-1.5594220474859328,-1.5594220474859328,-1.4144937712708852,-1.4144937712708852,-1.4144937712708852,-0.14492827621504736,-0.14492827621504736,-0.14492827621504736,0.0,0.0,0.0,92.64037156785578
2020-07-06,94.83967889568395,87.34220619416827,104.6322188465903,94.83967889568395,94.83967889568395,0.6876211285170203,0.6876211285170203,0.6876211285170203,-1.1671696041516455,-1.1671696041516455,-1.1671696041516455,1.854790732668666,1.854790732668666,1.854790732668666,0.0,0.0,0.0,95.52730002420097
2020-07-07,94.99965021576949,87.82960080114418,104.7444230302835,94.99965021576949,94.99965021576949,1.105944930598545,1.105944930598545,1.105944930598545,-1.22046119696705,-1.22046119696705,-1.22046119696705,2.326406127565595,2.326406127565595,2.326406127565595,0.0,0.0,0.0,96.10559514636803
2020-07-08,95.15962153585505,88.7138230297818,104.71844521255794,95.15962153585505,95.15962153585505,1.4607888944676535,1.4607888944676535,1.4607888944676535,-1.3175953777277862,-1.3175953777277862,-1.3175953777277862,2.7783842721954395,2.7783842721954395,2.7783842721954395,0.0,0.0,0.0,96.6204104303227
2020-07-09,95.31959285594063,88.83804895767881,105.1930845275531,95.31959285594063,95.31959285594063,1.7922425261261892,1.7922425261261892,1.7922425261261892,-1.4144937712704129,-1.4144937712704129,-1.4144937712704129,3.206736297396602,3.206736297396602,3.206736297396602,0.0,0.0,0.0,97.11183538206681
2020-07-10,95.47956417602617,89.88172968292622,106.53832146279053,95.47956417602617,95.47956417602617,2.311653235008567,2.311653235008567,2.311653235008567,-1.2960651895486357,-1.2960651895486357,-1.2960651895486357,3.607718424557203,3.607718424557203,3.607718424557203,0.0,0.0,0.0,97.79121741103474
2020-07-13,95.95947813628284,90.99393191493245,108.33822409886172,95.95947813628284,95.95947813628284,3.447410275680177,3.447410275680177,3.447410275680177,-1.1671696041547053,-1.1671696041547053,-1.1671696041547053,4.614579879834882,4.614579879834882,4.614579879834882,0.0,0.0,0.0,99.40688841196302
2020-07-14,96.1194494563684,91.50304720361144,108.22287024629657,96.1194494563684,96.1194494563684,3.65619099560502,3.65619099560502,3.65619099560502,-1.2204611969676133,-1.2204611969676133,-1.2204611969676133,4.8766521925726325,4.8766521925726325,4.8766521925726325,0.0,0.0,0.0,99.77564045197342
2020-07-15,96.27942077645396,91.402972581956,108.44004463692615,96.27942077645396,96.27942077645396,3.7817280645527886,3.7817280645527886,3.7817280645527886,-1.3175953777278966,-1.3175953777278966,-1.3175953777278966,5.099323442280685,5.099323442280685,5.099323442280685,0.0,0.0,0.0,100.06114884100676
2020-07-16,96.4393920965395,91.56436158380863,108.47875820790499,96.4393920965395,96.4393920965395,3.867521188038128,3.867521188038128,3.867521188038128,-1.4144937712733188,-1.4144937712733188,-1.4144937712733188,5.2820149593114465,5.2820149593114465,5.2820149593114465,0.0,0.0,0.0,100.30691328457763
2020-07-17,96.59936341662508,92.15637295319246,108.61255998787084,96.59936341662508,96.59936341662508,4.128801292746071,4.128801292746071,4.128801292746071,-1.2960651895590383,-1.2960651895590383,-1.2960651895590383,5.424866482305109,5.424866482305109,5.424866482305109,0.0,0.0,0.0,100.72816470937116
2020-07-20,97.07927737688173,93.47445033717845,110.48736840444889,97.07927737688173,97.07927737688173,4.459644991576374,4.459644991576374,4.459644991576374,-1.1671696041546442,-1.1671696041546442,-1.1671696041546442,5.626814595731018,5.626814595731018,5.626814595731018,0.0,0.0,0.0,101.5389223684581
2020-07-21,97.2392486969673,93.49474035300972,109.66142741845147,97.2392486969673,97.2392486969673,4.405888552972716,4.405888552972716,4.405888552972716,-1.220461196966425,-1.220461196966425,-1.220461196966425,5.62634974993914,5.62634974993914,5.62634974993914,0.0,0.0,0.0,101.64513724994
2020-07-22,97.39922001705285,93.39887204775228,109.87297941972088,97.39922001705285,97.39922001705285,4.279968493041239,4.279968493041239,4.279968493041239,-1.3175953777274072,-1.3175953777274072,-1.3175953777274072,5.597563870768646,5.597563870768646,5.597563870768646,0.0,0.0,0.0,101.6791885100941
2020-07-23,97.55919133713842,92.81004911249487,109.72723057850592,97.55919133713842,97.55919133713842,4.130206385982467,4.130206385982467,4.130206385982467,-1.4144937712728465,-1.4144937712728465,-1.4144937712728465,5.544700157255313,5.544700157255313,5.544700157255313,0.0,0.0,0.0,101.68939772312088
2020-07-24,97.71916265722396,93.48472501925617,110.60337382230729,97.71916265722396,97.71916265722396,4.176433261636804,4.176433261636804,4.176433261636804,-1.2960651895558744,-1.2960651895558744,-1.2960651895558744,5.472498451192679,5.472498451192679,5.472498451192679,0.0,0.0,0.0,101.89559591886076
2020-07-27,98.19907661748064,93.47694635247359,110.4330873327668,98.19907661748064,98.19907661748064,4.025520462546612,4.025520462546612,4.025520462546612,-1.1671696041608246,-1.1671696041608246,-1.1671696041608246,5.192690066707437,5.192690066707437,5.192690066707437,0.0,0.0,0.0,102.22459708002725
2020-07-28,98.35904793756619,93.50580713649744,110.76602884551329,98.35904793756619,98.35904793756619,3.8765406408326353,3.8765406408326353,3.8765406408326353,-1.2204611969678332,-1.2204611969678332,-1.2204611969678332,5.097001837800468,5.097001837800468,5.097001837800468,0.0,0.0,0.0,102.23558857839882
2020-07-29,98.51901925765175,93.3162264947127,110.92263089656815,98.51901925765175,98.51901925765175,3.6919371178494345,3.6919371178494345,3.6919371178494345,-1.3175953777275524,-1.3175953777275524,-1.3175953777275524,5.009532495576987,5.009532495576987,5.009532495576987,0.0,0.0,0.0,102.21095637550118
2020-07-30,98.67899057773731,94.31091350625712,110.45627113300965,98.67899057773731,98.67899057773731,3.521247396534853,3.521247396534853,3.521247396534853,-1.4144937712723742,-1.4144937712723742,-1.4144937712723742,4.935741167807228,4.935741167807228,4.935741167807228,0.0,0.0,0.0,102.20023797427216
2020-07-31,98.83896189782287,94.07319095655207,110.63663686190927,98.83896189782287,98.83896189782287,3.584716418434314,3.584716418434314,3.584716418434314,-1.2960651895557882,-1.2960651895557882,-1.2960651895557882,4.8807816079901025,4.8807816079901025,4.8807816079901025,0.0,0.0,0.0,102.42367831625718
2020-08-03,99.31887585807954,94.45142225722374,111.58057040967088,99.31887585807954,99.31887585807954,3.7062328966176126,3.7062328966176126,3.7062328966176126,-1.1671696041607635,-1.1671696041607635,-1.1671696041607635,4.873402500778377,4.873402500778377,4.873402500778377,0.0,0.0,0.0,103.02510875469714
2020-08-04,99.4788471781651,94.67072424526151,111.92493398793965,99.4788471781651,99.4788471781651,3.714740286125602,3.714740286125602,3.714740286125602,-1.2204611969666448,-1.2204611969666448,-1.2204611969666448,4.935201483092246,4.935201483092246,4.935201483092246,0.0,0.0,0.0,103.1935874642907
2020-08-05,99.63881849825066,94.7177628490085,111.99908620410058,99.63881849825066,99.63881849825066,3.7155634680160814,3.7155634680160814,3.7155634680160814,-1.3175953777276281,-1.3175953777276281,-1.3175953777276281,5.03315884574371,5.03315884574371,5.03315884574371,0.0,0.0,0.0,103.35438196626674
2020-08-06,99.7987898183362,95.29940878734115,112.52515327754665,99.7987898183362,99.7987898183362,3.7539423428057304,3.7539423428057304,3.7539423428057304,-1.414493771273591,-1.414493771273591,-1.414493771273591,5.168436114079322,5.168436114079322,5.168436114079322,0.0,0.0,0.0,103.55273216114193
2020-08-07,99.95876113842176,95.8454496162019,112.43803187364568,99.95876113842176,99.95876113842176,4.045227095199293,4.045227095199293,4.045227095199293,-1.2960651895495463,-1.2960651895495463,-1.2960651895495463,5.341292284748839,5.341292284748839,5.341292284748839,0.0,0.0,0.0,104.00398823362106
2020-08-10,100.43867509867844,96.80540652743757,113.26978177136442,100.43867509867844,100.43867509867844,4.906902453569407,4.906902453569407,4.906902453569407,-1.1671696041607025,-1.1671696041607025,-1.1671696041607025,6.07407205773011,6.07407205773011,6.07407205773011,0.0,0.0,0.0,105.34557755224785
2020-08-11,100.59864641876398,97.7757587219045,114.16911938807355,100.59864641876398,100.59864641876398,5.160984316611685,5.160984316611685,5.160984316611685,-1.2204611969672083,-1.2204611969672083,-1.2204611969672083,6.3814455135788934,6.3814455135788934,6.3814455135788934,0.0,0.0,0.0,105.75963073537567
2020-08-12,100.75861773884955,97.47889737606408,114.62287287501233,100.75861773884955,100.75861773884955,5.396500215145108,5.396500215145108,5.396500215145108,-1.317595377727739,-1.317595377727739,-1.317595377727739,6.714095592872846,6.714095592872846,6.714095592872846,0.0,0.0,0.0,106.15511795399466
2020-08-13,100.91858905893511,98.19331305984119,114.21315542954825,100.91858905893511,100.91858905893511,5.6526123732482665,5.6526123732482665,5.6526123732482665,-1.414493771268535,-1.414493771268535,-1.414493771268535,7.067106144516802,7.067106144516802,7.067106144516802,0.0,0.0,0.0,106.57120143218337
2020-08-14,101.07856037902066,99.02034648155163,115.48042816060949,101.07856037902066,101.07856037902066,6.138851616422377,6.138851616422377,6.138851616422377,-1.2960651895630269,-1.2960651895630269,-1.2960651895630269,7.434916805985404,7.434916805985404,7.434916805985404,0.0,0.0,0.0,107.21741199544303
2020-08-17,101.55847433927734,100.61220908450227,117.6203687269473,101.55847433927734,101.55847433927734,7.397041500782312,7.397041500782312,7.397041500782312,-1.1671696041637623,-1.1671696041637623,-1.1671696041637623,8.564211104946075,8.564211104946075,8.564211104946075,0.0,0.0,0.0,108.95551584005965
2020-08-18,101.7184456593629,101.07581634972591,117.47843569406822,101.7184456593629,101.7184456593629,7.7062562987123355,7.7062562987123355,7.7062562987123355,-1.2204611969703674,-1.2204611969703674,-1.2204611969703674,8.926717495682702,8.926717495682702,8.926717495682702,0.0,0.0,0.0,109.42470195807523
2020-08-19,101.87841697944846,101.43323622886345,118.13024042757488,101.87841697944846,101.87841697944846,7.953084131792047,7.953084131792047,7.953084131792047,-1.3175953777278493,-1.3175953777278493,-1.3175953777278493,9.270679509519896,9.270679509519896,9.270679509519896,0.0,0.0,0.0,109.83150111124051
2020-08-20,102.038388299534,100.88133128319426,118.25379700579234,102.038388299534,102.038388299534,8.174763883315647,8.174763883315647,8.174763883315647,-1.4144937712714407,-1.4144937712714407,-1.4144937712714407,9.589257654587088,9.589257654587088,9.589257654587088,0.0,0.0,0.0,110.21315218284965
2020-08-21,102.19835961961957,102.22588181998776,119.43171073513638,102.19835961961957,102.19835961961957,8.579816662243955,8.579816662243955,8.579816662243955,-1.2960651895567845,-1.2960651895567845,-1.2960651895567845,9.87588185180074,9.87588185180074,9.87588185180074,0.0,0.0,0.0,110.77817628186352
2020-08-24,102.65397138364227,103.56905470266916,120.48969036581758,102.65397138364227,102.65397138364227,9.317973914419579,9.317973914419579,9.317973914419579,-1.1671696041507622,-1.1671696041507622,-1.1671696041507622,10.485143518570341,10.485143518570341,10.485143518570341,0.0,0.0,0.0,111.97194529806185
2020-08-25,102.80584197164984,104.05647467039586,120.31167556461124,102.80584197164984,102.80584197164984,9.36771079525234,9.36771079525234,9.36771079525234,-1.2204611969709307,-1.2204611969709307,-1.2204611969709307,10.588171992223272,10.588171992223272,10.588171992223272,0.0,0.0,0.0,112.17355276690218
2020-08-26,102.95771255965741,103.84407680132853,120.53115499528855,102.95771255965741,102.95771255965741,9.317227217784485,9.317227217784485,9.317227217784485,-1.3175953777279599,-1.3175953777279599,-1.3175953777279599,10.634822595512446,10.634822595512446,10.634822595512446,0.0,0.0,0.0,112.27493977744189
2020-08-27,103.10958314766496,103.74041459793843,120.98413564193153,103.10958314766496,103.10958314766496,9.208111656149928,9.208111656149928,9.208111656149928,-1.4144937712709684,-1.4144937712709684,-1.4144937712709684,10.622605427420897,10.622605427420897,10.622605427420897,0.0,0.0,0.0,112.31769480381489
2020-08-28,103.26145373567255,105.13114886926304,120.84886237651037,103.26145373567255,103.26145373567255,9.253926177376172,9.253926177376172,9.253926177376172,-1.2960651895566988,-1.2960651895566988,-1.2960651895566988,10.54999136693287,10.54999136693287,10.54999136693287,0.0,0.0,0.0,112.51537991304872
2020-08-31,103.71706549969527,104.46771156611231,120.8498218712535,103.71706549969527,103.71706549969527,8.802253110068891,8.802253110068891,8.802253110068891,-1.167169604160064,-1.167169604160064,-1.167169604160064,9.969422714228955,9.969422714228955,9.969422714228955,0.0,0.0,0.0,112.51931860976416
2020-09-01,103.86893608770283,103.08463677238431,120.7349529793435,103.86893608770283,103.86893608770283,8.43938503655157,8.43938503655157,8.43938503655157,-1.220461196967992,-1.220461196967992,-1.220461196967992,9.659846233519563,9.659846233519563,9.659846233519563,0.0,0.0,0.0,112.3083211242544
2020-09-02,104.02080667571039,102.5647196332403,120.30744591695802,104.02080667571039,104.02080667571039,7.97946063966384,7.97946063966384,7.97946063966384,-1.3175953777280358,-1.3175953777280358,-1.3175953777280358,9.297056017391876,9.297056017391876,9.297056017391876,0.0,0.0,0.0,112.00026731537423
2020-09-03,104.17267726371797,104.14356509428404,120.37524205499936,104.17267726371797,104.17267726371797,7.47076399279458,7.47076399279458,7.47076399279458,-1.4144937712721852,-1.4144937712721852,-1.4144937712721852,8.885257764066765,8.885257764066765,8.885257764066765,0.0,0.0,0.0,111.64344125651255
2020-09-04,104.32454785172554,102.73687927890042,119.40095019299555,104.32454785172554,104.32454785172554,7.133362259762447,7.133362259762447,7.133362259762447,-1.2960651895566129,-1.2960651895566129,-1.2960651895566129,8.42942744931906,8.42942744931906,8.42942744931906,0.0,0.0,0.0,111.45791011148799
2020-09-08,104.93203020375582,101.60051033119969,118.2235550394497,104.93203020375582,104.93203020375582,5.066000998492219,5.066000998492219,5.066000998492219,-1.2204611969685546,-1.2204611969685546,-1.2204611969685546,6.286462195460774,6.286462195460774,6.286462195460774,0.0,0.0,0.0,109.99803120224803
2020-09-09,105.0839007917634,101.02224988526629,117.5409406366976,105.0839007917634,105.0839007917634,4.387005401644639,4.387005401644639,4.387005401644639,-1.3175953777275808,-1.3175953777275808,-1.3175953777275808,5.704600779372219,5.704600779372219,5.704600779372219,0.0,0.0,0.0,109.47090619340804
2020-09-10,105.23577137977097,100.63943417778962,116.60027668652658,105.23577137977097,105.23577137977097,3.7040407953029626,3.7040407953029626,3.7040407953029626,-1.4144937712688186,-1.4144937712688186,-1.4144937712688186,5.118534566571781,5.118534566571781,5.118534566571781,0.0,0.0,0.0,108.93981217507393
2020-09-11,105.38764196777853,100.55553877110584,117.57357403057492,105.38764196777853,105.38764196777853,3.239311984177946,3.239311984177946,3.239311984177946,-1.2960651895503708,-1.2960651895503708,-1.2960651895503708,4.535377173728317,4.535377173728317,4.535377173728317,0.0,0.0,0.0,108.62695395195648
2020-09-14,105.84325373180124,98.71703425374253,116.1959508771662,105.84325373180124,105.84325373180124,1.7034035624749457,1.7034035624749457,1.7034035624749457,-1.167169604150124,-1.167169604150124,-1.167169604150124,2.87057316662507,2.87057316662507,2.87057316662507,0.0,0.0,0.0,107.54665729427619
2020-09-15,105.99512431980882,99.07928387164883,115.6110302215123,105.99512431980882,105.99512431980882,1.143687592928987,1.143687592928987,1.143687592928987,-1.220461196969118,-1.220461196969118,-1.220461196969118,2.364148789898105,2.364148789898105,2.364148789898105,0.0,0.0,0.0,107.13881191273781
2020-09-16,106.14699490781639,98.69867971237169,114.72494597847295,106.14699490781639,106.14699490781639,0.573114921799073,0.573114921799073,0.573114921799073,-1.3175953777276568,-1.3175953777276568,-1.3175953777276568,1.89071029952673,1.89071029952673,1.89071029952673,0.0,0.0,0.0,106.72010982961547
2020-09-17,106.29886549582395,97.51859438009528,114.42384611014457,106.29886549582395,106.29886549582395,0.039979488556526534,0.039979488556526534,0.039979488556526534,-1.4144937712700352,-1.4144937712700352,-1.4144937712700352,1.4544732598265617,1.4544732598265617,1.4544732598265617,0.0,0.0,0.0,106.33884498438047
2020-09-18,106.45073608383153,98.12835493718597,115.08880791738238,106.45073608383153,106.45073608383153,-0.2371819398171434,-0.2371819398171434,-0.2371819398171434,-1.2960651895502853,-1.2960651895502853,-1.2960651895502853,1.058883249733142,1.058883249733142,1.058883249733142,0.0,0.0,0.0,106.21355414401438
2020-09-21,106.90634784785424,98.06179140147756,113.86145888115368,106.90634784785424,106.90634784785424,-1.0289997191563678,-1.0289997191563678,-1.0289997191563678,-1.1671696041500625,-1.1671696041500625,-1.1671696041500625,0.13816988499369476,0.13816988499369476,0.13816988499369476,0.0,0.0,0.0,105.87734812869786
2020-09-22,107.05821843586182,96.96372391040661,114.44302990017376,107.05821843586182,107.05821843586182,-1.297293716532741,-1.297293716532741,-1.297293716532741,-1.2204611969661785,-1.2204611969661785,-1.2204611969661785,-0.07683251956656242,-0.07683251956656242,-0.07683251956656242,0.0,0.0,0.0,105.76092471932908
2020-09-23,107.21008902386937,97.30989654562417,113.39681285365573,107.21008902386937,107.21008902386937,-1.5639191509484685,-1.5639191509484685,-1.5639191509484685,-1.317595377727802,-1.317595377727802,-1.317595377727802,-0.2463237732206665,-0.2463237732206665,-0.2463237732206665,0.0,0.0,0.0,105.64616987292091
2020-09-24,107.36195961187694,97.38904963549142,114.55280681449736,107.36195961187694,107.36195961187694,-1.7862212880542077,-1.7862212880542077,-1.7862212880542077,-1.4144937712712518,-1.4144937712712518,-1.4144937712712518,-0.371727516782956,-0.371727516782956,-0.371727516782956,0.0,0.0,0.0,105.57573832382273
2020-09-25,107.51383019988451,97.48965387738758,114.00329124786887,107.51383019988451,107.51383019988451,-1.7512319446823537,-1.7512319446823537,-1.7512319446823537,-1.2960651895606872,-1.2960651895606872,-1.2960651895606872,-0.45516675512166654,-0.45516675512166654,-0.45516675512166654,0.0,0.0,0.0,105.76259825520215
2020-09-28,107.96944196390724,98.09564045808472,114.80117022422411,107.96944196390724,107.96944196390724,-1.6510475488554024,-1.6510475488554024,-1.6510475488554024,-1.1671696041531225,-1.1671696041531225,-1.1671696041531225,-0.4838779447022799,-0.4838779447022799,-0.4838779447022799,0.0,0.0,0.0,106.31839441505184
2020-09-29,108.1213125519148,97.8389894864734,114.76899826005992,108.1213125519148,108.1213125519148,-1.6524833900448295,-1.6524833900448295,-1.6524833900448295,-1.220461196966742,-1.220461196966742,-1.220461196966742,-0.43202219307808787,-0.43202219307808787,-0.43202219307808787,0.0,0.0,0.0,106.46882916186996
2020-09-30,108.27318313992237,97.77456526724399,115.22342103859575,108.27318313992237,108.27318313992237,-1.6741299210786742,-1.6741299210786742,-1.6741299210786742,-1.3175953777278777,-1.3175953777278777,-1.3175953777278777,-0.35653454335079643,-0.35653454335079643,-0.35653454335079643,0.0,0.0,0.0,106.5990532188437
2020-10-01,108.42505372792994,97.97087956782352,114.61701886168767,108.42505372792994,108.42505372792994,-1.6764640262364325,-1.6764640262364325,-1.6764640262364325,-1.4144937712724686,-1.4144937712724686,-1.4144937712724686,-0.2619702549639639,-0.2619702549639639,-0.2619702549639639,0.0,0.0,0.0,106.7485897016935
2020-10-02,108.57692431593752,98.54283345601486,115.04936962799161,108.57692431593752,108.57692431593752,-1.449013035037327,-1.449013035037327,-1.449013035037327,-1.2960651895606012,-1.2960651895606012,-1.2960651895606012,-0.15294784547672532,-0.15294784547672532,-0.15294784547672532,0.0,0.0,0.0,107.1279112809002
2020-10-05,109.03253607996022,99.85769103744666,115.96912478200825,109.03253607996022,109.03253607996022,-0.9514095521865958,-0.9514095521865958,-0.9514095521865958,-1.1671696041561823,-1.1671696041561823,-1.1671696041561823,0.21576005196958642,0.21576005196958642,0.21576005196958642,0.0,0.0,0.0,108.08112652777363
2020-10-06,109.18440666796779,99.81279403385567,116.64682020772308,109.18440666796779,109.18440666796779,-0.8819731776161217,-0.8819731776161217,-0.8819731776161217,-1.2204611969699013,-1.2204611969699013,-1.2204611969699013,0.3384880193537794,0.3384880193537794,0.3384880193537794,0.0,0.0,0.0,108.30243349035167
2020-10-07,109.33627725597536,100.21756488653638,117.14303389754156,109.33627725597536,109.33627725597536,-0.8627293400641143,-0.8627293400641143,-0.8627293400641143,-1.317595377727954,-1.317595377727954,-1.317595377727954,0.4548660376638399,0.4548660376638399,0.4548660376638399,0.0,0.0,0.0,108.47354791591124
2020-10-08,109.48814784398294,100.45837624219469,117.17865845827312,109.48814784398294,109.48814784398294,-0.8527608664176967,-0.8527608664176967,-0.8527608664176967,-1.4144937712719963,-1.4144937712719963,-1.4144937712719963,0.5617329048542997,0.5617329048542997,0.5617329048542997,0.0,0.0,0.0,108.63538697756525
2020-10-09,109.6400184319905,100.32243457375243,117.06584502941973,109.6400184319905,109.6400184319905,-0.6396691323187732,-0.6396691323187732,-0.6396691323187732,-1.2960651895574373,-1.2960651895574373,-1.2960651895574373,0.6563960572386642,0.6563960572386642,0.6563960572386642,0.0,0.0,0.0,109.00034929967173
2020-10-12,110.0956301960132,101.43236108714274,118.11513950897049,110.0956301960132,110.0956301960132,-0.31925648219824543,-0.31925648219824543,-0.31925648219824543,-1.1671696041592419,-1.1671696041592419,-1.1671696041592419,0.8479131219609966,0.8479131219609966,0.8479131219609966,0.0,0.0,0.0,109.77637371381496
2020-10-13,110.24750078402079,101.74277323309686,118.1631259804824,110.24750078402079,110.24750078402079,-0.3432905435751976,-0.3432905435751976,-0.3432905435751976,-1.2204611969704644,-1.2204611969704644,-1.2204611969704644,0.8771706533952669,0.8771706533952669,0.8771706533952669,0.0,0.0,0.0,109.9042102404456
2020-10-14,110.39937137202836,101.61089779882616,118.1828508158066,110.39937137202836,110.39937137202836,-0.4290122104933518,-0.4290122104933518,-0.4290122104933518,-1.3175953777275335,-1.3175953777275335,-1.3175953777275335,0.8885831672341816,0.8885831672341816,0.8885831672341816,0.0,0.0,0.0,109.970359161535
2020-10-15,110.55124196003592,101.63821464827643,118.40508203182465,110.55124196003592,110.55124196003592,-0.5319154643273837,-0.5319154643273837,-0.5319154643273837,-1.414493771274902,-1.414493771274902,-1.414493771274902,0.8825783069475183,0.8825783069475183,0.8825783069475183,0.0,0.0,0.0,110.01932649570854
2020-10-16,110.70311254804348,101.41209334703133,118.17788742018948,110.70311254804348,110.70311254804348,-0.43601635843116543,-0.43601635843116543,-0.43601635843116543,-1.2960651895542732,-1.2960651895542732,-1.2960651895542732,0.8600488311231078,0.8600488311231078,0.8600488311231078,0.0,0.0,0.0,110.26709618961232
2020-10-19,111.15872431206621,101.75453395328898,119.05326144520488,111.15872431206621,111.15872431206621,-0.4588649554527639,-0.4588649554527639,-0.4588649554527639,-1.167169604159181,-1.167169604159181,-1.167169604159181,0.7083046487064171,0.7083046487064171,0.7083046487064171,0.0,0.0,0.0,110.69985935661344
2020-10-20,111.28287313291062,102.40101423751548,118.95533704417518,111.28287313291062,111.28287313291062,-0.5841316520030502,-0.5841316520030502,-0.5841316520030502,-1.2204611969692762,-1.2204611969692762,-1.2204611969692762,0.6363295449662261,0.6363295449662261,0.6363295449662261,0.0,0.0,0.0,110.69874148090757
2020-10-21,111.40702195375503,101.95954118571831,119.08530608683236,111.40702195375503,111.40702195375503,-0.7599777882688078,-0.7599777882688078,-0.7599777882688078,-1.31759537772761,-1.31759537772761,-1.31759537772761,0.5576175894588022,0.5576175894588022,0.5576175894588022,0.0,0.0,0.0,110.64704416548622
2020-10-22,111.53117077459946,102.51488685862599,118.40282595003328,111.53117077459946,111.53117077459946,-0.9396962775239122,-0.9396962775239122,-0.9396962775239122,-1.4144937712698464,-1.4144937712698464,-1.4144937712698464,0.4747974937459343,0.4747974937459343,0.4747974937459343,0.0,0.0,0.0,110.59147449707555
2020-10-23,111.65531959544387,103.0831660042731,119.02062543133137,111.65531959544387,111.65531959544387,-0.9054831355408385,-0.9054831355408385,-0.9054831355408385,-1.2960651895511095,-1.2960651895511095,-1.2960651895511095,0.3905820540102711,0.3905820540102711,0.3905820540102711,0.0,0.0,0.0,110.74983645990304
2020-10-26,112.02776605797712,102.65137814113872,119.03525708414105,112.02776605797712,112.02776605797712,-1.0104166484769717,-1.0104166484769717,-1.0104166484769717,-1.1671696041653616,-1.1671696041653616,-1.1671696041653616,0.1567529556883901,0.1567529556883901,0.1567529556883901,0.0,0.0,0.0,111.01734940950014
2020-10-27,112.15191487882153,102.07956530891471,118.80099919264094,112.15191487882153,112.15191487882153,-1.1266603442074115,-1.1266603442074115,-1.1266603442074115,-1.2204611969680883,-1.2204611969680883,-1.2204611969680883,0.09380085276067689,0.09380085276067689,0.09380085276067689,0.0,0.0,0.0,111.02525453461412
2020-10-28,112.27606369966595,102.96707823817525,119.59723585790773,112.27606369966595,112.27606369966595,-1.2752235067066489,-1.2752235067066489,-1.2752235067066489,-1.317595377727755,-1.317595377727755,-1.317595377727755,0.04237187102110612,0.04237187102110612,0.04237187102110612,0.0,0.0,0.0,111.0008401929593
2020-10-29,112.40021252051037,102.71911082591637,118.94338975408948,112.40021252051037,112.40021252051037,-1.409889208160707,-1.409889208160707,-1.409889208160707,-1.4144937712710635,-1.4144937712710635,-1.4144937712710635,0.00460456311035643,0.00460456311035643,0.00460456311035643,0.0,0.0,0.0,110.99032331234966
2020-10-30,112.52436134135478,103.43068699580233,119.92859451490608,112.52436134135478,112.52436134135478,-1.3136536272435537,-1.3136536272435537,-1.3136536272435537,-1.2960651895510233,-1.2960651895510233,-1.2960651895510233,-0.017588437692530455,-0.017588437692530455,-0.017588437692530455,0.0,0.0,0.0,111.21070771411122
2020-11-02,112.89680780388802,103.47439973579264,120.28691255710663,112.89680780388802,112.89680780388802,-1.142523914841744,-1.142523914841744,-1.142523914841744,-1.1671696041523618,-1.1671696041523618,-1.1671696041523618,0.024645689310617582,0.024645689310617582,0.024645689310617582,0.0,0.0,0.0,111.75428388904628
2020-11-03,113.02095662473245,103.15657756946533,120.11220856451774,113.02095662473245,113.02095662473245,-1.141658385193358,-1.141658385193358,-1.141658385193358,-1.2204611969669006,-1.2204611969669006,-1.2204611969669006,0.07880281177354266,0.07880281177354266,0.07880281177354266,0.0,0.0,0.0,111.8792982395391
2020-11-04,113.14510544557686,103.60764335675931,120.55463491155773,113.14510544557686,113.14510544557686,-1.163350883561527,-1.163350883561527,-1.163350883561527,-1.3175953777278304,-1.3175953777278304,-1.3175953777278304,0.15424449416630368,0.15424449416630368,0.15424449416630368,0.0,0.0,0.0,111.98175456201534
2020-11-05,113.26925426642127,104.26044966463351,120.28387201653192,113.26925426642127,113.26925426642127,-1.1631571041503834,-1.1631571041503834,-1.1631571041503834,-1.4144937712705905,-1.4144937712705905,-1.4144937712705905,0.2513366671202072,0.2513366671202072,0.2513366671202072,0.0,0.0,0.0,112.10609716227088
2020-11-06,113.3934030872657,103.68076085663047,121.07270292964137,113.3934030872657,113.3934030872657,-0.9258558086705497,-0.9258558086705497,-0.9258558086705497,-1.296065189544782,-1.296065189544782,-1.296065189544782,0.3702093808742319,0.3702093808742319,0.3702093808742319,0.0,0.0,0.0,112.46754727859515
2020-11-09,113.76584954979893,105.56080187639989,122.10727342113138,113.76584954979893,113.76584954979893,-0.31150621519285115,-0.31150621519285115,-0.31150621519285115,-1.1671696041554216,-1.1671696041554216,-1.1671696041554216,0.8556633889625704,0.8556633889625704,0.8556633889625704,0.0,0.0,0.0,113.45434333460608
2020-11-10,113.88999837064335,105.92477948862009,122.28476518859073,113.88999837064335,113.88999837064335,-0.16155072618906682,-0.16155072618906682,-0.16155072618906682,-1.2204611969700594,-1.2204611969700594,-1.2204611969700594,1.0589104707809927,1.0589104707809927,1.0589104707809927,0.0,0.0,0.0,113.72844764445429
2020-11-11,114.01414719148777,105.22707044855963,122.11711441211972,114.01414719148777,114.01414719148777,-0.03585294314267391,-0.03585294314267391,-0.03585294314267391,-1.3175953777279412,-1.3175953777279412,-1.3175953777279412,1.2817424345852673,1.2817424345852673,1.2817424345852673,0.0,0.0,0.0,113.9782942483451
2020-11-12,114.13829601233218,105.6141204403026,122.84529981346134,114.13829601233218,114.13829601233218,0.10881157433086773,0.10881157433086773,0.10881157433086773,-1.4144937712701182,-1.4144937712701182,-1.4144937712701182,1.523305345600986,1.523305345600986,1.523305345600986,0.0,0.0,0.0,114.24710758666305
2020-11-13,114.2624448331766,105.39833653331624,122.615853304795,114.2624448331766,114.2624448331766,0.48659181901989085,0.48659181901989085,0.48659181901989085,-1.2960651895582618,-1.2960651895582618,-1.2960651895582618,1.7826570085781528,1.7826570085781528,1.7826570085781528,0.0,0.0,0.0,114.7490366521965
2020-11-16,114.63489129570985,107.91310205832781,124.8989682608125,114.63489129570985,114.63489129570985,1.489895815083947,1.489895815083947,1.489895815083947,-1.1671696041553603,-1.1671696041553603,-1.1671696041553603,2.6570654192393075,2.6570654192393075,2.6570654192393075,0.0,0.0,0.0,116.12478711079379
2020-11-17,114.75904011655426,108.00376257549124,124.45991604131437,114.75904011655426,114.75904011655426,1.75650991161205,1.75650991161205,1.75650991161205,-1.2204611969688717,-1.2204611969688717,-1.2204611969688717,2.9769711085809214,2.9769711085809214,2.9769711085809214,0.0,0.0,0.0,116.51555002816632
2020-11-18,114.88318893739867,108.55667034046347,124.63446997280593,114.88318893739867,114.88318893739867,1.9915823882127481,1.9915823882127481,1.9915823882127481,-1.3175953777274862,-1.3175953777274862,-1.3175953777274862,3.3091777659402344,3.3091777659402344,3.3091777659402344,0.0,0.0,0.0,116.87477132561142
2020-11-19,115.0073377582431,108.62389579538946,125.75354891004808,115.0073377582431,115.0073377582431,2.2380076233977406,2.2380076233977406,2.2380076233977406,-1.4144937712730241,-1.4144937712730241,-1.4144937712730241,3.6525013946707645,3.6525013946707645,3.6525013946707645,0.0,0.0,0.0,117.24534538164083
2020-11-20,115.13148657908751,109.80781529396633,126.02691380006652,115.13148657908751,115.13148657908751,2.7096728189460695,2.7096728189460695,2.7096728189460695,-1.296065189555098,-1.296065189555098,-1.296065189555098,4.005738008501167,4.005738008501167,4.005738008501167,0.0,0.0,0.0,117.84115939803358
2020-11-23,115.50393304162075,111.25230483120815,127.69440487468162,115.50393304162075,115.50393304162075,3.9453630533474837,3.9453630533474837,3.9453630533474837,-1.167169604155299,-1.167169604155299,-1.167169604155299,5.112532657502783,5.112532657502783,5.112532657502783,0.0,0.0,0.0,119.44929609496823
2020-11-24,115.62808186246517,111.44839449658275,128.5128585224763,115.62808186246517,115.62808186246517,4.272413046249365,4.272413046249365,4.272413046249365,-1.2204611969694348,-1.2204611969694348,-1.2204611969694348,5.492874243218799,5.492874243218799,5.492874243218799,0.0,0.0,0.0,119.90049490871453
2020-11-25,115.75223068330959,111.53697540996511,128.94880720593687,115.75223068330959,115.75223068330959,4.559081932584575,4.559081932584575,4.559081932584575,-1.3175953777275968,-1.3175953777275968,-1.3175953777275968,5.876677310312171,5.876677310312171,5.876677310312171,0.0,0.0,0.0,120.31131261589417
2020-11-27,116.00052832499841,112.71830391184264,129.24642849891416,116.00052832499841,116.00052832499841,5.352849693977923,5.352849693977923,5.352849693977923,-1.296065189551934,-1.296065189551934,-1.296065189551934,6.648914883529857,6.648914883529857,6.648914883529857,0.0,0.0,0.0,121.35337801897634
2020-11-30,116.37297478753166,114.85733106941602,131.4879734661429,116.37297478753166,116.37297478753166,6.6283754197182185,6.6283754197182185,6.6283754197182185,-1.1671696041614799,-1.1671696041614799,-1.1671696041614799,7.795545023879698,7.795545023879698,7.795545023879698,0.0,0.0,0.0,123.00135020724989
2020-12-01,116.49712360837607,115.64407037469309,131.51849348478575,116.49712360837607,116.49712360837607,6.947447219359106,6.947447219359106,6.947447219359106,-1.2204611969664958,-1.2204611969664958,-1.2204611969664958,8.167908416325602,8.167908416325602,8.167908416325602,0.0,0.0,0.0,123.44457082773518
2020-12-02,116.6212724292205,114.92877375167976,132.07765695219607,116.6212724292205,116.6212724292205,7.214741246209132,7.214741246209132,7.214741246209132,-1.3175953777276732,-1.3175953777276732,-1.3175953777276732,8.532336623936805,8.532336623936805,8.532336623936805,0.0,0.0,0.0,123.83601367542963
2020-12-03,116.74542125006491,115.77735855798915,131.83993921429442,116.74542125006491,116.74542125006491,7.472429395400554,7.472429395400554,7.472429395400554,-1.4144937712737684,-1.4144937712737684,-1.4144937712737684,8.886923166674322,8.886923166674322,8.886923166674322,0.0,0.0,0.0,124.21785064546546
2020-12-04,116.86957007090932,116.38791216334268,133.80854692374774,116.86957007090932,116.86957007090932,7.9336426473015695,7.9336426473015695,7.9336426473015695,-1.2960651895623363,-1.2960651895623363,-1.2960651895623363,9.229707836863906,9.229707836863906,9.229707836863906,0.0,0.0,0.0,124.80321271821089
2020-12-07,117.24201653344257,118.12790044071689,134.82787125531578,117.24201653344257,117.24201653344257,8.999980928448299,8.999980928448299,8.999980928448299,-1.1671696041547217,-1.1671696041547217,-1.1671696041547217,10.16715053260302,10.16715053260302,10.16715053260302,0.0,0.0,0.0,126.24199746189086
2020-12-08,117.36616535428699,118.27264273359798,135.4647693118782,117.36616535428699,117.36616535428699,9.222133895617938,9.222133895617938,9.222133895617938,-1.2204611969670587,-1.2204611969670587,-1.2204611969670587,10.442595092584996,10.442595092584996,10.442595092584996,0.0,0.0,0.0,126.58829924990494
2020-12-09,117.4903141751314,118.12810758250598,135.29298561944626,117.4903141751314,117.4903141751314,9.378624237199864,9.378624237199864,9.378624237199864,-1.3175953777277836,-1.3175953777277836,-1.3175953777277836,10.696219614927648,10.696219614927648,10.696219614927648,0.0,0.0,0.0,126.86893841233126
2020-12-10,117.61446299597581,119.1573868723017,135.45310763684753,117.61446299597581,117.61446299597581,9.511643323551718,9.511643323551718,9.511643323551718,-1.4144937712704022,-1.4144937712704022,-1.4144937712704022,10.926137094822119,10.926137094822119,10.926137094822119,0.0,0.0,0.0,127.12610631952754
2020-12-11,117.73861181682022,118.77783028294579,136.18981106996958,117.73861181682022,117.73861181682022,9.834498623249075,9.834498623249075,9.834498623249075,-1.2960651895591724,-1.2960651895591724,-1.2960651895591724,11.13056381280825,11.13056381280825,11.13056381280825,0.0,0.0,0.0,127.5731104400693
2020-12-14,118.11105827935347,120.13664592289285,136.73222665775066,118.11105827935347,118.11105827935347,10.408084871581817,10.408084871581817,10.408084871581817,-1.1671696041546609,-1.1671696041546609,-1.1671696041546609,11.575254475736477,11.575254475736477,11.575254475736477,0.0,0.0,0.0,128.5191431509353
2020-12-15,118.2352071001979,120.3220969726237,136.62807367820199,118.2352071001979,118.2352071001979,10.442556815061106,10.442556815061106,10.442556815061106,-1.2204611969702182,-1.2204611969702182,-1.2204611969702182,11.663018012031324,11.663018012031324,11.663018012031324,0.0,0.0,0.0,128.677763915259
2020-12-16,118.35935590744366,120.1525361438772,137.48058575927863,118.35935590744366,118.35935590744366,10.40139281983864,10.40139281983864,10.40139281983864,-1.3175953777278595,-1.3175953777278595,-1.3175953777278595,11.7189881975665,11.7189881975665,11.7189881975665,0.0,0.0,0.0,128.7607487272823
2020-12-17,118.4835047146894,120.23770229147603,136.39750072317835,118.4835047146894,118.4835047146894,10.328136817044143,10.328136817044143,10.328136817044143,-1.4144937712716188,-1.4144937712716188,-1.4144937712716188,11.742630588315764,11.742630588315764,11.742630588315764,0.0,0.0,0.0,128.81164153173356
2020-12-18,118.60765352193515,120.27459643922072,137.51969128524814,118.60765352193515,118.60765352193515,10.437645904396595,10.437645904396595,10.437645904396595,-1.2960651895560085,-1.2960651895560085,-1.2960651895560085,11.733711093952602,11.733711093952602,11.733711093952602,0.0,0.0,0.0,129.04529942633175
2020-12-21,118.98009994367241,121.11424845397809,136.99572974364958,118.98009994367241,118.98009994367241,10.346937649337201,10.346937649337201,10.346937649337201,-1.1671696041545994,-1.1671696041545994,-1.1671696041545994,11.5141072534918,11.5141072534918,11.5141072534918,0.0,0.0,0.0,129.3270375930096
2020-12-22,119.10424875091816,120.84597210890882,137.4746598208309,119.10424875091816,119.10424875091816,10.158705893749891,10.158705893749891,10.158705893749891,-1.2204611969690304,-1.2204611969690304,-1.2204611969690304,11.379167090718921,11.379167090718921,11.379167090718921,0.0,0.0,0.0,129.26295464466804
2020-12-23,119.2283975581639,121.33154664897654,138.0042934879206,119.2283975581639,119.2283975581639,9.897899936215659,9.897899936215659,9.897899936215659,-1.3175953777280045,-1.3175953777280045,-1.3175953777280045,11.215495313943665,11.215495313943665,11.215495313943665,0.0,0.0,0.0,129.12629749437957
2020-12-24,119.35254636540967,120.32176453173136,136.8024139440939,119.35254636540967,119.35254636540967,9.610395117213478,9.610395117213478,9.610395117213478,-1.4144937712728354,-1.4144937712728354,-1.4144937712728354,11.024888888486313,11.024888888486313,11.024888888486313,0.0,0.0,0.0,128.96294148262314
2020-12-28,119.84914159439268,120.63802505650483,137.37551858375485,119.84914159439268,119.84914159439268,8.872978994875933,8.872978994875933,8.872978994875933,-1.1671696041576596,-1.1671696041576596,-1.1671696041576596,10.040148599033591,10.040148599033591,10.040148599033591,0.0,0.0,0.0,128.7221205892686
2020-12-29,119.97329040163844,120.65844472902405,137.32677258752167,119.97329040163844,119.97329040163844,8.532130596550513,8.532130596550513,8.532130596550513,-1.2204611969678418,-1.2204611969678418,-1.2204611969678418,9.752591793518354,9.752591793518354,9.752591793518354,0.0,0.0,0.0,128.50542099818895
2020-12-30,120.09743920888418,119.79124858960766,135.71403882676933,120.09743920888418,120.09743920888418,8.137379763083583,8.137379763083583,8.137379763083583,-1.3175953777280807,-1.3175953777280807,-1.3175953777280807,9.454975140811666,9.454975140811666,9.454975140811666,0.0,0.0,0.0,128.23481897196777
2020-12-31,120.22158801612994,119.3127604660987,136.50228234513847,120.22158801612994,120.22158801612994,7.7363458537085315,7.7363458537085315,7.7363458537085315,-1.4144937712694685,-1.4144937712694685,-1.4144937712694685,9.150839624978,9.150839624978,9.150839624978,0.0,0.0,0.0,127.95793386983847
2021-01-04,120.71818324511294,119.31023034732226,135.84577298980554,120.71818324511294,120.71818324511294,6.775185079280128,6.775185079280128,6.775185079280128,-1.1671696041607194,-1.1671696041607194,-1.1671696041607194,7.942354683440848,7.942354683440848,7.942354683440848,0.0,0.0,0.0,127.49336832439306
2021-01-05,120.84233205235869,118.72845203634623,135.4374036786475,120.84233205235869,120.84233205235869,6.439995372291854,6.439995372291854,6.439995372291854,-1.2204611969684054,-1.2204611969684054,-1.2204611969684054,7.66045656926026,7.66045656926026,7.66045656926026,0.0,0.0,0.0,127.28232742465053
2021-01-06,120.96648085960445,118.09693668144666,135.80346456866755,120.96648085960445,120.96648085960445,6.076001013180306,6.076001013180306,6.076001013180306,-1.3175953777276255,-1.3175953777276255,-1.3175953777276255,7.393596390907932,7.393596390907932,7.393596390907932,0.0,0.0,0.0,127.04248187278475
2021-01-07,121.0906296668502,117.91168515649781,135.53763902564555,121.0906296668502,121.0906296668502,5.730440043365892,5.730440043365892,5.730440043365892,-1.4144937712689964,-1.4144937712689964,-1.4144937712689964,7.144933814634889,7.144933814634889,7.144933814634889,0.0,0.0,0.0,126.8210697102161
2021-01-08,121.21477847409595,118.20245875392898,134.8800581196835,121.21477847409595,121.21477847409595,5.621301927915422,5.621301927915422,5.621301927915422,-1.296065189552673,-1.296065189552673,-1.296065189552673,6.917367117468094,6.917367117468094,6.917367117468094,0.0,0.0,0.0,126.83608040201138
2021-01-11,121.58722489583322,118.58068906374686,135.67381641883117,121.58722489583322,121.58722489583322,5.218157980642009,5.218157980642009,5.218157980642009,-1.1671696041508401,-1.1671696041508401,-1.1671696041508401,6.385327584792849,6.385327584792849,6.385327584792849,0.0,0.0,0.0,126.80538287647522
2021-01-12,121.71137370307898,118.28886657163018,134.40413647401422,121.71137370307898,121.71137370307898,5.043845415096414,5.043845415096414,5.043845415096414,-1.2204611969689687,-1.2204611969689687,-1.2204611969689687,6.264306612065383,6.264306612065383,6.264306612065383,0.0,0.0,0.0,126.75521911817539
2021-01-13,121.83552251032474,118.38653103279819,134.5351379527728,121.83552251032474,121.83552251032474,4.855820531816061,4.855820531816061,4.855820531816061,-1.3175953777277358,-1.3175953777277358,-1.3175953777277358,6.173415909543797,6.173415909543797,6.173415909543797,0.0,0.0,0.0,126.6913430421408
2021-01-14,121.95967131757047,118.25325307263921,134.8207183874915,121.95967131757047,121.95967131757047,4.6986321584405815,4.6986321584405815,4.6986321584405815,-1.4144937712719021,-1.4144937712719021,-1.4144937712719021,6.113125929712484,6.113125929712484,6.113125929712484,0.0,0.0,0.0,126.65830347601104
2021-01-15,122.08382012481623,118.67897679911458,135.62631640590376,122.08382012481623,122.08382012481623,4.787340727789721,4.787340727789721,4.787340727789721,-1.2960651895495086,-1.2960651895495086,-1.2960651895495086,6.08340591733923,6.08340591733923,6.08340591733923,0.0,0.0,0.0,126.87116085260595
2021-01-19,122.58041535379922,119.15975204453959,135.9287545312839,122.58041535379922,122.58041535379922,5.031195185003344,5.031195185003344,5.031195185003344,-1.220461196967781,-1.220461196967781,-1.220461196967781,6.251656381971125,6.251656381971125,6.251656381971125,0.0,0.0,0.0,127.61161053880257
2021-01-20,122.70456416104498,119.34985292947441,135.63188828848442,122.70456416104498,122.70456416104498,5.038825506029787,5.038825506029787,5.038825506029787,-1.3175953777278469,-1.3175953777278469,-1.3175953777278469,6.356420883757634,6.356420883757634,6.356420883757634,0.0,0.0,0.0,127.74338966707477
2021-01-21,122.82871296829074,119.30786435054708,135.75411525381608,122.82871296829074,122.82871296829074,5.066447146349826,5.066447146349826,5.066447146349826,-1.41449377127143,-1.41449377127143,-1.41449377127143,6.480940917621257,6.480940917621257,6.480940917621257,0.0,0.0,0.0,127.89516011464057
2021-01-22,122.9528617755365,120.44907821063244,136.50076407187427,122.9528617755365,122.9528617755365,5.325714422176208,5.325714422176208,5.325714422176208,-1.296065189559911,-1.296065189559911,-1.296065189559911,6.621779611736119,6.621779611736119,6.621779611736119,0.0,0.0,0.0,128.2785761977127
2021-01-25,123.32530819727376,120.41868332282974,137.87735095581164,123.32530819727376,123.32530819727376,5.935191914636337,5.935191914636337,5.935191914636337,-1.1671696041569595,-1.1671696041569595,-1.1671696041569595,7.1023615187932965,7.1023615187932965,7.1023615187932965,0.0,0.0,0.0,129.2605001119101
2021-01-26,123.44945700451952,120.48527824784249,137.7841031995467,123.44945700451952,123.44945700451952,6.046693644485488,6.046693644485488,6.046693644485488,-1.2204611969665924,-1.2204611969665924,-1.2204611969665924,7.26715484145208,7.26715484145208,7.26715484145208,0.0,0.0,0.0,129.49615064900502
2021-01-27,123.57360581176526,122.19382114584988,137.9704608586057,123.57360581176526,123.57360581176526,6.108738738871783,6.108738738871783,6.108738738871783,-1.3175953777273919,-1.3175953777273919,-1.3175953777273919,7.426334116599175,7.426334116599175,7.426334116599175,0.0,0.0,0.0,129.68234455063705
2021-01-28,123.69775461901101,121.07591227867779,137.55693304295883,123.69775461901101,123.69775461901101,6.1604691601184065,6.1604691601184065,6.1604691601184065,-1.4144937712726466,-1.4144937712726466,-1.4144937712726466,7.574962931391053,7.574962931391053,7.574962931391053,0.0,0.0,0.0,129.85822377912942
2021-01-29,123.82190342625675,121.86032332834758,138.2910980449299,123.82190342625675,123.82190342625675,6.412009510270561,6.412009510270561,6.412009510270561,-1.296065189559825,-1.296065189559825,-1.296065189559825,7.708074699830387,7.708074699830387,7.708074699830387,0.0,0.0,0.0,130.2339129365273
2021-02-01,124.19434984799402,122.61204174180689,139.53727840202,124.19434984799402,124.19434984799402,6.798518435783436,6.798518435783436,6.798518435783436,-1.1671696041568986,-1.1671696041568986,-1.1671696041568986,7.965688039940335,7.965688039940335,7.965688039940335,0.0,0.0,0.0,130.99286828377745
2021-02-02,124.31849865523976,122.49745565411875,139.85960035661685,124.31849865523976,124.31849865523976,6.768502781080009,6.768502781080009,6.768502781080009,-1.2204611969697519,-1.2204611969697519,-1.2204611969697519,7.988963978049761,7.988963978049761,7.988963978049761,0.0,0.0,0.0,131.08700143631978
2021-02-03,124.44264746248552,123.00759867243792,138.9085097261172,124.44264746248552,124.44264746248552,6.656342824541821,6.656342824541821,6.656342824541821,-1.3175953777275022,-1.3175953777275022,-1.3175953777275022,7.9739382022693235,7.9739382022693235,7.9739382022693235,0.0,0.0,0.0,131.09899028702733
2021-02-04,124.56679626973128,122.86435310604087,138.73291509176877,124.56679626973128,124.56679626973128,6.502459964249615,6.502459964249615,6.502459964249615,-1.4144937712721741,-1.4144937712721741,-1.4144937712721741,7.916953735521789,7.916953735521789,7.916953735521789,0.0,0.0,0.0,131.0692562339809
2021-02-05,124.69094507697703,123.1015656366168,139.9031566721179,124.69094507697703,124.69094507697703,6.5187394517332296,6.5187394517332296,6.5187394517332296,-1.296065189553583,-1.296065189553583,-1.296065189553583,7.8148046412868135,7.8148046412868135,7.8148046412868135,0.0,0.0,0.0,131.20968452871026
2021-02-08,125.0633914987143,122.70578922954738,138.99013614552004,125.0633914987143,125.0633914987143,6.046027562624544,6.046027562624544,6.046027562624544,-1.1671696041599582,-1.1671696041599582,-1.1671696041599582,7.213197166784502,7.213197166784502,7.213197166784502,0.0,0.0,0.0,131.10941906133883
2021-02-09,125.18754030596006,122.9795605216256,139.01821549414305,125.18754030596006,125.18754030596006,5.688694127884452,5.688694127884452,5.688694127884452,-1.2204611969703147,-1.2204611969703147,-1.2204611969703147,6.909155324854767,6.909155324854767,6.909155324854767,0.0,0.0,0.0,130.8762344338445
2021-02-10,125.3116891132058,122.06034443583508,138.43641860584543,125.3116891132058,125.3116891132058,5.234791832097091,5.234791832097091,5.234791832097091,-1.3175953777275782,-1.3175953777275782,-1.3175953777275782,6.55238720982467,6.55238720982467,6.55238720982467,0.0,0.0,0.0,130.5464809453029
2021-02-11,125.43583792045153,122.13606251561073,138.6256247939688,125.43583792045153,125.43583792045153,4.72881235129728,4.72881235129728,4.72881235129728,-1.4144937712733905,-1.4144937712733905,-1.4144937712733905,6.14330612257067,6.14330612257067,6.14330612257067,0.0,0.0,0.0,130.16465027174883
2021-02-12,125.55998672769728,121.65588492806644,137.86649510327138,125.55998672769728,125.55998672769728,4.3869373567067464,4.3869373567067464,4.3869373567067464,-1.2960651895534967,-1.2960651895534967,-1.2960651895534967,5.683002546260243,5.683002546260243,5.683002546260243,0.0,0.0,0.0,129.94692408440403
2021-02-16,126.05523942027543,119.88509778271322,136.1113254765178,126.05523942027543,126.05523942027543,2.154065078931715,2.154065078931715,2.154065078931715,-1.2204611969673758,-1.2204611969673758,-1.2204611969673758,3.3745262758990906,3.3745262758990906,3.3745262758990906,0.0,0.0,0.0,128.20930449920715
2021-02-17,126.17905259341997,118.78207037957277,136.3339721075856,126.17905259341997,126.17905259341997,1.3796735959877962,1.3796735959877962,1.3796735959877962,-1.3175953777277234,-1.3175953777277234,-1.3175953777277234,2.6972689737155195,2.6972689737155195,2.6972689737155195,0.0,0.0,0.0,127.55872618940776
2021-02-18,126.30286576656451,118.59500981819163,135.01814585776677,126.30286576656451,126.30286576656451,0.5740843268352832,0.5740843268352832,0.5740843268352832,-1.4144937712700243,-1.4144937712700243,-1.4144937712700243,1.9885780981053074,1.9885780981053074,1.9885780981053074,0.0,0.0,0.0,126.87695009339978
2021-02-19,126.42667893970905,117.90199473571386,134.05664300753477,126.42667893970905,126.42667893970905,-0.04247583585453804,-0.04247583585453804,-0.04247583585453804,-1.296065189550333,-1.296065189550333,-1.296065189550333,1.2535893536957952,1.2535893536957952,1.2535893536957952,0.0,0.0,0.0,126.38420310385452
2021-02-22,126.79811845914266,115.49043253106566,133.17415645157678,126.79811845914266,126.79811845914266,-2.219954878766422,-2.219954878766422,-2.219954878766422,-1.1671696041629571,-1.1671696041629571,-1.1671696041629571,-1.052785274603465,-1.052785274603465,-1.052785274603465,0.0,0.0,0.0,124.57816358037624
2021-02-23,126.9219316322872,115.06472608338764,132.2509072131659,126.9219316322872,126.9219316322872,-3.055931207176118,-3.055931207176118,-3.055931207176118,-1.2204611969722863,-1.2204611969722863,-1.2204611969722863,-1.8354700102038322,-1.8354700102038322,-1.8354700102038322,0.0,0.0,0.0,123.86600042511108
2021-02-24,127.04574480543171,114.99969945001388,130.97228659055253,127.04574480543171,127.04574480543171,-3.9324812318339637,-3.9324812318339637,-3.9324812318339637,-1.3175953777277993,-1.3175953777277993,-1.3175953777277993,-2.6148858541061646,-2.6148858541061646,-2.6148858541061646,0.0,0.0,0.0,123.11326357359775
2021-02-25,127.16955797857625,113.93407612103555,129.67589601364648,127.16955797857625,127.16955797857625,-4.799425843336751,-4.799425843336751,-4.799425843336751,-1.4144937712712409,-1.4144937712712409,-1.4144937712712409,-3.38493207206551,-3.38493207206551,-3.38493207206551,0.0,0.0,0.0,122.3701321352395
2021-02-26,127.2933711517208,113.40013784590381,130.18939803441467,127.2933711517208,127.2933711517208,-5.435716169466922,-5.435716169466922,-5.435716169466922,-1.296065189550247,-1.296065189550247,-1.296065189550247,-4.1396509799166745,-4.1396509799166745,-4.1396509799166745,0.0,0.0,0.0,121.85765498225388
2021-03-01,127.6648106711544,111.37947760213217,128.63996826191735,127.6648106711544,127.6648106711544,-7.4233717871200575,-7.4233717871200575,-7.4233717871200575,-1.1671696041530781,-1.1671696041530781,-1.1671696041530781,-6.256202182966979,-6.256202182966979,-6.256202182966979,0.0,0.0,0.0,120.24143888403434
2021-03-02,127.78862384429895,110.84663996531332,128.13419260006228,127.78862384429895,127.78862384429895,-8.116298690217603,-8.116298690217603,-8.116298690217603,-1.2204611969693473,-1.2204611969693473,-1.2204611969693473,-6.895837493248253,-6.895837493248253,-6.895837493248253,0.0,0.0,0.0,119.67232515408135
2021-03-03,127.9124370174435,110.87718005186251,127.04756023131596,127.9124370174435,127.9124370174435,-8.81296983522492,-8.81296983522492,-8.81296983522492,-1.317595377727875,-1.317595377727875,-1.317595377727875,-7.495374457497043,-7.495374457497043,-7.495374457497043,0.0,0.0,0.0,119.09946718221858
2021-03-04,128.03625019058802,109.96891669770292,127.03297143273329,128.03625019058802,128.03625019058802,-9.465849150127081,-9.465849150127081,-9.465849150127081,-1.4144937712707688,-1.4144937712707688,-1.4144937712707688,-8.05135537885631,-8.05135537885631,-8.05135537885631,0.0,0.0,0.0,118.57040104046094
2021-03-05,128.16006336373255,110.52675038996975,126.46570569253969,128.16006336373255,128.16006336373255,-9.857013093646986,-9.857013093646986,-9.857013093646986,-1.2960651895575717,-1.2960651895575717,-1.2960651895575717,-8.560947904089414,-8.560947904089414,-8.560947904089414,0.0,0.0,0.0,118.30305027008556
2021-03-08,128.53150288316616,109.61795262589914,125.90517891239811,128.53150288316616,128.53150288316616,-10.960260207119804,-10.960260207119804,-10.960260207119804,-1.1671696041561377,-1.1671696041561377,-1.1671696041561377,-9.793090602963666,-9.793090602963666,-9.793090602963666,0.0,0.0,0.0,117.57124267604635
2021-03-09,128.6553160563107,109.46137979596246,125.92876616651125,128.6553160563107,128.6553160563107,-11.322730944381762,-11.322730944381762,-11.322730944381762,-1.2204611969699102,-1.2204611969699102,-1.2204611969699102,-10.102269747411853,-10.102269747411853,-10.102269747411853,0.0,0.0,0.0,117.33258511192895
2021-03-10,128.77912922945524,108.55869468587115,124.83967638161283,128.77912922945524,128.77912922945524,-11.67866779315156,-11.67866779315156,-11.67866779315156,-1.317595377727986,-1.317595377727986,-1.317595377727986,-10.361072415423575,-10.361072415423575,-10.361072415423575,0.0,0.0,0.0,117.10046143630368
2021-03-11,128.9029424025998,108.52022352186705,124.88364779112712,128.9029424025998,128.9029424025998,-11.98522391375583,-11.98522391375583,-11.98522391375583,-1.4144937712736745,-1.4144937712736745,-1.4144937712736745,-10.570730142482153,-10.570730142482153,-10.570730142482153,0.0,0.0,0.0,116.91771848884396
2021-03-12,129.02675557574432,109.33265920705958,125.29997019569004,129.02675557574432,129.02675557574432,-12.02915985175666,-12.02915985175666,-12.02915985175666,-1.2960651895544075,-1.2960651895544075,-1.2960651895544075,-10.733094662202252,-10.733094662202252,-10.733094662202252,0.0,0.0,0.0,116.99759572398766
2021-03-15,129.39819509517793,108.98057883763953,125.37470596195246,129.39819509517793,129.39819509517793,-12.13039284254725,-12.13039284254725,-12.13039284254725,-1.1671696041560764,-1.1671696041560764,-1.1671696041560764,-10.963223238391175,-10.963223238391175,-10.963223238391175,0.0,0.0,0.0,117.26780225263067
2021-03-16,129.52200826832245,109.02886376142978,125.87499964143825,129.52200826832245,129.52200826832245,-12.186005911455469,-12.186005911455469,-12.186005911455469,-1.2204611969687222,-1.2204611969687222,-1.2204611969687222,-10.965544714486747,-10.965544714486747,-10.965544714486747,0.0,0.0,0.0,117.33600235686698
2021-03-17,129.64582144146698,109.39278039041456,126.24964142664572,129.64582144146698,129.64582144146698,-12.254823912371778,-12.254823912371778,-12.254823912371778,-1.3175953777274965,-1.3175953777274965,-1.3175953777274965,-10.937228534644282,-10.937228534644282,-10.937228534644282,0.0,0.0,0.0,117.3909975290952
2021-03-18,129.76963461461153,108.68181820631283,125.48090556208805,129.76963461461153,129.76963461461153,-12.297094408496323,-12.297094408496323,-12.297094408496323,-1.414493771273202,-1.414493771273202,-1.414493771273202,-10.88260063722312,-10.88260063722312,-10.88260063722312,0.0,0.0,0.0,117.47254020611521
2021-03-19,129.8934477877561,108.90216521968097,126.50700757795609,129.8934477877561,129.8934477877561,-12.102199782116898,-12.102199782116898,-12.102199782116898,-1.2960651895512438,-1.2960651895512438,-1.2960651895512438,-10.806134592565655,-10.806134592565655,-10.806134592565655,0.0,0.0,0.0,117.79124800563919
2021-03-22,130.2648873071897,110.07736911215687,126.70714350625101,130.2648873071897,130.2648873071897,-11.658098420203348,-11.658098420203348,-11.658098420203348,-1.1671696041493185,-1.1671696041493185,-1.1671696041493185,-10.49092881605403,-10.49092881605403,-10.49092881605403,0.0,0.0,0.0,118.60678888698635
2021-03-23,130.38870048033422,110.26975087261565,126.99534843151494,130.38870048033422,130.38870048033422,-11.592396489576773,-11.592396489576773,-11.592396489576773,-1.2204611969675345,-1.2204611969675345,-1.2204611969675345,-10.371935292609239,-10.371935292609239,-10.371935292609239,0.0,0.0,0.0,118.79630399075745
2021-03-24,130.51251365347875,110.6381144915904,126.70804980921119,130.51251365347875,130.51251365347875,-11.570455072228086,-11.570455072228086,-11.570455072228086,-1.3175953777276412,-1.3175953777276412,-1.3175953777276412,-10.252859694500444,-10.252859694500444,-10.252859694500444,0.0,0.0,0.0,118.94205858125066
2021-03-25,130.63632682662328,111.2468923526228,127.61491703536763,130.63632682662328,130.63632682662328,-11.551909166678632,-11.551909166678632,-11.551909166678632,-1.4144937712727297,-1.4144937712727297,-1.4144937712727297,-10.137415395405903,-10.137415395405903,-10.137415395405903,0.0,0.0,0.0,119.08441765994465
2021-03-26,130.76013999976783,110.96055824010276,127.49394402258328,130.76013999976783,130.76013999976783,-11.325025162478642,-11.325025162478642,-11.325025162478642,-1.2960651895511577,-1.2960651895511577,-1.2960651895511577,-10.028959972927485,-10.028959972927485,-10.028959972927485,0.0,0.0,0.0,119.43511483728919
2021-03-29,131.13157951920144,111.78285048157412,128.3610388995264,131.13157951920144,131.13157951920144,-10.94006412249492,-10.94006412249492,-10.94006412249492,-1.1671696041492574,-1.1671696041492574,-1.1671696041492574,-9.772894518345664,-9.772894518345664,-9.772894518345664,0.0,0.0,0.0,120.19151539670652
2021-03-30,131.255392692346,111.77369071822582,128.6645235423547,131.255392692346,131.255392692346,-10.937957965846765,-10.937957965846765,-10.937957965846765,-1.220461196966346,-1.220461196966346,-1.220461196966346,-9.71749676888042,-9.71749676888042,-9.71749676888042,0.0,0.0,0.0,120.31743472649923
2021-03-31,131.37920586549052,111.96361010203317,128.87848402261778,131.37920586549052,131.37920586549052,-10.99692013275218,-10.99692013275218,-10.99692013275218,-1.3175953777277174,-1.3175953777277174,-1.3175953777277174,-9.679324755024462,-9.679324755024462,-9.679324755024462,0.0,0.0,0.0,120.38228573273834
2021-04-01,131.50301903863505,112.25285653217944,128.67840093660476,131.50301903863505,131.50301903863505,-11.073511789453592,-11.073511789453592,-11.073511789453592,-1.4144937712739465,-1.4144937712739465,-1.4144937712739465,-9.659018018179644,-9.659018018179644,-9.659018018179644,0.0,0.0,0.0,120.42950724918146
2021-04-05,131.9982717312132,112.4080563727635,129.23996967252643,131.9982717312132,131.9982717312132,-10.921147470983822,-10.921147470983822,-10.921147470983822,-1.167169604155438,-1.167169604155438,-1.167169604155438,-9.753977866828384,-9.753977866828384,-9.753977866828384,0.0,0.0,0.0,121.07712426022938
2021-04-06,132.12208490435776,112.68180551386655,129.94429373686435,132.12208490435776,132.12208490435776,-11.038272608287587,-11.038272608287587,-11.038272608287587,-1.2204611969669095,-1.2204611969669095,-1.2204611969669095,-9.817811411320676,-9.817811411320676,-9.817811411320676,0.0,0.0,0.0,121.08381229607018
2021-04-07,132.24589807750226,112.43095377866686,129.31359069798302,132.24589807750226,132.24589807750226,-11.21261040546994,-11.21261040546994,-11.21261040546994,-1.3175953777278282,-1.3175953777278282,-1.3175953777278282,-9.895015027742112,-9.895015027742112,-9.895015027742112,0.0,0.0,0.0,121.03328767203232
2021-04-08,132.36971125064682,112.40276373478734,129.26756356562697,132.36971125064682,132.36971125064682,-11.398351045334845,-11.398351045334845,-11.398351045334845,-1.4144937712705796,-1.4144937712705796,-1.4144937712705796,-9.983857274064267,-9.983857274064267,-9.983857274064267,0.0,0.0,0.0,120.97136020531197
2021-04-09,132.49352442379134,113.02470512041492,129.65186722858255,132.49352442379134,132.49352442379134,-11.378534777293586,-11.378534777293586,-11.378534777293586,-1.296065189561474,-1.296065189561474,-1.296065189561474,-10.082469587732113,-10.082469587732113,-10.082469587732113,0.0,0.0,0.0,121.11498964649776
2021-04-12,132.86496394322498,112.81466375356891,130.14053763131807,132.86496394322498,132.86496394322498,-11.584554233398132,-11.584554233398132,-11.584554233398132,-1.1671696041553772,-1.1671696041553772,-1.1671696041553772,-10.417384629242754,-10.417384629242754,-10.417384629242754,0.0,0.0,0.0,121.28040970982684
2021-04-13,132.9887771163695,112.39789495757834,129.26917339786542,132.9887771163695,132.9887771163695,-11.756091369317325,-11.756091369317325,-11.756091369317325,-1.2204611969700694,-1.2204611969700694,-1.2204611969700694,-10.535630172347256,-10.535630172347256,-10.535630172347256,0.0,0.0,0.0,121.23268574705219
2021-04-14,133.11259028951406,112.69538104251258,129.57867063371873,133.11259028951406,133.11259028951406,-11.971785738965824,-11.971785738965824,-11.971785738965824,-1.3175953777279386,-1.3175953777279386,-1.3175953777279386,-10.654190361237886,-10.654190361237886,-10.654190361237886,0.0,0.0,0.0,121.14080455054824
2021-04-15,133.1822027534041,113.41454898311189,129.30499621040184,133.1822027534041,133.1822027534041,-12.185986835856593,-12.185986835856593,-12.185986835856593,-1.4144937712734855,-1.4144937712734855,-1.4144937712734855,-10.77149306458311,-10.77149306458311,-10.77149306458311,0.0,0.0,0.0,120.99621591754752
2021-04-16,133.2518152172942,112.60161932809744,129.35070789779516,133.2518152172942,133.2518152172942,-12.18222601277802,-12.18222601277802,-12.18222601277802,-1.2960651895552322,-1.2960651895552322,-1.2960651895552322,-10.886160823222786,-10.886160823222786,-10.886160823222786,0.0,0.0,0.0,121.06958920451618
2021-04-19,133.4606526089644,112.27824529031349,129.5530924840739,133.4606526089644,133.4606526089644,-12.371113399036215,-12.371113399036215,-12.371113399036215,-1.1671696041553161,-1.1671696041553161,-1.1671696041553161,-11.203943794880898,-11.203943794880898,-11.203943794880898,0.0,0.0,0.0,121.08953920992819
2021-04-20,133.53026507285446,112.93372102840068,129.20644860321437,133.53026507285446,133.53026507285446,-12.519316370745685,-12.519316370745685,-12.519316370745685,-1.220461196970632,-1.220461196970632,-1.220461196970632,-11.29885517377505,-11.29885517377505,-11.29885517377505,0.0,0.0,0.0,121.01094870210878
2021-04-21,133.59987753674454,112.45530571667128,129.14328311442395,133.59987753674454,133.59987753674454,-12.705311511455584,-12.705311511455584,-12.705311511455584,-1.317595377728049,-1.317595377728049,-1.317595377728049,-11.387716133727535,-11.387716133727535,-11.387716133727535,0.0,0.0,0.0,120.89456602528895
2021-04-22,133.6694900006346,112.87501630734523,129.0907882090733,133.6694900006346,133.6694900006346,-12.885030342209008,-12.885030342209008,-12.885030342209008,-1.4144937712730132,-1.4144937712730132,-1.4144937712730132,-11.470536570935996,-11.470536570935996,-11.470536570935996,0.0,0.0,0.0,120.78445965842559
2021-04-23,133.73910246452468,111.79063985824224,129.03064707800567,133.73910246452468,133.73910246452468,-12.843587267279712,-12.843587267279712,-12.843587267279712,-1.2960651895551458,-1.2960651895551458,-1.2960651895551458,-11.547522077724567,-11.547522077724567,-11.547522077724567,0.0,0.0,0.0,120.89551519724496
2021-04-26,133.9479398561949,113.24944886462555,129.5868532025574,133.9479398561949,133.9479398561949,-12.915014783105256,-12.915014783105256,-12.915014783105256,-1.1671696041614965,-1.1671696041614965,-1.1671696041614965,-11.747845178943761,-11.747845178943761,-11.747845178943761,0.0,0.0,0.0,121.03292507308964
2021-04-27,134.01755232008495,112.16206303794988,129.00629156090335,134.01755232008495,134.01755232008495,-13.026859304680261,-13.026859304680261,-13.026859304680261,-1.220461196967693,-1.220461196967693,-1.220461196967693,-11.806398107712567,-11.806398107712567,-11.806398107712567,0.0,0.0,0.0,120.99069301540469
2021-04-28,134.08716478397503,112.40843126885379,128.7115252822642,134.08716478397503,134.08716478397503,-13.179563369106473,-13.179563369106473,-13.179563369106473,-1.317595377728125,-1.317595377728125,-1.317595377728125,-11.86196799137835,-11.86196799137835,-11.86196799137835,0.0,0.0,0.0,120.90760141486855
2021-04-29,134.15677724786508,113.03833101631614,129.60287346248836,134.15677724786508,134.15677724786508,-13.32972299930483,-13.32972299930483,-13.32972299930483,-1.4144937712696468,-1.4144937712696468,-1.4144937712696468,-11.915229228035182,-11.915229228035182,-11.915229228035182,0.0,0.0,0.0,120.82705424856024
2021-04-30,134.22638971175516,112.99972867417861,129.8287712297233,134.22638971175516,134.22638971175516,-13.26286686428589,-13.26286686428589,-13.26286686428589,-1.2960651895550603,-1.2960651895550603,-1.2960651895550603,-11.96680167473083,-11.96680167473083,-11.96680167473083,0.0,0.0,0.0,120.96352284746928
2021-05-03,134.43522710342538,112.97353051440494,129.4049131216746,134.43522710342538,134.43522710342538,-13.283235232527138,-13.283235232527138,-13.283235232527138,-1.1671696041614352,-1.1671696041614352,-1.1671696041614352,-12.116065628365703,-12.116065628365703,-12.116065628365703,0.0,0.0,0.0,121.15199187089824
2021-05-04,134.50483956731543,112.22055517123093,129.5736460623402,134.50483956731543,134.50483956731543,-13.385324191546378,-13.385324191546378,-13.385324191546378,-1.2204611969682566,-1.2204611969682566,-1.2204611969682566,-12.164862994578122,-12.164862994578122,-12.164862994578122,0.0,0.0,0.0,121.11951537576905
2021-05-05,134.5744520312055,112.04414811714231,129.86767633571736,134.5744520312055,134.5744520312055,-13.53078675999694,-13.53078675999694,-13.53078675999694,-1.3175953777277045,-1.3175953777277045,-1.3175953777277045,-12.213191382269235,-12.213191382269235,-12.213191382269235,0.0,0.0,0.0,121.04366527120857
2021-05-06,134.6440644950956,113.46152395632998,129.49608366586665,134.6440644950956,134.6440644950956,-13.675272956759141,-13.675272956759141,-13.675272956759141,-1.4144937712691743,-1.4144937712691743,-1.4144937712691743,-12.260779185489966,-12.260779185489966,-12.260779185489966,0.0,0.0,0.0,120.96879153833645
2021-05-07,134.71367695898564,113.02692606443894,129.36527661022345,134.71367695898564,134.71367695898564,-13.603230923370171,-13.603230923370171,-13.603230923370171,-1.2960651895488184,-1.2960651895488184,-1.2960651895488184,-12.307165733821353,-12.307165733821353,-12.307165733821353,0.0,0.0,0.0,121.11044603561547
2021-05-10,134.92251435065586,112.92583003669353,129.283153019993,134.92251435065586,134.92251435065586,-13.599021312928036,-13.599021312928036,-13.599021312928036,-1.1671696041515565,-1.1671696041515565,-1.1671696041515565,-12.431851708776477,-12.431851708776477,-12.431851708776477,0.0,0.0,0.0,121.32349303772783
2021-05-11,134.9921268145459,112.51268661916228,129.18164145075113,134.9921268145459,134.9921268145459,-13.685860249975203,-13.685860249975203,-13.685860249975203,-1.2204611969688193,-1.2204611969688193,-1.2204611969688193,-12.465399053006383,-12.465399053006383,-12.465399053006383,0.0,0.0,0.0,121.3062665645707
2021-05-12,135.061739278436,113.08552337949992,129.14345607417238,135.061739278436,135.061739278436,-13.810640935373703,-13.810640935373703,-13.810640935373703,-1.3175953777277805,-1.3175953777277805,-1.3175953777277805,-12.493045557645923,-12.493045557645923,-12.493045557645923,0.0,0.0,0.0,121.2510983430623
2021-05-13,135.13135174232607,111.91946374030894,129.50711999314882,135.13135174232607,135.13135174232607,-13.928034051048568,-13.928034051048568,-13.928034051048568,-1.4144937712703909,-1.4144937712703909,-1.4144937712703909,-12.513540279778177,-12.513540279778177,-12.513540279778177,0.0,0.0,0.0,121.2033176912775
2021-05-14,135.20096420621613,112.61708580707115,129.90477283587632,135.20096420621613,135.20096420621613,-13.821669985884151,-13.821669985884151,-13.821669985884151,-1.2960651895487323,-1.2960651895487323,-1.2960651895487323,-12.525604796335418,-12.525604796335418,-12.525604796335418,0.0,0.0,0.0,121.37929422033197
2021-05-17,135.40980159788634,114.01775129974217,129.96435493298296,135.40980159788634,135.40980159788634,-13.665980490709048,-13.665980490709048,-13.665980490709048,-1.1671696041514954,-1.1671696041514954,-1.1671696041514954,-12.498810886557553,-12.498810886557553,-12.498810886557553,0.0,0.0,0.0,121.7438211071773
2021-05-18,135.4794140617764,113.61019500659023,129.8286137761749,135.4794140617764,135.4794140617764,-13.685595376237975,-13.685595376237975,-13.685595376237975,-1.22046119696588,-1.22046119696588,-1.22046119696588,-12.465134179272095,-12.465134179272095,-12.465134179272095,0.0,0.0,0.0,121.79381868553843
2021-05-19,135.5490265256665,113.57892807461644,130.66397711418125,135.5490265256665,135.5490265256665,-13.73511902038932,-13.73511902038932,-13.73511902038932,-1.3175953777279255,-1.3175953777279255,-1.3175953777279255,-12.417523642661394,-12.417523642661394,-12.417523642661394,0.0,0.0,0.0,121.81390750527719
2021-05-20,135.61863898955656,113.82539035167697,131.03529179461825,135.61863898955656,135.61863898955656,-13.769787349246652,-13.769787349246652,-13.769787349246652,-1.4144937712716075,-1.4144937712716075,-1.4144937712716075,-12.355293577975045,-12.355293577975045,-12.355293577975045,0.0,0.0,0.0,121.8488516403099
2021-05-21,135.6882514534466,113.9261813155037,131.1461948976439,135.6882514534466,135.6882514534466,-13.574023709461134,-13.574023709461134,-13.574023709461134,-1.2960651895591344,-1.2960651895591344,-1.2960651895591344,-12.277958519901997,-12.277958519901997,-12.277958519901997,0.0,0.0,0.0,122.11422774398548
2021-05-24,135.89708884511683,114.93550965376681,130.1342890187765,135.89708884511683,135.89708884511683,-13.120922946775858,-13.120922946775858,-13.120922946775858,-1.167169604154555,-1.167169604154555,-1.167169604154555,-11.953753342621305,-11.953753342621305,-11.953753342621305,0.0,0.0,0.0,122.77616589834096
2021-05-25,135.96670130900694,115.02740545233799,131.76359572854835,135.96670130900694,135.96670130900694,-13.036013375692288,-13.036013375692288,-13.036013375692288,-1.2204611969664436,-1.2204611969664436,-1.2204611969664436,-11.815552178725845,-11.815552178725845,-11.815552178725845,0.0,0.0,0.0,122.93068793331464
2021-05-26,136.03631377289696,113.9404337335024,131.99131923914274,136.03631377289696,136.03631377289696,-12.98072307902106,-12.98072307902106,-12.98072307902106,-1.3175953777274365,-1.3175953777274365,-1.3175953777274365,-11.663127701293622,-11.663127701293622,-11.663127701293622,0.0,0.0,0.0,123.0555906938759
2021-05-27,136.10592623678707,114.47116915766767,132.18171590809303,136.10592623678707,136.10592623678707,-12.911773699853482,-12.911773699853482,-12.911773699853482,-1.4144937712728243,-1.4144937712728243,-1.4144937712728243,-11.497279928580657,-11.497279928580657,-11.497279928580657,0.0,0.0,0.0,123.19415253693359
2021-05-28,136.1755387006771,115.05340166951683,131.73361024675916,136.1755387006771,136.1755387006771,-12.61503667780857,-12.61503667780857,-12.61503667780857,-1.296065189559049,-1.296065189559049,-1.296065189559049,-11.318971488249522,-11.318971488249522,-11.318971488249522,0.0,0.0,0.0,123.56050202286852
2021-06-01,136.4539885562374,116.08337939671883,133.17897206111206,136.4539885562374,136.4539885562374,-11.724630023789674,-11.724630023789674,-11.724630023789674,-1.2204611969678514,-1.2204611969678514,-1.2204611969678514,-10.504168826821822,-10.504168826821822,-10.504168826821822,0.0,0.0,0.0,124.72935853244772
2021-06-02,136.52360102012747,116.4866565212669,134.45808217539107,136.52360102012747,136.52360102012747,-11.598820663349372,-11.598820663349372,-11.598820663349372,-1.3175953777275469,-1.3175953777275469,-1.3175953777275469,-10.281225285621826,-10.281225285621826,-10.281225285621826,0.0,0.0,0.0,124.9247803567781
2021-06-03,136.59321348401753,116.45782524697192,133.75232442476215,136.59321348401753,136.59321348401753,-11.467454311430407,-11.467454311430407,-11.467454311430407,-1.414493771272352,-1.414493771272352,-1.414493771272352,-10.052960540158054,-10.052960540158054,-10.052960540158054,0.0,0.0,0.0,125.12575917258712
2021-06-04,136.6628259479076,117.31241749887673,133.47692806247318,136.6628259479076,136.6628259479076,-11.116465500378453,-11.116465500378453,-11.116465500378453,-1.2960651895558848,-1.2960651895558848,-1.2960651895558848,-9.820400310822567,-9.820400310822567,-9.820400310822567,0.0,0.0,0.0,125.54636044752915
2021-06-07,136.87166333957782,118.7495584106377,134.8861778526931,136.87166333957782,136.87166333957782,-10.271818882100684,-10.271818882100684,-10.271818882100684,-1.1671696041606747,-1.1671696041606747,-1.1671696041606747,-9.104649277940009,-9.104649277940009,-9.104649277940009,0.0,0.0,0.0,126.59984445747713
2021-06-08,136.9412758034679,117.9567748558339,135.0205096073859,136.9412758034679,136.9412758034679,-10.08200648914038,-10.08200648914038,-10.08200648914038,-1.2204611969684147,-1.2204611969684147,-1.2204611969684147,-8.861545292171964,-8.861545292171964,-8.861545292171964,0.0,0.0,0.0,126.85926931432752
2021-06-09,137.01088826735793,117.9653615525438,135.71197895579533,137.01088826735793,137.01088826735793,-9.933920239434597,-9.933920239434597,-9.933920239434597,-1.3175953777276228,-1.3175953777276228,-1.3175953777276228,-8.616324861706973,-8.616324861706973,-8.616324861706973,0.0,0.0,0.0,127.07696802792333
2021-06-10,137.08050073124804,119.58193528425974,135.69837374047006,137.08050073124804,137.08050073124804,-9.783179589604131,-9.783179589604131,-9.783179589604131,-1.4144937712752577,-1.4144937712752577,-1.4144937712752577,-8.368685818328874,-8.368685818328874,-8.368685818328874,0.0,0.0,0.0,127.2973211416439
2021-06-11,137.15011317940997,120.11679668937812,135.58172560134605,137.15011317940997,137.15011317940997,-9.414132503005623,-9.414132503005623,-9.414132503005623,-1.2960651895527207,-1.2960651895527207,-1.2960651895527207,-8.118067313452903,-8.118067313452903,-8.118067313452903,0.0,0.0,0.0,127.73598067640435
2021-06-14,137.3589505238958,120.62305243781503,136.96275829990896,137.3589505238958,137.3589505238958,-8.506335593870077,-8.506335593870077,-8.506335593870077,-1.1671696041606134,-1.1671696041606134,-1.1671696041606134,-7.339165989709462,-7.339165989709462,-7.339165989709462,0.0,0.0,0.0,128.8526149300257
2021-06-15,137.42856297205776,120.60606751487363,137.0213516249543,137.42856297205776,137.42856297205776,-8.286923976615725,-8.286923976615725,-8.286923976615725,-1.2204611969672268,-1.2204611969672268,-1.2204611969672268,-7.066462779648497,-7.066462779648497,-7.066462779648497,0.0,0.0,0.0,129.14163899544204
2021-06-16,137.49817542021967,121.3217248332645,138.50424197574685,137.49817542021967,137.49817542021967,-8.10242683953515,-8.10242683953515,-8.10242683953515,-1.3175953777276987,-1.3175953777276987,-1.3175953777276987,-6.784831461807452,-6.784831461807452,-6.784831461807452,0.0,0.0,0.0,129.3957485806845
2021-06-17,137.5677878683816,121.29593379945369,138.03589398295597,137.5677878683816,137.5677878683816,-7.907209340429236,-7.907209340429236,-7.907209340429236,-1.4144937712702017,-1.4144937712702017,-1.4144937712702017,-6.492715569159033,-6.492715569159033,-6.492715569159033,0.0,0.0,0.0,129.66057852795237
2021-06-18,137.63740031654356,122.03620647100666,138.627234732646,137.63740031654356,137.63740031654356,-7.484620208728958,-7.484620208728958,-7.484620208728958,-1.296065189560045,-1.296065189560045,-1.296065189560045,-6.188555019168913,-6.188555019168913,-6.188555019168913,0.0,0.0,0.0,130.1527801078146
2021-06-21,137.8462376610294,122.9530431421804,140.0095735837887,137.8462376610294,137.8462376610294,-6.356586407884018,-6.356586407884018,-6.356586407884018,-1.1671696041667943,-1.1671696041667943,-1.1671696041667943,-5.189416803717224,-5.189416803717224,-5.189416803717224,0.0,0.0,0.0,131.48965125314538
2021-06-22,137.91585010919133,123.26406446530487,140.36438000360891,137.91585010919133,137.91585010919133,-6.043983089586753,-6.043983089586753,-6.043983089586753,-1.2204611969703858,-1.2204611969703858,-1.2204611969703858,-4.823521892616367,-4.823521892616367,-4.823521892616367,0.0,0.0,0.0,131.87186701960457
2021-06-23,137.9854625573533,123.67008722316967,140.10557036719916,137.9854625573533,137.9854625573533,-5.757439779416444,-5.757439779416444,-5.757439779416444,-1.317595377727844,-1.317595377727844,-1.317595377727844,-4.4398444016886005,-4.4398444016886005,-4.4398444016886005,0.0,0.0,0.0,132.22802277793684
2021-06-24,138.05507500551525,124.07086464854515,141.04793912356328,138.05507500551525,138.05507500551525,-5.4525506513437465,-5.4525506513437465,-5.4525506513437465,-1.4144937712714185,-1.4144937712714185,-1.4144937712714185,-4.038056880072327,-4.038056880072327,-4.038056880072327,0.0,0.0,0.0,132.6025243541715
2021-06-25,138.12468745367718,125.51978413196103,141.59546468449895,138.12468745367718,138.12468745367718,-4.914286170369454,-4.914286170369454,-4.914286170369454,-1.296065189559959,-1.296065189559959,-1.296065189559959,-3.618220980809496,-3.618220980809496,-3.618220980809496,0.0,0.0,0.0,133.21040128330773
2021-06-28,138.333524798163,126.31376562701469,142.8199326172116,138.333524798163,138.333524798163,-3.4247081405062687,-3.4247081405062687,-3.4247081405062687,-1.1671696041537942,-1.1671696041537942,-1.1671696041537942,-2.2575385363524747,-2.2575385363524747,-2.2575385363524747,0.0,0.0,0.0,134.90881665765676
2021-06-29,138.40313724632497,127.55308899457636,143.1629509273475,138.40313724632497,138.40313724632497,-2.9953744110458516,-2.9953744110458516,-2.9953744110458516,-1.220461196969198,-1.220461196969198,-1.220461196969198,-1.774913214076654,-1.774913214076654,-1.774913214076654,0.0,0.0,0.0,135.40776283527913
2021-06-30,138.4727496944869,127.3449924041871,143.62011390967962,138.4727496944869,138.4727496944869,-2.5988319234685826,-2.5988319234685826,-2.5988319234685826,-1.31759537772792,-1.31759537772792,-1.31759537772792,-1.2812365457406627,-1.2812365457406627,-1.2812365457406627,0.0,0.0,0.0,135.8739177710183
2021-07-01,138.54236214264884,128.14029981142582,144.9973972040674,138.54236214264884,138.54236214264884,-2.1937503718757725,-2.1937503718757725,-2.1937503718757725,-1.4144937712709462,-1.4144937712709462,-1.4144937712709462,-0.7792566006048264,-0.7792566006048264,-0.7792566006048264,0.0,0.0,0.0,136.34861177077306
2021-07-02,138.61197459081077,129.41680889354848,145.53053254771277,138.61197459081077,138.61197459081077,-1.568182231169169,-1.568182231169169,-1.568182231169169,-1.2960651895567952,-1.2960651895567952,-1.2960651895567952,-0.2721170416123739,-0.2721170416123739,-0.2721170416123739,0.0,0.0,0.0,137.0437923596416
2021-07-06,138.89042438345854,130.71816699124872,147.76135640649878,138.89042438345854,138.89042438345854,0.5138405433548998,0.5138405433548998,0.5138405433548998,-1.2204611969697612,-1.2204611969697612,-1.2204611969697612,1.734301740324661,1.734301740324661,1.734301740324661,0.0,0.0,0.0,139.40426492681343
2021-07-07,138.9600368316205,131.1601509976775,147.779180156903,138.9600368316205,138.9600368316205,0.8925880326675701,0.8925880326675701,0.8925880326675701,-1.31759537772803,-1.31759537772803,-1.31759537772803,2.2101834103956004,2.2101834103956004,2.2101834103956004,0.0,0.0,0.0,139.85262486428806
2021-07-08,139.02964927978243,131.65765701906926,148.1205146201171,139.02964927978243,139.02964927978243,1.2529585674471895,1.2529585674471895,1.2529585674471895,-1.414493771270474,-1.414493771270474,-1.414493771270474,2.667452338717663,2.667452338717663,2.667452338717663,0.0,0.0,0.0,140.28260784722963
2021-07-09,139.0992617279444,132.79934650811433,148.95171702404426,139.0992617279444,139.0992617279444,1.8060078523288257,1.8060078523288257,1.8060078523288257,-1.2960651895567092,-1.2960651895567092,-1.2960651895567092,3.102073041885535,3.102073041885535,3.102073041885535,0.0,0.0,0.0,140.90526958027323
2021-07-12,139.30809907243022,133.63917416482923,150.8510268747212,139.30809907243022,139.30809907243022,3.0663987141825384,3.0663987141825384,3.0663987141825384,-1.1671696041599138,-1.1671696041599138,-1.1671696041599138,4.233568318342453,4.233568318342453,4.233568318342453,0.0,0.0,0.0,142.37449778661275
2021-07-13,139.3777115205922,134.02394198026613,150.84489544566395,139.3777115205922,139.3777115205922,3.3225778476714956,3.3225778476714956,3.3225778476714956,-1.2204611969685737,-1.2204611969685737,-1.2204611969685737,4.54303904464007,4.54303904464007,4.54303904464007,0.0,0.0,0.0,142.70028936826367
2021-07-14,139.44732396875412,135.28344074989755,151.16854917342886,139.44732396875412,139.44732396875412,3.4971946121264676,3.4971946121264676,3.4971946121264676,-1.3175953777275753,-1.3175953777275753,-1.3175953777275753,4.814789989854043,4.814789989854043,4.814789989854043,0.0,0.0,0.0,142.94451858088058
2021-07-15,139.51693641691605,135.19796812745017,151.35550057355888,139.51693641691605,139.51693641691605,3.6328994277431845,3.6328994277431845,3.6328994277431845,-1.4144937712704857,-1.4144937712704857,-1.4144937712704857,5.04739319901367,5.04739319901367,5.04739319901367,0.0,0.0,0.0,143.14983584465924
2021-07-16,139.58654886507802,135.29367878636538,151.99249577412797,139.58654886507802,139.58654886507802,3.944029850705977,3.944029850705977,3.944029850705977,-1.2960651895504673,-1.2960651895504673,-1.2960651895504673,5.240095040256444,5.240095040256444,5.240095040256444,0.0,0.0,0.0,143.530578715784
2021-07-19,139.79538620956382,136.22226635434808,152.80261190266583,139.79538620956382,139.79538620956382,4.414873360035657,4.414873360035657,4.414873360035657,-1.1671696041500352,-1.1671696041500352,-1.1671696041500352,5.582042964185692,5.582042964185692,5.582042964185692,0.0,0.0,0.0,144.2102595695995
2021-07-20,139.86499865772575,136.20391289253504,152.70971887516208,139.86499865772575,139.86499865772575,4.401601067889069,4.401601067889069,4.401601067889069,-1.2204611969691361,-1.2204611969691361,-1.2204611969691361,5.622062264858204,5.622062264858204,5.622062264858204,0.0,0.0,0.0,144.2665997256148
2021-07-21,139.9346111058877,136.6370908918424,152.85267971852065,139.9346111058877,139.9346111058877,4.311679323163055,4.311679323163055,4.311679323163055,-1.3175953777276863,-1.3175953777276863,-1.3175953777276863,5.629274700890742,5.629274700890742,5.629274700890742,0.0,0.0,0.0,144.24629042905076
2021-07-22,140.00422355404964,135.78646235072537,153.424293265778,140.00422355404964,140.00422355404964,4.192698764515415,4.192698764515415,4.192698764515415,-1.4144937712717023,-1.4144937712717023,-1.4144937712717023,5.607192535787117,5.607192535787117,5.607192535787117,0.0,0.0,0.0,144.19692231856507
2021-07-23,140.0738360022116,135.93468665492688,152.03499373078407,140.0738360022116,140.0738360022116,4.263856642401111,4.263856642401111,4.263856642401111,-1.2960651895503814,-1.2960651895503814,-1.2960651895503814,5.559921831951493,5.559921831951493,5.559921831951493,0.0,0.0,0.0,144.33769264461273
2021-07-26,140.28267334669744,136.24348455581077,152.64588257981904,140.28267334669744,140.28267334669744,4.1480877037650705,4.1480877037650705,4.1480877037650705,-1.1671696041530948,-1.1671696041530948,-1.1671696041530948,5.3152573079181655,5.3152573079181655,5.3152573079181655,0.0,0.0,0.0,144.4307610504625
2021-07-27,140.3522857948594,135.97032655230737,153.29169334785314,140.3522857948594,140.3522857948594,3.996776284639997,3.996776284639997,3.996776284639997,-1.2204611969661971,-1.2204611969661971,-1.2204611969661971,5.217237481606194,5.217237481606194,5.217237481606194,0.0,0.0,0.0,144.3490620794994
2021-07-28,140.42189824302133,135.49594826093167,152.0276207864968,140.42189824302133,140.42189824302133,3.802776200717836,3.802776200717836,3.802776200717836,-1.317595377727762,-1.317595377727762,-1.317595377727762,5.120371578445598,5.120371578445598,5.120371578445598,0.0,0.0,0.0,144.22467444373916
2021-07-29,140.49151069118327,135.91382744619148,152.67552984017988,140.49151069118327,140.49151069118327,3.615832713416792,3.615832713416792,3.615832713416792,-1.41449377127123,-1.41449377127123,-1.41449377127123,5.030326484688022,5.030326484688022,5.030326484688022,0.0,0.0,0.0,144.10734340460004
2021-07-30,140.5611231393452,135.59126602555926,152.87377202936875,140.5611231393452,140.5611231393452,3.6565532912059155,3.6565532912059155,3.6565532912059155,-1.2960651895607838,-1.2960651895607838,-1.2960651895607838,4.9526184807666995,4.9526184807666995,4.9526184807666995,0.0,0.0,0.0,144.2176764305511
2021-08-02,140.76996048383106,136.29631139301253,152.68796382680657,140.76996048383106,140.76996048383106,3.676671951936891,3.676671951936891,3.676671951936891,-1.1671696041561546,-1.1671696041561546,-1.1671696041561546,4.843841556093046,4.843841556093046,4.843841556093046,0.0,0.0,0.0,144.44663243576795
2021-08-03,140.839572931993,136.17610398317444,152.2453180042487,140.839572931993,140.839572931993,3.642922363055153,3.642922363055153,3.642922363055153,-1.2204611969667607,-1.2204611969667607,-1.2204611969667607,4.863383560021914,4.863383560021914,4.863383560021914,0.0,0.0,0.0,144.48249529504815
2021-08-04,140.90918538015495,135.74802057432186,153.206608485991,140.90918538015495,140.90918538015495,3.598831210536801,3.598831210536801,3.598831210536801,-1.3175953777278724,-1.3175953777278724,-1.3175953777278724,4.916426588264673,4.916426588264673,4.916426588264673,0.0,0.0,0.0,144.50801659069174
2021-08-05,140.97879782831686,136.4247396115202,152.40430843797182,140.97879782831686,140.97879782831686,3.590707187801075,3.590707187801075,3.590707187801075,-1.4144937712707577,-1.4144937712707577,-1.4144937712707577,5.005200959071832,5.005200959071832,5.005200959071832,0.0,0.0,0.0,144.56950501611794
2021-08-06,141.0484102764788,136.51258177790217,152.34680391598326,141.0484102764788,141.0484102764788,3.8350230064208217,3.8350230064208217,3.8350230064208217,-1.2960651895576198,-1.2960651895576198,-1.2960651895576198,5.131088195978442,5.131088195978442,5.131088195978442,0.0,0.0,0.0,144.8834332828996
2021-08-09,141.2720413729829,137.29235349012325,154.64484754401096,141.2720413729829,141.2720413729829,4.5645221205187205,4.5645221205187205,4.5645221205187205,-1.1671696041560933,-1.1671696041560933,-1.1671696041560933,5.731691724674814,5.731691724674814,5.731691724674814,0.0,0.0,0.0,145.83656349350161
2021-08-10,141.34658507181763,137.35641109154093,153.79731430679794,141.34658507181763,141.34658507181763,4.781224120164967,4.781224120164967,4.781224120164967,-1.2204611969699195,-1.2204611969699195,-1.2204611969699195,6.0016853171348865,6.0016853171348865,6.0016853171348865,0.0,0.0,0.0,146.1278091919826
2021-08-11,141.42112877065233,138.30408782789294,154.75787812534014,141.42112877065233,141.42112877065233,4.984460588851444,4.984460588851444,4.984460588851444,-1.3175953777279485,-1.3175953777279485,-1.3175953777279485,6.302055966579394,6.302055966579394,6.302055966579394,0.0,0.0,0.0,146.40558935950378
2021-08-12,141.495672469487,138.70662258601317,155.25557902848627,141.495672469487,141.495672469487,5.2143266969646405,5.2143266969646405,5.2143266969646405,-1.414493771271974,-1.414493771271974,-1.414493771271974,6.628820468236615,6.628820468236615,6.628820468236615,0.0,0.0,0.0,146.70999916645164
2021-08-13,141.57021616832174,138.73819621241256,155.7173498279578,141.57021616832174,141.57021616832174,5.681173552155113,5.681173552155113,5.681173552155113,-1.296065189554456,-1.296065189554456,-1.296065189554456,6.97723874170957,6.97723874170957,6.97723874170957,0.0,0.0,0.0,147.25138972047685
2021-08-16,141.79384726482584,140.69910177761514,157.64743170653023,141.79384726482584,141.79384726482584,6.928448446239881,6.928448446239881,6.928448446239881,-1.1671696041560322,-1.1671696041560322,-1.1671696041560322,8.095618050395913,8.095618050395913,8.095618050395913,0.0,0.0,0.0,148.72229571106573
2021-08-17,141.86839096366054,140.93454384762467,157.66275309098765,141.86839096366054,141.86839096366054,7.251041624220791,7.251041624220791,7.251041624220791,-1.2204611969687316,-1.2204611969687316,-1.2204611969687316,8.471502821189523,8.471502821189523,8.471502821189523,0.0,0.0,0.0,149.11943258788133
2021-08-18,141.94293466249525,141.1393296924965,157.8668536726606,141.94293466249525,141.94293466249525,7.5199629509743255,7.5199629509743255,7.5199629509743255,-1.3175953777275626,-1.3175953777275626,-1.3175953777275626,8.837558328701888,8.837558328701888,8.837558328701888,0.0,0.0,0.0,149.46289761346958
2021-08-19,142.01747836132995,141.52161687628964,158.2838671275707,142.01747836132995,142.01747836132995,7.772311346984427,7.772311346984427,7.772311346984427,-1.4144937712731906,-1.4144937712731906,-1.4144937712731906,9.186805118257618,9.186805118257618,9.186805118257618,0.0,0.0,0.0,149.78978970831437
2021-08-20,142.09202206016465,142.20429572925386,159.14414886891288,142.09202206016465,142.09202206016465,8.21629286183366,8.21629286183366,8.21629286183366,-1.2960651895543698,-1.2960651895543698,-1.2960651895543698,9.512358051388029,9.512358051388029,9.512358051388029,0.0,0.0,0.0,150.30831492199832
2021-08-23,142.31565315666876,142.15102689270537,159.2822099695904,142.31565315666876,142.31565315666876,9.115165724938574,9.115165724938574,9.115165724938574,-1.167169604159092,-1.167169604159092,-1.167169604159092,10.282335329097666,10.282335329097666,10.282335329097666,0.0,0.0,0.0,151.43081888160734
2021-08-24,142.39019685550346,143.38148436475012,160.0869958273811,142.39019685550346,142.39019685550346,9.230495415910143,9.230495415910143,9.230495415910143,-1.2204611969675438,-1.2204611969675438,-1.2204611969675438,10.450956612877688,10.450956612877688,10.450956612877688,0.0,0.0,0.0,151.62069227141362
2021-08-25,142.46474055433816,143.35588606493477,160.33190610674035,142.46474055433816,142.46474055433816,9.249987210658706,9.249987210658706,9.249987210658706,-1.317595377727639,-1.317595377727639,-1.317595377727639,10.567582588386346,10.567582588386346,10.567582588386346,0.0,0.0,0.0,151.71472776499687
2021-08-26,142.53928425317287,143.1529612719251,159.124048620898,142.53928425317287,142.53928425317287,9.214103853517658,9.214103853517658,9.214103853517658,-1.4144937712698245,-1.4144937712698245,-1.4144937712698245,10.628597624787481,10.628597624787481,10.628597624787481,0.0,0.0,0.0,151.75338810669052
2021-08-27,142.61382795200757,143.859095926471,160.70692359112667,142.61382795200757,142.61382795200757,9.335213800679686,9.335213800679686,9.335213800679686,-1.2960651895542836,-1.2960651895542836,-1.2960651895542836,10.63127899023397,10.63127899023397,10.63127899023397,0.0,0.0,0.0,151.94904175268726
2021-08-30,142.83745904851168,143.31373400919372,160.94256740740926,142.83745904851168,142.83745904851168,9.109371456498078,9.109371456498078,9.109371456498078,-1.1671696041621515,-1.1671696041621515,-1.1671696041621515,10.276541060660229,10.276541060660229,10.276541060660229,0.0,0.0,0.0,151.94683050500976
2021-08-31,142.9120027473464,142.9465129474091,160.28936536457684,142.9120027473464,142.9120027473464,8.817628358065312,8.817628358065312,8.817628358065312,-1.220461196968107,-1.220461196968107,-1.220461196968107,10.03808955503342,10.03808955503342,10.03808955503342,0.0,0.0,0.0,151.72963110541173
2021-09-01,142.98654644618108,143.48914715607495,159.5624562762461,142.98654644618108,142.98654644618108,8.424779871995808,8.424779871995808,8.424779871995808,-1.3175953777277492,-1.3175953777277492,-1.3175953777277492,9.742375249723557,9.742375249723557,9.742375249723557,0.0,0.0,0.0,151.4113263181769
2021-09-02,143.0610901450158,142.49191953087976,159.6595285241622,143.0610901450158,143.0610901450158,7.9780324461634855,7.9780324461634855,7.9780324461634855,-1.4144937712693522,-1.4144937712693522,-1.4144937712693522,9.392526217432836,9.392526217432836,9.392526217432836,0.0,0.0,0.0,151.0391225911793
2021-09-03,143.1356338438505,142.65803766257247,159.3486056579203,143.1356338438505,143.1356338438505,7.696476811027694,7.696476811027694,7.696476811027694,-1.29606518955112,-1.29606518955112,-1.29606518955112,8.992542000578815,8.992542000578815,8.992542000578815,0.0,0.0,0.0,150.83211065487822
2021-09-07,143.43380863918932,141.47415213082826,157.2406660883992,143.43380863918932,143.43380863918932,5.776451795807603,5.776451795807603,5.776451795807603,-1.22046119696867,-1.22046119696867,-1.22046119696867,6.996912992776274,6.996912992776274,6.996912992776274,0.0,0.0,0.0,149.21026043499694
2021-09-08,143.50835233802403,140.46315295001514,157.41534622170994,143.50835233802403,143.50835233802403,5.112831626837111,5.112831626837111,5.112831626837111,-1.317595377727825,-1.317595377727825,-1.317595377727825,6.430427004564936,6.430427004564936,6.430427004564936,0.0,0.0,0.0,148.62118396486113
2021-09-09,143.58289603685873,138.81447918498725,155.9106311440457,143.58289603685873,143.58289603685873,4.436247302361071,4.436247302361071,4.436247302361071,-1.4144937712722576,-1.4144937712722576,-1.4144937712722576,5.850741073633329,5.850741073633329,5.850741073633329,0.0,0.0,0.0,148.0191433392198
2021-09-10,143.65743973569343,139.1578157319939,155.46397185942578,143.65743973569343,143.65743973569343,3.968988432824358,3.968988432824358,3.968988432824358,-1.2960651895479562,-1.2960651895479562,-1.2960651895479562,5.265053622372314,5.265053622372314,5.265053622372314,0.0,0.0,0.0,147.62642816851778
2021-09-13,143.88107083219754,138.18946821061053,154.6966581727246,143.88107083219754,143.88107083219754,2.3752509922587435,2.3752509922587435,2.3752509922587435,-1.1671696041522115,-1.1671696041522115,-1.1671696041522115,3.5424205964109547,3.5424205964109547,3.5424205964109547,0.0,0.0,0.0,146.25632182445628
2021-09-14,143.95561453103224,137.03964747894736,154.16855769163664,143.95561453103224,143.95561453103224,1.7813092791643386,1.7813092791643386,1.7813092791643386,-1.2204611969700783,-1.2204611969700783,-1.2204611969700783,3.001770476134417,3.001770476134417,3.001770476134417,0.0,0.0,0.0,145.73692381019657
2021-09-15,144.03015822986694,137.39134621328333,153.6890388187428,144.03015822986694,144.03015822986694,1.1702479147425562,1.1702479147425562,1.1702479147425562,-1.3175953777279354,-1.3175953777279354,-1.3175953777279354,2.4878432924704916,2.4878432924704916,2.4878432924704916,0.0,0.0,0.0,145.2004061446095
2021-09-16,144.10470192870164,136.31512465519705,153.22032043441996,144.10470192870164,144.10470192870164,0.5912404107166683,0.5912404107166683,0.5912404107166683,-1.4144937712717853,-1.4144937712717853,-1.4144937712717853,2.005734181988454,2.005734181988454,2.005734181988454,0.0,0.0,0.0,144.6959423394183
2021-09-17,144.17924562753635,136.10056122071842,152.0247667635005,144.17924562753635,144.17924562753635,0.26377766217216614,0.26377766217216614,0.26377766217216614,-1.2960651895583586,-1.2960651895583586,-1.2960651895583586,1.5598428517305247,1.5598428517305247,1.5598428517305247,0.0,0.0,0.0,144.44302328970852
2021-09-20,144.40287672404048,135.76652346745055,152.2374178768467,144.40287672404048,144.40287672404048,-0.6953065274560551,-0.6953065274560551,-0.6953065274560551,-1.167169604158392,-1.167169604158392,-1.167169604158392,0.471863076702337,0.471863076702337,0.471863076702337,0.0,0.0,0.0,143.7075701965844
2021-09-21,144.47742042287516,134.92362245941345,151.95891025886718,144.47742042287516,144.47742042287516,-1.0213341395478985,-1.0213341395478985,-1.0213341395478985,-1.2204611969671388,-1.2204611969671388,-1.2204611969671388,0.19912705741924044,0.19912705741924044,0.19912705741924044,0.0,0.0,0.0,143.45608628332727
2021-09-22,144.55196412170986,135.1224903728493,150.77162174931073,144.55196412170986,144.55196412170986,-1.34498333377301,-1.34498333377301,-1.34498333377301,-1.317595377727481,-1.317595377727481,-1.317595377727481,-0.027387956045528884,-0.027387956045528884,-0.027387956045528884,0.0,0.0,0.0,143.20698078793686
2021-09-23,144.6265078205446,134.86206144549138,151.2184886497591,144.6265078205446,144.6265078205446,-1.6226459867766472,-1.6226459867766472,-1.6226459867766472,-1.4144937712730021,-1.4144937712730021,-1.4144937712730021,-0.2081522155036451,-0.2081522155036451,-0.2081522155036451,0.0,0.0,0.0,143.00386183376793
2021-09-24,144.70105151937926,134.792085202505,151.39477644858587,144.70105151937926,144.70105151937926,-1.6404702081406735,-1.6404702081406735,-1.6404702081406735,-1.2960651895582722,-1.2960651895582722,-1.2960651895582722,-0.3444050185824013,-0.3444050185824013,-0.3444050185824013,0.0,0.0,0.0,143.0605813112386
2021-09-27,144.92468261588337,135.17521723735626,151.16187024003554,144.92468261588337,144.92468261588337,-1.675968899888665,-1.675968899888665,-1.675968899888665,-1.167169604158331,-1.167169604158331,-1.167169604158331,-0.508799295730334,-0.508799295730334,-0.508799295730334,0.0,0.0,0.0,143.2487137159947
2021-09-28,144.99922631471807,135.14872191878547,151.26398630521274,144.99922631471807,144.99922631471807,-1.7130909425869496,-1.7130909425869496,-1.7130909425869496,-1.2204611969677022,-1.2204611969677022,-1.2204611969677022,-0.49262974561924733,-0.49262974561924733,-0.49262974561924733,0.0,0.0,0.0,143.28613537213113
2021-09-29,145.0737700135528,135.59323808672752,151.3709588987273,145.0737700135528,145.0737700135528,-1.7649721156920581,-1.7649721156920581,-1.7649721156920581,-1.3175953777275913,-1.3175953777275913,-1.3175953777275913,-0.4473767379644668,-0.4473767379644668,-0.4473767379644668,0.0,0.0,0.0,143.30879789786076
2021-09-30,145.14831371238748,134.6597270228782,151.199214980166,145.14831371238748,145.14831371238748,-1.7918684518121657,-1.7918684518121657,-1.7918684518121657,-1.4144937712725298,-1.4144937712725298,-1.4144937712725298,-0.3773746805396358,-0.3773746805396358,-0.3773746805396358,0.0,0.0,0.0,143.3564452605753
2021-10-01,145.22285741122218,135.14729470319267,151.6171574663812,145.22285741122218,145.22285741122218,-1.583212521889971,-1.583212521889971,-1.583212521889971,-1.2960651895520303,-1.2960651895520303,-1.2960651895520303,-0.28714733233794093,-0.28714733233794093,-0.28714733233794093,0.0,0.0,0.0,143.6396448893322
2021-10-04,145.44648850772631,136.243809779877,152.507378163497,145.44648850772631,145.44648850772631,-1.1082552898940181,-1.1082552898940181,-1.1082552898940181,-1.1671696041613908,-1.1671696041613908,-1.1671696041613908,0.058914314267372765,0.058914314267372765,0.058914314267372765,0.0,0.0,0.0,144.33823321783228
2021-10-05,145.58485361922052,136.27631253554048,152.89575548092347,145.58485361922052,145.58485361922052,-1.0359639228670745,-1.0359639228670745,-1.0359639228670745,-1.2204611969682653,-1.2204611969682653,-1.2204611969682653,0.18449727410119082,0.18449727410119082,0.18449727410119082,0.0,0.0,0.0,144.54888969635346
2021-10-06,145.7232187307147,136.21217735736153,153.21193003258227,145.7232187307147,145.7232187307147,-1.0093272028513793,-1.0093272028513793,-1.0093272028513793,-1.317595377727667,-1.317595377727667,-1.317595377727667,0.3082681748762879,0.3082681748762879,0.3082681748762879,0.0,0.0,0.0,144.71389152786332
2021-10-07,145.8615838422089,136.4620138115973,152.91448342224206,145.8615838422089,145.8615838422089,-0.9879463623999186,-0.9879463623999186,-0.9879463623999186,-1.4144937712737466,-1.4144937712737466,-1.4144937712737466,0.42654740887382797,0.42654740887382797,0.42654740887382797,0.0,0.0,0.0,144.87363747980896
2021-10-08,145.9999489537031,137.376346603908,153.5951063660056,145.9999489537031,145.9999489537031,-0.7600017015541596,-0.7600017015541596,-0.7600017015541596,-1.2960651895655106,-1.2960651895655106,-1.2960651895655106,0.5360634880113512,0.5360634880113512,0.5360634880113512,0.0,0.0,0.0,145.23994725214894
2021-10-11,146.41504428818567,137.36349674124003,154.3423426422677,146.41504428818567,146.41504428818567,-0.3807661881128522,-0.3807661881128522,-0.3807661881128522,-1.1671696041515118,-1.1671696041515118,-1.1671696041515118,0.7864034160386597,0.7864034160386597,0.7864034160386597,0.0,0.0,0.0,146.0342781000728
2021-10-12,146.55340939967988,137.62505431230716,155.28988172989898,146.55340939967988,146.55340939967988,-0.38265380832490525,-0.38265380832490525,-0.38265380832490525,-1.2204611969670778,-1.2204611969670778,-1.2204611969670778,0.8378073886421724,0.8378073886421724,0.8378073886421724,0.0,0.0,0.0,146.17075559135498
2021-10-13,146.69177451117406,137.84592977094536,154.9134572085045,146.69177451117406,146.69177451117406,-0.44606016037667595,-0.44606016037667595,-0.44606016037667595,-1.3175953777278122,-1.3175953777278122,-1.3175953777278122,0.8715352173511361,0.8715352173511361,0.8715352173511361,0.0,0.0,0.0,146.24571435079739
2021-10-14,146.83013962266827,137.06967492100694,153.88839372877695,146.83013962266827,146.83013962266827,-0.5271059153039235,-0.5271059153039235,-0.5271059153039235,-1.4144937712703798,-1.4144937712703798,-1.4144937712703798,0.8873878559664565,0.8873878559664565,0.8873878559664565,0.0,0.0,0.0,146.30303370736434
2021-10-15,146.96850473416248,138.09490441901264,154.94317823624368,146.96850473416248,146.96850473416248,-0.41039402358957944,-0.41039402358957944,-0.41039402358957944,-1.2960651895592687,-1.2960651895592687,-1.2960651895592687,0.8856711659696894,0.8856711659696894,0.8856711659696894,0.0,0.0,0.0,146.5581107105729
2021-10-18,147.38360006864505,138.48638990303493,155.18874272585052,147.38360006864505,147.38360006864505,-0.38213605244601767,-0.38213605244601767,-0.38213605244601767,-1.1671696041545718,-1.1671696041545718,-1.1671696041545718,0.7850335517085543,0.7850335517085543,0.7850335517085543,0.0,0.0,0.0,147.00146401619904
2021-10-19,147.52196518013923,138.94995792572783,155.0829972949893,147.52196518013923,147.52196518013923,-0.49551059197467195,-0.49551059197467195,-0.49551059197467195,-1.2204611969719878,-1.2204611969719878,-1.2204611969719878,0.7249506049973157,0.7249506049973157,0.7249506049973157,0.0,0.0,0.0,147.02645458816457
2021-10-20,147.66033029163341,138.52336265328034,155.28041883655726,147.66033029163341,147.66033029163341,-0.6625404950292946,-0.6625404950292946,-0.6625404950292946,-1.3175953777278884,-1.3175953777278884,-1.3175953777278884,0.6550548826985937,0.6550548826985937,0.6550548826985937,0.0,0.0,0.0,146.9977897966041
2021-10-21,147.79869540312762,138.70730668364854,155.94369414612956,147.79869540312762,147.79869540312762,-0.8367084757377424,-0.8367084757377424,-0.8367084757377424,-1.4144937712715966,-1.4144937712715966,-1.4144937712715966,0.577785295533854,0.577785295533854,0.577785295533854,0.0,0.0,0.0,146.9619869273899
2021-10-22,147.93706051462183,138.60486260183842,155.49571328559713,147.93706051462183,147.93706051462183,-0.8003250094061042,-0.8003250094061042,-0.8003250094061042,-1.2960651895591826,-1.2960651895591826,-1.2960651895591826,0.49574018015307847,0.49574018015307847,0.49574018015307847,0.0,0.0,0.0,147.13673550521574
2021-10-25,148.3521558491044,139.01388720258575,155.80140549441356,148.3521558491044,148.3521558491044,-0.9190998336878746,-0.9190998336878746,-0.9190998336878746,-1.1671696041576316,-1.1671696041576316,-1.1671696041576316,0.24806977046975706,0.24806977046975706,0.24806977046975706,0.0,0.0,0.0,147.43305601541653
2021-10-26,148.49052096059862,139.09339944873545,155.92358758015655,148.49052096059862,148.49052096059862,-1.0464397545608821,-1.0464397545608821,-1.0464397545608821,-1.2204611969690484,-1.2204611969690484,-1.2204611969690484,0.17402144240816622,0.17402144240816622,0.17402144240816622,0.0,0.0,0.0,147.44408120603774
2021-10-27,148.62888607209283,139.25927943909957,155.4123747321104,148.62888607209283,148.62888607209283,-1.209048644156901,-1.209048644156901,-1.209048644156901,-1.3175953777279645,-1.3175953777279645,-1.3175953777279645,0.10854673357106334,0.10854673357106334,0.10854673357106334,0.0,0.0,0.0,147.41983742793593
2021-10-28,148.767251183587,138.81376315738504,156.42656762102294,148.767251183587,148.767251183587,-1.3604655788794622,-1.3604655788794622,-1.3604655788794622,-1.4144937712728132,-1.4144937712728132,-1.4144937712728132,0.054028192393350966,0.054028192393350966,0.054028192393350966,0.0,0.0,0.0,147.40678560470755
2021-10-29,148.9056162950812,139.40070422328105,156.18047874860355,148.9056162950812,148.9056162950812,-1.2834082505778335,-1.2834082505778335,-1.2834082505778335,-1.296065189556019,-1.296065189556019,-1.296065189556019,0.01265693897818569,0.01265693897818569,0.01265693897818569,0.0,0.0,0.0,147.62220804450337
2021-11-01,149.32071162956376,139.88349605225363,155.81431639952348,149.32071162956376,149.32071162956376,-1.1812523981535068,-1.1812523981535068,-1.1812523981535068,-1.1671696041606914,-1.1671696041606914,-1.1671696041606914,-0.014082793992815488,-0.014082793992815488,-0.014082793992815488,0.0,0.0,0.0,148.13945923141026
2021-11-02,149.459076741058,140.20827787163847,156.2801119354556,149.459076741058,149.459076741058,-1.2060956249188015,-1.2060956249188015,-1.2060956249188015,-1.220461196969612,-1.220461196969612,-1.220461196969612,0.014365572050810432,0.014365572050810432,0.014365572050810432,0.0,0.0,0.0,148.2529811161392
2021-11-03,149.5974418525522,139.70290730438842,157.00808849832202,149.5974418525522,149.5974418525522,-1.254307574877193,-1.254307574877193,-1.254307574877193,-1.3175953777280747,-1.3175953777280747,-1.3175953777280747,0.06328780285088159,0.06328780285088159,0.06328780285088159,0.0,0.0,0.0,148.343134277675
2021-11-04,149.7358069640464,139.58366070335651,156.6808214318872,149.7358069640464,149.7358069640464,-1.281129292346068,-1.281129292346068,-1.281129292346068,-1.414493771269447,-1.414493771269447,-1.414493771269447,0.13336447892337905,0.13336447892337905,0.13336447892337905,0.0,0.0,0.0,148.45467767170032
2021-11-05,149.8741720755406,139.74517064328958,157.33037241944734,149.8741720755406,149.8741720755406,-1.07104228548996,-1.07104228548996,-1.07104228548996,-1.2960651895528552,-1.2960651895528552,-1.2960651895528552,0.22502290406289518,0.22502290406289518,0.22502290406289518,0.0,0.0,0.0,148.80312979005063
2021-11-08,150.28926741002317,141.59057005072432,158.25813206534028,150.28926741002317,150.28926741002317,-0.5369005072342226,-0.5369005072342226,-0.5369005072342226,-1.16716960416063,-1.16716960416063,-1.16716960416063,0.6302690969264075,0.6302690969264075,0.6302690969264075,0.0,0.0,0.0,149.75236690278894
2021-11-09,150.42763252151735,141.87344475132195,158.5585529129165,150.42763252151735,150.42763252151735,-0.41245940601340286,-0.41245940601340286,-0.41245940601340286,-1.2204611969684236,-1.2204611969684236,-1.2204611969684236,0.8080017909550208,0.8080017909550208,0.8080017909550208,0.0,0.0,0.0,150.01517311550396
2021-11-10,150.56599763301156,141.35689185720176,158.45751698713423,150.56599763301156,150.56599763301156,-0.3113638938406504,-0.3113638938406504,-0.3113638938406504,-1.3175953777275855,-1.3175953777275855,-1.3175953777275855,1.0062314838869353,1.0062314838869353,1.0062314838869353,0.0,0.0,0.0,150.2546337391709
2021-11-11,150.70436274450577,142.11575916402967,158.55490130963923,150.70436274450577,150.70436274450577,-0.19025036940503962,-0.19025036940503962,-0.19025036940503962,-1.414493771268974,-1.414493771268974,-1.414493771268974,1.2242434018639345,1.2242434018639345,1.2242434018639345,0.0,0.0,0.0,150.51411237510072
2021-11-12,150.84272785599998,141.8598019833506,158.72936588068416,150.84272785599998,150.84272785599998,0.16514360031968656,0.16514360031968656,0.16514360031968656,-1.2960651895496909,-1.2960651895496909,-1.2960651895496909,1.4612087898693775,1.4612087898693775,1.4612087898693775,0.0,0.0,0.0,151.00787145631966
2021-11-15,151.25782319048255,144.19934747000016,160.71403218066865,151.25782319048255,151.25782319048255,1.1090817663597319,1.1090817663597319,1.1090817663597319,-1.167169604150751,-1.167169604150751,-1.167169604150751,2.2762513705104825,2.2762513705104825,2.2762513705104825,0.0,0.0,0.0,152.3669049568423
2021-11-16,151.39618830197674,144.60033624682782,160.78095999825544,151.39618830197674,151.39618830197674,1.358686636654179,1.358686636654179,1.358686636654179,-1.2204611969672359,-1.2204611969672359,-1.2204611969672359,2.579147833621415,2.579147833621415,2.579147833621415,0.0,0.0,0.0,152.7548749386309
2021-11-17,151.53455341347095,144.43446277296354,161.68631451006846,151.53455341347095,151.53455341347095,1.5782002818129612,1.5782002818129612,1.5782002818129612,-1.3175953777277307,-1.3175953777277307,-1.3175953777277307,2.895795659540692,2.895795659540692,2.895795659540692,0.0,0.0,0.0,153.1127536952839
2021-11-18,151.67291852496513,145.80231137532715,162.14445975965197,151.67291852496513,151.67291852496513,1.81054352640541,1.81054352640541,1.81054352640541,-1.41449377127188,-1.41449377127188,-1.41449377127188,3.22503729767729,3.22503729767729,3.22503729767729,0.0,0.0,0.0,153.48346205137054
2021-11-19,151.8112836364593,146.49613488659904,162.94597176100325,151.8112836364593,151.8112836364593,2.2696285747259406,2.2696285747259406,2.2696285747259406,-1.296065189549605,-1.296065189549605,-1.296065189549605,3.5656937642755455,3.5656937642755455,3.5656937642755455,0.0,0.0,0.0,154.08091221118525
2021-11-22,152.2263789709419,146.98226293978215,163.94006777422376,152.2263789709419,152.2263789709419,3.476884205238503,3.476884205238503,3.476884205238503,-1.1671696041506898,-1.1671696041506898,-1.1671696041506898,4.6440538093891925,4.6440538093891925,4.6440538093891925,0.0,0.0,0.0,155.7032631761804
2021-11-23,152.36474408243615,147.77773495011184,163.67459691208015,152.36474408243615,152.36474408243615,3.7976883845074587,3.7976883845074587,3.7976883845074587,-1.220461196966048,-1.220461196966048,-1.220461196966048,5.018149581473507,5.018149581473507,5.018149581473507,0.0,0.0,0.0,156.1624324669436
2021-11-24,152.50310919393033,147.99189726908025,165.18600048658524,152.50310919393033,152.50310919393033,4.079814625957017,4.079814625957017,4.079814625957017,-1.3175953777278069,-1.3175953777278069,-1.3175953777278069,5.397410003684824,5.397410003684824,5.397410003684824,0.0,0.0,0.0,156.58292381988736
2021-11-26,152.7798394169187,148.62585179312669,165.48199917693546,152.7798394169187,152.7798394169187,4.869882323802811,4.869882323802811,4.869882323802811,-1.2960651895600073,-1.2960651895600073,-1.2960651895600073,6.165947513362818,6.165947513362818,6.165947513362818,0.0,0.0,0.0,157.6497217407215
2021-11-29,153.19493475140126,151.1554983358287,168.16653863365883,153.19493475140126,153.19493475140126,6.154562890726933,6.154562890726933,6.154562890726933,-1.1671696041568707,-1.1671696041568707,-1.1671696041568707,7.321732494883805,7.321732494883805,7.321732494883805,0.0,0.0,0.0,159.3494976421282
2021-11-30,153.3332998628955,151.76167735682296,167.33532984655014,153.3332998628955,153.3332998628955,6.480970556338229,6.480970556338229,6.480970556338229,-1.2204611969666113,-1.2204611969666113,-1.2204611969666113,7.70143175330484,7.70143175330484,7.70143175330484,0.0,0.0,0.0,159.81427041923374
2021-12-01,153.4716649915991,151.1894398841153,168.10602997087938,153.4716649915991,153.4716649915991,6.757892980938247,6.757892980938247,6.757892980938247,-1.3175953777273863,-1.3175953777273863,-1.3175953777273863,8.075488358665634,8.075488358665634,8.075488358665634,0.0,0.0,0.0,160.22955797253735
2021-12-02,153.61003012030272,152.1359520032339,169.16457691172437,153.61003012030272,153.61003012030272,7.027582977121993,7.027582977121993,7.027582977121993,-1.4144937712709353,-1.4144937712709353,-1.4144937712709353,8.442076748392928,8.442076748392928,8.442076748392928,0.0,0.0,0.0,160.63761309742472
2021-12-03,153.7483952490063,152.74412623581344,169.20609371175033,153.7483952490063,153.7483952490063,7.503240393197472,7.503240393197472,7.503240393197472,-1.2960651895599213,-1.2960651895599213,-1.2960651895599213,8.799305582757393,8.799305582757393,8.799305582757393,0.0,0.0,0.0,161.25163564220378
2021-12-06,154.16349063511717,154.31635642012944,171.1827432416484,154.16349063511717,154.16349063511717,8.627982654723148,8.627982654723148,8.627982654723148,-1.16716960415681,-1.16716960415681,-1.16716960415681,9.795152258879959,9.795152258879959,9.795152258879959,0.0,0.0,0.0,162.79147328984033
2021-12-07,154.30185576382075,154.31918700775637,171.6659940286225,154.30185576382075,154.30185576382075,8.87464737837612,8.87464737837612,8.87464737837612,-1.22046119696977,-1.22046119696977,-1.22046119696977,10.09510857534589,10.09510857534589,10.09510857534589,0.0,0.0,0.0,163.17650314219688
2021-12-08,154.44022089252437,154.30448857598108,171.20655755881214,154.44022089252437,154.44022089252437,9.058108650210443,9.058108650210443,9.058108650210443,-1.317595377727462,-1.317595377727462,-1.317595377727462,10.375704027937905,10.375704027937905,10.375704027937905,0.0,0.0,0.0,163.4983295427348
2021-12-09,154.57858602122798,155.5378157712296,171.85201013878398,154.57858602122798,154.57858602122798,9.22047007068768,9.22047007068768,9.22047007068768,-1.414493771273841,-1.414493771273841,-1.414493771273841,10.63496384196152,10.63496384196152,10.63496384196152,0.0,0.0,0.0,163.79905609191565
2021-12-10,154.71695114993162,155.75987463296488,172.81503935949988,154.71695114993162,154.71695114993162,9.574914667422403,9.574914667422403,9.574914667422403,-1.2960651895536792,-1.2960651895536792,-1.2960651895536792,10.870979856976083,10.870979856976083,10.870979856976083,0.0,0.0,0.0,164.29186581735402
2021-12-13,155.13204653604245,157.38482450840914,173.81590027658294,155.13204653604245,155.13204653604245,10.25493324391387,10.25493324391387,10.25493324391387,-1.1671696041567485,-1.1671696041567485,-1.1671696041567485,11.422102848070619,11.422102848070619,11.422102848070619,0.0,0.0,0.0,165.38697977995633
2021-12-14,155.27041166474604,157.8606332596521,173.7677901134225,155.27041166474604,155.27041166474604,10.327974137674264,10.327974137674264,10.327974137674264,-1.2204611969703336,-1.2204611969703336,-1.2204611969703336,11.548435334644598,11.548435334644598,11.548435334644598,0.0,0.0,0.0,165.5983858024203
2021-12-15,155.40877679344968,156.89117504710376,174.0697807165327,155.40877679344968,155.40877679344968,10.32643520561508,10.32643520561508,10.32643520561508,-1.3175953777275724,-1.3175953777275724,-1.3175953777275724,11.644030583342653,11.644030583342653,11.644030583342653,0.0,0.0,0.0,165.73521199906475
2021-12-16,155.54714192215326,157.63476912055268,174.2624517893248,155.54714192215326,155.54714192215326,10.293516707261562,10.293516707261562,10.293516707261562,-1.4144937712733687,-1.4144937712733687,-1.4144937712733687,11.70801047853493,11.70801047853493,11.70801047853493,0.0,0.0,0.0,165.84065862941483
2021-12-17,155.6855070508569,157.70503769562845,174.5668115329878,155.6855070508569,155.6855070508569,10.443703655978792,10.443703655978792,10.443703655978792,-1.2960651895535935,-1.2960651895535935,-1.2960651895535935,11.739768845532387,11.739768845532387,11.739768845532387,0.0,0.0,0.0,166.1292107068357
2021-12-20,156.1006024369677,157.83020145065768,175.3572454021375,156.1006024369677,156.1006024369677,10.473023471475063,10.473023471475063,10.473023471475063,-1.1671696041629291,-1.1671696041629291,-1.1671696041629291,11.64019307563799,11.64019307563799,11.64019307563799,0.0,0.0,0.0,166.57362590844278
2021-12-21,156.23896756567132,158.33505536788385,175.1197650946703,156.23896756567132,156.23896756567132,10.322713524494622,10.322713524494622,10.322713524494622,-1.2204611969673944,-1.2204611969673944,-1.2204611969673944,11.543174721462016,11.543174721462016,11.543174721462016,0.0,0.0,0.0,166.56168109016593
2021-12-22,156.37733269437493,157.2235212258637,175.0282379616614,156.37733269437493,156.37733269437493,10.098063119504816,10.098063119504816,10.098063119504816,-1.3175953777276834,-1.3175953777276834,-1.3175953777276834,11.4156584972325,11.4156584972325,11.4156584972325,0.0,0.0,0.0,166.47539581387974
2021-12-23,156.51569782307857,158.58195519808365,174.7487690481291,156.51569782307857,156.51569782307857,9.844520533398821,9.844520533398821,9.844520533398821,-1.4144937712700019,-1.4144937712700019,-1.4144937712700019,11.259014304668824,11.259014304668824,11.259014304668824,0.0,0.0,0.0,166.3602183564774
2021-12-27,157.069158337893,158.07199936342576,174.08511454735864,157.069158337893,157.069158337893,9.213121869078797,9.213121869078797,9.213121869078797,-1.1671696041628676,-1.1671696041628676,-1.1671696041628676,10.380291473241666,10.380291473241666,10.380291473241666,0.0,0.0,0.0,166.2822802069718
2021-12-28,157.2075234665966,157.43705755606751,174.5163704774512,157.2075234665966,157.2075234665966,8.889602967877622,8.889602967877622,8.889602967877622,-1.2204611969705537,-1.2204611969705537,-1.2204611969705537,10.110064164848177,10.110064164848177,10.110064164848177,0.0,0.0,0.0,166.0971264344742
2021-12-29,157.3458885953002,157.18374897198117,174.08910288090402,157.3458885953002,157.3458885953002,8.507964203059664,8.507964203059664,8.507964203059664,-1.3175953777277938,-1.3175953777277938,-1.3175953777277938,9.82555958078746,9.82555958078746,9.82555958078746,0.0,0.0,0.0,165.85385279835987
2021-12-30,157.48425372400382,156.65283563055064,173.76788401041176,157.48425372400382,157.48425372400382,8.115637051967903,8.115637051967903,8.115637051967903,-1.4144937712695298,-1.4144937712695298,-1.4144937712695298,9.530130823237434,9.530130823237434,9.530130823237434,0.0,0.0,0.0,165.59989077597172
2021-12-31,157.62261885270746,157.94624468072664,174.76791520015072,157.62261885270746,157.62261885270746,7.931221638369992,7.931221638369992,7.931221638369992,-1.2960651895472655,-1.2960651895472655,-1.2960651895472655,9.227286827917258,9.227286827917258,9.227286827917258,0.0,0.0,0.0,165.55384049107747
2022-01-03,158.03771423881824,156.9062492782278,173.30692167102166,158.03771423881824,158.03771423881824,7.143553644616296,7.143553644616296,7.143553644616296,-1.1671696041529893,-1.1671696041529893,-1.1671696041529893,8.310723248769285,8.310723248769285,8.310723248769285,0.0,0.0,0.0,165.18126788343454
2022-01-04,158.17607936752188,156.77124031172465,173.39351128214096,158.17607936752188,158.17607936752188,6.794326575165619,6.794326575165619,6.794326575165619,-1.2204611969693655,-1.2204611969693655,-1.2204611969693655,8.014787772134985,8.014787772134985,8.014787772134985,0.0,0.0,0.0,164.9704059426875
2022-01-05,158.3144444962255,156.26016015772922,172.89772792281167,158.3144444962255,158.3144444962255,6.412054372954545,6.412054372954545,6.412054372954545,-1.31759537772787,-1.31759537772787,-1.31759537772787,7.729649750682415,7.729649750682415,7.729649750682415,0.0,0.0,0.0,164.72649886918003
2022-01-06,158.4528096249291,156.66143578548258,172.81940655825264,158.4528096249291,158.4528096249291,6.04423097482775,6.04423097482775,6.04423097482775,-1.4144937712707464,-1.4144937712707464,-1.4144937712707464,7.458724746098497,7.458724746098497,7.458724746098497,0.0,0.0,0.0,164.49704059975684
2022-01-07,158.59117475363269,156.30055139746958,172.72022848436166,158.59117475363269,158.59117475363269,5.909164818912146,5.909164818912146,5.909164818912146,-1.2960651895471798,-1.2960651895471798,-1.2960651895471798,7.205230008459325,7.205230008459325,7.205230008459325,0.0,0.0,0.0,164.50033957254482
2022-01-10,159.00627013974355,155.94191504125496,172.90973180478477,159.00627013974355,159.00627013974355,5.410307563296191,5.410307563296191,5.410307563296191,-1.1671696041529278,-1.1671696041529278,-1.1671696041529278,6.577477167449119,6.577477167449119,6.577477167449119,0.0,0.0,0.0,164.41657770303974
2022-01-11,159.14463526844716,155.85000546145676,172.64434964982652,159.14463526844716,159.14463526844716,5.199728004245598,5.199728004245598,5.199728004245598,-1.2204611969699288,-1.2204611969699288,-1.2204611969699288,6.420189201215527,6.420189201215527,6.420189201215527,0.0,0.0,0.0,164.34436327269276
2022-01-12,159.28300039715077,155.80547053939029,172.51467283222755,159.28300039715077,159.28300039715077,4.974170928279719,4.974170928279719,4.974170928279719,-1.317595377728015,-1.317595377728015,-1.317595377728015,6.291766306007734,6.291766306007734,6.291766306007734,0.0,0.0,0.0,164.25717132543048
2022-01-13,159.4213655258544,155.4826587608046,172.69877218156668,159.4213655258544,159.4213655258544,4.778785920845127,4.778785920845127,4.778785920845127,-1.414493771271963,-1.414493771271963,-1.414493771271963,6.193279692117089,6.193279692117089,6.193279692117089,0.0,0.0,0.0,164.20015144669955
2022-01-14,159.559730654558,156.35807014979196,172.94966662072218,159.559730654558,159.559730654558,4.829257406112298,4.829257406112298,4.829257406112298,-1.296065189554504,-1.296065189554504,-1.296065189554504,6.125322595666801,6.125322595666801,6.125322595666801,0.0,0.0,0.0,164.3889880606703
2022-01-18,160.11319116937244,156.70042817754108,172.98745554424892,160.11319116937244,160.11319116937244,4.932567502172987,4.932567502172987,4.932567502172987,-1.2204611969704922,-1.2204611969704922,-1.2204611969704922,6.15302869914348,6.15302869914348,6.15302869914348,0.0,0.0,0.0,165.04575867154543
2022-01-19,160.25155629807605,156.42181917076732,172.96802662012703,160.25155629807605,160.25155629807605,4.911319565080405,4.911319565080405,4.911319565080405,-1.3175953777275256,-1.3175953777275256,-1.3175953777275256,6.228914942807932,6.228914942807932,6.228914942807932,0.0,0.0,0.0,165.16287586315647
2022-01-20,160.38992142677964,156.67316477915955,173.48237915305074,160.38992142677964,160.38992142677964,4.913758691534838,4.913758691534838,4.913758691534838,-1.4144937712731798,-1.4144937712731798,-1.4144937712731798,6.328252462808018,6.328252462808018,6.328252462808018,0.0,0.0,0.0,165.30368011831447
2022-01-21,160.52828655548325,156.94742418144105,173.78770661234182,160.52828655548325,160.52828655548325,5.15207469726978,5.15207469726978,5.15207469726978,-1.2960651895544182,-1.2960651895544182,-1.2960651895544182,6.448139886824198,6.448139886824198,6.448139886824198,0.0,0.0,0.0,165.68036125275302
2022-01-24,160.94338194159408,158.41152689804133,174.66462737884999,160.94338194159408,160.94338194159408,5.728659775857996,5.728659775857996,5.728659775857996,-1.1671696041492294,-1.1671696041492294,-1.1671696041492294,6.895829380007226,6.895829380007226,6.895829380007226,0.0,0.0,0.0,166.6720417174521
2022-01-25,161.08174707029772,158.1549711145127,175.6072242509863,161.08174707029772,161.08174707029772,5.840394790677221,5.840394790677221,5.840394790677221,-1.220461196967553,-1.220461196967553,-1.220461196967553,7.060855987644774,7.060855987644774,7.060855987644774,0.0,0.0,0.0,166.92214186097493
2022-01-26,161.22011219900133,158.97164507919584,175.68146651138986,161.22011219900133,161.22011219900133,5.908696281806823,5.908696281806823,5.908696281806823,-1.317595377727636,-1.317595377727636,-1.317595377727636,7.226291659534458,7.226291659534458,7.226291659534458,0.0,0.0,0.0,167.12880848080815
2022-01-27,161.35847732770495,158.88265051679855,175.4461911848358,161.35847732770495,161.35847732770495,5.972840747989972,5.972840747989972,5.972840747989972,-1.4144937712727075,-1.4144937712727075,-1.4144937712727075,7.387334519262679,7.387334519262679,7.387334519262679,0.0,0.0,0.0,167.33131807569492
2022-01-28,161.49684245640853,159.59838270879754,175.73970490232298,161.49684245640853,161.49684245640853,6.2430014012741655,6.2430014012741655,6.2430014012741655,-1.2960651895512538,-1.2960651895512538,-1.2960651895512538,7.539066590825419,7.539066590825419,7.539066590825419,0.0,0.0,0.0,167.7398438576827
2022-01-31,161.91193714350112,160.28751827456156,176.52921697976473,161.91193714350112,161.91193714350112,6.721758988941688,6.721758988941688,6.721758988941688,-1.1671696041522897,-1.1671696041522897,-1.1671696041522897,7.888928593093977,7.888928593093977,7.888928593093977,0.0,0.0,0.0,168.63369613244282
2022-02-01,162.05030203919864,160.84352087908715,176.79203857407984,162.05030203919864,162.05030203919864,6.7338898236048506,6.7338898236048506,6.7338898236048506,-1.220461196968116,-1.220461196968116,-1.220461196968116,7.954351020572966,7.954351020572966,7.954351020572966,0.0,0.0,0.0,168.78419186280348
2022-02-02,162.18866693489613,160.70308682756308,177.56362329299063,162.18866693489613,162.18866693489613,6.668988491450159,6.668988491450159,6.668988491450159,-1.3175953777277118,-1.3175953777277118,-1.3175953777277118,7.986583869177871,7.986583869177871,7.986583869177871,0.0,0.0,0.0,168.8576554263463
2022-02-03,162.32703183059365,160.7041323442364,177.59963180300713,162.32703183059365,162.32703183059365,6.566998908103396,6.566998908103396,6.566998908103396,-1.4144937712756132,-1.4144937712756132,-1.4144937712756132,7.981492679379008,7.981492679379008,7.981492679379008,0.0,0.0,0.0,168.89403073869704
2022-02-04,162.46539672629117,160.73652088774273,177.4733044058683,162.46539672629117,162.46539672629117,6.639251866196291,6.639251866196291,6.639251866196291,-1.2960651895616562,-1.2960651895616562,-1.2960651895616562,7.935317055757947,7.935317055757947,7.935317055757947,0.0,0.0,0.0,169.10464859248748
2022-02-07,162.88049141338377,161.43777502126116,178.0072722088679,162.88049141338377,162.88049141338377,6.352389905013992,6.352389905013992,6.352389905013992,-1.1671696041522281,-1.1671696041522281,-1.1671696041522281,7.519559509166221,7.519559509166221,7.519559509166221,0.0,0.0,0.0,169.23288131839774
2022-02-08,163.0188563090813,160.05581737545887,177.5712609780781,163.0188563090813,163.0188563090813,6.060523646676682,6.060523646676682,6.060523646676682,-1.2204611969669281,-1.2204611969669281,-1.2204611969669281,7.28098484364361,7.28098484364361,7.28098484364361,0.0,0.0,0.0,169.07937995575796
2022-02-09,163.1572212047788,160.6039570915804,177.29005283246318,163.1572212047788,163.1572212047788,5.6725147981453405,5.6725147981453405,5.6725147981453405,-1.317595377727788,-1.317595377727788,-1.317595377727788,6.990110175873128,6.990110175873128,6.990110175873128,0.0,0.0,0.0,168.82973600292414
2022-02-10,163.29558610047633,160.3699303224372,176.86980275729968,163.29558610047633,163.29558610047633,5.232017518862032,5.232017518862032,5.232017518862032,-1.414493771270558,-1.414493771270558,-1.414493771270558,6.646511290132589,6.646511290132589,6.646511290132589,0.0,0.0,0.0,168.52760361933835
2022-02-11,163.43395099617385,159.9204489512249,177.1617807665916,163.43395099617385,163.43395099617385,4.954367475780011,4.954367475780011,4.954367475780011,-1.2960651895584925,-1.2960651895584925,-1.2960651895584925,6.250432665338504,6.250432665338504,6.250432665338504,0.0,0.0,0.0,168.38831847195385
2022-02-14,163.84904568326638,158.76319640201888,176.21915866921304,163.84904568326638,163.84904568326638,3.592721932396004,3.592721932396004,3.592721932396004,-1.167169604155288,-1.167169604155288,-1.167169604155288,4.759891536551292,4.759891536551292,4.759891536551292,0.0,0.0,0.0,167.4417676156624
2022-02-15,163.98741057896393,158.68837207755357,175.57062892955196,163.98741057896393,163.98741057896393,2.949319487677331,2.949319487677331,2.949319487677331,-1.2204611969700876,-1.2204611969700876,-1.2204611969700876,4.169780684647419,4.169780684647419,4.169780684647419,0.0,0.0,0.0,166.93673006664127
2022-02-16,164.12577547466145,158.1406897730394,174.43083021521247,164.12577547466145,164.12577547466145,2.2207724346067286,2.2207724346067286,2.2207724346067286,-1.317595377727933,-1.317595377727933,-1.317595377727933,3.538367812334662,3.538367812334662,3.538367812334662,0.0,0.0,0.0,166.34654790926817
2022-02-17,164.26414037035897,157.22502077580683,173.96859041707344,164.26414037035897,164.26414037035897,1.455227976518762,1.455227976518762,1.455227976518762,-1.414493771273463,-1.414493771273463,-1.414493771273463,2.869721747792225,2.869721747792225,2.869721747792225,0.0,0.0,0.0,165.71936834687773
2022-02-18,164.4025052660565,156.8236454507629,174.0406352883864,164.4025052660565,164.4025052660565,0.8723584772215847,0.8723584772215847,0.8723584772215847,-1.2960651895584065,-1.2960651895584065,-1.2960651895584065,2.168423666779991,2.168423666779991,2.168423666779991,0.0,0.0,0.0,165.27486374327808
2022-02-22,164.95596484884655,154.79514031255349,170.92159492069067,164.95596484884655,164.95596484884655,-2.0777859208577283,-2.0777859208577283,-2.0777859208577283,-1.2204611969688992,-1.2204611969688992,-1.2204611969688992,-0.8573247238888286,-0.8573247238888286,-0.8573247238888286,0.0,0.0,0.0,162.8781789279888
2022-02-23,165.09432974454407,153.91289358484138,170.38350078267004,165.09432974454407,165.09432974454407,-2.957460468768863,-2.957460468768863,-2.957460468768863,-1.3175953777280087,-1.3175953777280087,-1.3175953777280087,-1.6398650910408548,-1.6398650910408548,-1.6398650910408548,0.0,0.0,0.0,162.1368692757752
2022-02-24,165.23269464024162,152.92112508266777,169.3084816363836,165.23269464024162,165.23269464024162,-3.8351675257178677,-3.8351675257178677,-3.8351675257178677,-1.4144937712729908,-1.4144937712729908,-1.4144937712729908,-2.4206737544448766,-2.4206737544448766,-2.4206737544448766,0.0,0.0,0.0,161.39752711452374
2022-02-25,165.37105953593914,152.38255402178513,168.94892981042645,165.37105953593914,165.37105953593914,-4.48969318785668,-4.48969318785668,-4.48969318785668,-1.2960651895552426,-1.2960651895552426,-1.2960651895552426,-3.193627998301437,-3.193627998301437,-3.193627998301437,0.0,0.0,0.0,160.88136634808245
2022-02-28,165.78615422303173,151.24692402093282,167.5253253428914,165.78615422303173,165.78615422303173,-6.573642037714188,-6.573642037714188,-6.573642037714188,-1.1671696041614077,-1.1671696041614077,-1.1671696041614077,-5.406472433552779,-5.406472433552779,-5.406472433552779,0.0,0.0,0.0,159.21251218531754
2022-03-01,165.92451911872925,150.31021096663906,166.94152172070054,165.92451911872925,165.92451911872925,-7.31095039095646,-7.31095039095646,-7.31095039095646,-1.2204611969694628,-1.2204611969694628,-1.2204611969694628,-6.090489193986998,-6.090489193986998,-6.090489193986998,0.0,0.0,0.0,158.6135687277728
2022-03-02,166.06288401442674,149.63333213403763,166.8433176149432,166.06288401442674,166.06288401442674,-8.05713505588929,-8.05713505588929,-8.05713505588929,-1.3175953777281193,-1.3175953777281193,-1.3175953777281193,-6.739539678161171,-6.739539678161171,-6.739539678161171,0.0,0.0,0.0,158.00574895853745
2022-03-03,166.20124891012426,148.8598419632403,165.98438879326142,166.20124891012426,166.20124891012426,-8.76394267835368,-8.76394267835368,-8.76394267835368,-1.4144937712696244,-1.4144937712696244,-1.4144937712696244,-7.349448907084053,-7.349448907084053,-7.349448907084053,0.0,0.0,0.0,157.43730623177058
2022-03-04,166.3396138058218,149.02817993985477,165.79983335973648,166.3396138058218,166.3396138058218,-9.212674659303453,-9.212674659303453,-9.212674659303453,-1.2960651895551565,-1.2960651895551565,-1.2960651895551565,-7.916609469748295,-7.916609469748295,-7.916609469748295,0.0,0.0,0.0,157.12693914651837
2022-03-07,166.75470849291435,148.21192932165428,164.75869337019057,166.75470849291435,166.75470849291435,-10.50213151730931,-10.50213151730931,-10.50213151730931,-1.1671696041613464,-1.1671696041613464,-1.1671696041613464,-9.334961913147962,-9.334961913147962,-9.334961913147962,0.0,0.0,0.0,156.25257697560502
2022-03-08,166.89307338861187,147.9424705068218,164.24100450566246,166.89307338861187,166.89307338861187,-10.928303399365818,-10.928303399365818,-10.928303399365818,-1.2204611969682742,-1.2204611969682742,-1.2204611969682742,-9.707842202397545,-9.707842202397545,-9.707842202397545,0.0,0.0,0.0,155.96476998924604
2022-03-09,167.03143828430942,147.71239377041923,163.69049667197964,167.03143828430942,167.03143828430942,-11.347327061892187,-11.347327061892187,-11.347327061892187,-1.3175953777276646,-1.3175953777276646,-1.3175953777276646,-10.029731684164522,-10.029731684164522,-10.029731684164522,0.0,0.0,0.0,155.68411122241724
2022-03-10,167.16980318000694,147.38085111803804,163.6429316442487,167.16980318000694,167.16980318000694,-11.715531874209184,-11.715531874209184,-11.715531874209184,-1.4144937712708412,-1.4144937712708412,-1.4144937712708412,-10.301038102938342,-10.301038102938342,-10.301038102938342,0.0,0.0,0.0,155.45427130579776
2022-03-11,167.30816807570446,147.5091482274938,163.5255299918106,167.30816807570446,167.30816807570446,-11.818897175393223,-11.818897175393223,-11.818897175393223,-1.2960651895489148,-1.2960651895489148,-1.2960651895489148,-10.522831985844308,-10.522831985844308,-10.522831985844308,0.0,0.0,0.0,155.48927090031123
2022-03-14,167.723262762797,147.22419542701243,165.50721255252316,167.723262762797,167.723262762797,-12.078194877168272,-12.078194877168272,-12.078194877168272,-1.1671696041514672,-1.1671696041514672,-1.1671696041514672,-10.911025273016806,-10.911025273016806,-10.911025273016806,0.0,0.0,0.0,155.64506788562872
2022-03-15,167.8616276584945,147.6677241833376,163.85332923204928,167.8616276584945,167.8616276584945,-12.17783070862111,-12.17783070862111,-12.17783070862111,-1.2204611969688381,-1.2204611969688381,-1.2204611969688381,-10.957369511652272,-10.957369511652272,-10.957369511652272,0.0,0.0,0.0,155.6837969498734
2022-03-16,167.99999255419203,147.9020188346916,164.14477062623246,167.99999255419203,167.99999255419203,-12.285596561811744,-12.285596561811744,-12.285596561811744,-1.3175953777277751,-1.3175953777277751,-1.3175953777277751,-10.968001184083969,-10.968001184083969,-10.968001184083969,0.0,0.0,0.0,155.71439599238028
2022-03-17,168.13835744988958,147.8025696593287,163.7551466220243,168.13835744988958,168.13835744988958,-12.361440215889,-12.361440215889,-12.361440215889,-1.414493771272058,-1.414493771272058,-1.414493771272058,-10.946946444616943,-10.946946444616943,-10.946946444616943,0.0,0.0,0.0,155.7769172340006
2022-03-18,168.2767223455871,147.4937897910685,164.42079218010505,168.2767223455871,168.2767223455871,-12.19454662051055,-12.19454662051055,-12.19454662051055,-1.2960651895488289,-1.2960651895488289,-1.2960651895488289,-10.89848143096172,-10.89848143096172,-10.89848143096172,0.0,0.0,0.0,156.08217572507655
2022-03-21,168.69181703267967,149.00575548874946,165.38360620430367,168.69181703267967,168.69181703267967,-11.800584132055166,-11.800584132055166,-11.800584132055166,-1.1671696041545276,-1.1671696041545276,-1.1671696041545276,-10.633414527900639,-10.633414527900639,-10.633414527900639,0.0,0.0,0.0,156.8912329006245
2022-03-22,168.8301819283772,149.5090047954465,165.82927036717592,168.8301819283772,168.8301819283772,-11.740660810165238,-11.740660810165238,-11.740660810165238,-1.2204611969658992,-1.2204611969658992,-1.2204611969658992,-10.52019961319934,-10.52019961319934,-10.52019961319934,0.0,0.0,0.0,157.08952111821196
2022-03-23,168.9685468240747,148.76924389653098,165.38449553367667,168.9685468240747,168.9685468240747,-11.719438882806568,-11.719438882806568,-11.719438882806568,-1.3175953777278855,-1.3175953777278855,-1.3175953777278855,-10.401843505078682,-10.401843505078682,-10.401843505078682,0.0,0.0,0.0,157.24910794126814
2022-03-24,169.10691171977223,149.43575130052702,166.4368525348406,169.10691171977223,169.10691171977223,-11.696921288096707,-11.696921288096707,-11.696921288096707,-1.4144937712715855,-1.4144937712715855,-1.4144937712715855,-10.282427516825122,-10.282427516825122,-10.282427516825122,0.0,0.0,0.0,157.4099904316755
2022-03-25,169.24527661546972,149.5855863177392,165.71217128057538,169.24527661546972,169.24527661546972,-11.461811072631125,-11.461811072631125,-11.461811072631125,-1.2960651895592312,-1.2960651895592312,-1.2960651895592312,-10.165745883071896,-10.165745883071896,-10.165745883071896,0.0,0.0,0.0,157.7834655428386
2022-03-28,169.66037130256225,150.96807873172963,167.12710866365734,169.66037130256225,169.66037130256225,-11.031798747382197,-11.031798747382197,-11.031798747382197,-1.1671696041575872,-1.1671696041575872,-1.1671696041575872,-9.86462914322461,-9.86462914322461,-9.86462914322461,0.0,0.0,0.0,158.62857255518006
2022-03-29,169.50037819009768,149.73855491921466,166.25939097257418,169.50037819009768,169.50037819009768,-11.00977709074816,-11.00977709074816,-11.00977709074816,-1.220461196966462,-1.220461196966462,-1.220461196966462,-9.7893158937817,-9.7893158937817,-9.7893158937817,0.0,0.0,0.0,158.4906010993495
2022-03-30,169.3403850776331,150.32623060533396,166.65917079803506,169.3403850776331,169.3403850776331,-11.047361896942261,-11.047361896942261,-11.047361896942261,-1.317595377727431,-1.317595377727431,-1.317595377727431,-9.72976651921483,-9.72976651921483,-9.72976651921483,0.0,0.0,0.0,158.29302318069085
2022-03-31,169.1803919651685,149.53051353224333,166.36201035433552,169.1803919651685,169.1803919651685,-11.101703730626989,-11.101703730626989,-11.101703730626989,-1.4144937712711134,-1.4144937712711134,-1.4144937712711134,-9.687209959355876,-9.687209959355876,-9.687209959355876,0.0,0.0,0.0,158.07868823454152
2022-04-01,169.02039885270392,149.41797884620104,166.19559874808277,169.02039885270392,169.02039885270392,-10.958467305966252,-10.958467305966252,-10.958467305966252,-1.296065189556067,-1.296065189556067,-1.296065189556067,-9.662402116410185,-9.662402116410185,-9.662402116410185,0.0,0.0,0.0,158.06193154673767
2022-04-04,168.54041951531013,149.4868663914533,166.03485789412733,168.54041951531013,168.54041951531013,-10.86247550504438,-10.86247550504438,-10.86247550504438,-1.167169604157526,-1.167169604157526,-1.167169604157526,-9.695305900886854,-9.695305900886854,-9.695305900886854,0.0,0.0,0.0,157.67794401026575
2022-04-05,168.38042640284556,148.48326426169984,165.12659526205147,168.38042640284556,168.38042640284556,-10.960754937601786,-10.960754937601786,-10.960754937601786,-1.2204611969696215,-1.2204611969696215,-1.2204611969696215,-9.740293740632165,-9.740293740632165,-9.740293740632165,0.0,0.0,0.0,157.41967146524377
2022-04-06,168.220433290381,148.29703783626883,164.99589541191855,168.220433290381,168.220433290381,-11.118131161991672,-11.118131161991672,-11.118131161991672,-1.317595377727507,-1.317595377727507,-1.317595377727507,-9.800535784264165,-9.800535784264165,-9.800535784264165,0.0,0.0,0.0,157.10230212838934
2022-04-07,168.06044017791638,147.8270382199474,165.17096511069968,168.06044017791638,168.06044017791638,-11.289046350699019,-11.289046350699019,-11.289046350699019,-1.41449377127233,-1.41449377127233,-1.41449377127233,-9.87455257942669,-9.87455257942669,-9.87455257942669,0.0,0.0,0.0,156.77139382721737
2022-04-08,167.9004470654518,147.98909554953394,165.40863026686526,167.9004470654518,167.9004470654518,-11.256721167972447,-11.256721167972447,-11.256721167972447,-1.2960651895529032,-1.2960651895529032,-1.2960651895529032,-9.960655978419545,-9.960655978419545,-9.960655978419545,0.0,0.0,0.0,156.64372589747936
2022-04-11,167.42046772805801,147.83940407286767,164.610064524324,167.42046772805801,167.42046772805801,-11.439846041901987,-11.439846041901987,-11.439846041901987,-1.1671696041574644,-1.1671696041574644,-1.1671696041574644,-10.272676437744522,-10.272676437744522,-10.272676437744522,0.0,0.0,0.0,155.98062168615604
2022-04-12,167.26047461559347,147.2356320474871,163.83016466249595,167.26047461559347,167.26047461559347,-11.6085339042016,-11.6085339042016,-11.6085339042016,-1.220461196968433,-1.220461196968433,-1.220461196968433,-10.388072707233167,-10.388072707233167,-10.388072707233167,0.0,0.0,0.0,155.65194071139186
2022-04-13,167.1004815031289,146.54203002225614,164.06392638397756,167.1004815031289,167.1004815031289,-11.823569395712365,-11.823569395712365,-11.823569395712365,-1.3175953777276517,-1.3175953777276517,-1.3175953777276517,-10.505974017984713,-10.505974017984713,-10.505974017984713,0.0,0.0,0.0,155.27691210741654
2022-04-14,166.94048839066426,146.73911751943066,163.11322829632152,166.94048839066426,166.94048839066426,-12.03910367449535,-12.03910367449535,-12.03910367449535,-1.4144937712735466,-1.4144937712735466,-1.4144937712735466,-10.624609903221803,-10.624609903221803,-10.624609903221803,0.0,0.0,0.0,154.9013847161689
2022-04-18,166.30051594080592,145.3719247461194,162.22860376051239,166.30051594080592,166.30051594080592,-12.244304551922344,-12.244304551922344,-12.244304551922344,-1.1671696041605244,-1.1671696041605244,-1.1671696041605244,-11.07713494776182,-11.07713494776182,-11.07713494776182,0.0,0.0,0.0,154.05621138888358
2022-04-19,166.14052282834135,145.85149692507906,162.41475791762247,166.14052282834135,166.14052282834135,-12.39975109539591,-12.39975109539591,-12.39975109539591,-1.2204611969672452,-1.2204611969672452,-1.2204611969672452,-11.179289898428665,-11.179289898428665,-11.179289898428665,0.0,0.0,0.0,153.74077173294543
2022-04-20,165.98052971587677,145.08326011336865,161.41681758232983,165.98052971587677,165.98052971587677,-12.593285678491531,-12.593285678491531,-12.593285678491531,-1.3175953777277278,-1.3175953777277278,-1.3175953777277278,-11.275690300763804,-11.275690300763804,-11.275690300763804,0.0,0.0,0.0,153.38724403738524
2022-04-21,165.82053660341217,144.81805004456274,162.12268977941747,165.82053660341217,165.82053660341217,-12.780564886574636,-12.780564886574636,-12.780564886574636,-1.41449377127018,-1.41449377127018,-1.41449377127018,-11.366071115304456,-11.366071115304456,-11.366071115304456,0.0,0.0,0.0,153.03997171683753
2022-04-22,165.66054349094756,144.3905297590451,160.99446758283744,165.66054349094756,165.66054349094756,-12.746454808288755,-12.746454808288755,-12.746454808288755,-1.2960651895601414,-1.2960651895601414,-1.2960651895601414,-11.450389618728611,-11.450389618728611,-11.450389618728611,0.0,0.0,0.0,152.91408868265881
2022-04-25,165.1805641535538,144.42407626532588,160.68089179660683,165.1805641535538,165.1805641535538,-12.83657680160973,-12.83657680160973,-12.83657680160973,-1.1671696041635842,-1.1671696041635842,-1.1671696041635842,-11.669407197446148,-11.669407197446148,-11.669407197446148,0.0,0.0,0.0,152.34398735194407
2022-04-26,165.02057104108923,143.0692534904617,160.44617105283467,165.02057104108923,165.02057104108923,-12.95312083115882,-12.95312083115882,-12.95312083115882,-1.2204611969704047,-1.2204611969704047,-1.2204611969704047,-11.732659634188416,-11.732659634188416,-11.732659634188416,0.0,0.0,0.0,152.0674502099304
2022-04-27,164.86057792862462,143.36156275218465,159.4569601999759,164.86057792862462,164.86057792862462,-13.109661929365087,-13.109661929365087,-13.109661929365087,-1.3175953777278386,-1.3175953777278386,-1.3175953777278386,-11.79206655163725,-11.79206655163725,-11.79206655163725,0.0,0.0,0.0,151.75091599925955
2022-04-28,164.70058481616005,143.37717982959873,159.88286885948503,164.70058481616005,164.70058481616005,-13.26281141922748,-13.26281141922748,-13.26281141922748,-1.4144937712697077,-1.4144937712697077,-1.4144937712697077,-11.84831764795777,-11.84831764795777,-11.84831764795777,0.0,0.0,0.0,151.43777339693256
2022-04-29,164.54059170369544,143.18230522773317,159.97544399258734,164.54059170369544,164.54059170369544,-13.198160375464019,-13.198160375464019,-13.198160375464019,-1.2960651895600557,-1.2960651895600557,-1.2960651895600557,-11.902095185903963,-11.902095185903963,-11.902095185903963,0.0,0.0,0.0,151.3424313282314
2022-05-02,164.06061236630168,142.62798289207961,158.6749447614357,164.06061236630168,164.06061236630168,-13.221688388714194,-13.221688388714194,-13.221688388714194,-1.1671696041537052,-1.1671696041537052,-1.1671696041537052,-12.054518784560488,-12.054518784560488,-12.054518784560488,0.0,0.0,0.0,150.83892397758748
2022-05-03,163.9006192538371,142.30594842707848,158.65031529242037,163.9006192538371,163.9006192538371,-13.324268016900007,-13.324268016900007,-13.324268016900007,-1.2204611969692163,-1.2204611969692163,-1.2204611969692163,-12.10380681993079,-12.10380681993079,-12.10380681993079,0.0,0.0,0.0,150.5763512369371
2022-05-04,163.7406261413725,141.9695925499264,158.34439809677434,163.7406261413725,163.7406261413725,-13.470296561462089,-13.470296561462089,-13.470296561462089,-1.3175953777279141,-1.3175953777279141,-1.3175953777279141,-12.152701183734175,-12.152701183734175,-12.152701183734175,0.0,0.0,0.0,150.27032957991042
2022-05-05,163.58063302890793,141.79374098008157,158.27499299253503,163.58063302890793,163.58063302890793,-13.615658626435165,-13.615658626435165,-13.615658626435165,-1.4144937712726133,-1.4144937712726133,-1.4144937712726133,-12.201164855162551,-12.201164855162551,-12.201164855162551,0.0,0.0,0.0,149.96497440247276
2022-05-06,163.42063991644335,141.4640606166748,157.96949307393527,163.42063991644335,163.42063991644335,-13.545038850247103,-13.545038850247103,-13.545038850247103,-1.2960651895538138,-1.2960651895538138,-1.2960651895538138,-12.24897366069329,-12.24897366069329,-12.24897366069329,0.0,0.0,0.0,149.87560106619625
2022-05-09,162.94066057904956,141.4108649910461,157.15785872419391,162.94066057904956,162.94066057904956,-13.55058929916575,-13.55058929916575,-13.55058929916575,-1.167169604156765,-1.167169604156765,-1.167169604156765,-12.383419695008985,-12.383419695008985,-12.383419695008985,0.0,0.0,0.0,149.3900712798838
2022-05-10,162.780667466585,141.1949241311043,157.68067732105064,162.780667466585,162.780667466585,-13.643145101967772,-13.643145101967772,-13.643145101967772,-1.2204611969697796,-1.2204611969697796,-1.2204611969697796,-12.422683904997992,-12.422683904997992,-12.422683904997992,0.0,0.0,0.0,149.1375223646172
2022-05-11,162.62067435412038,140.08167162064404,157.55535839299478,162.62067435412038,162.62067435412038,-13.775113061205685,-13.775113061205685,-13.775113061205685,-1.3175953777280245,-1.3175953777280245,-1.3175953777280245,-12.45751768347766,-12.45751768347766,-12.45751768347766,0.0,0.0,0.0,148.8455612929147
2022-05-12,162.4606812416558,140.34048610937933,156.98966077805773,162.4606812416558,162.4606812416558,-13.90124856330063,-13.90124856330063,-13.90124856330063,-1.4144937712721413,-1.4144937712721413,-1.4144937712721413,-12.48675479202849,-12.48675479202849,-12.48675479202849,0.0,0.0,0.0,148.55943267835517
2022-05-13,162.30068812919123,139.48460842977113,156.46660403804313,162.30068812919123,162.30068812919123,-13.805222062556288,-13.805222062556288,-13.805222062556288,-1.2960651895537278,-1.2960651895537278,-1.2960651895537278,-12.50915687300256,-12.50915687300256,-12.50915687300256,0.0,0.0,0.0,148.49546606663495
2022-05-16,161.82070879179747,139.70978683576385,156.02843052545197,161.82070879179747,161.82070879179747,-13.689813261081676,-13.689813261081676,-13.689813261081676,-1.167169604159825,-1.167169604159825,-1.167169604159825,-12.52264365692185,-12.52264365692185,-12.52264365692185,0.0,0.0,0.0,148.1308955307158
2022-05-17,161.66071567933287,140.01931962318372,155.94543327528388,161.66071567933287,161.66071567933287,-13.72561181403267,-13.72561181403267,-13.72561181403267,-1.2204611969668404,-1.2204611969668404,-1.2204611969668404,-12.50515061706583,-12.50515061706583,-12.50515061706583,0.0,0.0,0.0,147.9351038653002
2022-05-18,161.50072256686826,138.7813956678184,155.94518528693095,161.50072256686826,161.50072256686826,-13.792424132859193,-13.792424132859193,-13.792424132859193,-1.31759537772757,-1.31759537772757,-1.31759537772757,-12.474828755131623,-12.474828755131623,-12.474828755131623,0.0,0.0,0.0,147.70829843400907
2022-05-19,161.3407294544037,139.46886709406047,155.96982747153143,161.3407294544037,161.3407294544037,-13.845267118683227,-13.845267118683227,-13.845267118683227,-1.4144937712733574,-1.4144937712733574,-1.4144937712733574,-12.430773347409867,-12.430773347409867,-12.430773347409867,0.0,0.0,0.0,147.49546233572045
2022-05-20,161.1807363419391,139.21444924272865,156.09900183767542,161.1807363419391,161.1807363419391,-13.668317005258166,-13.668317005258166,-13.668317005258166,-1.2960651895536417,-1.2960651895536417,-1.2960651895536417,-12.372251815704525,-12.372251815704525,-12.372251815704525,0.0,0.0,0.0,147.51241933668095
2022-05-23,160.70075700454535,139.18472232871957,155.5191948187628,160.70075700454535,160.70075700454535,-13.27276120835409,-13.27276120835409,-13.27276120835409,-1.167169604146825,-1.167169604146825,-1.167169604146825,-12.105591604207266,-12.105591604207266,-12.105591604207266,0.0,0.0,0.0,147.42799579619125
2022-05-24,160.54076389208075,139.47747291526917,155.54324794426913,160.54076389208075,160.54076389208075,-13.206466344562227,-13.206466344562227,-13.206466344562227,-1.2204611969674037,-1.2204611969674037,-1.2204611969674037,-11.986005147594822,-11.986005147594822,-11.986005147594822,0.0,0.0,0.0,147.33429754751853
2022-05-25,160.38418950198155,138.65501677603115,155.9589281802943,160.38418950198155,160.38418950198155,-13.16905856225471,-13.16905856225471,-13.16905856225471,-1.3175953777276805,-1.3175953777276805,-1.3175953777276805,-11.851463184527027,-11.851463184527027,-11.851463184527027,0.0,0.0,0.0,147.21513093972683
2022-05-26,160.22761511188244,139.037226566916,155.20694875806015,160.22761511188244,160.22761511188244,-13.117020277720556,-13.117020277720556,-13.117020277720556,-1.414493771269991,-1.414493771269991,-1.414493771269991,-11.702526506450566,-11.702526506450566,-11.702526506450566,0.0,0.0,0.0,147.11059483416187
2022-05-27,160.07104072178328,139.0073420222546,156.02798121157997,160.07104072178328,160.07104072178328,-12.836015350064075,-12.836015350064075,-12.836015350064075,-1.296065189550478,-1.296065189550478,-1.296065189550478,-11.539950160513598,-11.539950160513598,-11.539950160513598,0.0,0.0,0.0,147.2350253717192
2022-05-31,159.44474316138667,139.34958748913556,155.83357231993958,159.44474316138667,159.44474316138667,-11.9940760084208,-11.9940760084208,-11.9940760084208,-1.2204611969679668,-1.2204611969679668,-1.2204611969679668,-10.773614811452832,-10.773614811452832,-10.773614811452832,0.0,0.0,0.0,147.45066715296588
2022-06-01,159.2881687712875,138.55218516825423,155.6595336791951,159.2881687712875,159.2881687712875,-11.87653661123806,-11.87653661123806,-11.87653661123806,-1.3175953777277565,-1.3175953777277565,-1.3175953777277565,-10.558941233510305,-10.558941233510305,-10.558941233510305,0.0,0.0,0.0,147.41163216004944
2022-06-02,159.13159438118836,139.2523713716106,155.4119542290786,159.13159438118836,159.13159438118836,-11.751996781956825,-11.751996781956825,-11.751996781956825,-1.4144937712712078,-1.4144937712712078,-1.4144937712712078,-10.337503010685618,-10.337503010685618,-10.337503010685618,0.0,0.0,0.0,147.37959759923154
2022-06-03,158.9750199910892,138.85768497172953,155.77220301621446,158.9750199910892,158.9750199910892,-11.406532287510299,-11.406532287510299,-11.406532287510299,-1.296065189563958,-1.296065189563958,-1.296065189563958,-10.11046709794634,-10.11046709794634,-10.11046709794634,0.0,0.0,0.0,147.5684877035789
2022-06-06,158.50529682079173,139.39185262224856,156.13131184503246,158.50529682079173,158.50529682079173,-10.57275956960702,-10.57275956960702,-10.57275956960702,-1.1671696041529445,-1.1671696041529445,-1.1671696041529445,-9.405589965454077,-9.405589965454077,-9.405589965454077,0.0,0.0,0.0,147.9325372511847
2022-06-07,158.34872243069256,139.816974691586,156.35749954166704,158.34872243069256,158.34872243069256,-10.385566213856096,-10.385566213856096,-10.385566213856096,-1.220461196966779,-1.220461196966779,-1.220461196966779,-9.165105016889319,-9.165105016889319,-9.165105016889319,0.0,0.0,0.0,147.96315621683647
2022-06-08,158.19214804059342,139.64466489734585,156.40627061500223,158.19214804059342,158.19214804059342,-10.24010904559409,-10.24010904559409,-10.24010904559409,-1.3175953777279015,-1.3175953777279015,-1.3175953777279015,-8.92251366786619,-8.92251366786619,-8.92251366786619,0.0,0.0,0.0,147.95203899499933
2022-06-09,158.03557365049429,139.2253023528528,156.51242722513885,158.03557365049429,158.03557365049429,-10.09233420540047,-10.09233420540047,-10.09233420540047,-1.4144937712724244,-1.4144937712724244,-1.4144937712724244,-8.677840434128047,-8.677840434128047,-8.677840434128047,0.0,0.0,0.0,147.9432394450938
2022-06-10,157.8789992603951,140.35871937643165,156.32983588107345,157.8789992603951,157.8789992603951,-9.726913846951897,-9.726913846951897,-9.726913846951897,-1.296065189557716,-1.296065189557716,-1.296065189557716,-8.430848657394181,-8.430848657394181,-8.430848657394181,0.0,0.0,0.0,148.1520854134432
2022-06-13,157.40927609009762,140.6529033949188,156.83051926087555,157.40927609009762,157.40927609009762,-8.836929174404037,-8.836929174404037,-8.836929174404037,-1.1671696041560042,-1.1671696041560042,-1.1671696041560042,-7.669759570248034,-7.669759570248034,-7.669759570248034,0.0,0.0,0.0,148.57234691569357
2022-06-14,157.2527016999985,140.59912305399664,156.46089914833678,157.2527016999985,157.2527016999985,-8.626585412180003,-8.626585412180003,-8.626585412180003,-1.2204611969716896,-1.2204611969716896,-1.2204611969716896,-7.4061242152083135,-7.4061242152083135,-7.4061242152083135,0.0,0.0,0.0,148.62611628781852
2022-06-15,157.09612730989934,140.51183067107826,157.19401160889475,157.09612730989934,157.09612730989934,-8.453011074143609,-8.453011074143609,-8.453011074143609,-1.3175953777279776,-1.3175953777279776,-1.3175953777279776,-7.135415696415631,-7.135415696415631,-7.135415696415631,0.0,0.0,0.0,148.64311623575574
2022-06-16,156.9395529198002,140.33813809372063,157.05768138176316,156.9395529198002,156.9395529198002,-8.270654681574948,-8.270654681574948,-8.270654681574948,-1.4144937712736412,-1.4144937712736412,-1.4144937712736412,-6.856160910301307,-6.856160910301307,-6.856160910301307,0.0,0.0,0.0,148.66889823822527
2022-06-17,156.78297852970104,140.0575156910171,157.66268895838402,156.78297852970104,156.78297852970104,-7.862878469377667,-7.862878469377667,-7.862878469377667,-1.2960651895576303,-1.2960651895576303,-1.2960651895576303,-6.566813279820036,-6.566813279820036,-6.566813279820036,0.0,0.0,0.0,148.92010006032336
2022-06-21,156.15668096930443,141.08038410443436,158.42835950518864,156.15668096930443,156.15668096930443,-6.498645174626292,-6.498645174626292,-6.498645174626292,-1.2204611969687504,-1.2204611969687504,-1.2204611969687504,-5.278183977657541,-5.278183977657541,-5.278183977657541,0.0,0.0,0.0,149.65803579467814
2022-06-22,156.00010657920527,141.98679311798423,157.78526883413886,156.00010657920527,156.00010657920527,-6.234237363853747,-6.234237363853747,-6.234237363853747,-1.3175953777275569,-1.3175953777275569,-1.3175953777275569,-4.916641986126191,-4.916641986126191,-4.916641986126191,0.0,0.0,0.0,149.76586921535153
2022-06-23,155.8435321891061,142.07047911947694,157.96432929281997,155.8435321891061,155.8435321891061,-5.951948912960891,-5.951948912960891,-5.951948912960891,-1.4144937712731689,-1.4144937712731689,-1.4144937712731689,-4.5374551416877225,-4.5374551416877225,-4.5374551416877225,0.0,0.0,0.0,149.8915832761452
2022-06-24,155.68695779900696,142.07022262671018,158.9526012933888,155.68695779900696,155.68695779900696,-5.436270404735841,-5.436270404735841,-5.436270404735841,-1.2960651895544664,-1.2960651895544664,-1.2960651895544664,-4.140205215181374,-4.140205215181374,-4.140205215181374,0.0,0.0,0.0,150.25068739427113
2022-06-27,155.2172346287095,142.83078054804827,159.5994524039853,155.2172346287095,155.2172346287095,-4.008962413490493,-4.008962413490493,-4.008962413490493,-1.167169604162124,-1.167169604162124,-1.167169604162124,-2.841792809328369,-2.841792809328369,-2.841792809328369,0.0,0.0,0.0,151.208272215219
2022-06-28,155.06066023861035,142.94527050848535,159.1706912558036,155.06066023861035,155.06066023861035,-3.5966479324542937,-3.5966479324542937,-3.5966479324542937,-1.2204611969693138,-1.2204611969693138,-1.2204611969693138,-2.3761867354849806,-2.3761867354849806,-2.3761867354849806,0.0,0.0,0.0,151.46401230615606
2022-06-29,154.9040858485112,143.0945670515826,160.31056064666276,154.9040858485112,154.9040858485112,-3.214299078788685,-3.214299078788685,-3.214299078788685,-1.3175953777276332,-1.3175953777276332,-1.3175953777276332,-1.896703701061052,-1.896703701061052,-1.896703701061052,0.0,0.0,0.0,151.6897867697225
2022-06-30,154.74751145841202,143.73895859008448,159.90070107272643,154.74751145841202,154.74751145841202,-2.8200423414623232,-2.8200423414623232,-2.8200423414623232,-1.414493771269802,-1.414493771269802,-1.414493771269802,-1.405548570192521,-1.405548570192521,-1.405548570192521,0.0,0.0,0.0,151.9274691169497
2022-07-01,154.59093706831288,143.86898209746943,160.25821601801178,154.59093706831288,154.59093706831288,-2.201429642476422,-2.201429642476422,-2.201429642476422,-1.2960651895513022,-1.2960651895513022,-1.2960651895513022,-0.9053644529251198,-0.9053644529251198,-0.9053644529251198,0.0,0.0,0.0,152.38950742583646
2022-07-05,153.96463950791625,145.54437810287308,162.2644000433111,153.96463950791625,153.96463950791625,-0.10083908174982262,-0.10083908174982262,-0.10083908174982262,-1.2204611969681254,-1.2204611969681254,-1.2204611969681254,1.1196221152183028,1.1196221152183028,1.1196221152183028,0.0,0.0,0.0,153.86380042616642
2022-07-06,153.8080651178171,145.84159176434287,162.58350933515328,153.8080651178171,153.8080651178171,0.29531409672586806,0.29531409672586806,0.29531409672586806,-1.317595377727709,-1.317595377727709,-1.317595377727709,1.6129094744535772,1.6129094744535772,1.6129094744535772,0.0,0.0,0.0,154.10337921454297
2022-07-07,153.65149072771797,146.34281206113772,162.78736098418037,153.65149072771797,153.65149072771797,0.6783030034746707,0.6783030034746707,0.6783030034746707,-1.4144937712693297,-1.4144937712693297,-1.4144937712693297,2.0927967747440004,2.0927967747440004,2.0927967747440004,0.0,0.0,0.0,154.32979373119264
2022-07-08,153.4949163376188,146.18700363968907,162.75231505790362,153.4949163376188,153.4949163376188,1.2590386181424646,1.2590386181424646,1.2590386181424646,-1.2960651895481385,-1.2960651895481385,-1.2960651895481385,2.5551038076906027,2.5551038076906027,2.5551038076906027,0.0,0.0,0.0,154.75395495576126
2022-07-11,153.02519316732133,147.68039871692042,163.62320602333983,153.02519316732133,153.02519316732133,2.6296959525670136,2.6296959525670136,2.6296959525670136,-1.1671696041521837,-1.1671696041521837,-1.1671696041521837,3.7968655567191973,3.7968655567191973,3.7968655567191973,0.0,0.0,0.0,155.65488911988834
2022-07-12,152.8686187772222,147.73176109154497,164.39636364702324,152.8686187772222,152.8686187772222,2.930073259127434,2.930073259127434,2.930073259127434,-1.2204611969669377,-1.2204611969669377,-1.2204611969669377,4.150534456094372,4.150534456094372,4.150534456094372,0.0,0.0,0.0,155.79869203634962
2022-07-13,152.71204438712303,147.31733319096884,163.3822359748719,152.71204438712303,152.71204438712303,3.1515422945393707,3.1515422945393707,3.1515422945393707,-1.3175953777278546,-1.3175953777278546,-1.3175953777278546,4.469137672267225,4.469137672267225,4.469137672267225,0.0,0.0,0.0,155.8635866816624
2022-07-14,152.5554699970239,147.88784837492773,163.75061387541948,152.5554699970239,152.5554699970239,3.3359839807657155,3.3359839807657155,3.3359839807657155,-1.4144937712722354,-1.4144937712722354,-1.4144937712722354,4.750477752037951,4.750477752037951,4.750477752037951,0.0,0.0,0.0,155.8914539777896
2022-07-15,152.39889560692473,147.96773680718215,164.57147531535082,152.39889560692473,152.39889560692473,3.696900446908599,3.696900446908599,3.696900446908599,-1.2960651895480526,-1.2960651895480526,-1.2960651895480526,4.992965636456651,4.992965636456651,4.992965636456651,0.0,0.0,0.0,156.0957960538333
2022-07-18,151.92917243662725,147.257092052573,164.00059928392585,151.92917243662725,151.92917243662725,4.314427482504742,4.314427482504742,4.314427482504742,-1.1671696041521225,-1.1671696041521225,-1.1671696041521225,5.4815970866568655,5.4815970866568655,5.4815970866568655,0.0,0.0,0.0,156.243599919132
2022-07-19,151.77259804652812,147.68852711311828,164.48894178037003,151.77259804652812,151.77259804652812,4.346100908252608,4.346100908252608,4.346100908252608,-1.2204611969700965,-1.2204611969700965,-1.2204611969700965,5.566562105222705,5.566562105222705,5.566562105222705,0.0,0.0,0.0,156.1186989547807
2022-07-20,151.61602365642895,148.2430029981912,164.4504975794447,151.61602365642895,151.61602365642895,4.2976609198425475,4.2976609198425475,4.2976609198425475,-1.31759537772793,-1.31759537772793,-1.31759537772793,5.615256297570476,5.615256297570476,5.615256297570476,0.0,0.0,0.0,155.9136845762715
2022-07-21,151.4594492663298,147.08967127059378,164.30104457700037,151.4594492663298,151.4594492663298,4.215872058924268,4.215872058924268,4.215872058924268,-1.4144937712717633,-1.4144937712717633,-1.4144937712717633,5.630365830196031,5.630365830196031,5.630365830196031,0.0,0.0,0.0,155.6753213252541
2022-07-22,151.30287487623065,147.35598673689137,163.58833851942813,151.30287487623065,151.30287487623065,4.3191791903997006,4.3191791903997006,4.3191791903997006,-1.2960651895584547,-1.2960651895584547,-1.2960651895584547,5.615244379958156,5.615244379958156,5.615244379958156,0.0,0.0,0.0,155.62205406663034
2022-07-25,150.9705654813539,146.68962724309898,163.60952214133155,150.9705654813539,150.9705654813539,4.26357067855327,4.26357067855327,4.26357067855327,-1.1671696041583035,-1.1671696041583035,-1.1671696041583035,5.430740282711573,5.430740282711573,5.430740282711573,0.0,0.0,0.0,155.23413615990717
2022-07-26,150.85979568306166,146.97994360573063,163.29984594890846,150.85979568306166,150.85979568306166,4.11881307338172,4.11881307338172,4.11881307338172,-1.2204611969689085,-1.2204611969689085,-1.2204611969689085,5.339274270350629,5.339274270350629,5.339274270350629,0.0,0.0,0.0,154.97860875644338
2022-07-27,150.74902588476942,146.48149638926682,162.60670160855014,150.74902588476942,150.74902588476942,3.92426176248645,3.92426176248645,3.92426176248645,-1.3175953777274756,-1.3175953777274756,-1.3175953777274756,5.241857140213925,5.241857140213925,5.241857140213925,0.0,0.0,0.0,154.67328764725588
2022-07-28,150.63825608647716,146.52671110906735,163.29386807015064,150.63825608647716,150.63825608647716,3.7296745843344348,3.7296745843344348,3.7296745843344348,-1.4144937712712908,-1.4144937712712908,-1.4144937712712908,5.144168355605726,5.144168355605726,5.144168355605726,0.0,0.0,0.0,154.3679306708116
2022-07-29,150.52748628818492,146.44215826614445,162.76451252484276,150.52748628818492,150.52748628818492,3.755827696520057,3.755827696520057,3.755827696520057,-1.2960651895583688,-1.2960651895583688,-1.2960651895583688,5.051892886078425,5.051892886078425,5.051892886078425,0.0,0.0,0.0,154.28331398470496
2022-08-01,150.19517689330817,146.00749733902876,163.13656224181753,150.19517689330817,150.19517689330817,3.6946917378336233,3.6946917378336233,3.6946917378336233,-1.1671696041582422,-1.1671696041582422,-1.1671696041582422,4.861861341991866,4.861861341991866,4.861861341991866,0.0,0.0,0.0,153.8898686311418
2022-08-02,150.08440709501593,145.32423903982482,161.90795944221009,150.08440709501593,150.08440709501593,3.6233921376798377,3.6233921376798377,3.6233921376798377,-1.2204611969677208,-1.2204611969677208,-1.2204611969677208,4.843853334647559,4.843853334647559,4.843853334647559,0.0,0.0,0.0,153.70779923269578
2022-08-03,149.97363729672367,145.12664852542946,161.70679824349597,149.97363729672367,149.97363729672367,3.537866903001669,3.537866903001669,3.537866903001669,-1.3175953777275518,-1.3175953777275518,-1.3175953777275518,4.8554622807292205,4.8554622807292205,4.8554622807292205,0.0,0.0,0.0,153.51150419972532
2022-08-04,149.86286749843143,145.5414659345093,161.6742117850758,149.86286749843143,149.86286749843143,3.4853952869169116,3.4853952869169116,3.4853952869169116,-1.4144937712741967,-1.4144937712741967,-1.4144937712741967,4.899889058191108,4.899889058191108,4.899889058191108,0.0,0.0,0.0,153.34826278534834
2022-08-05,149.7520977001392,145.0047822072683,161.98013588798315,149.7520977001392,149.7520977001392,3.683501814886111,3.683501814886111,3.683501814886111,-1.2960651895490487,-1.2960651895490487,-1.2960651895490487,4.97956700443516,4.97956700443516,4.97956700443516,0.0,0.0,0.0,153.4355995150253
2022-08-08,149.41978830526244,145.23891038268735,161.70876304023753,149.41978830526244,149.41978830526244,4.274471289773657,4.274471289773657,4.274471289773657,-1.1671696041581812,-1.1671696041581812,-1.1671696041581812,5.441640893931838,5.441640893931838,5.441640893931838,0.0,0.0,0.0,153.6942595950361
2022-08-09,149.30901850697018,145.26101015189738,162.29220903805853,149.30901850697018,149.30901850697018,4.448867319058628,4.448867319058628,4.448867319058628,-1.2204611969682844,-1.2204611969682844,-1.2204611969682844,5.669328516026913,5.669328516026913,5.669328516026913,0.0,0.0,0.0,153.7578858260288
2022-08-10,149.19824870867797,146.0266395035592,162.67981804078966,149.19824870867797,149.19824870867797,4.613605819809714,4.613605819809714,4.613605819809714,-1.3175953777276617,-1.3175953777276617,-1.3175953777276617,5.9312011975373755,5.9312011975373755,5.9312011975373755,0.0,0.0,0.0,153.8118545284877
2022-08-11,149.0874789103857,145.22394023500985,162.21925696116546,149.0874789103857,149.0874789103857,4.809825970699101,4.809825970699101,4.809825970699101,-1.4144937712737244,-1.4144937712737244,-1.4144937712737244,6.224319741972825,6.224319741972825,6.224319741972825,0.0,0.0,0.0,153.8973048810848
2022-08-12,148.97670911209343,145.70473905624544,163.31396152611745,148.97670911209343,148.97670911209343,5.24883678973592,5.24883678973592,5.24883678973592,-1.2960651895625293,-1.2960651895625293,-1.2960651895625293,6.544901979298449,6.544901979298449,6.544901979298449,0.0,0.0,0.0,154.22554590182935
2022-08-15,148.64439971721671,146.48323497544376,163.4437671171264,148.64439971721671,148.64439971721671,6.455314838061451,6.455314838061451,6.455314838061451,-1.1671696041643616,-1.1671696041643616,-1.1671696041643616,7.622484442225812,7.622484442225812,7.622484442225812,0.0,0.0,0.0,155.09971455527815
2022-08-16,148.53362991892445,147.22810861260578,163.25170700743462,148.53362991892445,148.53362991892445,6.780465246001637,6.780465246001637,6.780465246001637,-1.2204611969653447,-1.2204611969653447,-1.2204611969653447,8.000926442966982,8.000926442966982,8.000926442966982,0.0,0.0,0.0,155.31409516492607
2022-08-17,148.4228601206322,147.03627154072944,163.73002427652645,148.4228601206322,148.4228601206322,7.06058506320965,7.06058506320965,7.06058506320965,-1.3175953777277725,-1.3175953777277725,-1.3175953777277725,8.378180440937422,8.378180440937422,8.378180440937422,0.0,0.0,0.0,155.48344518384187
2022-08-18,148.31209032233994,147.34564794272805,163.83912503291626,148.31209032233994,148.31209032233994,7.332854384303589,7.332854384303589,7.332854384303589,-1.4144937712703576,-1.4144937712703576,-1.4144937712703576,8.747348155573945,8.747348155573945,8.747348155573945,0.0,0.0,0.0,155.64494470664354
2022-08-19,148.2013205240477,147.0547280446502,164.23098946224096,148.2013205240477,148.2013205240477,7.805383522089783,7.805383522089783,7.805383522089783,-1.2960651895593651,-1.2960651895593651,-1.2960651895593651,9.101448711649148,9.101448711649148,9.101448711649148,0.0,0.0,0.0,156.0067040461375
2022-08-22,147.86901112917096,148.24333619577752,164.82551065276056,147.86901112917096,147.86901112917096,8.838095450704213,8.838095450704213,8.838095450704213,-1.1671696041513617,-1.1671696041513617,-1.1671696041513617,10.005265054855576,10.005265054855576,10.005265054855576,0.0,0.0,0.0,156.70710657987516
2022-08-23,147.75824133087872,148.36679830139477,165.13718085944842,147.75824133087872,147.75824133087872,9.012097368829634,9.012097368829634,9.012097368829634,-1.2204611969702555,-1.2204611969702555,-1.2204611969702555,10.23255856579989,10.23255856579989,10.23255856579989,0.0,0.0,0.0,156.77033869970836
2022-08-24,147.64747153258645,148.39720550108262,165.1958858382605,147.64747153258645,147.64747153258645,9.095920618482083,9.095920618482083,9.095920618482083,-1.3175953777278828,-1.3175953777278828,-1.3175953777278828,10.413515996209966,10.413515996209966,10.413515996209966,0.0,0.0,0.0,156.74339215106852
2022-08-25,147.53670173429424,148.52771864492982,164.46933427974807,147.53670173429424,147.53670173429424,9.129019357934476,9.129019357934476,9.129019357934476,-1.414493771269885,-1.414493771269885,-1.414493771269885,10.543513129204362,10.543513129204362,10.543513129204362,0.0,0.0,0.0,156.66572109222872
2022-08-26,147.42593193600197,148.9225945694128,165.3094683499238,147.42593193600197,147.42593193600197,9.322656960761256,9.322656960761256,9.322656960761256,-1.2960651895592794,-1.2960651895592794,-1.2960651895592794,10.618722150320535,10.618722150320535,10.618722150320535,0.0,0.0,0.0,156.74858889676324
2022-08-29,147.09362254112523,148.01345998912277,164.45524016429067,147.09362254112523,147.09362254112523,9.32365910629651,9.32365910629651,9.32365910629651,-1.1671696041575423,-1.1671696041575423,-1.1671696041575423,10.490828710454052,10.490828710454052,10.490828710454052,0.0,0.0,0.0,156.41728164742173
2022-08-30,146.982852742833,147.96310693791978,163.95897491461642,146.982852742833,146.982852742833,9.106467027770693,9.106467027770693,9.106467027770693,-1.2204611969690675,-1.2204611969690675,-1.2204611969690675,10.32692822473976,10.32692822473976,10.32692822473976,0.0,0.0,0.0,156.08931977060368
2022-08-31,146.87208294454072,147.3111329188645,164.13821904624984,146.87208294454072,146.87208294454072,8.785577523733387,8.785577523733387,8.785577523733387,-1.3175953777279588,-1.3175953777279588,-1.3175953777279588,10.103172901461347,10.103172901461347,10.103172901461347,0.0,0.0,0.0,155.65766046827412
2022-09-01,146.76131314624848,146.3460145003639,163.13752962953745,146.76131314624848,146.76131314624848,8.407022808008703,8.407022808008703,8.407022808008703,-1.414493771272791,-1.414493771272791,-1.414493771272791,9.821516579281495,9.821516579281495,9.821516579281495,0.0,0.0,0.0,155.16833595425717
2022-09-02,146.65054334795624,146.93506927783233,163.11101375851018,146.65054334795624,146.65054334795624,8.188793899516565,8.188793899516565,8.188793899516565,-1.2960651895591935,-1.2960651895591935,-1.2960651895591935,9.484859089075758,9.484859089075758,9.484859089075758,0.0,0.0,0.0,154.8393372474728
2022-09-06,146.20746415478723,144.10037305589117,160.67137991096055,146.20746415478723,146.20746415478723,6.45517382414928,6.45517382414928,6.45517382414928,-1.2204611969696302,-1.2204611969696302,-1.2204611969696302,7.67563502111891,7.67563502111891,7.67563502111891,0.0,0.0,0.0,152.66263797893652
2022-09-07,146.096694356495,143.45709055215417,160.18482406775286,146.096694356495,146.096694356495,5.818038932876192,5.818038932876192,5.818038932876192,-1.3175953777281035,-1.3175953777281035,-1.3175953777281035,7.135634310604296,7.135634310604296,7.135634310604296,0.0,0.0,0.0,151.91473328937118
2022-09-08,145.98592455820273,143.17063566688216,159.17962548822254,145.98592455820273,145.98592455820273,5.15907264667013,5.15907264667013,5.15907264667013,-1.4144937712694245,-1.4144937712694245,-1.4144937712694245,6.573566417939555,6.573566417939555,6.573566417939555,0.0,0.0,0.0,151.14499720487285
2022-09-09,145.87515475991052,142.28582806583626,159.15751819164367,145.87515475991052,145.87515475991052,4.700441336605308,4.700441336605308,4.700441336605308,-1.2960651895529514,-1.2960651895529514,-1.2960651895529514,5.996506526158259,5.996506526158259,5.996506526158259,0.0,0.0,0.0,150.57559609651582
2022-09-12,145.5428453650337,140.3250493519172,157.18376516475033,145.5428453650337,145.5428453650337,3.0798878036652786,3.0798878036652786,3.0798878036652786,-1.167169604160541,-1.167169604160541,-1.167169604160541,4.24705740782582,4.24705740782582,4.24705740782582,0.0,0.0,0.0,148.622733168699
2022-09-13,145.4320755667415,139.63996433638118,155.25822207074984,145.4320755667415,145.4320755667415,2.4606402113637342,2.4606402113637342,2.4606402113637342,-1.2204611969701937,-1.2204611969701937,-1.2204611969701937,3.6811014083339275,3.6811014083339275,3.6811014083339275,0.0,0.0,0.0,147.89271577810524
2022-09-14,145.32130576844926,139.27334765943993,155.6981701490402,145.32130576844926,145.32130576844926,1.8170456178380987,1.8170456178380987,1.8170456178380987,-1.3175953777276144,-1.3175953777276144,-1.3175953777276144,3.134640995565713,3.134640995565713,3.134640995565713,0.0,0.0,0.0,147.13835138628735
2022-09-15,145.210535970157,137.97061591050655,154.58520325156175,145.210535970157,145.210535970157,1.199036059172752,1.199036059172752,1.199036059172752,-1.4144937712706416,-1.4144937712706416,-1.4144937712706416,2.6135298304433934,2.6135298304433934,2.6135298304433934,0.0,0.0,0.0,146.40957202932975
2022-09-16,145.09976617186476,137.49882686719437,154.58355488697995,145.09976617186476,145.09976617186476,0.8269601939637105,0.8269601939637105,0.8269601939637105,-1.2960651895528652,-1.2960651895528652,-1.2960651895528652,2.123025383516576,2.123025383516576,2.123025383516576,0.0,0.0,0.0,145.92672636582847
2022-09-19,144.76745677698798,136.21370770130136,152.80854319087044,144.76745677698798,144.76745677698798,-0.2899828818372815,-0.2899828818372815,-0.2899828818372815,-1.1671696041506623,-1.1671696041506623,-1.1671696041506623,0.8771867223133807,0.8771867223133807,0.8771867223133807,0.0,0.0,0.0,144.4774738951507
2022-09-20,144.6566869831238,135.91396292311467,152.3616865928503,144.6566869831238,144.6566869831238,-0.6732135640990303,-0.6732135640990303,-0.6732135640990303,-1.2204611969672547,-1.2204611969672547,-1.2204611969672547,0.5472476328682243,0.5472476328682243,0.5472476328682243,0.0,0.0,0.0,143.98347341902476
2022-09-21,144.5459171892596,135.24209906660877,151.66340378797727,144.5459171892596,144.5459171892596,-1.054618376287397,-1.054618376287397,-1.054618376287397,-1.3175953777277252,-1.3175953777277252,-1.3175953777277252,0.2629770014403278,0.2629770014403278,0.2629770014403278,0.0,0.0,0.0,143.4912988129722
2022-09-22,144.4351473953954,134.22192048069113,151.02174233726706,144.4351473953954,144.4351473953954,-1.3895739772712183,-1.3895739772712183,-1.3895739772712183,-1.414493771270169,-1.414493771270169,-1.414493771270169,0.024919793998950786,0.024919793998950786,0.024919793998950786,0.0,0.0,0.0,143.04557341812418
2022-09-23,144.3243776015312,133.98220234121288,152.07365931704263,144.3243776015312,144.3243776015312,-1.4632603819976007,-1.4632603819976007,-1.4632603819976007,-1.2960651895497015,-1.2960651895497015,-1.2960651895497015,-0.1671951924478989,-0.1671951924478989,-0.1671951924478989,0.0,0.0,0.0,142.8611172195336
2022-09-26,143.9920682199387,133.51460456571724,151.01473085324506,143.9920682199387,143.9920682199387,-1.6491569826800685,-1.6491569826800685,-1.6491569826800685,-1.167169604153722,-1.167169604153722,-1.167169604153722,-0.4819873785263463,-0.4819873785263463,-0.4819873785263463,0.0,0.0,0.0,142.34291123725862
2022-09-27,143.88129842607447,134.13658941121642,150.28213872260093,143.88129842607447,143.88129842607447,-1.7282768707574632,-1.7282768707574632,-1.7282768707574632,-1.2204611969678176,-1.2204611969678176,-1.2204611969678176,-0.5078156737896453,-0.5078156737896453,-0.5078156737896453,0.0,0.0,0.0,142.153021555317
2022-09-28,143.7705286322103,132.76912442763256,150.16864936341554,143.7705286322103,143.7705286322103,-1.8171577890557136,-1.8171577890557136,-1.8171577890557136,-1.3175953777278016,-1.3175953777278016,-1.3175953777278016,-0.49956241132791196,-0.49956241132791196,-0.49956241132791196,0.0,0.0,0.0,141.95337084315457
2022-09-29,143.65975883834608,133.26394565569484,150.4602341329166,143.65975883834608,143.65975883834608,-1.8756773138903988,-1.8756773138903988,-1.8756773138903988,-1.4144937712713856,-1.4144937712713856,-1.4144937712713856,-0.4611835426190133,-0.4611835426190133,-0.4611835426190133,0.0,0.0,0.0,141.78408152445567
2022-09-30,143.54898904448194,133.57445750163654,150.17348283046204,143.54898904448194,143.54898904448194,-1.6930154969106372,-1.6930154969106372,-1.6930154969106372,-1.2960651895601039,-1.2960651895601039,-1.2960651895601039,-0.39695030735053355,-0.39695030735053355,-0.39695030735053355,0.0,0.0,0.0,141.8559735475713
2022-10-03,143.2166796628894,133.8470051990031,150.52059829276197,143.2166796628894,143.2166796628894,-1.2616207996781303,-1.2616207996781303,-1.2616207996781303,-1.1671696041536608,-1.1671696041536608,-1.1671696041536608,-0.09445119552446966,-0.09445119552446966,-0.09445119552446966,0.0,0.0,0.0,141.95505886321126
2022-10-04,143.10590986902517,132.6974514667674,150.50425054177342,143.10590986902517,143.10590986902517,-1.1927605429756165,-1.1927605429756165,-1.1927605429756165,-1.2204611969666297,-1.2204611969666297,-1.2204611969666297,0.02770065399101314,0.02770065399101314,0.02770065399101314,0.0,0.0,0.0,141.91314932604956
2022-10-05,142.995140075161,133.27839467620356,150.6879902390133,142.995140075161,142.995140075161,-1.1644758355783245,-1.1644758355783245,-1.1644758355783245,-1.317595377727381,-1.317595377727381,-1.317595377727381,0.15311954214905643,0.15311954214905643,0.15311954214905643,0.0,0.0,0.0,141.8306642395827
2022-10-06,142.8843702812968,133.31359687402878,149.76401572488604,142.8843702812968,142.8843702812968,-1.1367906701260788,-1.1367906701260788,-1.1367906701260788,-1.4144937712709134,-1.4144937712709134,-1.4144937712709134,0.27770310114483465,0.27770310114483465,0.27770310114483465,0.0,0.0,0.0,141.74757961117072
2022-10-07,142.77360048743265,133.85277960081908,150.67729559330954,142.77360048743265,142.77360048743265,-0.8983863507725535,-0.8983863507725535,-0.8983863507725535,-1.2960651895569397,-1.2960651895569397,-1.2960651895569397,0.3976788387843863,0.3976788387843863,0.3976788387843863,0.0,0.0,0.0,141.8752141366601
2022-10-10,142.4412911058401,133.55117393412817,150.2414757174736,142.4412911058401,142.4412911058401,-0.4687228136233216,-0.4687228136233216,-0.4687228136233216,-1.1671696041567208,-1.1671696041567208,-1.1671696041567208,0.698446790533399,0.698446790533399,0.698446790533399,0.0,0.0,0.0,141.97256829221678
2022-10-11,142.33052131197587,133.05529140866216,150.08840097369344,142.33052131197587,142.33052131197587,-0.4495974662751925,-0.4495974662751925,-0.4495974662751925,-1.220461196969789,-1.220461196969789,-1.220461196969789,0.7708637306945965,0.7708637306945965,0.7708637306945965,0.0,0.0,0.0,141.8809238457007
2022-10-12,142.21975151811174,132.72497599757156,150.1277103435733,142.21975151811174,142.21975151811174,-0.49100105613909534,-0.49100105613909534,-0.49100105613909534,-1.317595377727491,-1.317595377727491,-1.317595377727491,0.8265943215883956,0.8265943215883956,0.8265943215883956,0.0,0.0,0.0,141.72875046197265
2022-10-13,142.1089817242475,133.24081401072735,150.03365317972242,142.1089817242475,142.1089817242475,-0.5497136609769397,-0.5497136609769397,-0.5497136609769397,-1.4144937712738193,-1.4144937712738193,-1.4144937712738193,0.8647801102968795,0.8647801102968795,0.8647801102968795,0.0,0.0,0.0,141.55926806327057
2022-10-14,141.99821193038335,133.89170274937737,149.7851419475859,141.99821193038335,141.99821193038335,-0.41097304874615603,-0.41097304874615603,-0.41097304874615603,-1.2960651895568538,-1.2960651895568538,-1.2960651895568538,0.8850921408106979,0.8850921408106979,0.8850921408106979,0.0,0.0,0.0,141.5872388816372
2022-10-17,141.66590254879077,132.76499633459457,148.80585697744957,141.66590254879077,141.66590254879077,-0.32418607163589164,-0.32418607163589164,-0.32418607163589164,-1.1671696041566597,-1.1671696041566597,-1.1671696041566597,0.8429835325207681,0.8429835325207681,0.8429835325207681,0.0,0.0,0.0,141.34171647715488
2022-10-18,141.5551327549266,132.21249999614702,149.5586361996722,141.5551327549266,141.5551327549266,-0.42220586823077966,-0.42220586823077966,-0.42220586823077966,-1.2204611969686006,-1.2204611969686006,-1.2204611969686006,0.798255328737821,0.798255328737821,0.798255328737821,0.0,0.0,0.0,141.13292688669583
2022-10-19,141.4443629610624,132.37378517444472,149.71376581051922,141.4443629610624,141.4443629610624,-0.5766131902555914,-0.5766131902555914,-0.5766131902555914,-1.317595377727602,-1.317595377727602,-1.317595377727602,0.7409821874720105,0.7409821874720105,0.7409821874720105,0.0,0.0,0.0,140.86774977080682
2022-10-20,141.33359316719822,132.35203226595038,148.37895123915212,141.33359316719822,141.33359316719822,-0.7411751956995458,-0.7411751956995458,-0.7411751956995458,-1.414493771273347,-1.414493771273347,-1.414493771273347,0.673318575573801,0.673318575573801,0.673318575573801,0.0,0.0,0.0,140.59241797149866
2022-10-21,141.22282337333402,132.2851232564745,149.27839047169448,141.22282337333402,141.22282337333402,-0.6984111408039538,-0.6984111408039538,-0.6984111408039538,-1.2960651895536899,-1.2960651895536899,-1.2960651895536899,0.5976540487497359,0.5976540487497359,0.5976540487497359,0.0,0.0,0.0,140.52441223253007
2022-10-24,140.89051399174147,131.52592178706826,148.40548776717918,140.89051399174147,140.89051399174147,-0.8183621756242101,-0.8183621756242101,-0.8183621756242101,-1.16716960416284,-1.16716960416284,-1.16716960416284,0.34880742853863006,0.34880742853863006,0.34880742853863006,0.0,0.0,0.0,140.07215181611727
2022-10-25,140.7797441978773,131.73441311035612,147.60843871495732,140.7797441978773,140.7797441978773,-0.9528343717483355,-0.9528343717483355,-0.9528343717483355,-1.2204611969691639,-1.2204611969691639,-1.2204611969691639,0.2676268252208283,0.2676268252208283,0.2676268252208283,0.0,0.0,0.0,139.82690982612897
2022-10-26,140.66897440401308,131.32380398215133,148.25240613519722,140.66897440401308,140.66897440401308,-1.1257688300629816,-1.1257688300629816,-1.1257688300629816,-1.3175953777276779,-1.3175953777276779,-1.3175953777276779,0.19182654766469606,0.19182654766469606,0.19182654766469606,0.0,0.0,0.0,139.5432055739501
2022-10-27,140.55820461014892,130.6133216878554,147.68883952092114,140.55820461014892,140.55820461014892,-1.2905154574122468,-1.2905154574122468,-1.2905154574122468,-1.4144937712699803,-1.4144937712699803,-1.4144937712699803,0.12397831385773361,0.12397831385773361,0.12397831385773361,0.0,0.0,0.0,139.26768915273666
2022-10-28,140.44743481628473,131.61298869701454,147.69527127195587,140.44743481628473,140.44743481628473,-1.22955789229279,-1.22955789229279,-1.22955789229279,-1.296065189553604,-1.296065189553604,-1.296065189553604,0.06650729726081411,0.06650729726081411,0.06650729726081411,0.0,0.0,0.0,139.21787692399192
2022-10-31,140.11512543469217,130.2980423883781,146.5191270515616,140.11512543469217,140.11512543469217,-1.1894832882671813,-1.1894832882671813,-1.1894832882671813,-1.1671696041627788,-1.1671696041627788,-1.1671696041627788,-0.022313684104402425,-0.022313684104402425,-0.022313684104402425,0.0,0.0,0.0,138.925642146425
2022-11-01,140.00435564082798,131.3515586265382,147.79697056997966,140.00435564082798,140.00435564082798,-1.238561694676073,-1.238561694676073,-1.238561694676073,-1.220461196970572,-1.220461196970572,-1.220461196970572,-0.018100497705500852,-0.018100497705500852,-0.018100497705500852,0.0,0.0,0.0,138.76579394615192
2022-11-02,139.8935858469638,130.48786531394907,147.09392396473027,139.8935858469638,139.8935858469638,-1.3122290222181994,-1.3122290222181994,-1.3122290222181994,-1.3175953777277538,-1.3175953777277538,-1.3175953777277538,0.005366355509554279,0.005366355509554279,0.005366355509554279,0.0,0.0,0.0,138.5813568247456
2022-11-03,139.78281605309962,130.4371031762162,146.92478177041903,139.78281605309962,139.78281605309962,-1.3653975849843627,-1.3653975849843627,-1.3653975849843627,-1.414493771271197,-1.414493771271197,-1.414493771271197,0.049096186286834216,0.049096186286834216,0.049096186286834216,0.0,0.0,0.0,138.41741846811527
2022-11-04,139.6720462592354,130.2399388269973,146.8560310516231,139.6720462592354,139.6720462592354,-1.1822306931822517,-1.1822306931822517,-1.1822306931822517,-1.296065189547362,-1.296065189547362,-1.296065189547362,0.11383449636511002,0.11383449636511002,0.11383449636511002,0.0,0.0,0.0,138.48981556605315
2022-11-07,139.33973687764288,130.4502092662904,147.27740620911283,139.33973687764288,139.33973687764288,-0.7293756982890653,-0.7293756982890653,-0.7293756982890653,-1.1671696041529,-1.1671696041529,-1.1671696041529,0.43779390586383454,0.43779390586383454,0.43779390586383454,0.0,0.0,0.0,138.61036117935382
2022-11-08,139.22896708377866,130.1224201570278,147.25169682261568,139.22896708377866,139.22896708377866,-0.6313514896610507,-0.6313514896610507,-0.6313514896610507,-1.2204611969711354,-1.2204611969711354,-1.2204611969711354,0.5891097073100847,0.5891097073100847,0.5891097073100847,0.0,0.0,0.0,138.5976155941176
2022-11-09,139.1181972899145,129.94016146414825,146.97629370471617,139.1181972899145,139.1181972899145,-0.5559734581984231,-0.5559734581984231,-0.5559734581984231,-1.317595377727864,-1.317595377727864,-1.317595377727864,0.7616219195294409,0.7616219195294409,0.7616219195294409,0.0,0.0,0.0,138.56222383171607
2022-11-10,139.00742749605033,130.1361605433731,146.65230942420732,139.00742749605033,139.00742749605033,-0.4597043295227378,-0.4597043295227378,-0.4597043295227378,-1.4144937712724135,-1.4144937712724135,-1.4144937712724135,0.9547894417496757,0.9547894417496757,0.9547894417496757,0.0,0.0,0.0,138.5477231665276
2022-11-11,138.89665770218613,130.50851272482134,147.1419996077208,138.89665770218613,138.89665770218613,-0.12813577478226135,-0.12813577478226135,-0.12813577478226135,-1.2960651895472763,-1.2960651895472763,-1.2960651895472763,1.1679294147650148,1.1679294147650148,1.1679294147650148,0.0,0.0,0.0,138.76852192740387
2022-11-14,138.56434832059358,130.822305935295,147.5961312126464,138.56434832059358,138.56434832059358,0.7515200060863563,0.7515200060863563,0.7515200060863563,-1.1671696041559598,-1.1671696041559598,-1.1671696041559598,1.918689610242316,1.918689610242316,1.918689610242316,0.0,0.0,0.0,139.31586832667995
2022-11-15,138.45357852672942,131.145262758154,147.7532986384887,138.45357852672942,138.45357852672942,0.9823479882009136,0.9823479882009136,0.9823479882009136,-1.2204611969681962,-1.2204611969681962,-1.2204611969681962,2.2028091851691096,2.2028091851691096,2.2028091851691096,0.0,0.0,0.0,139.43592651493032
2022-11-16,138.34280873310857,131.0546212259161,147.42362006277114,138.34280873310857,138.34280873310857,1.1844944548797558,1.1844944548797558,1.1844944548797558,-1.3175953777279747,-1.3175953777279747,-1.3175953777279747,2.502089832607731,2.502089832607731,2.502089832607731,0.0,0.0,0.0,139.52730318798834
2022-11-17,138.23203893948775,131.16311040245174,148.42584754993322,138.23203893948775,138.23203893948775,1.400913655239708,1.400913655239708,1.400913655239708,-1.4144937712719408,-1.4144937712719408,-1.4144937712719408,2.8154074265116487,2.8154074265116487,2.8154074265116487,0.0,0.0,0.0,139.63295259472747
2022-11-18,138.1212691458669,131.54126889228016,148.76427744919667,138.1212691458669,138.1212691458669,1.8455451622171184,1.8455451622171184,1.8455451622171184,-1.2960651895546007,-1.2960651895546007,-1.2960651895546007,3.141610351771719,3.141610351771719,3.141610351771719,0.0,0.0,0.0,139.96681430808403
2022-11-21,137.78895976500445,132.80504915249097,148.74233372426517,137.78895976500445,137.78895976500445,3.0185219690559326,3.0185219690559326,3.0185219690559326,-1.1671696041590198,-1.1671696041590198,-1.1671696041590198,4.185691573214952,4.185691573214952,4.185691573214952,0.0,0.0,0.0,140.8074817340604
2022-11-22,137.67818997138363,132.70396617759192,149.2453277867212,137.67818997138363,137.67818997138363,3.331030228855054,3.331030228855054,3.331030228855054,-1.2204611969687593,-1.2204611969687593,-1.2204611969687593,4.551491425823813,4.551491425823813,4.551491425823813,0.0,0.0,0.0,141.00922020023867
2022-11-23,137.5674201777628,132.49842302856607,149.67892553842663,137.5674201777628,137.5674201777628,3.6064941356120563,3.6064941356120563,3.6064941356120563,-1.3175953777275202,-1.3175953777275202,-1.3175953777275202,4.924089513339577,4.924089513339577,4.924089513339577,0.0,0.0,0.0,141.17391431337487
2022-11-25,137.34588059052115,133.29903329053764,150.35998663078522,137.34588059052115,137.34588059052115,4.388365470196064,4.388365470196064,4.388365470196064,-1.2960651895545146,-1.2960651895545146,-1.2960651895545146,5.684430659750578,5.684430659750578,5.684430659750578,0.0,0.0,0.0,141.73424606071723
2022-11-28,137.01357120965864,134.15569649993188,151.17580774929277,137.01357120965864,137.01357120965864,5.674668823916204,5.674668823916204,5.674668823916204,-1.1671696041491404,-1.1671696041491404,-1.1671696041491404,6.841838428065345,6.841838428065345,6.841838428065345,0.0,0.0,0.0,142.68824003357483
2022-11-29,136.90280141603782,135.05320460855233,151.4287125091417,136.90280141603782,136.90280141603782,6.005671984458102,6.005671984458102,6.005671984458102,-1.2204611969675714,-1.2204611969675714,-1.2204611969675714,7.2261331814256735,7.2261331814256735,7.2261331814256735,0.0,0.0,0.0,142.90847340049592
2022-11-30,136.792031622417,134.76913029090983,151.41050350998106,136.792031622417,136.792031622417,6.289370790868346,6.289370790868346,6.289370790868346,-1.3175953777275957,-1.3175953777275957,-1.3175953777275957,7.6069661685959415,7.6069661685959415,7.6069661685959415,0.0,0.0,0.0,143.08140241328533
2022-12-01,136.68126182879618,134.85789128753964,151.8734646604581,136.68126182879618,136.68126182879618,6.568108089611244,6.568108089611244,6.568108089611244,-1.4144937712726853,-1.4144937712726853,-1.4144937712726853,7.98260186088393,7.98260186088393,7.98260186088393,0.0,0.0,0.0,143.24936991840744
2022-12-02,136.57049203517536,135.52440175000413,151.7260546861944,136.57049203517536,136.57049203517536,7.055166989537487,7.055166989537487,7.055166989537487,-1.2960651895513504,-1.2960651895513504,-1.2960651895513504,8.351232179088838,8.351232179088838,8.351232179088838,0.0,0.0,0.0,143.62565902471286
2022-12-05,136.23818265431288,135.7315431418009,152.52299948225854,136.23818265431288,136.23818265431288,8.228880869786828,8.228880869786828,8.228880869786828,-1.1671696041522006,-1.1671696041522006,-1.1671696041522006,9.39605047393903,9.39605047393903,9.39605047393903,0.0,0.0,0.0,144.4670635240997
2022-12-06,136.12741286069206,136.62965823780823,152.76438181632156,136.12741286069206,136.12741286069206,8.496912368429664,8.496912368429664,8.496912368429664,-1.2204611969681343,-1.2204611969681343,-1.2204611969681343,9.717373565397798,9.717373565397798,9.717373565397798,0.0,0.0,0.0,144.62432522912172
2022-12-07,136.01664306707121,135.50533453224062,152.40829339093256,136.01664306707121,136.01664306707121,8.704260996453563,8.704260996453563,8.704260996453563,-1.3175953777277412,-1.3175953777277412,-1.3175953777277412,10.021856374181302,10.021856374181302,10.021856374181302,0.0,0.0,0.0,144.72090406352478
2022-12-08,135.9058732734504,136.17744661145267,153.6991397341232,135.9058732734504,135.9058732734504,8.892985390471809,8.892985390471809,8.892985390471809,-1.4144937712739019,-1.4144937712739019,-1.4144937712739019,10.30747916174571,10.30747916174571,10.30747916174571,0.0,0.0,0.0,144.7988586639222
2022-12-09,135.79510347982958,137.05830101534875,153.8801610492161,135.79510347982958,135.79510347982958,9.276189675043913,9.276189675043913,9.276189675043913,-1.2960651895617528,-1.2960651895617528,-1.2960651895617528,10.572254864605664,10.572254864605664,10.572254864605664,0.0,0.0,0.0,145.0712931548735
2022-12-12,135.46279409896707,137.02909854948993,154.05055831725574,135.46279409896707,135.46279409896707,10.055526864880804,10.055526864880804,10.055526864880804,-1.1671696041521393,-1.1671696041521393,-1.1671696041521393,11.222696469032943,11.222696469032943,11.222696469032943,0.0,0.0,0.0,145.51832096384788
2022-12-13,135.35202430534628,137.14866040787533,154.2618403636138,135.35202430534628,135.35202430534628,10.165382548069175,10.165382548069175,10.165382548069175,-1.2204611969669465,-1.2204611969669465,-1.2204611969669465,11.385843745036121,11.385843745036121,11.385843745036121,0.0,0.0,0.0,145.51740685341545
2022-12-14,135.2412545117254,137.38337568623646,154.15327548313684,135.2412545117254,135.2412545117254,10.202098536443657,10.202098536443657,10.202098536443657,-1.317595377727817,-1.317595377727817,-1.317595377727817,11.519693914171475,11.519693914171475,11.519693914171475,0.0,0.0,0.0,145.44335304816906
2022-12-15,135.13048471810458,136.5249613161281,153.03237909348914,135.13048471810458,135.13048471810458,10.208572094080242,10.208572094080242,10.208572094080242,-1.4144937712722248,-1.4144937712722248,-1.4144937712722248,11.623065865352467,11.623065865352467,11.623065865352467,0.0,0.0,0.0,145.33905681218482
2022-12-16,135.0197149244838,137.07041194912927,153.52276679756085,135.0197149244838,135.0197149244838,10.398952281274093,10.398952281274093,10.398952281274093,-1.2960651895585886,-1.2960651895585886,-1.2960651895585886,11.695017470832683,11.695017470832683,11.695017470832683,0.0,0.0,0.0,145.41866720575788
2022-12-19,134.6874055436213,136.58705546042046,153.22317106582372,134.6874055436213,134.6874055436213,10.549884684021482,10.549884684021482,10.549884684021482,-1.16716960415832,-1.16716960415832,-1.16716960415832,11.717054288179801,11.717054288179801,11.717054288179801,0.0,0.0,0.0,145.2372902276428
2022-12-20,134.5766357500005,136.95314311253372,153.71355222289307,134.5766357500005,134.5766357500005,10.439093734890157,10.439093734890157,10.439093734890157,-1.220461196970106,-1.220461196970106,-1.220461196970106,11.659554931860264,11.659554931860264,11.659554931860264,0.0,0.0,0.0,145.01572948489064
2022-12-21,134.46586595637964,136.67569611834864,153.0503475527903,134.46586595637964,134.46586595637964,10.252738993360369,10.252738993360369,10.252738993360369,-1.3175953777279275,-1.3175953777279275,-1.3175953777279275,11.570334371088295,11.570334371088295,11.570334371088295,0.0,0.0,0.0,144.71860494974
2022-12-22,134.35509616275883,135.90856755536794,153.2305437099361,134.35509616275883,134.35509616275883,10.035833956992322,10.035833956992322,10.035833956992322,-1.4144937712717522,-1.4144937712717522,-1.4144937712717522,11.450327728264075,11.450327728264075,11.450327728264075,0.0,0.0,0.0,144.39093011975115
2022-12-23,134.244326369138,135.84568761931266,152.15995907391144,134.244326369138,134.244326369138,10.004753025833292,10.004753025833292,10.004753025833292,-1.2960651895585031,-1.2960651895585031,-1.2960651895585031,11.300818215391796,11.300818215391796,11.300818215391796,0.0,0.0,0.0,144.2490793949713
2022-12-27,133.80124719465468,134.9481896348383,151.2432015739942,133.80124719465468,133.80124719465468,9.224781565106296,9.224781565106296,9.224781565106296,-1.2204611969689176,-1.2204611969689176,-1.2204611969689176,10.445242762075214,10.445242762075214,10.445242762075214,0.0,0.0,0.0,143.02602875976098
2022-12-28,133.69047740103386,133.96548013616126,150.62293817238657,133.69047740103386,133.69047740103386,8.86149105755616,8.86149105755616,8.86149105755616,-1.3175953777280034,-1.3175953777280034,-1.3175953777280034,10.179086435284164,10.179086435284164,10.179086435284164,0.0,0.0,0.0,142.55196845859
2022-12-29,133.57970760741304,133.7582447300464,150.48313666170895,133.57970760741304,133.57970760741304,8.483350072664216,8.483350072664216,8.483350072664216,-1.414493771272969,-1.414493771272969,-1.414493771272969,9.897843843937185,9.897843843937185,9.897843843937185,0.0,0.0,0.0,142.06305768007726
2022-12-30,133.46893781379222,133.00523386334464,150.05444809237125,133.46893781379222,133.46893781379222,8.308757320903442,8.308757320903442,8.308757320903442,-1.2960651895522612,-1.2960651895522612,-1.2960651895522612,9.604822510455703,9.604822510455703,9.604822510455703,0.0,0.0,0.0,141.77769513469568
2023-01-03,133.0258586393089,131.68325561493046,148.367628682801,133.0258586393089,133.0258586393089,7.165518102931187,7.165518102931187,7.165518102931187,-1.2204611969694812,-1.2204611969694812,-1.2204611969694812,8.385979299900669,8.385979299900669,8.385979299900669,0.0,0.0,0.0,140.19137674224007
2023-01-04,132.91508884568808,131.21515330922682,147.8267333559446,132.91508884568808,132.91508884568808,6.770301037487019,6.770301037487019,6.770301037487019,-1.317595377728114,-1.317595377728114,-1.317595377728114,8.087896415215132,8.087896415215132,8.087896415215132,0.0,0.0,0.0,139.6853898831751
2023-01-05,132.80431905206726,131.07912554410973,147.17066729854884,132.80431905206726,132.80431905206726,6.3852384437138445,6.3852384437138445,6.3852384437138445,-1.4144937712679133,-1.4144937712679133,-1.4144937712679133,7.799732214981757,7.799732214981757,7.799732214981757,0.0,0.0,0.0,139.1895574957811
2023-01-06,132.69354925844644,129.87507711147555,147.36589898153017,132.69354925844644,132.69354925844644,6.22887852097954,6.22887852097954,6.22887852097954,-1.2960651895521753,-1.2960651895521753,-1.2960651895521753,7.524943710531716,7.524943710531716,7.524943710531716,0.0,0.0,0.0,138.922427779426
2023-01-09,132.36123987758393,128.86340269818848,145.80218876295424,132.36123987758393,132.36123987758393,5.64514756517201,5.64514756517201,5.64514756517201,-1.1671696041612574,-1.1671696041612574,-1.1671696041612574,6.812317169333268,6.812317169333268,6.812317169333268,0.0,0.0,0.0,138.00638744275594
2023-01-10,132.25047008396314,129.60036075241496,145.92481558976056,132.25047008396314,132.25047008396314,5.400679108430278,5.400679108430278,5.400679108430278,-1.220461196966542,-1.220461196966542,-1.220461196966542,6.621140305396819,6.621140305396819,6.621140305396819,0.0,0.0,0.0,137.6511491923934
2023-01-11,132.1397002903423,129.25193140186104,145.4377365791056,132.1397002903423,132.1397002903423,5.139261718833596,5.139261718833596,5.139261718833596,-1.3175953777276934,-1.3175953777276934,-1.3175953777276934,6.456857096561289,6.456857096561289,6.456857096561289,0.0,0.0,0.0,137.2789620091759
2023-01-12,132.02893049672144,129.2091899043003,144.9908907901036,132.02893049672144,132.02893049672144,4.906605584169613,4.906605584169613,4.906605584169613,-1.414493771270819,-1.414493771270819,-1.414493771270819,6.321099355440432,6.321099355440432,6.321099355440432,0.0,0.0,0.0,136.93553608089107
2023-01-13,131.9181607031005,128.8298347384289,145.3480662437863,131.9181607031005,131.9181607031005,4.918988812964689,4.918988812964689,4.918988812964689,-1.2960651895520894,-1.2960651895520894,-1.2960651895520894,6.215054002516778,6.215054002516778,6.215054002516778,0.0,0.0,0.0,136.8371495160652
2023-01-17,133.6787198481164,129.87726749015258,147.23168946837498,133.6787198481164,133.6787198481164,4.874354639184205,4.874354639184205,4.874354639184205,-1.220461196967105,-1.220461196967105,-1.220461196967105,6.0948158361513105,6.0948158361513105,6.0948158361513105,0.0,0.0,0.0,138.55307448730062
2023-01-18,134.11885963437032,131.24002931836512,147.294997267475,134.11885963437032,134.11885963437032,4.8204221976916894,4.8204221976916894,4.8204221976916894,-1.317595377727804,-1.317595377727804,-1.317595377727804,6.138017575419494,6.138017575419494,6.138017575419494,0.0,0.0,0.0,138.93928183206202
2023-01-19,134.5589994206244,131.00550991994177,147.4019442197634,134.5589994206244,134.5589994206244,4.793147708633022,4.793147708633022,4.793147708633022,-1.4144937712703465,-1.4144937712703465,-1.4144937712703465,6.207641479903368,6.207641479903368,6.207641479903368,0.0,0.0,0.0,139.35214712925742
2023-01-20,134.9991392068783,132.31849965773833,148.15592810804714,134.9991392068783,134.9991392068783,5.00530533989008,5.00530533989008,5.00530533989008,-1.296065189548925,-1.296065189548925,-1.296065189548925,6.301370529439006,6.301370529439006,6.301370529439006,0.0,0.0,0.0,140.00444454676838
2023-01-23,136.3195585656402,133.9320936024907,150.03092607591702,136.3195585656402,136.3195585656402,5.529968571275479,5.529968571275479,5.529968571275479,-1.1671696041544384,-1.1671696041544384,-1.1671696041544384,6.6971381754299175,6.6971381754299175,6.6971381754299175,0.0,0.0,0.0,141.84952713691567
2023-01-24,136.75969835189426,133.84536701102752,150.95433221566867,136.75969835189426,136.75969835189426,5.634721792952783,5.634721792952783,5.634721792952783,-1.2204611969676686,-1.2204611969676686,-1.2204611969676686,6.855182989920453,6.855182989920453,6.855182989920453,0.0,0.0,0.0,142.39442014484703
2023-01-25,137.19983813814818,134.69968031550493,150.80282773728703,137.19983813814818,137.19983813814818,5.701781533393854,5.701781533393854,5.701781533393854,-1.3175953777278806,-1.3175953777278806,-1.3175953777278806,7.019376911121734,7.019376911121734,7.019376911121734,0.0,0.0,0.0,142.90161967154202
2023-01-26,137.63997792440222,135.17359076854243,151.88685265021442,137.63997792440222,137.63997792440222,5.770660724520291,5.770660724520291,5.770660724520291,-1.4144937712715635,-1.4144937712715635,-1.4144937712715635,7.1851544957918545,7.1851544957918545,7.1851544957918545,0.0,0.0,0.0,143.41063864892251
2023-01-27,138.08011771065614,135.73202272283743,152.29629504456832,138.08011771065614,138.08011771065614,6.051688042309155,6.051688042309155,6.051688042309155,-1.2960651895624054,-1.2960651895624054,-1.2960651895624054,7.347753231871559,7.347753231871559,7.347753231871559,0.0,0.0,0.0,144.1318057529653
2023-01-30,139.40053706941805,138.1158439592753,154.50356293973869,139.40053706941805,139.40053706941805,6.600099247663617,6.600099247663617,6.600099247663617,-1.167169604154377,-1.167169604154377,-1.167169604154377,7.7672688518179935,7.7672688518179935,7.7672688518179935,0.0,0.0,0.0,146.00063631708167
2023-01-31,139.8406768556721,138.52880714644147,154.98553188357928,139.8406768556721,139.8406768556721,6.6474407074321205,6.6474407074321205,6.6474407074321205,-1.2204611969664805,-1.2204611969664805,-1.2204611969664805,7.867901904398601,7.867901904398601,7.867901904398601,0.0,0.0,0.0,146.4881175631042
2023-02-01,140.280816641926,138.9352787861468,155.12395960536347,140.280816641926,140.280816641926,6.62334277016953,6.62334277016953,6.62334277016953,-1.3175953777274254,-1.3175953777274254,-1.3175953777274254,7.940938147896956,7.940938147896956,7.940938147896956,0.0,0.0,0.0,146.90415941209554
2023-02-02,140.72095642818005,139.0918380449342,156.0702696442932,140.72095642818005,140.72095642818005,6.567375407504693,6.567375407504693,6.567375407504693,-1.41449377127278,-1.41449377127278,-1.41449377127278,7.9818691787774725,7.9818691787774725,7.9818691787774725,0.0,0.0,0.0,147.28833183568474
2023-02-03,141.161096214434,140.06689522449946,155.74575964671496,141.161096214434,141.161096214434,6.690412056327641,6.690412056327641,6.690412056327641,-1.2960651895561637,-1.2960651895561637,-1.2960651895561637,7.986477245883805,7.986477245883805,7.986477245883805,0.0,0.0,0.0,147.85150827076163
2023-02-06,142.48151557319588,141.18115789873607,157.6262289899232,142.48151557319588,142.48151557319588,6.578759035084092,6.578759035084092,6.578759035084092,-1.167169604157437,-1.167169604157437,-1.167169604157437,7.745928639241529,7.745928639241529,7.745928639241529,0.0,0.0,0.0,149.06027460827997
2023-02-07,142.92165535944986,141.03215749402906,158.44637312929822,142.92165535944986,142.92165535944986,6.35068213785598,6.35068213785598,6.35068213785598,-1.2204611969713905,-1.2204611969713905,-1.2204611969713905,7.571143334827371,7.571143334827371,7.571143334827371,0.0,0.0,0.0,149.27233749730584
2023-02-08,143.36179514570387,140.63590553798736,158.04247628791742,143.36179514570387,143.36179514570387,6.027905208629792,6.027905208629792,6.027905208629792,-1.3175953777275011,-1.3175953777275011,-1.3175953777275011,7.345500586357294,7.345500586357294,7.345500586357294,0.0,0.0,0.0,149.38970035433366
2023-02-09,143.80193493195785,141.02240550533816,157.68421142931678,143.80193493195785,143.80193493195785,5.6532727205964814,5.6532727205964814,5.6532727205964814,-1.4144937712739967,-1.4144937712739967,-1.4144937712739967,7.067766491870478,7.067766491870478,7.067766491870478,0.0,0.0,0.0,149.45520765255432
2023-02-10,144.24207471821177,141.68301636053957,157.60306652802404,144.24207471821177,144.24207471821177,5.441286886282916,5.441286886282916,5.441286886282916,-1.2960651895560777,-1.2960651895560777,-1.2960651895560777,6.737352075838994,6.737352075838994,6.737352075838994,0.0,0.0,0.0,149.68336160449468
2023-02-13,145.56249407697368,141.56592542493104,157.6375621868084,145.56249407697368,145.56249407697368,4.2669977334711495,4.2669977334711495,4.2669977334711495,-1.1671696041604966,-1.1671696041604966,-1.1671696041604966,5.4341673376316475,5.4341673376316475,5.4341673376316475,0.0,0.0,0.0,149.82949181044484
2023-02-14,146.00263386322771,141.24448834695255,158.01197699343572,146.00263386322771,146.00263386322771,3.680080868892957,3.680080868892957,3.680080868892957,-1.2204611969667007,-1.2204611969667007,-1.2204611969667007,4.900542065859658,4.900542065859658,4.900542065859658,0.0,0.0,0.0,149.68271473212067
2023-02-15,146.44277364948164,140.77107411888343,157.36313880499483,146.44277364948164,146.44277364948164,3.0037319869392047,3.0037319869392047,3.0037319869392047,-1.317595377727646,-1.317595377727646,-1.317595377727646,4.321327364666851,4.321327364666851,4.321327364666851,0.0,0.0,0.0,149.44650563642085
2023-02-16,146.88291343573567,140.35964727807723,157.34180336923612,146.88291343573567,146.88291343573567,2.2853859957774283,2.2853859957774283,2.2853859957774283,-1.4144937712735244,-1.4144937712735244,-1.4144937712735244,3.6998797670509527,3.6998797670509527,3.6998797670509527,0.0,0.0,0.0,149.1682994315131
2023-02-17,147.32305322198962,140.7173056424697,157.2246985908075,147.32305322198962,147.32305322198962,1.7440663697083343,1.7440663697083343,1.7440663697083343,-1.2960651895529134,-1.2960651895529134,-1.2960651895529134,3.040131559261248,3.040131559261248,3.040131559261248,0.0,0.0,0.0,149.06711959169795
2023-02-21,149.08361236700554,139.1897510658167,156.07073694876246,149.08361236700554,149.08361236700554,-1.1065479137740306,-1.1065479137740306,-1.1065479137740306,-1.220461196967264,-1.220461196967264,-1.220461196967264,0.11391328319323336,0.11391328319323336,0.11391328319323336,0.0,0.0,0.0,147.97706445323152
2023-02-22,149.5237521532595,139.34769627405947,155.51964619233235,149.5237521532595,149.5237521532595,-1.9797362851768407,-1.9797362851768407,-1.9797362851768407,-1.3175953777277225,-1.3175953777277225,-1.3175953777277225,-0.6621409074491186,-0.6621409074491186,-0.6621409074491186,0.0,0.0,0.0,147.54401586808265
2023-02-23,149.96389193951342,139.18663351088563,155.2597692082541,149.96389193951342,149.96389193951342,-2.8586455538664968,-2.8586455538664968,-2.8586455538664968,-1.4144937712701577,-1.4144937712701577,-1.4144937712701577,-1.4441517825963388,-1.4441517825963388,-1.4441517825963388,0.0,0.0,0.0,147.10524638564692
2023-02-24,150.40403172576745,138.62557793990933,155.030639962427,150.40403172576745,150.40403172576745,-3.522035350970723,-3.522035350970723,-3.522035350970723,-1.296065189563316,-1.296065189563316,-1.296065189563316,-2.225970161407407,-2.225970161407407,-2.225970161407407,0.0,0.0,0.0,146.88199637479673
2023-02-27,151.72445108452936,137.3759526638262,153.71598473912937,151.72445108452936,151.72445108452936,-5.6766309799239565,-5.6766309799239565,-5.6766309799239565,-1.1671696041634954,-1.1671696041634954,-1.1671696041634954,-4.509461375760461,-4.509461375760461,-4.509461375760461,0.0,0.0,0.0,146.04782010460542
2023-02-28,152.1645908707834,136.7682973733794,153.80578344401752,152.1645908707834,152.1645908707834,-6.451004718563838,-6.451004718563838,-6.451004718563838,-1.2204611969704229,-1.2204611969704229,-1.2204611969704229,-5.2305435215934155,-5.2305435215934155,-5.2305435215934155,0.0,0.0,0.0,145.71358615221956
2023-03-01,152.60473065703732,137.4530000767817,153.40018475924262,152.60473065703732,152.60473065703732,-7.240183692790399,-7.240183692790399,-7.240183692790399,-1.3175953777277982,-1.3175953777277982,-1.3175953777277982,-5.9225883150626,-5.9225883150626,-5.9225883150626,0.0,0.0,0.0,145.36454696424693
2023-03-02,153.04487044329125,137.2582418642695,153.33758044816219,153.04487044329125,153.04487044329125,-7.995286528350756,-7.995286528350756,-7.995286528350756,-1.4144937712696855,-1.4144937712696855,-1.4144937712696855,-6.5807927570810705,-6.5807927570810705,-6.5807927570810705,0.0,0.0,0.0,145.04958391494048
2023-03-03,153.48501022954528,136.72948678427232,154.29604437288546,153.48501022954528,153.48501022954528,-8.496913744488506,-8.496913744488506,-8.496913744488506,-1.2960651895601523,-1.2960651895601523,-1.2960651895601523,-7.200848554928354,-7.200848554928354,-7.200848554928354,0.0,0.0,0.0,144.9880964850568
2023-03-06,154.8054295883072,136.3267580316731,153.3946116923359,154.8054295883072,154.8054295883072,-9.964812658102014,-9.964812658102014,-9.964812658102014,-1.1671696041536161,-1.1671696041536161,-1.1671696041536161,-8.797643053948397,-8.797643053948397,-8.797643053948397,0.0,0.0,0.0,144.8406169302052
2023-03-07,155.24556937456117,136.80237654962002,153.60434370906185,155.24556937456117,155.24556937456117,-10.454252904536592,-10.454252904536592,-10.454252904536592,-1.2204611969709864,-1.2204611969709864,-1.2204611969709864,-9.233791707565604,-9.233791707565604,-9.233791707565604,0.0,0.0,0.0,144.79131647002458
2023-03-08,155.6857091608151,136.09945452719714,152.60513086383287,155.6857091608151,155.6857091608151,-10.936998905431704,-10.936998905431704,-10.936998905431704,-1.317595377727943,-1.317595377727943,-1.317595377727943,-9.619403527703762,-9.619403527703762,-9.619403527703762,0.0,0.0,0.0,144.7487102553834
2023-03-09,156.1258489470691,136.76226665627874,152.5262781152261,156.1258489470691,156.1258489470691,-11.368522707284296,-11.368522707284296,-11.368522707284296,-1.4144937712725911,-1.4144937712725911,-1.4144937712725911,-9.954028936011705,-9.954028936011705,-9.954028936011705,0.0,0.0,0.0,144.75732623978482
2023-03-10,156.56598873332308,136.50595535036058,153.33214830864094,156.56598873332308,156.56598873332308,-11.533971363271245,-11.533971363271245,-11.533971363271245,-1.2960651895569884,-1.2960651895569884,-1.2960651895569884,-10.237906173714256,-10.237906173714256,-10.237906173714256,0.0,0.0,0.0,145.03201737005185
2023-03-13,157.886408092085,137.33017375646867,154.18479508400182,157.886408092085,157.886408092085,-11.964448756472612,-11.964448756472612,-11.964448756472612,-1.1671696041566761,-1.1671696041566761,-1.1671696041566761,-10.797279152315937,-10.797279152315937,-10.797279152315937,0.0,0.0,0.0,145.92195933561237
2023-03-14,158.3265478783389,136.91159308189523,154.7835620807549,158.3265478783389,158.3265478783389,-12.113878740714354,-12.113878740714354,-12.113878740714354,-1.2204611969697983,-1.2204611969697983,-1.2204611969697983,-10.893417543744553,-10.893417543744553,-10.893417543744553,0.0,0.0,0.0,146.21266913762457
2023-03-15,158.7666876607526,137.69486751152232,154.63918571648773,158.7666876607526,158.7666876607526,-12.266877518215667,-12.266877518215667,-12.266877518215667,-1.3175953777280194,-1.3175953777280194,-1.3175953777280194,-10.949282140487647,-10.949282140487647,-10.949282140487647,0.0,0.0,0.0,146.49981014253694
2023-03-16,159.2068274431662,139.42179972261187,155.25176553625872,159.2068274431662,159.2068274431662,-12.382969801841384,-12.382969801841384,-12.382969801841384,-1.4144937712721188,-1.4144937712721188,-1.4144937712721188,-10.968476030569265,-10.968476030569265,-10.968476030569265,0.0,0.0,0.0,146.82385764132482
2023-03-17,159.64696722557989,138.76452491652134,156.4416384430758,159.64696722557989,159.64696722557989,-12.251015579614332,-12.251015579614332,-12.251015579614332,-1.2960651895538238,-1.2960651895538238,-1.2960651895538238,-10.954950390060509,-10.954950390060509,-10.954950390060509,0.0,0.0,0.0,147.39595164596557
2023-03-20,160.9673865728207,140.76018035438995,157.74899851524196,160.9673865728207,160.9673865728207,-11.928299848791054,-11.928299848791054,-11.928299848791054,-1.167169604162857,-1.167169604162857,-1.167169604162857,-10.761130244628196,-10.761130244628196,-10.761130244628196,0.0,0.0,0.0,149.03908672402963
2023-03-21,161.4075263552342,141.38202828952635,157.93134843744733,161.4075263552342,161.4075263552342,-11.880875634010565,-11.880875634010565,-11.880875634010565,-1.2204611969686106,-1.2204611969686106,-1.2204611969686106,-10.660414437041954,-10.660414437041954,-10.660414437041954,0.0,0.0,0.0,149.52665072122363
2023-03-22,161.84766613764785,142.72123821161642,158.9043443569496,161.84766613764785,161.84766613764785,-11.866745557263975,-11.866745557263975,-11.866745557263975,-1.3175953777275644,-1.3175953777275644,-1.3175953777275644,-10.54915017953641,-10.54915017953641,-10.54915017953641,0.0,0.0,0.0,149.98092058038387
2023-03-23,162.2878059200615,141.7031669743591,158.562345890227,162.2878059200615,162.2878059200615,-11.846180653143573,-11.846180653143573,-11.846180653143573,-1.4144937712716465,-1.4144937712716465,-1.4144937712716465,-10.431686881871927,-10.431686881871927,-10.431686881871927,0.0,0.0,0.0,150.44162526691792
2023-03-24,162.72794570247513,142.84688011521249,158.99228882399396,162.72794570247513,162.72794570247513,-11.608233107060673,-11.608233107060673,-11.608233107060673,-1.296065189553738,-1.296065189553738,-1.296065189553738,-10.312167917506937,-10.312167917506937,-10.312167917506937,0.0,0.0,0.0,151.11971259541446
2023-03-27,164.04836504971593,143.77417336382686,160.94143962275626,164.04836504971593,164.04836504971593,-11.145463425125229,-11.145463425125229,-11.145463425125229,-1.167169604149857,-1.167169604149857,-1.167169604149857,-9.97829382097537,-9.97829382097537,-9.97829382097537,0.0,0.0,0.0,152.9029016245907
2023-03-28,164.48850483212956,145.42355639994219,161.79221519935936,164.48850483212956,164.48850483212956,-11.106192230394722,-11.106192230394722,-11.106192230394722,-1.2204611969674222,-1.2204611969674222,-1.2204611969674222,-9.8857310334273,-9.8857310334273,-9.8857310334273,0.0,0.0,0.0,153.38231260173484
2023-03-29,164.9286446145432,145.87939834932618,162.1151983789799,164.9286446145432,164.9286446145432,-11.12432022768069,-11.12432022768069,-11.12432022768069,-1.3175953777276403,-1.3175953777276403,-1.3175953777276403,-9.80672484995305,-9.80672484995305,-9.80672484995305,0.0,0.0,0.0,153.8043243868625
2023-03-30,165.36878439695673,145.92254023517128,162.6477980462336,165.36878439695673,165.36878439695673,-11.157594407970944,-11.157594407970944,-11.157594407970944,-1.4144937712699686,-1.4144937712699686,-1.4144937712699686,-9.743100636700975,-9.743100636700975,-9.743100636700975,0.0,0.0,0.0,154.21118998898578
2023-03-31,165.80892417937036,146.35584572701998,162.95273749768774,165.80892417937036,165.80892417937036,-10.99227189262218,-10.99227189262218,-10.99227189262218,-1.2960651895474964,-1.2960651895474964,-1.2960651895474964,-9.696206703074683,-9.696206703074683,-9.696206703074683,0.0,0.0,0.0,154.8166522867482
2023-04-03,167.12934352661128,148.04642573301098,164.2937045527683,167.12934352661128,167.12934352661128,-10.829514658672064,-10.829514658672064,-10.829514658672064,-1.1671696041529167,-1.1671696041529167,-1.1671696041529167,-9.662345054519147,-9.662345054519147,-9.662345054519147,0.0,0.0,0.0,156.29982886793923
2023-04-04,167.56948330902483,148.66303715003988,165.44021882171666,167.56948330902483,167.56948330902483,-10.907052621918766,-10.907052621918766,-10.907052621918766,-1.2204611969679855,-1.2204611969679855,-1.2204611969679855,-9.686591424950779,-9.686591424950779,-9.686591424950779,0.0,0.0,0.0,156.66243068710605
2023-04-05,168.00962309143847,148.4218930192494,165.19554221832888,168.00962309143847,168.00962309143847,-11.045159670021812,-11.045159670021812,-11.045159670021812,-1.3175953777277505,-1.3175953777277505,-1.3175953777277505,-9.72756429229406,-9.72756429229406,-9.72756429229406,0.0,0.0,0.0,156.96446342141667
2023-04-06,168.4497628738521,148.88757952258004,165.40949862408635,168.4497628738521,168.4497628738521,-11.198615870809933,-11.198615870809933,-11.198615870809933,-1.4144937712694965,-1.4144937712694965,-1.4144937712694965,-9.784122099540436,-9.784122099540436,-9.784122099540436,0.0,0.0,0.0,157.25114700304218
2023-04-10,170.21032200350655,150.2071379861909,167.76720095667767,170.21032200350655,170.21032200350655,-11.302001908197369,-11.302001908197369,-11.302001908197369,-1.1671696041528554,-1.1671696041528554,-1.1671696041528554,-10.134832304044513,-10.134832304044513,-10.134832304044513,0.0,0.0,0.0,158.9083200953092
2023-04-11,170.65046178592007,150.89839738274546,167.83637546653702,170.65046178592007,170.65046178592007,-11.464898970724919,-11.464898970724919,-11.464898970724919,-1.2204611969650467,-1.2204611969650467,-1.2204611969650467,-10.244437773759872,-10.244437773759872,-10.244437773759872,0.0,0.0,0.0,159.18556281519514
2023-04-12,171.09060156833382,151.16381933906766,168.13540154765752,171.09060156833382,171.09060156833382,-11.67651216626203,-11.67651216626203,-11.67651216626203,-1.3175953777278615,-1.3175953777278615,-1.3175953777278615,-10.35891678853417,-10.35891678853417,-10.35891678853417,0.0,0.0,0.0,159.4140894020718
2023-04-13,171.53074135074735,150.61874388423726,167.85736796625872,171.53074135074735,171.53074135074735,-11.890856788051984,-11.890856788051984,-11.890856788051984,-1.4144937712724022,-1.4144937712724022,-1.4144937712724022,-10.476363016779581,-10.476363016779581,-10.476363016779581,0.0,0.0,0.0,159.63988456269536
2023-04-14,171.970881133161,151.6724135850795,168.1766836004477,171.970881133161,171.970881133161,-11.891038614228458,-11.891038614228458,-11.891038614228458,-1.2960651895578126,-1.2960651895578126,-1.2960651895578126,-10.594973424670647,-10.594973424670647,-10.594973424670647,0.0,0.0,0.0,160.07984251893254
2023-04-17,173.2913004804018,152.44864578208603,169.68647141702635,173.2913004804018,173.2913004804018,-12.1093049992202,-12.1093049992202,-12.1093049992202,-1.1671696041527941,-1.1671696041527941,-1.1671696041527941,-10.942135395067405,-10.942135395067405,-10.942135395067405,0.0,0.0,0.0,161.1819954811816
2023-04-18,173.73144026281543,152.82461587537927,169.74719745549888,173.73144026281543,173.73144026281543,-12.271211672639591,-12.271211672639591,-12.271211672639591,-1.2204611969699566,-1.2204611969699566,-1.2204611969699566,-11.050750475669634,-11.050750475669634,-11.050750475669634,0.0,0.0,0.0,161.46022859017583
2023-04-19,174.17158004522906,153.5276861155537,170.01269033802947,174.17158004522906,174.17158004522906,-12.471870562984888,-12.471870562984888,-12.471870562984888,-1.317595377727972,-1.317595377727972,-1.317595377727972,-11.154275185256916,-11.154275185256916,-11.154275185256916,0.0,0.0,0.0,161.69970948224417
2023-04-20,174.6117198276427,153.98535157340459,170.46098720284934,174.6117198276427,174.6117198276427,-12.666641884898311,-12.666641884898311,-12.666641884898311,-1.41449377127193,-1.41449377127193,-1.41449377127193,-11.252148113626383,-11.252148113626383,-11.252148113626383,0.0,0.0,0.0,161.94507794274438
2023-04-21,175.05185961005623,154.34830924802745,171.2130342930757,175.05185961005623,175.05185961005623,-12.640111402864951,-12.640111402864951,-12.640111402864951,-1.2960651895577266,-1.2960651895577266,-1.2960651895577266,-11.344046213307223,-11.344046213307223,-11.344046213307223,0.0,0.0,0.0,162.41174820719127
2023-04-24,176.37227895729714,154.971911903285,171.41425249737463,176.37227895729714,176.37227895729714,-12.751107355427715,-12.751107355427715,-12.751107355427715,-1.167169604158975,-1.167169604158975,-1.167169604158975,-11.58393775126874,-11.58393775126874,-11.58393775126874,0.0,0.0,0.0,163.62117160186943
2023-04-25,176.81241873971067,155.34269789545314,172.09521590654265,176.81241873971067,176.81241873971067,-12.873376059512312,-12.873376059512312,-12.873376059512312,-1.2204611969687686,-1.2204611969687686,-1.2204611969687686,-11.652914862543543,-11.652914862543543,-11.652914862543543,0.0,0.0,0.0,163.93904268019836
2023-04-26,177.25255852212442,156.11847568073597,172.63678830745806,177.25255852212442,177.25255852212442,-13.034828967144772,-13.034828967144772,-13.034828967144772,-1.3175953777275173,-1.3175953777275173,-1.3175953777275173,-11.717233589417255,-11.717233589417255,-11.717233589417255,0.0,0.0,0.0,164.21772955497966
2023-04-27,177.69269830453794,155.83254916480325,172.51231928684982,177.69269830453794,177.69269830453794,-13.192031565115375,-13.192031565115375,-13.192031565115375,-1.4144937712731467,-1.4144937712731467,-1.4144937712731467,-11.777537793842228,-11.777537793842228,-11.777537793842228,0.0,0.0,0.0,164.50066673942257
2023-04-28,178.13283808695147,156.5225461015896,173.6333271701946,178.13283808695147,178.13283808695147,-13.130578119904921,-13.130578119904921,-13.130578119904921,-1.2960651895576407,-1.2960651895576407,-1.2960651895576407,-11.834512930347282,-11.834512930347282,-11.834512930347282,0.0,0.0,0.0,165.00225996704654
2023-05-01,179.4532574341924,157.68897440655658,174.81200950170677,179.4532574341924,179.4532574341924,-13.15929438117173,-13.15929438117173,-13.15929438117173,-1.1671696041589141,-1.1671696041589141,-1.1671696041589141,-11.992124777012815,-11.992124777012815,-11.992124777012815,0.0,0.0,0.0,166.2939630530207
2023-05-02,179.89339721660605,158.3640151871155,174.65380988058214,179.89339721660605,179.89339721660605,-13.262583660405399,-13.262583660405399,-13.262583660405399,-1.2204611969693322,-1.2204611969693322,-1.2204611969693322,-12.042122463436067,-12.042122463436067,-12.042122463436067,0.0,0.0,0.0,166.63081355620065
2023-05-03,180.33353699901957,157.9912148821488,175.02672939564613,180.33353699901957,180.33353699901957,-13.409119657702869,-13.409119657702869,-13.409119657702869,-1.3175953777276277,-1.3175953777276277,-1.3175953777276277,-12.09152427997524,-12.09152427997524,-12.09152427997524,0.0,0.0,0.0,166.9244173413167
2023-05-04,180.7736767814332,158.3848366664951,175.6467426140299,180.7736767814332,180.7736767814332,-13.555007144128231,-13.555007144128231,-13.555007144128231,-1.4144937712697803,-1.4144937712697803,-1.4144937712697803,-12.140513372858452,-12.140513372858452,-12.140513372858452,0.0,0.0,0.0,167.21866963730497
2023-05-05,181.21381656384685,159.13503212193075,176.56953039693605,181.21381656384685,181.21381656384685,-13.48516351845053,-13.48516351845053,-13.48516351845053,-1.2960651895513986,-1.2960651895513986,-1.2960651895513986,-12.189098328899131,-12.189098328899131,-12.189098328899131,0.0,0.0,0.0,167.72865304539633
2023-05-08,182.53423591108776,161.06524542256304,177.40346219742455,182.53423591108776,182.53423591108776,-13.496883874719076,-13.496883874719076,-13.496883874719076,-1.1671696041619737,-1.1671696041619737,-1.1671696041619737,-12.329714270557103,-12.329714270557103,-12.329714270557103,0.0,0.0,0.0,169.03735203636867
2023-05-09,182.9743756935013,160.49144414107678,177.14972651140837,182.9743756935013,182.9743756935013,-13.593499723517239,-13.593499723517239,-13.593499723517239,-1.2204611969698953,-1.2204611969698953,-1.2204611969698953,-12.373038526547342,-12.373038526547342,-12.373038526547342,0.0,0.0,0.0,169.38087596998406
2023-05-10,183.4145154759151,161.8699955389041,177.58284685823858,183.4145154759151,183.4145154759151,-13.730835090060138,-13.730835090060138,-13.730835090060138,-1.3175953777277036,-1.3175953777277036,-1.3175953777277036,-12.413239712332432,-12.413239712332432,-12.413239712332432,0.0,0.0,0.0,169.68368038585496
2023-05-11,183.38349098452073,160.86074085944554,177.91616971604398,183.38349098452073,183.38349098452073,-13.863780647439476,-13.863780647439476,-13.863780647439476,-1.4144937712709968,-1.4144937712709968,-1.4144937712709968,-12.44928687616848,-12.44928687616848,-12.44928687616848,0.0,0.0,0.0,169.51971033708125
2023-05-12,183.35246649312643,161.40134064934014,178.08956712570787,183.35246649312643,183.35246649312643,-13.776102207031554,-13.776102207031554,-13.776102207031554,-1.296065189551313,-1.296065189551313,-1.296065189551313,-12.48003701748024,-12.48003701748024,-12.48003701748024,0.0,0.0,0.0,169.57636428609487
2023-05-15,183.25939301894337,160.8486708862212,178.19125569194617,183.25939301894337,183.25939301894337,-13.695247546054693,-13.695247546054693,-13.695247546054693,-1.1671696041520947,-1.1671696041520947,-1.1671696041520947,-12.528077941902598,-12.528077941902598,-12.528077941902598,0.0,0.0,0.0,169.56414547288867
2023-05-16,183.22836852754904,161.3602227262253,178.0272093955735,183.22836852754904,183.22836852754904,-13.745593776837723,-13.745593776837723,-13.745593776837723,-1.2204611969669559,-1.2204611969669559,-1.2204611969669559,-12.525132579870768,-12.525132579870768,-12.525132579870768,0.0,0.0,0.0,169.48277475071131
2023-05-17,183.1973440361547,161.12584073640363,177.20686027545162,183.1973440361547,183.1973440361547,-13.828283218939251,-13.828283218939251,-13.828283218939251,-1.3175953777278484,-1.3175953777278484,-1.3175953777278484,-12.510687841211404,-12.510687841211404,-12.510687841211404,0.0,0.0,0.0,169.36906081721546
2023-05-18,183.16631954476034,161.22868373848118,177.4219543993454,183.16631954476034,183.16631954476034,-13.898157911800098,-13.898157911800098,-13.898157911800098,-1.4144937712705248,-1.4144937712705248,-1.4144937712705248,-12.483664140529573,-12.483664140529573,-12.483664140529573,0.0,0.0,0.0,169.26816163296024
2023-05-19,183.13529505336604,161.1829595221759,178.17734566251082,183.13529505336604,183.13529505336604,-13.739183151335807,-13.739183151335807,-13.739183151335807,-1.2960651895481492,-1.2960651895481492,-1.2960651895481492,-12.443117961787657,-12.443117961787657,-12.443117961787657,0.0,0.0,0.0,169.39611190203024
2023-05-22,183.042221579183,161.63867916993715,178.03028637174188,183.042221579183,183.042221579183,-13.40070325255817,-13.40070325255817,-13.40070325255817,-1.1671696041551547,-1.1671696041551547,-1.1671696041551547,-12.233533648403016,-12.233533648403016,-12.233533648403016,0.0,0.0,0.0,169.64151832662483
2023-05-23,183.01119708778867,161.029310824401,178.41321715886392,183.01119708778867,183.01119708778867,-13.353566920857642,-13.353566920857642,-13.353566920857642,-1.2204611969675192,-1.2204611969675192,-1.2204611969675192,-12.133105723890123,-12.133105723890123,-12.133105723890123,0.0,0.0,0.0,169.65763016693103
2023-05-24,182.98017259639434,161.14094743889845,177.9504535191107,182.98017259639434,182.98017259639434,-13.334916570329526,-13.334916570329526,-13.334916570329526,-1.3175953777279246,-1.3175953777279246,-1.3175953777279246,-12.017321192601603,-12.017321192601603,-12.017321192601603,0.0,0.0,0.0,169.64525602606483
2023-05-25,182.94914810499998,161.4363132235966,177.70834890313057,182.94914810499998,182.94914810499998,-13.300967339158507,-13.300967339158507,-13.300967339158507,-1.414493771271741,-1.414493771271741,-1.414493771271741,-11.886473567886767,-11.886473567886767,-11.886473567886767,0.0,0.0,0.0,169.64818076584146
2023-05-26,182.91812361360564,160.945612700521,178.0022036335655,182.91812361360564,182.91812361360564,-13.037137189500427,-13.037137189500427,-13.037137189500427,-1.296065189558551,-1.296065189558551,-1.296065189558551,-11.741071999941878,-11.741071999941878,-11.741071999941878,0.0,0.0,0.0,169.88098642410523
2023-05-30,182.79402564802828,161.94846062200543,179.1822467975118,182.79402564802828,182.79402564802828,-12.2510249992587,-12.2510249992587,-12.2510249992587,-1.220461196968927,-1.220461196968927,-1.220461196968927,-11.030563802289773,-11.030563802289773,-11.030563802289773,0.0,0.0,0.0,170.54300064876958
2023-05-31,182.76300115663395,162.38660432934262,179.10129689680397,182.76300115663395,182.76300115663395,-12.14367799902069,-12.14367799902069,-12.14367799902069,-1.3175953777274698,-1.3175953777274698,-1.3175953777274698,-10.82608262129322,-10.82608262129322,-10.82608262129322,0.0,0.0,0.0,170.61932315761325
2023-06-01,182.73197666523959,162.1072682817097,178.8738704320299,182.73197666523959,182.73197666523959,-12.027784941659059,-12.027784941659059,-12.027784941659059,-1.4144937712712689,-1.4144937712712689,-1.4144937712712689,-10.61329117038779,-10.61329117038779,-10.61329117038779,0.0,0.0,0.0,170.70419172358052
2023-06-02,182.70095217384528,163.02660807408517,179.46802411329114,182.70095217384528,182.70095217384528,-11.689496598381414,-11.689496598381414,-11.689496598381414,-1.2960651895553872,-1.2960651895553872,-1.2960651895553872,-10.393431408826027,-10.393431408826027,-10.393431408826027,0.0,0.0,0.0,171.01145557546386
2023-06-05,182.60787869966225,163.690615637064,179.97449433148,182.60787869966225,182.60787869966225,-10.86995759127105,-10.86995759127105,-10.86995759127105,-1.1671696041581532,-1.1671696041581532,-1.1671696041581532,-9.702787987112897,-9.702787987112897,-9.702787987112897,0.0,0.0,0.0,171.7379211083912
2023-06-06,182.57685420826792,163.86430099260028,180.35206948080094,182.57685420826792,182.57685420826792,-10.685816090054464,-10.685816090054464,-10.685816090054464,-1.2204611969694903,-1.2204611969694903,-1.2204611969694903,-9.465354893084974,-9.465354893084974,-9.465354893084974,0.0,0.0,0.0,171.89103811821346
2023-06-07,182.54582971687356,164.21755915494893,180.7230730222337,182.54582971687356,182.54582971687356,-10.54302572541884,-10.54302572541884,-10.54302572541884,-1.3175953777275806,-1.3175953777275806,-1.3175953777275806,-9.22543034769126,-9.22543034769126,-9.22543034769126,0.0,0.0,0.0,172.00280399145473
2023-06-08,182.5148052254792,163.57709619462108,180.95884364099683,182.5148052254792,182.5148052254792,-10.397846977963889,-10.397846977963889,-10.397846977963889,-1.4144937712741745,-1.4144937712741745,-1.4144937712741745,-8.983353206689715,-8.983353206689715,-8.983353206689715,0.0,0.0,0.0,172.1169582475153
2023-06-09,182.4837807340849,163.91598269465922,180.4700901912221,182.4837807340849,182.4837807340849,-10.035277564046433,-10.035277564046433,-10.035277564046433,-1.2960651895522233,-1.2960651895522233,-1.2960651895522233,-8.73921237449421,-8.73921237449421,-8.73921237449421,0.0,0.0,0.0,172.44850317003846
2023-06-12,182.39070725990186,164.8391746805767,182.0928359814169,182.39070725990186,182.39070725990186,-9.15856718952144,-9.15856718952144,-9.15856718952144,-1.1671696041580921,-1.1671696041580921,-1.1671696041580921,-7.99139758536335,-7.99139758536335,-7.99139758536335,0.0,0.0,0.0,173.2321400703804
2023-06-13,182.35968276850753,164.56013148236332,181.76386007231457,182.35968276850753,182.35968276850753,-8.955185935721797,-8.955185935721797,-8.955185935721797,-1.2204611969683026,-1.2204611969683026,-1.2204611969683026,-7.734724738753496,-7.734724738753496,-7.734724738753496,0.0,0.0,0.0,173.40449683278572
2023-06-14,182.3286582771132,165.32184695527283,181.7782531915645,182.3286582771132,182.3286582771132,-8.790236353534969,-8.790236353534969,-8.790236353534969,-1.3175953777276905,-1.3175953777276905,-1.3175953777276905,-7.472640975807279,-7.472640975807279,-7.472640975807279,0.0,0.0,0.0,173.53842192357823
2023-06-15,182.29763378571883,166.0309477536906,182.1681911100284,182.29763378571883,182.29763378571883,-8.61832860486622,-8.61832860486622,-8.61832860486622,-1.414493771273702,-1.414493771273702,-1.414493771273702,-7.203834833592517,-7.203834833592517,-7.203834833592517,0.0,0.0,0.0,173.67930518085262
2023-06-16,182.26660929432452,165.45077613000382,182.3626136985063,182.26660929432452,182.26660929432452,-8.222924836411565,-8.222924836411565,-8.222924836411565,-1.2960651895626256,-1.2960651895626256,-1.2960651895626256,-6.92685964684894,-6.92685964684894,-6.92685964684894,0.0,0.0,0.0,174.04368445791295
2023-06-20,182.14251132874713,166.540512417904,183.78596763441968,182.14251132874713,182.14251132874713,-6.926932421137398,-6.926932421137398,-6.926932421137398,-1.2204611969671144,-1.2204611969671144,-1.2204611969671144,-5.706471224170284,-5.706471224170284,-5.706471224170284,0.0,0.0,0.0,175.21557890760974
2023-06-21,182.1114868373528,167.3644709200682,183.4495427506992,182.1114868373528,182.1114868373528,-6.68348933307734,-6.68348933307734,-6.68348933307734,-1.3175953777277667,-1.3175953777277667,-1.3175953777277667,-5.365893955349573,-5.365893955349573,-5.365893955349573,0.0,0.0,0.0,175.42799750427545
2023-06-22,182.08046234595847,167.00243451539265,184.37515185494428,182.08046234595847,182.08046234595847,-6.423151414798337,-6.423151414798337,-6.423151414798337,-1.4144937712703356,-1.4144937712703356,-1.4144937712703356,-5.008657643528,-5.008657643528,-5.008657643528,0.0,0.0,0.0,175.65731093116014
2023-06-23,182.04943785456413,167.1423779837464,183.92659426089153,182.04943785456413,182.04943785456413,-5.930000272866974,-5.930000272866974,-5.930000272866974,-1.2960651895625397,-1.2960651895625397,-1.2960651895625397,-4.633935083304434,-4.633935083304434,-4.633935083304434,0.0,0.0,0.0,176.11943758169716
2023-06-26,181.9563643803811,168.58244193696999,185.6253774361363,181.9563643803811,181.9563643803811,-4.568838947442556,-4.568838947442556,-4.568838947442556,-1.1671696041543937,-1.1671696041543937,-1.1671696041543937,-3.4016693432881624,-3.4016693432881624,-3.4016693432881624,0.0,0.0,0.0,177.38752543293856
2023-06-27,181.92533988898677,169.5054436271188,185.66558440890094,181.92533988898677,181.92533988898677,-4.17627233829318,-4.17627233829318,-4.17627233829318,-1.2204611969702734,-1.2204611969702734,-1.2204611969702734,-2.955811141322907,-2.955811141322907,-2.955811141322907,0.0,0.0,0.0,177.74906755069358
2023-06-28,181.89431539759244,169.44767227112155,186.28980035550455,181.89431539759244,181.89431539759244,-3.811560756848841,-3.811560756848841,-3.811560756848841,-1.3175953777278429,-1.3175953777278429,-1.3175953777278429,-2.4939653791209984,-2.4939653791209984,-2.4939653791209984,0.0,0.0,0.0,178.0827546407436
2023-06-29,181.8632909061981,170.37720772270288,187.3420450865165,181.8632909061981,181.8632909061981,-3.432256305295234,-3.432256305295234,-3.432256305295234,-1.4144937712715524,-1.4144937712715524,-1.4144937712715524,-2.017762534023682,-2.017762534023682,-2.017762534023682,0.0,0.0,0.0,178.43103460090288
2023-06-30,181.83226641480374,170.71454451194703,187.0668025058464,181.83226641480374,181.83226641480374,-2.8253594838433056,-2.8253594838433056,-2.8253594838433056,-1.2960651895562973,-1.2960651895562973,-1.2960651895562973,-1.5292942942870082,-1.5292942942870082,-1.5292942942870082,0.0,0.0,0.0,179.00690693096044
2023-07-03,181.7391929406207,173.2254741373075,188.7242620630712,181.7391929406207,181.7391929406207,-1.1848610527780443,-1.1848610527780443,-1.1848610527780443,-1.1671696041574535,-1.1671696041574535,-1.1671696041574535,-0.017691448620590897,-0.017691448620590897,-0.017691448620590897,0.0,0.0,0.0,180.55433188784266
2023-07-05,181.67714395783204,172.95278910430207,189.2738806662637,181.67714395783204,181.67714395783204,-0.3228966335186534,-0.3228966335186534,-0.3228966335186534,-1.317595377727953,-1.317595377727953,-1.317595377727953,0.9946987442092997,0.9946987442092997,0.9946987442092997,0.0,0.0,0.0,181.35424732431338
2023-07-06,181.6461194664377,173.78676048818687,190.2752611963092,181.6461194664377,181.6461194664377,0.07618588132511304,0.07618588132511304,0.07618588132511304,-1.4144937712727692,-1.4144937712727692,-1.4144937712727692,1.4906796525978823,1.4906796525978823,1.4906796525978823,0.0,0.0,0.0,181.7223053477628
2023-07-07,181.61509497504338,174.25470226487803,190.495998854916,181.61509497504338,181.61509497504338,0.6782456758634883,0.6782456758634883,0.6782456758634883,-1.2960651895562119,-1.2960651895562119,-1.2960651895562119,1.9743108654197001,1.9743108654197001,1.9743108654197001,0.0,0.0,0.0,182.29334065090686
2023-07-10,181.52202150086032,175.6155721850049,191.8478543846088,181.52202150086032,181.52202150086032,2.1425176818512752,2.1425176818512752,2.1425176818512752,-1.1671696041573927,-1.1671696041573927,-1.1671696041573927,3.309687286008668,3.309687286008668,3.309687286008668,0.0,0.0,0.0,183.6645391827116
2023-07-11,181.47038774382224,175.60680277631226,192.27674375790528,181.47038774382224,181.47038774382224,2.482818301029168,2.482818301029168,2.482818301029168,-1.2204611969678978,-1.2204611969678978,-1.2204611969678978,3.7032794979970656,3.7032794979970656,3.7032794979970656,0.0,0.0,0.0,183.9532060448514
2023-07-12,181.4187539867842,175.60035588037755,192.36988462024823,181.4187539867842,181.4187539867842,2.747710957762381,2.747710957762381,2.747710957762381,-1.3175953777280636,-1.3175953777280636,-1.3175953777280636,4.065306335490444,4.065306335490444,4.065306335490444,0.0,0.0,0.0,184.1664649445466
2023-07-13,181.36712022974612,175.46857678511083,192.67791369907349,181.36712022974612,181.36712022974612,2.978410604240731,2.978410604240731,2.978410604240731,-1.4144937712694026,-1.4144937712694026,-1.4144937712694026,4.392904375510134,4.392904375510134,4.392904375510134,0.0,0.0,0.0,184.34553083398686
2023-07-14,181.3154864727081,176.15502840145905,193.18704795348748,181.3154864727081,181.3154864727081,3.387668817407595,3.387668817407595,3.387668817407595,-1.296065189553048,-1.296065189553048,-1.296065189553048,4.683734006960643,4.683734006960643,4.683734006960643,0.0,0.0,0.0,184.7031552901157
2023-07-17,181.1605852015939,177.59096935043274,193.2995549403064,181.1605852015939,181.1605852015939,4.1542716688959835,4.1542716688959835,4.1542716688959835,-1.1671696041604522,-1.1671696041604522,-1.1671696041604522,5.321441273056436,5.321441273056436,5.321441273056436,0.0,0.0,0.0,185.31485687048988
2023-07-18,181.10895144455586,177.00694723124727,193.52877933413674,181.10895144455586,181.10895144455586,4.233979556819878,4.233979556819878,4.233979556819878,-1.220461196968461,-1.220461196968461,-1.220461196968461,5.454440753788339,5.454440753788339,5.454440753788339,0.0,0.0,0.0,185.34293100137575
2023-07-19,181.0573176875178,176.13425628335085,193.88542771048824,181.0573176875178,181.0573176875178,4.231215472819374,4.231215472819374,4.231215472819374,-1.317595377727609,-1.317595377727609,-1.317595377727609,5.548810850546983,5.548810850546983,5.548810850546983,0.0,0.0,0.0,185.28853316033718
2023-07-20,181.00568393047976,177.45360191997636,193.30301472961958,181.00568393047976,181.00568393047976,4.191854247978348,4.191854247978348,4.191854247978348,-1.4144937712706191,-1.4144937712706191,-1.4144937712706191,5.6063480192489665,5.6063480192489665,5.6063480192489665,0.0,0.0,0.0,185.1975381784581
2023-07-21,180.9540501734417,177.21960919076122,193.35738809586337,180.9540501734417,180.9540501734417,4.333499342734998,4.333499342734998,4.333499342734998,-1.2960651895529618,-1.2960651895529618,-1.2960651895529618,5.629564532287961,5.629564532287961,5.629564532287961,0.0,0.0,0.0,185.28754951617668
2023-07-24,180.79914890232752,175.73524726535393,193.19610374304375,180.79914890232752,180.79914890232752,4.361098274179645,4.361098274179645,4.361098274179645,-1.1671696041505735,-1.1671696041505735,-1.1671696041505735,5.52826787833022,5.52826787833022,5.52826787833022,0.0,0.0,0.0,185.16024717650717
2023-07-25,180.74751514528947,176.46094830320652,193.27109937914173,180.74751514528947,180.74751514528947,4.231560622250454,4.231560622250454,4.231560622250454,-1.2204611969672727,-1.2204611969672727,-1.2204611969672727,5.452021819217727,5.452021819217727,5.452021819217727,0.0,0.0,0.0,184.9790757675399
2023-07-26,180.6958813882514,176.81640507535252,192.58991672782952,180.6958813882514,180.6958813882514,4.04532328342701,4.04532328342701,4.04532328342701,-1.3175953777276854,-1.3175953777276854,-1.3175953777276854,5.362918661154695,5.362918661154695,5.362918661154695,0.0,0.0,0.0,184.74120467167842
2023-07-27,180.64424763121337,176.54521341136333,192.69859671185685,180.64424763121337,180.64424763121337,3.8519660205360378,3.8519660205360378,3.8519660205360378,-1.4144937712701469,-1.4144937712701469,-1.4144937712701469,5.266459791806184,5.266459791806184,5.266459791806184,0.0,0.0,0.0,184.4962136517494
2023-07-28,180.59261387417527,176.1600663081104,192.35339143672255,180.59261387417527,180.59261387417527,3.8722388580781835,3.8722388580781835,3.8722388580781835,-1.2960651895497979,-1.2960651895497979,-1.2960651895497979,5.168304047627982,5.168304047627982,5.168304047627982,0.0,0.0,0.0,184.46485273225346
2023-07-31,180.43771260306113,176.298494084784,192.33108551923715,180.43771260306113,180.43771260306113,3.7528733134655834,3.7528733134655834,3.7528733134655834,-1.167169604153633,-1.167169604153633,-1.167169604153633,4.920042917619216,4.920042917619216,4.920042917619216,0.0,0.0,0.0,184.19058591652671
2023-08-01,180.38607884602308,175.43363182719634,192.3104506093255,180.38607884602308,180.38607884602308,3.6500881587871126,3.6500881587871126,3.6500881587871126,-1.2204611969678363,-1.2204611969678363,-1.2204611969678363,4.870549355754949,4.870549355754949,4.870549355754949,0.0,0.0,0.0,184.03616700481018
2023-08-02,180.334445088985,175.2380163933057,191.6144008566609,180.334445088985,180.334445088985,3.5281241479190317,3.5281241479190317,3.5281241479190317,-1.3175953777278302,-1.3175953777278302,-1.3175953777278302,4.845719525646862,4.845719525646862,4.845719525646862,0.0,0.0,0.0,183.86256923690405
2023-08-03,180.28281133194696,174.7037827830925,191.99902618510163,180.28281133194696,180.28281133194696,3.4351021023723587,3.4351021023723587,3.4351021023723587,-1.4144937712730525,-1.4144937712730525,-1.4144937712730525,4.849595873645411,4.849595873645411,4.849595873645411,0.0,0.0,0.0,183.7179134343193
2023-08-04,180.23117757490888,175.96402483211006,191.5903299097841,180.23117757490888,180.23117757490888,3.5894936231653958,3.5894936231653958,3.5894936231653958,-1.2960651895602002,-1.2960651895602002,-1.2960651895602002,4.885558812725596,4.885558812725596,4.885558812725596,0.0,0.0,0.0,183.82067119807428
2023-08-07,180.0762763037947,175.9612538990028,192.48090309226436,180.0762763037947,180.0762763037947,4.0409676344278695,4.0409676344278695,4.0409676344278695,-1.167169604153572,-1.167169604153572,-1.167169604153572,5.208137238581442,5.208137238581442,5.208137238581442,0.0,0.0,0.0,184.11724393822257
2023-08-08,180.0246425467567,176.08160584841653,192.98981880661776,180.0246425467567,180.0246425467567,4.1698593048583374,4.1698593048583374,4.1698593048583374,-1.2204611969666483,-1.2204611969666483,-1.2204611969666483,5.390320501824986,5.390320501824986,5.390320501824986,0.0,0.0,0.0,184.19450185161503
2023-08-09,179.97300878971862,176.09242530059478,192.22000120073986,179.97300878971862,179.97300878971862,4.291510858570735,4.291510858570735,4.291510858570735,-1.3175953777273408,-1.3175953777273408,-1.3175953777273408,5.609106236298075,5.609106236298075,5.609106236298075,0.0,0.0,0.0,184.26451964828937
2023-08-10,179.92137503268057,176.30842307424,193.05387172279748,179.92137503268057,179.92137503268057,4.448180301228483,4.448180301228483,4.448180301228483,-1.4144937712725802,-1.4144937712725802,-1.4144937712725802,5.862674072501063,5.862674072501063,5.862674072501063,0.0,0.0,0.0,184.36955533390906
2023-08-11,179.8697412756425,176.39477747187007,192.94367292739915,179.8697412756425,179.8697412756425,4.852238610443391,4.852238610443391,4.852238610443391,-1.2960651895570363,-1.2960651895570363,-1.2960651895570363,6.148303800000426,6.148303800000426,6.148303800000426,0.0,0.0,0.0,184.72197988608588
2023-08-14,179.71484000452836,177.56236112284896,194.27654973312474,179.71484000452836,179.71484000452836,5.9907315818673785,5.9907315818673785,5.9907315818673785,-1.1671696041597523,-1.1671696041597523,-1.1671696041597523,7.157901186027131,7.157901186027131,7.157901186027131,0.0,0.0,0.0,185.70557158639573
2023-08-15,179.66320624749028,177.95146385173115,194.61459979442787,179.66320624749028,179.66320624749028,6.308016363638456,6.308016363638456,6.308016363638456,-1.2204611969698076,-1.2204611969698076,-1.2204611969698076,7.528477560608264,7.528477560608264,7.528477560608264,0.0,0.0,0.0,185.97122261112872
2023-08-16,179.61157249045223,178.18430695596584,194.46581562061445,179.61157249045223,179.61157249045223,6.588566292350025,6.588566292350025,6.588566292350025,-1.3175953777274856,-1.3175953777274856,-1.3175953777274856,7.906161670077511,7.906161670077511,7.906161670077511,0.0,0.0,0.0,186.20013878280227
2023-08-17,179.55993873341416,178.19675383225012,195.0012704495801,179.55993873341416,179.55993873341416,6.869859301720152,6.869859301720152,6.869859301720152,-1.414493771272108,-1.414493771272108,-1.414493771272108,8.284353072992259,8.284353072992259,8.284353072992259,0.0,0.0,0.0,186.4297980351343
2023-08-18,179.50830497637614,178.28027524448663,195.10533898804155,179.50830497637614,179.50830497637614,7.360130807691985,7.360130807691985,7.360130807691985,-1.2960651895569502,-1.2960651895569502,-1.2960651895569502,8.656195997248936,8.656195997248936,8.656195997248936,0.0,0.0,0.0,186.8684357840681
2023-08-21,179.35340370526194,179.57399782475164,196.15439297950377,179.35340370526194,179.35340370526194,8.496988553233047,8.496988553233047,8.496988553233047,-1.1671696041596915,-1.1671696041596915,-1.1671696041596915,9.66415815739274,9.66415815739274,9.66415815739274,0.0,0.0,0.0,187.850392258495
2023-08-22,179.3017699482239,179.708754745594,196.11867342809634,179.3017699482239,179.3017699482239,8.721350601212439,8.721350601212439,8.721350601212439,-1.2204611969686197,-1.2204611969686197,-1.2204611969686197,9.94181179818106,9.94181179818106,9.94181179818106,0.0,0.0,0.0,188.02312054943633
2023-08-23,179.25013619118585,179.32220433816758,196.32325382985098,179.25013619118585,179.25013619118585,8.862286989218681,8.862286989218681,8.862286989218681,-1.317595377727562,-1.317595377727562,-1.317595377727562,10.179882366946243,10.179882366946243,10.179882366946243,0.0,0.0,0.0,188.11242318040453
2023-08-24,179.1985024341478,179.98155726725992,196.22033722385393,179.1985024341478,179.1985024341478,8.95839269050303,8.95839269050303,8.95839269050303,-1.4144937712733248,-1.4144937712733248,-1.4144937712733248,10.372886461776353,10.372886461776353,10.372886461776353,0.0,0.0,0.0,188.15689512465082
2023-08-25,179.14686867710972,179.56429395115026,196.8456663258312,179.14686867710972,179.14686867710972,9.219949935539296,9.219949935539296,9.219949935539296,-1.2960651895507083,-1.2960651895507083,-1.2960651895507083,10.516015125090004,10.516015125090004,10.516015125090004,0.0,0.0,0.0,188.366818612649
2023-08-28,178.99196740599558,179.82302618316012,197.1344606484117,178.99196740599558,178.99196740599558,9.442982592954824,9.442982592954824,9.442982592954824,-1.1671696041596302,-1.1671696041596302,-1.1671696041596302,10.610152197114454,10.610152197114454,10.610152197114454,0.0,0.0,0.0,188.4349499989504
2023-08-29,178.9403336489575,179.64304367188006,196.66475363794098,178.9403336489575,178.9403336489575,9.301854739751205,9.301854739751205,9.301854739751205,-1.2204611969691825,-1.2204611969691825,-1.2204611969691825,10.522315936720387,10.522315936720387,10.522315936720387,0.0,0.0,0.0,188.2421883887087
2023-08-30,178.88869989191946,179.68363357408353,196.44135658336484,178.88869989191946,178.88869989191946,9.055974263815463,9.055974263815463,9.055974263815463,-1.3175953777276723,-1.3175953777276723,-1.3175953777276723,10.373569641543137,10.373569641543137,10.373569641543137,0.0,0.0,0.0,187.94467415573493
2023-08-31,178.8370661348814,179.04174593233438,195.67854721357318,178.8370661348814,178.8370661348814,8.750139032954332,8.750139032954332,8.750139032954332,-1.4144937712682688,-1.4144937712682688,-1.4144937712682688,10.1646328042226,10.1646328042226,10.1646328042226,0.0,0.0,0.0,187.58720516783575
2023-09-01,178.7854323778433,180.08617327329418,195.83042971348803,178.7854323778433,178.7854323778433,8.601150796122704,8.601150796122704,8.601150796122704,-1.2960651895506226,-1.2960651895506226,-1.2960651895506226,9.897215985673325,9.897215985673325,9.897215985673325,0.0,0.0,0.0,187.38658317396602
2023-09-05,178.57889734969112,177.33799462518272,194.8341706636178,178.57889734969112,178.57889734969112,7.088777351992281,7.088777351992281,7.088777351992281,-1.2204611969705903,-1.2204611969705903,-1.2204611969705903,8.309238548962872,8.309238548962872,8.309238548962872,0.0,0.0,0.0,185.6676747016834
2023-09-06,178.52726359265293,177.1218840692669,192.84715399409436,178.52726359265293,178.52726359265293,6.488784503488706,6.488784503488706,6.488784503488706,-1.3175953777277827,-1.3175953777277827,-1.3175953777277827,7.806379881216488,7.806379881216488,7.806379881216488,0.0,0.0,0.0,185.01604809614165
2023-09-07,178.4963198100096,175.77804216838584,192.26686352714384,178.4963198100096,178.4963198100096,5.858481441730481,5.858481441730481,5.858481441730481,-1.4144937712711745,-1.4144937712711745,-1.4144937712711745,7.272975213001656,7.272975213001656,7.272975213001656,0.0,0.0,0.0,184.35480125174007
2023-09-08,178.4653760273663,175.40575793820602,192.2006080297152,178.4653760273663,178.4653760273663,5.4197030784621685,5.4197030784621685,5.4197030784621685,-1.2960651895505364,-1.2960651895505364,-1.2960651895505364,6.715768268012704,6.715768268012704,6.715768268012704,0.0,0.0,0.0,183.88507910582845
2023-09-11,178.37254467943626,173.843569260864,190.494829435633,178.37254467943626,178.37254467943626,3.8050287528188003,3.8050287528188003,3.8050287528188003,-1.16716960414969,-1.16716960414969,-1.16716960414969,4.97219835696849,4.97219835696849,4.97219835696849,0.0,0.0,0.0,182.17757343225506
2023-09-12,178.34160089679293,172.64237224738696,190.304251154555,178.34160089679293,178.34160089679293,3.170396243803754,3.170396243803754,3.170396243803754,-1.2204611969711538,-1.2204611969711538,-1.2204611969711538,4.390857440774908,4.390857440774908,4.390857440774908,0.0,0.0,0.0,181.5119971405967
2023-09-13,178.3106571141496,172.40637700235388,188.59304732782275,178.3106571141496,178.3106571141496,2.503407769988775,2.503407769988775,2.503407769988775,-1.3175953777278935,-1.3175953777278935,-1.3175953777278935,3.8210031477166684,3.8210031477166684,3.8210031477166684,0.0,0.0,0.0,180.81406488413836
2023-09-14,178.27971333150626,171.83301818463443,188.7348475668845,178.27971333150626,178.27971333150626,1.8546049918552763,1.8546049918552763,1.8546049918552763,-1.4144937712707022,-1.4144937712707022,-1.4144937712707022,3.2690987631259785,3.2690987631259785,3.2690987631259785,0.0,0.0,0.0,180.13431832336153
2023-09-15,178.24876954886292,171.25172668190407,187.82832145714454,178.24876954886292,178.24876954886292,1.4450674167591866,1.4450674167591866,1.4450674167591866,-1.2960651895473727,-1.2960651895473727,-1.2960651895473727,2.741132606306559,2.741132606306559,2.741132606306559,0.0,0.0,0.0,179.6938369656221
2023-09-18,178.15593820093292,170.4791916889617,186.28762467367244,178.15593820093292,178.15593820093292,0.1844784724807659,0.1844784724807659,0.1844784724807659,-1.1671696041558706,-1.1671696041558706,-1.1671696041558706,1.3516480766366366,1.3516480766366366,1.3516480766366366,0.0,0.0,0.0,178.3404166734137
2023-09-19,178.12499441828956,169.5620102951885,185.82488536373927,178.12499441828956,178.12499441828956,-0.2537973519079472,-0.2537973519079472,-0.2537973519079472,-1.2204611969682149,-1.2204611969682149,-1.2204611969682149,0.9666638450602676,0.9666638450602676,0.9666638450602676,0.0,0.0,0.0,177.87119706638163
2023-09-20,178.09405063564625,168.75756241239583,185.51245582835676,178.09405063564625,178.09405063564625,-0.692104817335767,-0.692104817335767,-0.692104817335767,-1.3175953777279694,-1.3175953777279694,-1.3175953777279694,0.6254905603922024,0.6254905603922024,0.6254905603922024,0.0,0.0,0.0,177.40194581831048
2023-09-21,178.0631068530029,168.2980159830511,185.31724777740786,178.0631068530029,178.0631068530029,-1.0847744913181494,-1.0847744913181494,-1.0847744913181494,-1.414493771271919,-1.414493771271919,-1.414493771271919,0.3297192799537696,0.3297192799537696,0.3297192799537696,0.0,0.0,0.0,176.97833236168475
2023-09-22,178.03216307035956,168.2560970695125,184.95481209122374,178.03216307035956,178.03216307035956,-1.2159624368177309,-1.2159624368177309,-1.2159624368177309,-1.2960651895577748,-1.2960651895577748,-1.2960651895577748,0.08010275274004411,0.08010275274004411,0.08010275274004411,0.0,0.0,0.0,176.81620063354183
2023-09-25,177.93933172242956,167.55394205898594,185.3646111121098,177.93933172242956,177.93933172242956,-1.5635937572399974,-1.5635937572399974,-1.5635937572399974,-1.1671696041558097,-1.1671696041558097,-1.1671696041558097,-0.39642415308418777,-0.39642415308418777,-0.39642415308418777,0.0,0.0,0.0,176.37573796518956
2023-09-26,177.90838793978622,168.33620410088466,184.25865801981556,177.90838793978622,177.90838793978622,-1.6902406415974418,-1.6902406415974418,-1.6902406415974418,-1.2204611969687782,-1.2204611969687782,-1.2204611969687782,-0.46977944462866345,-0.46977944462866345,-0.46977944462866345,0.0,0.0,0.0,176.21814729818877
2023-09-27,177.8774441571429,167.51948724321792,184.30536137779723,177.8774441571429,177.8774441571429,-1.822295312502481,-1.822295312502481,-1.822295312502481,-1.3175953777275144,-1.3175953777275144,-1.3175953777275144,-0.5046999347749667,-0.5046999347749667,-0.5046999347749667,0.0,0.0,0.0,176.0551488446404
2023-09-28,177.84650037449956,167.43275798528722,183.45918521719227,177.84650037449956,177.84650037449956,-1.9191044565477002,-1.9191044565477002,-1.9191044565477002,-1.4144937712731358,-1.4144937712731358,-1.4144937712731358,-0.5046106852745644,-0.5046106852745644,-0.5046106852745644,0.0,0.0,0.0,175.92739591795186
2023-09-29,177.81555659185622,167.73990826853156,184.59532759086002,177.81555659185622,177.81555659185622,-1.7694385902030714,-1.7694385902030714,-1.7694385902030714,-1.296065189551533,-1.296065189551533,-1.296065189551533,-0.47337340065153855,-0.47337340065153855,-0.47337340065153855,0.0,0.0,0.0,176.04611800165316
2023-10-02,177.72272524392622,168.4654999541265,184.7335114721755,177.72272524392622,177.72272524392622,-1.403059322406754,-1.403059322406754,-1.403059322406754,-1.1671696041588695,-1.1671696041588695,-1.1671696041588695,-0.2358897182478844,-0.2358897182478844,-0.2358897182478844,0.0,0.0,0.0,176.31966592151946
2023-10-03,177.6917814612829,167.90427451681262,184.35560786821813,177.6917814612829,177.6917814612829,-1.3444336309553393,-1.3444336309553393,-1.3444336309553393,-1.2204611969693409,-1.2204611969693409,-1.2204611969693409,-0.1239724339859984,-0.1239724339859984,-0.1239724339859984,0.0,0.0,0.0,176.34734783032755
2023-10-04,177.66083767863955,167.98958338084486,184.70596357812005,177.66083767863955,177.66083767863955,-1.3209054485673686,-1.3209054485673686,-1.3209054485673686,-1.3175953777275904,-1.3175953777275904,-1.3175953777275904,-0.0033100708397783424,-0.0033100708397783424,-0.0033100708397783424,0.0,0.0,0.0,176.33993223007218
2023-10-05,177.6298938959962,167.95708259513174,184.79673285020908,177.6298938959962,177.6298938959962,-1.2928057864168818,-1.2928057864168818,-1.2928057864168818,-1.4144937712743524,-1.4144937712743524,-1.4144937712743524,0.12168798485747052,0.12168798485747052,0.12168798485747052,0.0,0.0,0.0,176.3370881095793
2023-10-06,177.59895011335286,168.55746970788823,184.5891717566762,177.59895011335286,177.59895011335286,-1.0492170811996602,-1.0492170811996602,-1.0492170811996602,-1.2960651895514468,-1.2960651895514468,-1.2960651895514468,0.24684810835178664,0.24684810835178664,0.24684810835178664,0.0,0.0,0.0,176.5497330321532
2023-10-09,177.50611876542285,169.30531574455597,185.17415555463722,177.50611876542285,177.50611876542285,-0.5805324810754688,-0.5805324810754688,-0.5805324810754688,-1.1671696041489903,-1.1671696041489903,-1.1671696041489903,0.5866371230735216,0.5866371230735216,0.5866371230735216,0.0,0.0,0.0,176.9255862843474
2023-10-10,177.47517498277952,169.42257752947936,184.63954238566362,177.47517498277952,177.47517498277952,-0.5425741491438191,-0.5425741491438191,-0.5425741491438191,-1.2204611969664023,-1.2204611969664023,-1.2204611969664023,0.6778870478225834,0.6778870478225834,0.6778870478225834,0.0,0.0,0.0,176.9326008336357
2023-10-11,177.4442312001362,168.55154310865748,184.99253325841642,177.4442312001362,177.4442312001362,-0.5633168584559682,-0.5633168584559682,-0.5633168584559682,-1.3175953777277356,-1.3175953777277356,-1.3175953777277356,0.7542785192717674,0.7542785192717674,0.7542785192717674,0.0,0.0,0.0,176.8809143416802
2023-10-12,177.41328741749285,168.687828719056,186.18135408014894,177.41328741749285,177.41328741749285,-0.6002116593511942,-0.6002116593511942,-0.6002116593511942,-1.4144937712738803,-1.4144937712738803,-1.4144937712738803,0.8142821119226858,0.8142821119226858,0.8142821119226858,0.0,0.0,0.0,176.81307575814165
2023-10-13,177.38234363484955,168.47746835376208,185.72646287466557,177.38234363484955,177.38234363484955,-0.43915979829119844,-0.43915979829119844,-0.43915979829119844,-1.296065189561849,-1.296065189561849,-1.296065189561849,0.8569053912706505,0.8569053912706505,0.8569053912706505,0.0,0.0,0.0,176.94318383655835
2023-10-16,177.28951228691952,168.91805893074817,185.01145124613984,177.28951228691952,177.28951228691952,-0.2887190189122044,-0.2887190189122044,-0.2887190189122044,-1.1671696041520503,-1.1671696041520503,-1.1671696041520503,0.8784505852398459,0.8784505852398459,0.8784505852398459,0.0,0.0,0.0,177.0007932680073
2023-10-17,177.25856850427618,168.28209208896683,185.05771884772253,177.25856850427618,177.25856850427618,-0.3684810628615678,-0.3684810628615678,-0.3684810628615678,-1.2204611969669654,-1.2204611969669654,-1.2204611969669654,0.8519801341053975,0.8519801341053975,0.8519801341053975,0.0,0.0,0.0,176.8900874414146
2023-10-18,177.22762472163285,168.88632423428348,185.90302066324918,177.22762472163285,177.22762472163285,-0.5069037677519778,-0.5069037677519778,-0.5069037677519778,-1.3175953777278113,-1.3175953777278113,-1.3175953777278113,0.8106916099758337,0.8106916099758337,0.8106916099758337,0.0,0.0,0.0,176.72072095388089
2023-10-19,177.19668093898952,168.05864303428035,185.16591972636735,177.19668093898952,177.19668093898952,-0.658130554675072,-0.658130554675072,-0.658130554675072,-1.4144937712722023,-1.4144937712722023,-1.4144937712722023,0.7563632165971304,0.7563632165971304,0.7563632165971304,0.0,0.0,0.0,176.53855038431445
2023-10-20,177.16573715634615,168.19086438181017,185.01272043839532,177.16573715634615,177.16573715634615,-0.6049838310324807,-0.6049838310324807,-0.6049838310324807,-1.2960651895617634,-1.2960651895617634,-1.2960651895617634,0.6910813585292829,0.6910813585292829,0.6910813585292829,0.0,0.0,0.0,176.56075332531367
2023-10-23,177.07290580841618,168.38622180005402,184.07722518436918,177.07290580841618,177.07290580841618,-0.713402129975125,-0.713402129975125,-0.713402129975125,-1.16716960415511,-1.16716960415511,-1.16716960415511,0.4537674741799851,0.4537674741799851,0.4537674741799851,0.0,0.0,0.0,176.35950367844106
2023-10-24,177.04196202577282,168.08790585299295,184.6363878866707,177.04196202577282,177.04196202577282,-0.8508298560443672,-0.8508298560443672,-0.8508298560443672,-1.2204611969701247,-1.2204611969701247,-1.2204611969701247,0.3696313409257575,0.3696313409257575,0.3696313409257575,0.0,0.0,0.0,176.19113216972846
2023-10-25,177.01101824312948,167.7133257552172,184.19947373733652,177.01101824312948,177.01101824312948,-1.030074717629141,-1.030074717629141,-1.030074717629141,-1.3175953777278873,-1.3175953777278873,-1.3175953777278873,0.28752066009874633,0.28752066009874633,0.28752066009874633,0.0,0.0,0.0,175.98094352550035
2023-10-26,176.98007446048615,166.83734957728518,183.90653934044224,176.98007446048615,176.98007446048615,-1.2043643961032668,-1.2043643961032668,-1.2043643961032668,-1.41449377127173,-1.41449377127173,-1.41449377127173,0.21012937516846317,0.21012937516846317,0.21012937516846317,0.0,0.0,0.0,175.77571006438288
2023-10-27,176.94913067784282,167.67892531837455,184.60375100819147,176.94913067784282,176.94913067784282,-1.1560058202520307,-1.1560058202520307,-1.1560058202520307,-1.2960651895585993,-1.2960651895585993,-1.2960651895585993,0.1400593693065687,0.1400593693065687,0.1400593693065687,0.0,0.0,0.0,175.79312485759078
2023-10-30,176.8562993299128,167.60155231545838,184.0353387471225,176.8562993299128,176.8562993299128,-1.1696428181198293,-1.1696428181198293,-1.1696428181198293,-1.1671696041581698,-1.1671696041581698,-1.1671696041581698,-0.0024732139616592667,-0.0024732139616592667,-0.0024732139616592667,0.0,0.0,0.0,175.68665651179296
2023-10-31,176.82535554726948,166.71962872729986,183.44095681601218,176.82535554726948,176.82535554726948,-1.2409634522689663,-1.2409634522689663,-1.2409634522689663,-1.2204611969706882,-1.2204611969706882,-1.2204611969706882,-0.020502255298278062,-0.020502255298278062,-0.020502255298278062,0.0,0.0,0.0,175.5843920950005
2023-11-01,176.79441176462615,167.50859877206852,183.95676734644562,176.79441176462615,176.79441176462615,-1.338508920705795,-1.338508920705795,-1.338508920705795,-1.317595377728032,-1.317595377728032,-1.317595377728032,-0.020913542977762673,-0.020913542977762673,-0.020913542977762673,0.0,0.0,0.0,175.45590284392034
2023-11-02,176.76347924408313,167.39611716204087,183.21667949076104,176.76347924408313,176.76347924408313,-1.416858904668596,-1.416858904668596,-1.416858904668596,-1.414493771274636,-1.414493771274636,-1.414493771274636,-0.002365133393960067,-0.002365133393960067,-0.002365133393960067,0.0,0.0,0.0,175.34662033941453
2023-11-03,176.73254672354008,167.07118108931252,183.8485959124454,176.73254672354008,176.73254672354008,-1.2598463370219415,-1.2598463370219415,-1.2598463370219415,-1.2960651895554351,-1.2960651895554351,-1.2960651895554351,0.03621885253349383,0.03621885253349383,0.03621885253349383,0.0,0.0,0.0,175.47270038651814
2023-11-06,176.639749161911,167.2579314983433,183.62198970872586,176.639749161911,176.639749161911,-0.8881568236858917,-0.8881568236858917,-0.8881568236858917,-1.1671696041581088,-1.1671696041581088,-1.1671696041581088,0.2790127804722173,0.2790127804722173,0.2790127804722173,0.0,0.0,0.0,175.7515923382251
2023-11-07,176.60881664136798,167.39441093805573,183.87234841166014,176.60881664136798,176.60881664136798,-0.8171362348734744,-0.8171362348734744,-0.8171362348734744,-1.2204611969694996,-1.2204611969694996,-1.2204611969694996,0.4033249620960251,0.4033249620960251,0.4033249620960251,0.0,0.0,0.0,175.7916804064945
2023-11-08,176.5778841208249,167.69380320146533,184.1105552539468,176.5778841208249,176.5778841208249,-0.7683194807182301,-0.7683194807182301,-0.7683194807182301,-1.3175953777281084,-1.3175953777281084,-1.3175953777281084,0.5492758970098783,0.5492758970098783,0.5492758970098783,0.0,0.0,0.0,175.8095646401067
2023-11-09,176.5469516002819,168.08620969678788,183.92536060261932,176.5469516002819,176.5469516002819,-0.6979600743985015,-0.6979600743985015,-0.6979600743985015,-1.4144937712695804,-1.4144937712695804,-1.4144937712695804,0.716533696871079,0.716533696871079,0.716533696871079,0.0,0.0,0.0,175.84899152588338
2023-11-10,176.51601907973884,167.83002686832847,184.30176071590517,176.51601907973884,176.51601907973884,-0.3914689294435215,-0.3914689294435215,-0.3914689294435215,-1.296065189552272,-1.296065189552272,-1.296065189552272,0.9045962601087504,0.9045962601087504,0.9045962601087504,0.0,0.0,0.0,176.1245501502953
2023-11-13,176.42322151810973,168.5094192339501,184.8266569096416,176.42322151810973,176.42322151810973,0.41934443405652533,0.41934443405652533,0.41934443405652533,-1.1671696041642894,-1.1671696041642894,-1.1671696041642894,1.5865140382208147,1.5865140382208147,1.5865140382208147,0.0,0.0,0.0,176.84256595216624
2023-11-14,176.3922889975667,168.84372592413126,185.62968302098417,176.3922889975667,176.3922889975667,0.6296959096504509,0.6296959096504509,0.6296959096504509,-1.2204611969683117,-1.2204611969683117,-1.2204611969683117,1.8501571066187628,1.8501571066187628,1.8501571066187628,0.0,0.0,0.0,177.02198490721716
2023-11-15,176.36135647702366,168.77817288850989,185.07635512679525,176.36135647702366,176.36135647702366,0.8127193620947099,0.8127193620947099,0.8127193620947099,-1.3175953777276537,-1.3175953777276537,-1.3175953777276537,2.1303147398223636,2.1303147398223636,2.1303147398223636,0.0,0.0,0.0,177.17407583911836
2023-11-16,176.33042395648064,168.37963224497685,185.46635157725214,176.33042395648064,176.33042395648064,1.011415501690821,1.011415501690821,1.011415501690821,-1.414493771270797,-1.414493771270797,-1.414493771270797,2.425909272961618,2.425909272961618,2.425909272961618,0.0,0.0,0.0,177.34183945817148
2023-11-17,176.2994914359376,169.0407713286733,186.46813579983237,176.2994914359376,176.2994914359376,1.4397594439093042,1.4397594439093042,1.4397594439093042,-1.2960651895521857,-1.2960651895521857,-1.2960651895521857,2.73582463346149,2.73582463346149,2.73582463346149,0.0,0.0,0.0,177.7392508798469
2023-11-20,176.20669387430848,170.26804008347173,187.09293214986505,176.20669387430848,176.20669387430848,2.5727590875325026,2.5727590875325026,2.5727590875325026,-1.1671696041512898,-1.1671696041512898,-1.1671696041512898,3.7399286916837924,3.7399286916837924,3.7399286916837924,0.0,0.0,0.0,178.77945296184097
2023-11-21,176.17576135376547,170.4963886233339,187.2668752790465,176.17576135376547,176.17576135376547,2.8749917499311315,2.8749917499311315,2.8749917499311315,-1.2204611969671242,-1.2204611969671242,-1.2204611969671242,4.095452946898255,4.095452946898255,4.095452946898255,0.0,0.0,0.0,179.0507531036966
2023-11-22,176.1448288332224,170.94511727693452,188.12226317014165,176.1448288332224,176.1448288332224,3.1417587249980015,3.1417587249980015,3.1417587249980015,-1.317595377727764,-1.317595377727764,-1.317595377727764,4.459354102725765,4.459354102725765,4.459354102725765,0.0,0.0,0.0,179.2865875582204
2023-11-24,176.08296379213633,171.70787119840688,188.40088381724019,176.08296379213633,176.08296379213633,3.9111526505032113,3.9111526505032113,3.9111526505032113,-1.2960651895459434,-1.2960651895459434,-1.2960651895459434,5.207217840049155,5.207217840049155,5.207217840049155,0.0,0.0,0.0,179.99411644263952
2023-11-27,175.99016623050724,173.33777270747498,190.3143225218972,175.99016623050724,175.99016623050724,5.191955830296212,5.191955830296212,5.191955830296212,-1.1671696041543491,-1.1671696041543491,-1.1671696041543491,6.3591254344505606,6.3591254344505606,6.3591254344505606,0.0,0.0,0.0,181.18212206080347
2023-11-28,175.95923370996422,173.14918473345458,189.40599732365393,175.95923370996422,175.95923370996422,5.524958935170758,5.524958935170758,5.524958935170758,-1.2204611969676868,-1.2204611969676868,-1.2204611969676868,6.745420132138445,6.745420132138445,6.745420132138445,0.0,0.0,0.0,181.48419264513498
2023-11-29,175.92830118942115,173.4816427481143,190.12001126097155,175.92830118942115,175.92830118942115,5.812722495061139,5.812722495061139,5.812722495061139,-1.3175953777278746,-1.3175953777278746,-1.3175953777278746,7.130317872789014,7.130317872789014,7.130317872789014,0.0,0.0,0.0,181.7410236844823
2023-11-30,175.89736866887813,173.50055771778761,190.5956137431489,175.89736866887813,175.89736866887813,6.0976823379568055,6.0976823379568055,6.0976823379568055,-1.4144937712698522,-1.4144937712698522,-1.4144937712698522,7.512176109226657,7.512176109226657,7.512176109226657,0.0,0.0,0.0,181.99505100683493
2023-12-01,175.8664361483351,174.96540166005258,190.24110462417877,175.8664361483351,175.8664361483351,6.593212669627219,6.593212669627219,6.593212669627219,-1.2960651895594235,-1.2960651895594235,-1.2960651895594235,7.889277859186643,7.889277859186643,7.889277859186643,0.0,0.0,0.0,182.45964881796232
2023-12-04,175.77363858670597,175.69464860343643,191.91498312171535,175.77363858670597,175.77363858670597,7.806633727854691,7.806633727854691,7.806633727854691,-1.167169604154288,-1.167169604154288,-1.167169604154288,8.973803332008979,8.973803332008979,8.973803332008979,0.0,0.0,0.0,183.58027231456066
2023-12-05,175.74270606616295,175.40598242846974,191.45900124683052,175.74270606616295,175.74270606616295,8.092864997918788,8.092864997918788,8.092864997918788,-1.2204611969647479,-1.2204611969647479,-1.2204611969647479,9.313326194883537,9.313326194883537,9.313326194883537,0.0,0.0,0.0,183.83557106408173
2023-12-06,175.7117735456199,175.71748498149685,191.90527202697876,175.7117735456199,175.7117735456199,8.320946938468653,8.320946938468653,8.320946938468653,-1.3175953777274196,-1.3175953777274196,-1.3175953777274196,9.638542316196073,9.638542316196073,9.638542316196073,0.0,0.0,0.0,184.03272048408857
2023-12-07,175.6808410250769,175.69993260936226,193.17482844318138,175.6808410250769,175.6808410250769,8.53293149240882,8.53293149240882,8.53293149240882,-1.4144937712727579,-1.4144937712727579,-1.4144937712727579,9.94742526368158,9.94742526368158,9.94742526368158,0.0,0.0,0.0,184.21377251748572
2023-12-08,175.64990850453384,176.77020506967722,192.86005469252981,175.64990850453384,175.64990850453384,8.941885873534417,8.941885873534417,8.941885873534417,-1.2960651895562603,-1.2960651895562603,-1.2960651895562603,10.237951063090678,10.237951063090678,10.237951063090678,0.0,0.0,0.0,184.59179437806824
2023-12-11,175.55711094290473,177.09316697271754,193.53189889626535,175.55711094290473,175.55711094290473,9.812530902727964,9.812530902727964,9.812530902727964,-1.1671696041542265,-1.1671696041542265,-1.1671696041542265,10.97970050688219,10.97970050688219,10.97970050688219,0.0,0.0,0.0,185.36964184563269
2023-12-12,175.5261784223617,177.86983279341862,193.81429183963033,175.5261784223617,175.5261784223617,9.957029634082579,9.957029634082579,9.957029634082579,-1.2204611969696584,-1.2204611969696584,-1.2204611969696584,11.177490831052237,11.177490831052237,11.177490831052237,0.0,0.0,0.0,185.48320805644428
2023-12-13,175.49524590181863,176.45278852058487,194.4419330201447,175.49524590181863,175.49524590181863,10.030157167750103,10.030157167750103,10.030157167750103,-1.31759537772753,-1.31759537772753,-1.31759537772753,11.347752545477633,11.347752545477633,11.347752545477633,0.0,0.0,0.0,185.52540306956874
2023-12-14,175.46431338127562,177.31893108918754,193.7754960636296,175.46431338127562,175.46431338127562,10.074552665560851,10.074552665560851,10.074552665560851,-1.4144937712722854,-1.4144937712722854,-1.4144937712722854,11.489046436833137,11.489046436833137,11.489046436833137,0.0,0.0,0.0,185.53886604683646
2023-12-15,175.4333808607326,177.0845357638796,194.12849409434978,175.4333808607326,175.4333808607326,10.304070887206533,10.304070887206533,10.304070887206533,-1.2960651895561741,-1.2960651895561741,-1.2960651895561741,11.600136076762709,11.600136076762709,11.600136076762709,0.0,0.0,0.0,185.73745174793913
2023-12-18,175.34058329910349,177.53576704183646,194.04386049678297,175.34058329910349,175.34058329910349,10.576286048779243,10.576286048779243,10.576286048779243,-1.1671696041604078,-1.1671696041604078,-1.1671696041604078,11.743455652939652,11.743455652939652,11.743455652939652,0.0,0.0,0.0,185.91686934788274
2023-12-19,175.30965077856044,177.2963582669761,193.87629176263064,175.30965077856044,175.30965077856044,10.505934945218371,10.505934945218371,10.505934945218371,-1.2204611969667194,-1.2204611969667194,-1.2204611969667194,11.726396142185092,11.726396142185092,11.726396142185092,0.0,0.0,0.0,185.8155857237788
2023-12-20,175.27871825801742,177.22838757175492,194.07658166134073,175.27871825801742,175.27871825801742,10.359337141663955,10.359337141663955,10.359337141663955,-1.317595377727606,-1.317595377727606,-1.317595377727606,11.67693251939156,11.67693251939156,11.67693251939156,0.0,0.0,0.0,185.63805539968138
2023-12-21,175.24778573747437,177.06795790227795,193.99756389072752,175.24778573747437,175.24778573747437,10.181074416120905,10.181074416120905,10.181074416120905,-1.4144937712735022,-1.4144937712735022,-1.4144937712735022,11.595568187394408,11.595568187394408,11.595568187394408,0.0,0.0,0.0,185.42886015359528
2023-12-22,175.21685321693136,177.16333520163786,193.36756856250588,175.21685321693136,175.21685321693136,10.187086154310522,10.187086154310522,10.187086154310522,-1.296065189556088,-1.296065189556088,-1.296065189556088,11.48315134386661,11.48315134386661,11.48315134386661,0.0,0.0,0.0,185.40393937124188
2023-12-26,175.0931231347592,176.11078289587184,192.6159519832758,175.0931231347592,175.0931231347592,9.53156097891073,9.53156097891073,9.53156097891073,-1.2204611969672825,-1.2204611969672825,-1.2204611969672825,10.752022175878013,10.752022175878013,10.752022175878013,0.0,0.0,0.0,184.62468411366993
2023-12-27,175.06219061421618,175.08672893306502,192.28694033555055,175.06219061421618,175.06219061421618,9.191460803994236,9.191460803994236,9.191460803994236,-1.3175953777277167,-1.3175953777277167,-1.3175953777277167,10.509056181721954,10.509056181721954,10.509056181721954,0.0,0.0,0.0,184.2536514182104
2023-12-28,175.03125809367313,175.13405394737615,192.31580460346783,175.03125809367313,175.03125809367313,8.83267102982284,8.83267102982284,8.83267102982284,-1.4144937712701358,-1.4144937712701358,-1.4144937712701358,10.247164801092977,10.247164801092977,10.247164801092977,0.0,0.0,0.0,183.86392912349598
2023-12-29,175.00032557313008,175.56108368888746,191.84690670376008,175.00032557313008,175.00032557313008,8.673325930475542,8.673325930475542,8.673325930475542,-1.2960651895498463,-1.2960651895498463,-1.2960651895498463,9.969391120025389,9.969391120025389,9.969391120025389,0.0,0.0,0.0,183.67365150360564
2024-01-02,175.69820287607038,175.3229554803222,191.33753250854107,175.69820287607038,175.69820287607038,7.546592676583572,7.546592676583572,7.546592676583572,-1.2204611969704418,-1.2204611969704418,-1.2204611969704418,8.767053873554014,8.767053873554014,8.767053873554014,0.0,0.0,0.0,183.24479555265395
2024-01-03,175.87267220180544,174.85292511709378,191.38214970346394,175.87267220180544,175.87267220180544,7.144035917399287,7.144035917399287,7.144035917399287,-1.3175953777277927,-1.3175953777277927,-1.3175953777277927,8.461631295127079,8.461631295127079,8.461631295127079,0.0,0.0,0.0,183.01670811920474
2024-01-04,176.04714152754053,174.44718384449234,190.7823757483637,176.04714152754053,176.04714152754053,6.747131853543718,6.747131853543718,6.747131853543718,-1.4144937712713528,-1.4144937712713528,-1.4144937712713528,8.161625624815072,8.161625624815072,8.161625624815072,0.0,0.0,0.0,182.79427338108425
2024-01-05,176.22161085327562,174.4875031334779,190.922809109362,176.22161085327562,176.22161085327562,6.574586376624815,6.574586376624815,6.574586376624815,-1.2960651895571706,-1.2960651895571706,-1.2960651895571706,7.870651566181985,7.870651566181985,7.870651566181985,0.0,0.0,0.0,182.79619722990043
2024-01-08,176.74501883048086,174.4860965783006,191.36758869971618,176.74501883048086,176.74501883048086,5.918788020236484,5.918788020236484,5.918788020236484,-1.1671696041535273,-1.1671696041535273,-1.1671696041535273,7.085957624390011,7.085957624390011,7.085957624390011,0.0,0.0,0.0,182.66380685071735
2024-01-09,176.91948815621592,174.38910993049953,190.6083922035189,176.91948815621592,176.91948815621592,5.6436213425154715,5.6436213425154715,5.6436213425154715,-1.2204611969692531,-1.2204611969692531,-1.2204611969692531,6.864082539484724,6.864082539484724,6.864082539484724,0.0,0.0,0.0,182.5631094987314
2024-01-10,177.09395748195098,174.21259093151903,190.71955086800455,177.09395748195098,177.09395748195098,5.348890934046842,5.348890934046842,5.348890934046842,-1.3175953777279377,-1.3175953777279377,-1.3175953777279377,6.66648631177478,6.66648631177478,6.66648631177478,0.0,0.0,0.0,182.44284841599782
2024-01-11,177.2684268076861,173.22752075976396,190.36583657335748,177.2684268076861,177.2684268076861,5.080816238330426,5.080816238330426,5.080816238330426,-1.4144937712708803,-1.4144937712708803,-1.4144937712708803,6.495310009601306,6.495310009601306,6.495310009601306,0.0,0.0,0.0,182.3492430460165
2024-01-12,177.44289613342113,174.14807777245187,191.1169679993521,177.44289613342113,177.44289613342113,5.056226548808495,5.056226548808495,5.056226548808495,-1.2960651895570845,-1.2960651895570845,-1.2960651895570845,6.35229173836558,6.35229173836558,6.35229173836558,0.0,0.0,0.0,182.49912268222963
2024-01-16,178.14077343636148,174.91340111188225,191.02586926754918,178.14077343636148,178.14077343636148,4.860238990500772,4.860238990500772,4.860238990500772,-1.2204611969680654,-1.2204611969680654,-1.2204611969680654,6.080700187468838,6.080700187468838,6.080700187468838,0.0,0.0,0.0,183.00101242686225
2024-01-17,178.31524276209652,174.56640752247978,191.02366465541667,178.31524276209652,178.31524276209652,4.770773300922169,4.770773300922169,4.770773300922169,-1.317595377728014,-1.317595377728014,-1.317595377728014,6.088368678650183,6.088368678650183,6.088368678650183,0.0,0.0,0.0,183.0860160630187
2024-01-18,178.4897120878316,175.57531595500998,191.5056506876208,178.4897120878316,178.4897120878316,4.710166478407178,4.710166478407178,4.710166478407178,-1.414493771272097,-1.414493771272097,-1.414493771272097,6.124660249679276,6.124660249679276,6.124660249679276,0.0,0.0,0.0,183.1998785662388
2024-01-19,178.6641814135667,175.49115423219223,191.740270555728,178.6641814135667,178.6641814135667,4.89181170322699,4.89181170322699,4.89181170322699,-1.2960651895569983,-1.2960651895569983,-1.2960651895569983,6.187876892783988,6.187876892783988,6.187876892783988,0.0,0.0,0.0,183.55599311679367
2024-01-22,179.1875893907719,176.15419212058939,192.79549666635393,179.1875893907719,179.1875893907719,5.347594140248842,5.347594140248842,5.347594140248842,-1.1671696041596469,-1.1671696041596469,-1.1671696041596469,6.514763744408488,6.514763744408488,6.514763744408488,0.0,0.0,0.0,184.53518353102075
2024-01-23,179.36205871650702,176.90660177211845,193.41832827618222,179.36205871650702,179.36205871650702,5.4386379099954505,5.4386379099954505,5.4386379099954505,-1.2204611969686288,-1.2204611969686288,-1.2204611969686288,6.65909910696408,6.65909910696408,6.65909910696408,0.0,0.0,0.0,184.80069662650249
2024-01-24,179.5365280422421,176.73833957993523,193.44703507962845,179.5365280422421,179.5365280422421,5.497326800129244,5.497326800129244,5.497326800129244,-1.3175953777275589,-1.3175953777275589,-1.3175953777275589,6.814922177856803,6.814922177856803,6.814922177856803,0.0,0.0,0.0,185.03385484237134
2024-01-25,179.7109973679772,176.88041664404528,193.2469594890811,179.7109973679772,179.7109973679772,5.563504007266993,5.563504007266993,5.563504007266993,-1.4144937712716246,-1.4144937712716246,-1.4144937712716246,6.977997778538618,6.977997778538618,6.977997778538618,0.0,0.0,0.0,185.2745013752442
2024-01-26,179.88546669371223,176.74490451335197,194.21962423314048,179.88546669371223,179.88546669371223,5.847754114815874,5.847754114815874,5.847754114815874,-1.2960651895538349,-1.2960651895538349,-1.2960651895538349,7.14381930436971,7.14381930436971,7.14381930436971,0.0,0.0,0.0,185.7332208085281
2024-01-29,180.40887467091744,178.24084228571982,195.02119751782348,180.40887467091744,180.40887467091744,6.442719653286517,6.442719653286517,6.442719653286517,-1.167169604149768,-1.167169604149768,-1.167169604149768,7.609889257436285,7.609889257436285,7.609889257436285,0.0,0.0,0.0,186.85159432420397
2024-01-30,180.58334399665253,178.68534639194868,194.80891691651667,180.58334399665253,180.58334399665253,6.517887752182226,6.517887752182226,6.517887752182226,-1.2204611969691923,-1.2204611969691923,-1.2204611969691923,7.738348949151417,7.738348949151417,7.738348949151417,0.0,0.0,0.0,187.10123174883475
2024-01-31,180.75781332238762,178.68708064477272,195.1440763764907,180.75781332238762,180.75781332238762,6.527553958658907,6.527553958658907,6.527553958658907,-1.3175953777276692,-1.3175953777276692,-1.3175953777276692,7.8451493363865765,7.8451493363865765,7.8451493363865765,0.0,0.0,0.0,187.28536728104652
2024-02-01,180.93228264812274,179.41284802878246,195.47955405813116,180.93228264812274,180.93228264812274,6.511023507186763,6.511023507186763,6.511023507186763,-1.4144937712716361,-1.4144937712716361,-1.4144937712716361,7.925517278458398,7.925517278458398,7.925517278458398,0.0,0.0,0.0,187.4433061553095
2024-02-02,181.10675197385777,179.5810856000016,196.04993655584641,181.10675197385777,181.10675197385777,6.67881736390274,6.67881736390274,6.67881736390274,-1.2960651895506705,-1.2960651895506705,-1.2960651895506705,7.974882553453411,7.974882553453411,7.974882553453411,0.0,0.0,0.0,187.7855693377605
2024-02-05,181.63015995106298,179.5598000912292,196.5478769867951,181.63015995106298,181.63015995106298,6.728595544092905,6.728595544092905,6.728595544092905,-1.167169604149707,-1.167169604149707,-1.167169604149707,7.895765148242611,7.895765148242611,7.895765148242611,0.0,0.0,0.0,188.3587554951559
2024-02-06,181.80462927679807,179.66055836871493,196.06608131358624,181.80462927679807,181.80462927679807,6.5614210081251425,6.5614210081251425,6.5614210081251425,-1.2204611969680037,-1.2204611969680037,-1.2204611969680037,7.781882205093146,7.781882205093146,7.781882205093146,0.0,0.0,0.0,188.3660502849232
2024-02-07,181.97909860253316,179.42593298929486,196.6323323604481,181.97909860253316,181.97909860253316,6.301950181396333,6.301950181396333,6.301950181396333,-1.31759537772778,-1.31759537772778,-1.31759537772778,7.619545559124114,7.619545559124114,7.619545559124114,0.0,0.0,0.0,188.2810487839295
2024-02-08,182.15356792826825,180.19620029171148,196.38142431827922,182.15356792826825,182.15356792826825,5.992263693735604,5.992263693735604,5.992263693735604,-1.4144937712711636,-1.4144937712711636,-1.4144937712711636,7.406757465006768,7.406757465006768,7.406757465006768,0.0,0.0,0.0,188.14583162200384
2024-02-09,182.3280372540033,179.13660314980396,196.75081919476278,182.3280372540033,182.3280372540033,5.846061844252592,5.846061844252592,5.846061844252592,-1.2960651895610729,-1.2960651895610729,-1.2960651895610729,7.142127033813665,7.142127033813665,7.142127033813665,0.0,0.0,0.0,188.1740990982559
2024-02-12,182.85144523120857,179.54604737503917,196.02822490845202,182.85144523120857,182.85144523120857,4.86580527954979,4.86580527954979,4.86580527954979,-1.1671696041558874,-1.1671696041558874,-1.1671696041558874,6.032974883705677,6.032974883705677,6.032974883705677,0.0,0.0,0.0,187.71725051075836
2024-02-13,183.02591455694366,178.5159235500694,195.99430587927156,183.02591455694366,183.02591455694366,4.339653938974126,4.339653938974126,4.339653938974126,-1.2204611969668158,-1.2204611969668158,-1.2204611969668158,5.560115135940943,5.560115135940943,5.560115135940943,0.0,0.0,0.0,187.36556849591778
2024-02-14,183.2003838826787,178.85806472235487,195.806608407965,183.2003838826787,183.2003838826787,3.7207448641873864,3.7207448641873864,3.7207448641873864,-1.317595377727856,-1.317595377727856,-1.317595377727856,5.038340241915242,5.038340241915242,5.038340241915242,0.0,0.0,0.0,186.9211287468661
2024-02-15,183.37485320841378,178.79943953114298,195.14963289379332,183.37485320841378,183.37485320841378,3.055737900042408,3.055737900042408,3.055737900042408,-1.4144937712723804,-1.4144937712723804,-1.4144937712723804,4.470231671314788,4.470231671314788,4.470231671314788,0.0,0.0,0.0,186.43059110845618
2024-02-16,183.54932253414887,177.7566591965755,194.639504167854,183.54932253414887,183.54932253414887,2.5629301693640065,2.5629301693640065,2.5629301693640065,-1.2960651895609867,-1.2960651895609867,-1.2960651895609867,3.858995358924993,3.858995358924993,3.858995358924993,0.0,0.0,0.0,186.11225270351287
2024-02-20,184.2471998370892,175.84249736452813,192.2267451226411,184.2471998370892,184.2471998370892,-0.154090348614453,-0.154090348614453,-0.154090348614453,-1.2204611969699752,-1.2204611969699752,-1.2204611969699752,1.0663708483555223,1.0663708483555223,1.0663708483555223,0.0,0.0,0.0,184.09310948847474
2024-02-21,184.42166916282423,175.51894033248493,191.63588925108903,184.42166916282423,184.42166916282423,-1.0113136527374327,-1.0113136527374327,-1.0113136527374327,-1.317595377727932,-1.317595377727932,-1.317595377727932,0.3062817249904991,0.3062817249904991,0.3062817249904991,0.0,0.0,0.0,183.4103555100868
2024-02-22,184.59613848855932,174.39947495258158,191.2758506231755,184.59613848855932,184.59613848855932,-1.8818235400580945,-1.8818235400580945,-1.8818235400580945,-1.4144937712719081,-1.4144937712719081,-1.4144937712719081,-0.4673297687861863,-0.4673297687861863,-0.4673297687861863,0.0,0.0,0.0,182.71431494850123
2024-02-23,184.7706078142944,174.09136923974,190.39333114366298,184.7706078142944,184.7706078142944,-2.5444915838502515,-2.5444915838502515,-2.5444915838502515,-1.2960651895547455,-1.2960651895547455,-1.2960651895547455,-1.248426394295506,-1.248426394295506,-1.248426394295506,0.0,0.0,0.0,182.22611623044415
2024-02-26,185.29401579149962,172.14179467069596,188.25557706701628,185.29401579149962,185.29401579149962,-4.742446670155085,-4.742446670155085,-4.742446670155085,-1.1671696041588862,-1.1671696041588862,-1.1671696041588862,-3.575277065996199,-3.575277065996199,-3.575277065996199,0.0,0.0,0.0,180.55156912134453
2024-02-27,185.46848511723474,171.53620929410846,187.50831356448532,185.46848511723474,185.46848511723474,-5.545719495820453,-5.545719495820453,-5.545719495820453,-1.2204611969705381,-1.2204611969705381,-1.2204611969705381,-4.325258298849914,-4.325258298849914,-4.325258298849914,0.0,0.0,0.0,179.92276562141427
2024-02-28,185.64295444296977,170.97030951880313,187.08873482122118,185.64295444296977,185.64295444296977,-6.3703930635869055,-6.3703930635869055,-6.3703930635869055,-1.3175953777275113,-1.3175953777275113,-1.3175953777275113,-5.052797685859394,-5.052797685859394,-5.052797685859394,0.0,0.0,0.0,179.27256137938286
2024-02-29,185.81742376870486,170.35608898253696,186.39459293029327,185.81742376870486,185.81742376870486,-7.167063764536182,-7.167063764536182,-7.167063764536182,-1.4144937712731243,-1.4144937712731243,-1.4144937712731243,-5.752569993263058,-5.752569993263058,-5.752569993263058,0.0,0.0,0.0,178.65036000416868
2024-03-01,185.99189309443994,169.95840400581207,186.63076824326077,185.99189309443994,185.99189309443994,-7.71572402347438,-7.71572402347438,-7.71572402347438,-1.296065189554659,-1.296065189554659,-1.296065189554659,-6.41965883391972,-6.41965883391972,-6.41965883391972,0.0,0.0,0.0,178.27616907096558
2024-03-04,186.51530107164515,169.30413716258238,186.07418034587204,186.51530107164515,186.51530107164515,-9.35036838950614,-9.35036838950614,-9.35036838950614,-1.167169604158825,-1.167169604158825,-1.167169604158825,-8.183198785347315,-8.183198785347315,-8.183198785347315,0.0,0.0,0.0,177.164932682139
2024-03-05,186.68977039738024,168.97302450235205,184.86151022785597,186.68977039738024,186.68977039738024,-9.901289554781512,-9.901289554781512,-9.901289554781512,-1.2204611969675994,-1.2204611969675994,-1.2204611969675994,-8.680828357813914,-8.680828357813914,-8.680828357813914,0.0,0.0,0.0,176.78848084259874
2024-03-06,186.86423972311533,167.93936639392544,185.01275993091977,186.86423972311533,186.86423972311533,-10.44705492819569,-10.44705492819569,-10.44705492819569,-1.3175953777276566,-1.3175953777276566,-1.3175953777276566,-9.129459550468034,-9.129459550468034,-9.129459550468034,0.0,0.0,0.0,176.41718479491965
2024-03-07,187.0387090488504,168.1078969946047,184.62874500253594,187.0387090488504,187.0387090488504,-10.942268607470407,-10.942268607470407,-10.942268607470407,-1.4144937712697578,-1.4144937712697578,-1.4144937712697578,-9.52777483620065,-9.52777483620065,-9.52777483620065,0.0,0.0,0.0,176.09644044138
2024-03-08,187.21317837458548,168.40726466321604,184.7601647979437,187.21317837458548,187.21317837458548,-11.17121634171131,-11.17121634171131,-11.17121634171131,-1.2960651895514952,-1.2960651895514952,-1.2960651895514952,-9.875151152159813,-9.875151152159813,-9.875151152159813,0.0,0.0,0.0,176.04196203287418
2024-03-11,187.7365863517907,167.5728134048022,184.63031721348852,187.7365863517907,187.7365863517907,-11.782839267013903,-11.782839267013903,-11.782839267013903,-1.1671696041618849,-1.1671696041618849,-1.1671696041618849,-10.615669662852019,-10.615669662852019,-10.615669662852019,0.0,0.0,0.0,175.95374708477678
2024-03-12,187.91105567752578,168.0319444536883,184.92020341666483,187.91105567752578,187.91105567752578,-11.987029870092238,-11.987029870092238,-11.987029870092238,-1.2204611969681625,-1.2204611969681625,-1.2204611969681625,-10.766568673124077,-10.766568673124077,-10.766568673124077,0.0,0.0,0.0,175.92402580743354
2024-03-13,188.08552500326087,167.77893476414343,184.48137832092635,188.08552500326087,188.08552500326087,-12.190886018405033,-12.190886018405033,-12.190886018405033,-1.3175953777277327,-1.3175953777277327,-1.3175953777277327,-10.8732906406773,-10.8732906406773,-10.8732906406773,0.0,0.0,0.0,175.89463898485585
2024-03-14,188.2599943289959,167.22045906247536,184.17382099144305,188.2599943289959,188.2599943289959,-12.353394918739319,-12.353394918739319,-12.353394918739319,-1.4144937712709749,-1.4144937712709749,-1.4144937712709749,-10.938901147468345,-10.938901147468345,-10.938901147468345,0.0,0.0,0.0,175.90659941025658
2024-03-15,188.434463654731,168.11843761343985,184.36322239451576,188.434463654731,188.434463654731,-12.262969775343544,-12.262969775343544,-12.262969775343544,-1.2960651895514093,-1.2960651895514093,-1.2960651895514093,-10.966904585792134,-10.966904585792134,-10.966904585792134,0.0,0.0,0.0,176.17149387938744
2024-03-18,188.95787163193623,168.68243282800876,184.7434600414764,188.95787163193623,188.95787163193623,-12.032524247315903,-12.032524247315903,-12.032524247315903,-1.1671696041520059,-1.1671696041520059,-1.1671696041520059,-10.865354643163897,-10.865354643163897,-10.865354643163897,0.0,0.0,0.0,176.92534738462032
2024-03-19,189.13234095767132,168.52273226172863,185.76983996168659,189.13234095767132,189.13234095767132,-12.00459866734258,-12.00459866734258,-12.00459866734258,-1.2204611969669747,-1.2204611969669747,-1.2204611969669747,-10.784137470375606,-10.784137470375606,-10.784137470375606,0.0,0.0,0.0,177.12774229032874
2024-03-20,189.3068102834064,168.81900912058043,185.09598166811946,189.3068102834064,189.3068102834064,-12.004351102847679,-12.004351102847679,-12.004351102847679,-1.3175953777278087,-1.3175953777278087,-1.3175953777278087,-10.68675572511987,-10.68675572511987,-10.68675572511987,0.0,0.0,0.0,177.30245918055874
2024-03-21,189.48127960914144,169.20093898759237,185.85220619191236,189.48127960914144,189.48127960914144,-11.992208087273342,-11.992208087273342,-11.992208087273342,-1.4144937712705024,-1.4144937712705024,-1.4144937712705024,-10.577714316002838,-10.577714316002838,-10.577714316002838,0.0,0.0,0.0,177.48907152186808
2024-03-22,189.65574893487658,169.92939832635395,185.9988343270318,189.65574893487658,189.65574893487658,-11.757468301026652,-11.757468301026652,-11.757468301026652,-1.2960651895482451,-1.2960651895482451,-1.2960651895482451,-10.461403111478408,-10.461403111478408,-10.461403111478408,0.0,0.0,0.0,177.89828063384994
2024-03-25,190.17915691208182,170.74288381010845,187.65237670576428,190.17915691208182,190.17915691208182,-11.276693279056747,-11.276693279056747,-11.276693279056747,-1.1671696041550657,-1.1671696041550657,-1.1671696041550657,-10.109523674901682,-10.109523674901682,-10.109523674901682,0.0,0.0,0.0,178.90246363302506
2024-03-26,190.35362623781685,170.5151804529454,187.52794024342833,190.35362623781685,190.35362623781685,-11.22375519133377,-11.22375519133377,-11.22375519133377,-1.2204611969675376,-1.2204611969675376,-1.2204611969675376,-10.003293994366233,-10.003293994366233,-10.003293994366233,0.0,0.0,0.0,179.1298710464831
2024-03-27,190.52809556355194,171.28806615284395,187.7448540631791,190.52809556355194,190.52809556355194,-11.22527788323277,-11.22527788323277,-11.22527788323277,-1.3175953777279192,-1.3175953777279192,-1.3175953777279192,-9.907682505504852,-9.907682505504852,-9.907682505504852,0.0,0.0,0.0,179.30281768031918
2024-03-28,190.70256488928703,170.7470943541064,187.76330244010163,190.70256488928703,190.70256488928703,-11.239591286702144,-11.239591286702144,-11.239591286702144,-1.4144937712734083,-1.4144937712734083,-1.4144937712734083,-9.825097515428736,-9.825097515428736,-9.825097515428736,0.0,0.0,0.0,179.4629736025849
2024-04-01,191.40044219222733,172.69257261400793,188.04150701451417,191.40044219222733,191.40044219222733,-10.823933834739599,-10.823933834739599,-10.823933834739599,-1.1671696041550044,-1.1671696041550044,-1.1671696041550044,-9.656764230584592,-9.656764230584592,-9.656764230584592,0.0,0.0,0.0,180.57650835748774
2024-04-02,191.5749115179624,173.09017391123643,189.47298877715565,191.5749115179624,191.5749115179624,-10.879461449244522,-10.879461449244522,-10.879461449244522,-1.2204611969689458,-1.2204611969689458,-1.2204611969689458,-9.659000252275575,-9.659000252275575,-9.659000252275575,0.0,0.0,0.0,180.69545006871786
2024-04-03,191.74938084369748,171.5917756426251,188.50888871200468,191.74938084369748,191.74938084369748,-10.996519334672096,-10.996519334672096,-10.996519334672096,-1.3175953777274299,-1.3175953777274299,-1.3175953777274299,-9.678923956944665,-9.678923956944665,-9.678923956944665,0.0,0.0,0.0,180.7528615090254
2024-04-04,191.92385016943257,172.66504139348706,189.04227674347518,191.92385016943257,191.92385016943257,-11.13030402906952,-11.13030402906952,-11.13030402906952,-1.414493771272936,-1.414493771272936,-1.414493771272936,-9.715810257796587,-9.715810257796587,-9.715810257796587,0.0,0.0,0.0,180.79354614036305
2024-04-05,192.09831949516766,172.893150022309,188.98653872842496,192.09831949516766,192.09831949516766,-11.06466009200835,-11.06466009200835,-11.06466009200835,-1.2960651895554833,-1.2960651895554833,-1.2960651895554833,-9.768594902452865,-9.768594902452865,-9.768594902452865,0.0,0.0,0.0,181.0336594031593
2024-04-08,192.62172747237287,173.08644086942095,189.7195757400112,192.62172747237287,192.62172747237287,-11.174839190362809,-11.174839190362809,-11.174839190362809,-1.167169604161185,-1.167169604161185,-1.167169604161185,-10.007669586201624,-10.007669586201624,-10.007669586201624,0.0,0.0,0.0,181.44688828201006
2024-04-09,192.7961967981079,173.42724239322075,189.9481653162498,192.7961967981079,192.7961967981079,-11.328883081985648,-11.328883081985648,-11.328883081985648,-1.220461196967758,-1.220461196967758,-1.220461196967758,-10.108421885017888,-10.108421885017888,-10.108421885017888,0.0,0.0,0.0,181.46731371612225
2024-04-10,192.97066612384305,172.9782917170044,189.8199684165593,192.97066612384305,192.97066612384305,-11.534098807569613,-11.534098807569613,-11.534098807569613,-1.3175953777275746,-1.3175953777275746,-1.3175953777275746,-10.216503429842037,-10.216503429842037,-10.216503429842037,0.0,0.0,0.0,181.43656731627343
2024-04-11,193.1451354495781,173.18825073732356,190.0001662625817,193.1451354495781,193.1451354495781,-11.744439583906372,-11.744439583906372,-11.744439583906372,-1.4144937712724635,-1.4144937712724635,-1.4144937712724635,-10.329945812633907,-10.329945812633907,-10.329945812633907,0.0,0.0,0.0,181.40069586567174
2024-04-12,193.31960477531314,173.30276655071842,189.317900620148,193.31960477531314,193.31960477531314,-11.74288925462676,-11.74288925462676,-11.74288925462676,-1.2960651895523196,-1.2960651895523196,-1.2960651895523196,-10.44682406507444,-10.44682406507444,-10.44682406507444,0.0,0.0,0.0,181.57671552068638
2024-04-15,193.8430127525184,173.70790091374283,190.98916721550577,193.8430127525184,193.8430127525184,-11.967625791108794,-11.967625791108794,-11.967625791108794,-1.1671696041611237,-1.1671696041611237,-1.1671696041611237,-10.80045618694767,-10.80045618694767,-10.80045618694767,0.0,0.0,0.0,181.87538696140962
2024-04-16,194.0174820782535,173.77323613486067,189.8492943229743,194.0174820782535,194.0174820782535,-12.13473637158847,-12.13473637158847,-12.13473637158847,-1.2204611969665702,-1.2204611969665702,-1.2204611969665702,-10.9142751746219,-10.9142751746219,-10.9142751746219,0.0,0.0,0.0,181.88274570666502
2024-04-17,194.19195140398858,173.67219001798662,190.79851083578404,194.19195140398858,194.19195140398858,-12.341642042732548,-12.341642042732548,-12.341642042732548,-1.3175953777276506,-1.3175953777276506,-1.3175953777276506,-11.024046665004896,-11.024046665004896,-11.024046665004896,0.0,0.0,0.0,181.85030936125602
2024-04-18,194.36642072972361,173.55746344340807,190.04503344645693,194.36642072972361,194.36642072972361,-12.543399838279942,-12.543399838279942,-12.543399838279942,-1.4144937712736803,-1.4144937712736803,-1.4144937712736803,-11.128906067006263,-11.128906067006263,-11.128906067006263,0.0,0.0,0.0,181.82302089144366
2024-04-19,194.5408900554587,173.9126315711456,190.22995728418482,194.5408900554587,194.5408900554587,-12.524296579224764,-12.524296579224764,-12.524296579224764,-1.2960651895627222,-1.2960651895627222,-1.2960651895627222,-11.22823138966204,-11.22823138966204,-11.22823138966204,0.0,0.0,0.0,182.01659347623394
2024-04-22,195.06429803266394,174.15745730624138,190.64930669029778,195.06429803266394,195.06429803266394,-12.657487621314052,-12.657487621314052,-12.657487621314052,-1.1671696041610629,-1.1671696041610629,-1.1671696041610629,-11.490318017152992,-11.490318017152992,-11.490318017152992,0.0,0.0,0.0,182.40681041134988
2024-04-23,195.23876735839903,174.06383032867498,191.18215441522202,195.23876735839903,195.23876735839903,-12.786358470169253,-12.786358470169253,-12.786358470169253,-1.2204611969671328,-1.2204611969671328,-1.2204611969671328,-11.565897273202118,-11.565897273202118,-11.565897273202118,0.0,0.0,0.0,182.45240888822977
2024-04-24,195.41323668413412,175.1553830286611,191.40956497189632,195.41323668413412,195.41323668413412,-12.953726362077356,-12.953726362077356,-12.953726362077356,-1.317595377727761,-1.317595377727761,-1.317595377727761,-11.636130984349597,-11.636130984349597,-11.636130984349597,0.0,0.0,0.0,182.45951032205676
2024-04-25,195.58770600986915,173.97621379124865,190.90990973263771,195.58770600986915,195.58770600986915,-13.116050204941718,-13.116050204941718,-13.116050204941718,-1.4144937712686245,-1.4144937712686245,-1.4144937712686245,-11.701556433673094,-11.701556433673094,-11.701556433673094,0.0,0.0,0.0,182.47165580492742
2024-04-26,195.76217533560424,174.55771327673168,192.10082933043157,195.76217533560424,195.76217533560424,-13.058866148253651,-13.058866148253651,-13.058866148253651,-1.296065189562636,-1.296065189562636,-1.296065189562636,-11.762800958691015,-11.762800958691015,-11.762800958691015,0.0,0.0,0.0,182.70330918735058
2024-04-29,196.28558331280948,174.5506429046339,191.8722846418325,196.28558331280948,196.28558331280948,-13.095427763226478,-13.095427763226478,-13.095427763226478,-1.1671696041543047,-1.1671696041543047,-1.1671696041543047,-11.928258159072174,-11.928258159072174,-11.928258159072174,0.0,0.0,0.0,183.190155549583
2024-04-30,196.46005263854457,175.65027484551524,192.1978356944381,196.46005263854457,196.46005263854457,-13.199956710757307,-13.199956710757307,-13.199956710757307,-1.2204611969702923,-1.2204611969702923,-1.2204611969702923,-11.979495513787016,-11.979495513787016,-11.979495513787016,0.0,0.0,0.0,183.26009592778726
2024-05-01,196.6345219642796,175.2434096612442,191.42447790626778,196.6345219642796,196.6345219642796,-13.347285049398366,-13.347285049398366,-13.347285049398366,-1.3175953777278715,-1.3175953777278715,-1.3175953777278715,-12.029689671670495,-12.029689671670495,-12.029689671670495,0.0,0.0,0.0,183.28723691488125
2024-05-02,196.80899129001475,174.57428268527568,192.0351913144441,196.80899129001475,196.80899129001475,-13.49371057257572,-13.49371057257572,-13.49371057257572,-1.4144937712715302,-1.4144937712715302,-1.4144937712715302,-12.07921680130419,-12.07921680130419,-12.07921680130419,0.0,0.0,0.0,183.31528071743904
2024-05-03,196.98346061574978,175.51901102120266,191.53851619135023,196.98346061574978,196.98346061574978,-13.424366403020162,-13.424366403020162,-13.424366403020162,-1.296065189556394,-1.296065189556394,-1.296065189556394,-12.128301213463768,-12.128301213463768,-12.128301213463768,0.0,0.0,0.0,183.5590942127296
2024-05-06,197.50686859295504,175.57144040802157,192.15417707323317,197.50686859295504,197.50686859295504,-13.439680133142375,-13.439680133142375,-13.439680133142375,-1.1671696041542434,-1.1671696041542434,-1.1671696041542434,-12.272510528988132,-12.272510528988132,-12.272510528988132,0.0,0.0,0.0,184.06718845981266
2024-05-07,197.6813379186901,175.83367017845518,191.86319716925615,197.6813379186901,197.6813379186901,-13.5389643195419,-13.5389643195419,-13.5389643195419,-1.2204611969708556,-1.2204611969708556,-1.2204611969708556,-12.318503122571045,-12.318503122571045,-12.318503122571045,0.0,0.0,0.0,184.14237359914821
2024-05-08,197.8558072444252,175.50748845091672,192.9011712183003,197.8558072444252,197.8558072444252,-13.680058227094515,-13.680058227094515,-13.680058227094515,-1.3175953777279819,-1.3175953777279819,-1.3175953777279819,-12.362462849366533,-12.362462849366533,-12.362462849366533,0.0,0.0,0.0,184.17574901733067
2024-05-09,198.03027657016028,176.42506573237776,192.7103188474852,198.03027657016028,198.03027657016028,-13.818030214462668,-13.818030214462668,-13.818030214462668,-1.414493771271058,-1.414493771271058,-1.414493771271058,-12.40353644319161,-12.40353644319161,-12.40353644319161,0.0,0.0,0.0,184.2122463556976
2024-05-10,198.20474589589531,175.62690624916397,192.87567971319845,198.20474589589531,198.20474589589531,-13.736790589944873,-13.736790589944873,-13.736790589944873,-1.2960651895563082,-1.2960651895563082,-1.2960651895563082,-12.440725400388564,-12.440725400388564,-12.440725400388564,0.0,0.0,0.0,184.46795530595045
2024-05-13,198.72815387310052,177.28693672115256,193.1093842134431,198.72815387310052,198.72815387310052,-13.684566353767037,-13.684566353767037,-13.684566353767037,-1.1671696041604245,-1.1671696041604245,-1.1671696041604245,-12.517396749606613,-12.517396749606613,-12.517396749606613,0.0,0.0,0.0,185.0435875193335
2024-05-14,198.9026231988356,176.89954064177005,193.49429409343946,198.9026231988356,198.9026231988356,-13.747615505968167,-13.747615505968167,-13.747615505968167,-1.2204611969679162,-1.2204611969679162,-1.2204611969679162,-12.52715430900025,-12.52715430900025,-12.52715430900025,0.0,0.0,0.0,185.15500769286746
2024-05-15,199.0770925245707,176.95546208149378,193.52827364327516,199.0770925245707,199.0770925245707,-13.84449766601477,-13.84449766601477,-13.84449766601477,-1.3175953777280582,-1.3175953777280582,-1.3175953777280582,-12.526902288286712,-12.526902288286712,-12.526902288286712,0.0,0.0,0.0,185.23259485855593
2024-05-16,199.25156185030582,176.98840065140448,193.966579480054,199.25156185030582,199.25156185030582,-13.92993198460475,-13.92993198460475,-13.92993198460475,-1.4144937712693806,-1.4144937712693806,-1.4144937712693806,-12.515438213335369,-12.515438213335369,-12.515438213335369,0.0,0.0,0.0,185.32162986570108
2024-05-17,199.42603117604085,177.14173334879223,193.97483301573288,199.42603117604085,199.42603117604085,-13.787718749293974,-13.787718749293974,-13.787718749293974,-1.2960651895562223,-1.2960651895562223,-1.2960651895562223,-12.49165355973775,-12.49165355973775,-12.49165355973775,0.0,0.0,0.0,185.63831242674686
2024-05-20,199.94943915324606,178.1267535053017,194.58458683909717,199.94943915324606,199.94943915324606,-13.504559823881177,-13.504559823881177,-13.504559823881177,-1.1671696041603634,-1.1671696041603634,-1.1671696041603634,-12.337390219720813,-12.337390219720813,-12.337390219720813,0.0,0.0,0.0,186.44487932936488
2024-05-21,200.12390847898115,178.5847648120517,195.23169203754975,200.12390847898115,200.12390847898115,-13.476689305115528,-13.476689305115528,-13.476689305115528,-1.2204611969684793,-1.2204611969684793,-1.2204611969684793,-12.256228108147049,-12.256228108147049,-12.256228108147049,0.0,0.0,0.0,186.6472191738656
2024-05-22,200.29837780471624,178.7409896036922,195.54276464934145,200.29837780471624,200.29837780471624,-13.477254331181738,-13.477254331181738,-13.477254331181738,-1.3175953777276035,-1.3175953777276035,-1.3175953777276035,-12.159658953454135,-12.159658953454135,-12.159658953454135,0.0,0.0,0.0,186.8211234735345
2024-05-23,200.47284713045133,178.75987977485525,195.8997409467277,200.47284713045133,200.47284713045133,-13.462188508038052,-13.462188508038052,-13.462188508038052,-1.4144937712689079,-1.4144937712689079,-1.4144937712689079,-12.047694736769145,-12.047694736769145,-12.047694736769145,0.0,0.0,0.0,187.01065862241327
2024-05-24,200.64731645618642,179.03008824769313,196.1772285284549,200.64731645618642,200.64731645618642,-13.21663854144536,-13.21663854144536,-13.21663854144536,-1.2960651895499802,-1.2960651895499802,-1.2960651895499802,-11.920573351895381,-11.920573351895381,-11.920573351895381,0.0,0.0,0.0,187.43067791474107
2024-05-28,201.34519375912674,180.99667094235488,197.81752851782835,201.34519375912674,201.34519375912674,-12.493034363506892,-12.493034363506892,-12.493034363506892,-1.2204611969690429,-1.2204611969690429,-1.2204611969690429,-11.272573166537848,-11.272573166537848,-11.272573166537848,0.0,0.0,0.0,188.85215939561985
2024-05-29,201.51966308486178,181.06997084319815,196.90672465219168,201.51966308486178,201.51966308486178,-12.397833810737582,-12.397833810737582,-12.397833810737582,-1.3175953777276794,-1.3175953777276794,-1.3175953777276794,-11.080238433009903,-11.080238433009903,-11.080238433009903,0.0,0.0,0.0,189.1218292741242
2024-05-30,201.69413241059686,181.56764213439266,198.45309481626256,201.69413241059686,201.69413241059686,-12.292524862381443,-12.292524862381443,-12.292524862381443,-1.4144937712701244,-1.4144937712701244,-1.4144937712701244,-10.878031091111321,-10.878031091111321,-10.878031091111321,0.0,0.0,0.0,189.40160754821542
2024-05-31,201.86860173633195,181.4586429169795,198.69595995452255,201.86860173633195,201.86860173633195,-11.96326479454373,-11.96326479454373,-11.96326479454373,-1.2960651895498942,-1.2960651895498942,-1.2960651895498942,-10.667199604993835,-10.667199604993835,-10.667199604993835,0.0,0.0,0.0,189.90533694178822
2024-06-03,202.3920097135372,182.91070515755376,199.90137988305435,202.3920097135372,202.3920097135372,-11.162355887986172,-11.162355887986172,-11.162355887986172,-1.1671696041504231,-1.1671696041504231,-1.1671696041504231,-9.995186283835748,-9.995186283835748,-9.995186283835748,0.0,0.0,0.0,191.22965382555103
2024-06-04,202.56647903927228,183.33193859537823,199.63235108586233,202.56647903927228,202.56647903927228,-10.982156051287893,-10.982156051287893,-10.982156051287893,-1.2204611969661037,-1.2204611969661037,-1.2204611969661037,-9.761694854321789,-9.761694854321789,-9.761694854321789,0.0,0.0,0.0,191.5843229879844
2024-06-05,202.7409483650073,183.20725484041895,200.417572921565,202.7409483650073,202.7409483650073,-10.842560619329634,-10.842560619329634,-10.842560619329634,-1.3175953777278246,-1.3175953777278246,-1.3175953777278246,-9.524965241601809,-9.524965241601809,-9.524965241601809,0.0,0.0,0.0,191.89838774567767
2024-06-06,202.9154176907424,184.20162103612375,201.08541172032304,202.9154176907424,202.9154176907424,-10.700116138210253,-10.700116138210253,-10.700116138210253,-1.4144937712713412,-1.4144937712713412,-1.4144937712713412,-9.285622366938911,-9.285622366938911,-9.285622366938911,0.0,0.0,0.0,192.21530155253214
2024-06-07,203.0898870164775,184.69374320735207,201.34030038322828,203.0898870164775,203.0898870164775,-10.340130229494221,-10.340130229494221,-10.340130229494221,-1.2960651895602968,-1.2960651895602968,-1.2960651895602968,-9.044065039933926,-9.044065039933926,-9.044065039933926,0.0,0.0,0.0,192.74975678698326
2024-06-10,203.6132949936827,185.7931833898948,202.7106663873842,203.6132949936827,203.6132949936827,-9.47350757632465,-9.47350757632465,-9.47350757632465,-1.167169604153483,-1.167169604153483,-1.167169604153483,-8.306337972171166,-8.306337972171166,-8.306337972171166,0.0,0.0,0.0,194.13978741735804
2024-06-11,203.78776431941782,185.890344410656,203.47357674120505,203.78776431941782,203.78776431941782,-9.275318885502278,-9.275318885502278,-9.275318885502278,-1.2204611969666668,-1.2204611969666668,-1.2204611969666668,-8.054857688535611,-8.054857688535611,-8.054857688535611,0.0,0.0,0.0,194.51244543391553
2024-06-12,203.9622336451529,186.50563359496968,202.7814270168769,203.9622336451529,203.9622336451529,-9.116947972414525,-9.116947972414525,-9.116947972414525,-1.3175953777273695,-1.3175953777273695,-1.3175953777273695,-7.799352594687154,-7.799352594687154,-7.799352594687154,0.0,0.0,0.0,194.84528567273838
2024-06-13,204.136702970888,186.6931889429028,203.2564166419903,204.136702970888,204.136702970888,-8.953232023496932,-8.953232023496932,-8.953232023496932,-1.414493771272558,-1.414493771272558,-1.414493771272558,-7.538738252224373,-7.538738252224373,-7.538738252224373,0.0,0.0,0.0,195.18347094739107
2024-06-14,204.31117229662303,186.27387645968554,203.53565867159992,204.31117229662303,204.31117229662303,-8.567809021250953,-8.567809021250953,-8.567809021250953,-1.2960651895602107,-1.2960651895602107,-1.2960651895602107,-7.271743831690745,-7.271743831690745,-7.271743831690745,0.0,0.0,0.0,195.74336327537208
2024-06-17,204.83458027382824,189.16951475214415,204.99875424129755,204.83458027382824,204.83458027382824,-7.585034398265847,-7.585034398265847,-7.585034398265847,-1.1671696041565427,-1.1671696041565427,-1.1671696041565427,-6.417864794109305,-6.417864794109305,-6.417864794109305,0.0,0.0,0.0,197.24954587556238
2024-06-18,205.00904959956333,189.5125274224111,205.7199718767838,205.00904959956333,205.00904959956333,-7.330915753835062,-7.330915753835062,-7.330915753835062,-1.220461196969826,-1.220461196969826,-1.220461196969826,-6.1104545568652355,-6.1104545568652355,-6.1104545568652355,0.0,0.0,0.0,197.67813384572827
2024-06-20,205.35798825103348,190.8527522540093,206.71943832363036,205.35798825103348,205.35798825103348,-6.86705520503399,-6.86705520503399,-6.86705520503399,-1.4144937712720855,-1.4144937712720855,-1.4144937712720855,-5.452561433761905,-5.452561433761905,-5.452561433761905,0.0,0.0,0.0,198.4909330459995
2024-06-21,205.53245757676856,190.89033364852824,207.74584817128303,205.53245757676856,205.53245757676856,-6.395644028326667,-6.395644028326667,-6.395644028326667,-1.2960651895570465,-1.2960651895570465,-1.2960651895570465,-5.09957883876962,-5.09957883876962,-5.09957883876962,0.0,0.0,0.0,199.1368135484419
2024-06-24,206.05586555397377,192.04739409704226,209.17340412592506,206.05586555397377,206.05586555397377,-5.101948048705163,-5.101948048705163,-5.101948048705163,-1.1671696041596025,-1.1671696041596025,-1.1671696041596025,-3.9347784445455605,-3.9347784445455605,-3.9347784445455605,0.0,0.0,0.0,200.9539175052686
2024-06-25,206.23033487970886,193.44791306953368,209.92862989326034,206.23033487970886,206.23033487970886,-4.730950340927096,-4.730950340927096,-4.730950340927096,-1.2204611969703891,-1.2204611969703891,-1.2204611969703891,-3.5104891439567067,-3.5104891439567067,-3.5104891439567067,0.0,0.0,0.0,201.49938453878175
2024-06-26,206.40480420544395,193.70888672121174,210.71868195065542,206.40480420544395,206.40480420544395,-4.386423348223029,-4.386423348223029,-4.386423348223029,-1.3175953777275564,-1.3175953777275564,-1.3175953777275564,-3.068827970495473,-3.068827970495473,-3.068827970495473,0.0,0.0,0.0,202.01838085722093
2024-06-27,206.57927353117898,194.3732245601613,210.77627384371098,206.57927353117898,206.57927353117898,-4.025338216237745,-4.025338216237745,-4.025338216237745,-1.4144937712749914,-1.4144937712749914,-1.4144937712749914,-2.610844444962753,-2.610844444962753,-2.610844444962753,0.0,0.0,0.0,202.55393531494124
2024-06-28,206.75374285691407,194.7619963052165,211.19647951276067,206.75374285691407,206.75374285691407,-3.43411779118938,-3.43411779118938,-3.43411779118938,-1.2960651895538828,-1.2960651895538828,-1.2960651895538828,-2.138052601635497,-2.138052601635497,-2.138052601635497,0.0,0.0,0.0,203.3196250657247
2024-07-01,207.2771508341193,197.30856091436246,214.03272721300456,207.2771508341193,207.2771508341193,-1.8199941710113086,-1.8199941710113086,-1.8199941710113086,-1.1671696041595412,-1.1671696041595412,-1.1671696041595412,-0.6528245668517672,-0.6528245668517672,-0.6528245668517672,0.0,0.0,0.0,205.457156663108
2024-07-02,207.45162015985446,197.69821826369107,214.76698158388197,207.45162015985446,207.45162015985446,-1.3653894731831702,-1.3653894731831702,-1.3653894731831702,-1.220461196969201,-1.220461196969201,-1.220461196969201,-0.14492827621396923,-0.14492827621396923,-0.14492827621396923,0.0,0.0,0.0,206.08623068667129
2024-07-03,207.6260894855895,198.0470928427842,214.6475383591855,207.6260894855895,207.6260894855895,-0.9538797429012092,-0.9538797429012092,-0.9538797429012092,-1.3175953777276324,-1.3175953777276324,-1.3175953777276324,0.36371563482642294,0.36371563482642294,0.36371563482642294,0.0,0.0,0.0,206.67220974268827
2024-07-05,207.97502813705967,199.71373703516926,216.75759769790028,207.97502813705967,207.97502813705967,0.07161284423318602,0.07161284423318602,0.07161284423318602,-1.2960651895507191,-1.2960651895507191,-1.2960651895507191,1.367678033783905,1.367678033783905,1.367678033783905,0.0,0.0,0.0,208.04664098129285
2024-07-08,208.4984361142649,201.95551020332294,218.82710846241497,208.4984361142649,208.4984361142649,1.6112146680304367,1.6112146680304367,1.6112146680304367,-1.1671696041657222,-1.1671696041657222,-1.1671696041657222,2.778384272196159,2.778384272196159,2.778384272196159,0.0,0.0,0.0,210.10965078229535
2024-07-09,208.67290543999994,203.17985695984646,219.55738817555587,208.67290543999994,208.67290543999994,1.9862751004250851,1.9862751004250851,1.9862751004250851,-1.2204611969706092,-1.2204611969706092,-1.2204611969706092,3.206736297395694,3.206736297395694,3.206736297395694,0.0,0.0,0.0,210.659180540425
2024-07-10,208.84737476573503,203.14786694950345,219.30081518045256,208.84737476573503,208.84737476573503,2.2901230468286236,2.2901230468286236,2.2901230468286236,-1.3175953777277771,-1.3175953777277771,-1.3175953777277771,3.6077184245564005,3.6077184245564005,3.6077184245564005,0.0,0.0,0.0,211.13749781256365
2024-07-11,209.02184409147011,203.4253448808738,219.66022335465956,209.02184409147011,209.02184409147011,2.5634300799809537,2.5634300799809537,2.5634300799809537,-1.4144937712711527,-1.4144937712711527,-1.4144937712711527,3.9779238512521062,3.9779238512521062,3.9779238512521062,0.0,0.0,0.0,211.58527417145106
2024-07-12,209.1963134172052,203.97044442049562,220.54897970105702,209.1963134172052,209.1963134172052,3.0183049614734165,3.0183049614734165,3.0183049614734165,-1.2960651895506332,-1.2960651895506332,-1.2960651895506332,4.3143701510240495,4.3143701510240495,4.3143701510240495,0.0,0.0,0.0,212.2146183786786
2024-07-15,209.7197213944104,205.13075102148875,221.86584010520727,209.7197213944104,209.7197213944104,3.9321538381284538,3.9321538381284538,3.9321538381284538,-1.1671696041527224,-1.1671696041527224,-1.1671696041527224,5.099323442281176,5.099323442281176,5.099323442281176,0.0,0.0,0.0,213.65187523253886
2024-07-16,209.89419072014547,205.33526501035013,222.12006566303174,209.89419072014547,209.89419072014547,4.0615537623418465,4.0615537623418465,4.0615537623418465,-1.220461196969421,-1.220461196969421,-1.220461196969421,5.282014959311267,5.282014959311267,5.282014959311267,0.0,0.0,0.0,213.95574448248732
2024-07-17,210.06866004588056,205.97384563456862,223.07855769872188,210.06866004588056,210.06866004588056,4.107271104576923,4.107271104576923,4.107271104576923,-1.317595377727853,-1.317595377727853,-1.317595377727853,5.424866482304776,5.424866482304776,5.424866482304776,0.0,0.0,0.0,214.17593115045747
2024-07-18,210.24312937161565,205.48888429799428,221.8693467751676,210.24312937161565,210.24312937161565,4.1142602605249605,4.1142602605249605,4.1142602605249605,-1.4144937712706807,-1.4144937712706807,-1.4144937712706807,5.528754031795641,5.528754031795641,5.528754031795641,0.0,0.0,0.0,214.3573896321406
2024-07-19,210.41759869735074,206.52280029464498,223.1654660559318,210.41759869735074,210.41759869735074,4.299226183168525,4.299226183168525,4.299226183168525,-1.2960651895443907,-1.2960651895443907,-1.2960651895443907,5.595291372712914,5.595291372712914,5.595291372712914,0.0,0.0,0.0,214.71682488051925
2024-07-22,210.94100667455595,207.52154469809543,223.82799034128675,210.94100667455595,210.94100667455595,4.4303942666123834,4.4303942666123834,4.4303942666123834,-1.1671696041557817,-1.1671696041557817,-1.1671696041557817,5.597563870768165,5.597563870768165,5.597563870768165,0.0,0.0,0.0,215.37140094116833
2024-07-23,211.11547600029098,206.6359073658666,223.6662547387518,211.11547600029098,211.11547600029098,4.324238960286804,4.324238960286804,4.324238960286804,-1.2204611969699843,-1.2204611969699843,-1.2204611969699843,5.544700157256788,5.544700157256788,5.544700157256788,0.0,0.0,0.0,215.4397149605778
2024-07-24,211.28994532602613,207.34940530650607,224.42462960536764,211.28994532602613,211.28994532602613,4.15490307346456,4.15490307346456,4.15490307346456,-1.317595377727964,-1.317595377727964,-1.317595377727964,5.472498451192523,5.472498451192523,5.472498451192523,0.0,0.0,0.0,215.4448483994907
2024-07-25,211.4644146517612,206.87745890395163,223.05166110933118,211.4644146517612,211.4644146517612,3.971608776051769,3.971608776051769,3.971608776051769,-1.4144937712702081,-1.4144937712702081,-1.4144937712702081,5.386102547321976,5.386102547321976,5.386102547321976,0.0,0.0,0.0,215.43602342781296
2024-07-26,211.63888397749628,207.27214586686446,223.22342568200224,211.63888397749628,211.63888397749628,3.994891019254426,3.994891019254426,3.994891019254426,-1.2960651895578714,-1.2960651895578714,-1.2960651895578714,5.290956208812298,5.290956208812298,5.290956208812298,0.0,0.0,0.0,215.6337749967507
2024-07-29,212.1622919547015,207.93775613390352,223.68238606936424,212.1622919547015,212.1622919547015,3.8423628914215113,3.8423628914215113,3.8423628914215113,-1.1671696041557205,-1.1671696041557205,-1.1671696041557205,5.009532495577232,5.009532495577232,5.009532495577232,0.0,0.0,0.0,216.004654846123
2024-07-30,212.33676128043658,207.26997836410266,224.03350396286686,212.33676128043658,212.33676128043658,3.7152799708383433,3.7152799708383433,3.7152799708383433,-1.2204611969687964,-1.2204611969687964,-1.2204611969687964,4.935741167807139,4.935741167807139,4.935741167807139,0.0,0.0,0.0,216.05204125127491
2024-07-31,212.51123060617167,207.2423199702053,224.31615420780895,212.51123060617167,212.51123060617167,3.563186230262955,3.563186230262955,3.563186230262955,-1.317595377727509,-1.317595377727509,-1.317595377727509,4.880781607990464,4.880781607990464,4.880781607990464,0.0,0.0,0.0,216.0744168364346
2024-08-01,212.6856999319067,208.02787885653265,224.4536316438971,212.6856999319067,212.6856999319067,3.4348893223961046,3.4348893223961046,3.4348893223961046,-1.4144937712731134,-1.4144937712731134,-1.4144937712731134,4.849383093669219,4.849383093669219,4.849383093669219,0.0,0.0,0.0,216.1205892543028
2024-08-02,212.8601692576418,208.06118894756437,224.8131740369444,212.8601692576418,212.8601692576418,3.5496733522442656,3.5496733522442656,3.5496733522442656,-1.2960651895516293,-1.2960651895516293,-1.2960651895516293,4.845738541795895,4.845738541795895,4.845738541795895,0.0,0.0,0.0,216.40984260988606
2024-08-05,213.38357723484702,208.736995353662,225.40885753760386,213.38357723484702,213.38357723484702,3.865989241588492,3.865989241588492,3.865989241588492,-1.1671696041556596,-1.1671696041556596,-1.1671696041556596,5.033158845744151,5.033158845744151,5.033158845744151,0.0,0.0,0.0,217.24956647643552
2024-08-06,213.5580465605821,208.94894788990624,225.59253559784472,213.5580465605821,213.5580465605821,3.9479749171096805,3.9479749171096805,3.9479749171096805,-1.22046119696936,-1.22046119696936,-1.22046119696936,5.16843611407904,5.16843611407904,5.16843611407904,0.0,0.0,0.0,217.5060214776918
2024-08-07,213.7325158863172,209.56434846986886,226.04283482553765,213.7325158863172,213.7325158863172,4.023696907020859,4.023696907020859,4.023696907020859,-1.3175953777276193,-1.3175953777276193,-1.3175953777276193,5.341292284748478,5.341292284748478,5.341292284748478,0.0,0.0,0.0,217.75621279333805
2024-08-08,213.90698521205223,210.2803856177928,226.4457050041961,213.90698521205223,213.90698521205223,4.136568473118569,4.136568473118569,4.136568473118569,-1.4144937712726413,-1.4144937712726413,-1.4144937712726413,5.551062244391209,5.551062244391209,5.551062244391209,0.0,0.0,0.0,218.0435536851708
2024-08-09,214.08145453778732,210.107633069616,226.6699363851026,214.08145453778732,214.08145453778732,4.50008982169657,4.50008982169657,4.50008982169657,-1.2960651895515432,-1.2960651895515432,-1.2960651895515432,5.796155011248113,5.796155011248113,5.796155011248113,0.0,0.0,0.0,218.5815443594839
2024-08-12,214.60486251499262,211.67073224666498,228.54573584531403,214.60486251499262,214.60486251499262,5.546925988720016,5.546925988720016,5.546925988720016,-1.1671696041520225,-1.1671696041520225,-1.1671696041520225,6.714095592872038,6.714095592872038,6.714095592872038,0.0,0.0,0.0,220.15178850371262
2024-08-13,214.77933184072765,212.35430507846723,228.67384106210727,214.77933184072765,214.77933184072765,5.84664494755004,5.84664494755004,5.84664494755004,-1.2204611969664203,-1.2204611969664203,-1.2204611969664203,7.06710614451646,7.06710614451646,7.06710614451646,0.0,0.0,0.0,220.62597678827768
2024-08-14,214.95380116646274,212.8463107364636,228.57692925254605,214.95380116646274,214.95380116646274,6.117321428257895,6.117321428257895,6.117321428257895,-1.3175953777276954,-1.3175953777276954,-1.3175953777276954,7.434916805985591,7.434916805985591,7.434916805985591,0.0,0.0,0.0,221.07112259472063
2024-08-15,215.12827049219783,213.59172111349187,230.4827850385369,215.12827049219783,215.12827049219783,6.396936082611386,6.396936082611386,6.396936082611386,-1.414493771273858,-1.414493771273858,-1.414493771273858,7.811429853885245,7.811429853885245,7.811429853885245,0.0,0.0,0.0,221.5252065748092
2024-08-16,215.30273981793286,213.50906472379043,230.18783806069445,215.30273981793286,215.30273981793286,6.8940643123199346,6.8940643123199346,6.8940643123199346,-1.2960651895619457,-1.2960651895619457,-1.2960651895619457,8.19012950188188,8.19012950188188,8.19012950188188,0.0,0.0,0.0,222.1968041302528
2024-08-19,215.82614779513813,215.41964362317185,232.48132731919176,215.82614779513813,215.82614779513813,8.10350990536418,8.10350990536418,8.10350990536418,-1.1671696041550823,-1.1671696041550823,-1.1671696041550823,9.270679509519264,9.270679509519264,9.270679509519264,0.0,0.0,0.0,223.9296577005023
2024-08-20,216.0006171208732,216.71707145206557,232.82250833330008,216.0006171208732,216.0006171208732,8.36879645761982,8.36879645761982,8.36879645761982,-1.220461196966984,-1.220461196966984,-1.220461196966984,9.589257654586806,9.589257654586806,9.589257654586806,0.0,0.0,0.0,224.369413578493
2024-08-21,216.17508644660828,216.44174425770078,232.85658120595437,216.17508644660828,216.17508644660828,8.558286474072613,8.558286474072613,8.558286474072613,-1.317595377727806,-1.317595377727806,-1.317595377727806,9.87588185180042,9.87588185180042,9.87588185180042,0.0,0.0,0.0,224.7333729206809
2024-08-22,216.34955577234336,216.97919618627,233.98767415873024,216.34955577234336,216.34955577234336,8.709892440194732,8.709892440194732,8.709892440194732,-1.4144937712704915,-1.4144937712704915,-1.4144937712704915,10.124386211465223,10.124386211465223,10.124386211465223,0.0,0.0,0.0,225.0594482125381
2024-08-23,216.5240250980784,217.44838810020633,233.7987653371199,216.5240250980784,216.5240250980784,9.033070734174682,9.033070734174682,9.033070734174682,-1.296065189558782,-1.296065189558782,-1.296065189558782,10.329135923733464,10.329135923733464,10.329135923733464,0.0,0.0,0.0,225.55709583225308
2024-08-26,217.04743307528366,218.17701423783183,235.44284533412687,217.04743307528366,217.04743307528366,9.467652991357209,9.467652991357209,9.467652991357209,-1.167169604155021,-1.167169604155021,-1.167169604155021,10.63482259551223,10.63482259551223,10.63482259551223,0.0,0.0,0.0,226.51508606664086
2024-08-27,217.2219024010187,218.54980606717348,235.48995446945173,217.2219024010187,217.2219024010187,9.40214423044993,9.40214423044993,9.40214423044993,-1.2204611969701429,-1.2204611969701429,-1.2204611969701429,10.622605427420073,10.622605427420073,10.622605427420073,0.0,0.0,0.0,226.62404663146862
2024-08-28,217.39637172675378,218.30057100964225,233.8175096061647,217.39637172675378,217.39637172675378,9.232395989204527,9.232395989204527,9.232395989204527,-1.317595377727882,-1.317595377727882,-1.317595377727882,10.549991366932408,10.549991366932408,10.549991366932408,0.0,0.0,0.0,226.6287677159583
2024-08-29,217.5708410524889,218.00363436963357,235.8612844442551,217.5708410524889,217.5708410524889,9.001950526124727,9.001950526124727,9.001950526124727,-1.4144937712717076,-1.4144937712717076,-1.4144937712717076,10.416444297396435,10.416444297396435,10.416444297396435,0.0,0.0,0.0,226.57279157861362
2024-08-30,217.74531037822393,217.90457189098024,235.03829816528489,217.74531037822393,217.74531037822393,8.926367831314407,8.926367831314407,8.926367831314407,-1.296065189555618,-1.296065189555618,-1.296065189555618,10.222433020870024,10.222433020870024,10.222433020870024,0.0,0.0,0.0,226.67167820953833
2024-09-03,218.4431876811643,217.9168153999439,234.6973459837808,218.4431876811643,218.4431876811643,7.664796567098094,7.664796567098094,7.664796567098094,-1.220461196968955,-1.220461196968955,-1.220461196968955,8.885257764067049,8.885257764067049,8.885257764067049,0.0,0.0,0.0,226.10798424826237
2024-09-04,218.61765700689932,217.60183409931363,234.1348595324896,218.61765700689932,218.61765700689932,7.111832071590295,7.111832071590295,7.111832071590295,-1.3175953777280265,-1.3175953777280265,-1.3175953777280265,8.429427449318322,8.429427449318322,8.429427449318322,0.0,0.0,0.0,225.72948907848962
2024-09-05,218.7921263326344,216.83028223281673,233.04266541459285,218.7921263326344,218.7921263326344,6.5207198351618825,6.5207198351618825,6.5207198351618825,-1.4144937712729246,-1.4144937712729246,-1.4144937712729246,7.935213606434807,7.935213606434807,7.935213606434807,0.0,0.0,0.0,225.3128461677963
2024-09-06,218.9665956583695,216.65566597242497,232.92612929919298,218.9665956583695,218.9665956583695,6.11276190554725,6.11276190554725,6.11276190554725,-1.296065189555532,-1.296065189555532,-1.296065189555532,7.408827095102782,7.408827095102782,7.408827095102782,0.0,0.0,0.0,225.07935756391674
2024-09-09,219.49000363557474,215.8265235570392,232.59683305610744,219.49000363557474,219.49000363557474,4.537431175213381,4.537431175213381,4.537431175213381,-1.1671696041580195,-1.1671696041580195,-1.1671696041580195,5.7046007793714,5.7046007793714,5.7046007793714,0.0,0.0,0.0,224.02743481078812
2024-09-10,219.66447296130983,215.78367730525773,231.71534687551286,219.66447296130983,219.66447296130983,3.8980733696032543,3.8980733696032543,3.8980733696032543,-1.2204611969677672,-1.2204611969677672,-1.2204611969677672,5.118534566571022,5.118534566571022,5.118534566571022,0.0,0.0,0.0,223.56254633091308
2024-09-11,219.83894228704486,214.5807014660811,231.63502641837223,219.83894228704486,219.83894228704486,3.217781795998941,3.217781795998941,3.217781795998941,-1.3175953777281024,-1.3175953777281024,-1.3175953777281024,4.535377173727044,4.535377173727044,4.535377173727044,0.0,0.0,0.0,223.0567240830438
2024-09-12,220.01341161277995,213.99468007287587,230.75705170407485,220.01341161277995,220.01341161277995,2.547535311883233,2.547535311883233,2.547535311883233,-1.414493771269558,-1.414493771269558,-1.414493771269558,3.9620290831527916,3.9620290831527916,3.9620290831527916,0.0,0.0,0.0,222.56094692466317
2024-09-13,220.18788093851504,213.7698127314046,230.1313785620492,220.18788093851504,220.18788093851504,2.1089902899577577,2.1089902899577577,2.1089902899577577,-1.296065189555446,-1.296065189555446,-1.296065189555446,3.4050554795132038,3.4050554795132038,3.4050554795132038,0.0,0.0,0.0,222.29687122847278
2024-09-16,220.71128891572027,212.92975571903824,230.1772586959576,220.71128891572027,220.71128891572027,0.7235406953660317,0.7235406953660317,0.7235406953660317,-1.1671696041610795,-1.1671696041610795,-1.1671696041610795,1.8907102995271112,1.8907102995271112,1.8907102995271112,0.0,0.0,0.0,221.43482961108631
2024-09-17,220.88575824145536,212.64857004316906,229.4466987818503,220.88575824145536,220.88575824145536,0.23401206285732826,0.23401206285732826,0.23401206285732826,-1.2204611969683303,-1.2204611969683303,-1.2204611969683303,1.4544732598256584,1.4544732598256584,1.4544732598256584,0.0,0.0,0.0,221.11977030431268
2024-09-18,221.0602275671904,211.6299386966422,228.46606632714685,221.0602275671904,221.0602275671904,-0.2587121279946385,-0.2587121279946385,-0.2587121279946385,-1.317595377727648,-1.317595377727648,-1.317595377727648,1.0588832497330094,1.0588832497330094,1.0588832497330094,0.0,0.0,0.0,220.80151543919575
2024-09-19,221.23469689292548,211.72395536172027,228.3415652539195,221.23469689292548,221.23469689292548,-0.7079185538293276,-0.7079185538293276,-0.7079185538293276,-1.414493771269086,-1.414493771269086,-1.414493771269086,0.7065752174397583,0.7065752174397583,0.7065752174397583,0.0,0.0,0.0,220.52677833909615
2024-09-20,221.40916621866057,212.12134797424252,228.31740120958113,221.40916621866057,221.40916621866057,-0.896714931664769,-0.896714931664769,-0.896714931664769,-1.296065189552282,-1.296065189552282,-1.296065189552282,0.3993502578875128,0.3993502578875128,0.3993502578875128,0.0,0.0,0.0,220.5124512869958
2024-09-23,221.93257419586578,212.2700548004021,228.30035263309617,221.93257419586578,221.93257419586578,-1.4134933773723395,-1.4134933773723395,-1.4134933773723395,-1.1671696041512005,-1.1671696041512005,-1.1671696041512005,-0.246323773221139,-0.246323773221139,-0.246323773221139,0.0,0.0,0.0,220.51908081849345
2024-09-24,222.10704352160087,212.04591682389528,229.2529746706229,222.10704352160087,222.10704352160087,-1.5921887137519246,-1.5921887137519246,-1.5921887137519246,-1.2204611969688934,-1.2204611969688934,-1.2204611969688934,-0.37172751678303106,-0.37172751678303106,-0.37172751678303106,0.0,0.0,0.0,220.51485480784893
2024-09-25,222.281512847336,211.88093206354063,228.86680836159204,222.281512847336,222.281512847336,-1.7727621328490684,-1.7727621328490684,-1.7727621328490684,-1.3175953777277583,-1.3175953777277583,-1.3175953777277583,-0.45516675512131,-0.45516675512131,-0.45516675512131,0.0,0.0,0.0,220.50875071448692
2024-09-26,222.45598217307108,211.93299577511434,229.7286325666034,222.45598217307108,222.45598217307108,-1.9138877225514344,-1.9138877225514344,-1.9138877225514344,-1.4144937712719916,-1.4144937712719916,-1.4144937712719916,-0.4993939512794427,-0.4993939512794427,-0.4993939512794427,0.0,0.0,0.0,220.54209445051964
2024-09-27,222.6304514988061,212.21637661172903,228.79569164138135,222.6304514988061,222.6304514988061,-1.8037757338365985,-1.8037757338365985,-1.8037757338365985,-1.2960651895491182,-1.2960651895491182,-1.2960651895491182,-0.5077105442874804,-0.5077105442874804,-0.5077105442874804,0.0,0.0,0.0,220.8266757649695
2024-09-30,223.15385947601132,213.2513687337712,230.35406096420732,223.15385947601132,223.15385947601132,-1.5237041475022564,-1.5237041475022564,-1.5237041475022564,-1.1671696041511392,-1.1671696041511392,-1.1671696041511392,-0.35653454335111695,-0.35653454335111695,-0.35653454335111695,0.0,0.0,0.0,221.63015532850906
2024-10-01,223.3283288017464,213.93059343882828,229.97266599921016,223.3283288017464,223.3283288017464,-1.4824314519312833,-1.4824314519312833,-1.4824314519312833,-1.2204611969677057,-1.2204611969677057,-1.2204611969677057,-0.26197025496357756,-0.26197025496357756,-0.26197025496357756,0.0,0.0,0.0,221.84589734981512
2024-10-02,223.5027981274815,214.07167264897652,230.54770785974407,223.5027981274815,223.5027981274815,-1.4705432232045672,-1.4705432232045672,-1.4705432232045672,-1.3175953777278693,-1.3175953777278693,-1.3175953777278693,-0.15294784547669799,-0.15294784547669799,-0.15294784547669799,0.0,0.0,0.0,222.03225490427693
2024-10-03,223.67726745321661,214.2011652779236,230.01782669491038,223.67726745321661,223.67726745321661,-1.4485447428398177,-1.4485447428398177,-1.4485447428398177,-1.4144937712715193,-1.4144937712715193,-1.4144937712715193,-0.03405097156829835,-0.03405097156829835,-0.03405097156829835,0.0,0.0,0.0,222.2287227103768
2024-10-04,223.85173677895165,214.18144608828655,230.9889599344184,223.85173677895165,223.85173677895165,-1.2058001637778013,-1.2058001637778013,-1.2058001637778013,-1.2960651895595203,-1.2960651895595203,-1.2960651895595203,0.09026502578171906,0.09026502578171906,0.09026502578171906,0.0,0.0,0.0,222.64593661517384
2024-10-07,224.37514475615686,215.53869248840832,231.61932077720866,224.37514475615686,224.37514475615686,-0.712303566493605,-0.712303566493605,-0.712303566493605,-1.16716960415732,-1.16716960415732,-1.16716960415732,0.45486603766371503,0.45486603766371503,0.45486603766371503,0.0,0.0,0.0,223.66284118966325
2024-10-08,224.54961408189195,215.8138541396877,232.29715191688982,224.54961408189195,224.54961408189195,-0.658728292112182,-0.658728292112182,-0.658728292112182,-1.2204611969665173,-1.2204611969665173,-1.2204611969665173,0.5617329048543354,0.5617329048543354,0.5617329048543354,0.0,0.0,0.0,223.89088578977976
2024-10-09,224.72408340762703,216.12545824105067,232.76046830192087,224.72408340762703,224.72408340762703,-0.6611993204890901,-0.6611993204890901,-0.6611993204890901,-1.317595377727414,-1.317595377727414,-1.317595377727414,0.656396057238324,0.656396057238324,0.656396057238324,0.0,0.0,0.0,224.06288408713795
2024-10-10,224.89855273336212,216.24575993711989,232.01365934638164,224.89855273336212,224.89855273336212,-0.6778273354742398,-0.6778273354742398,-0.6778273354742398,-1.414493771272736,-1.414493771272736,-1.414493771272736,0.7366664357984962,0.7366664357984962,0.7366664357984962,0.0,0.0,0.0,224.2207253978879
2024-10-11,225.0730220590972,216.16153918158548,233.6449657923698,225.0730220590972,225.0730220590972,-0.4951841637378974,-0.4951841637378974,-0.4951841637378974,-1.2960651895594344,-1.2960651895594344,-1.2960651895594344,0.800881025821537,0.800881025821537,0.800881025821537,0.0,0.0,0.0,224.57783789535932
2024-10-14,225.59643003630245,216.92560692259363,233.83293052102036,225.59643003630245,225.59643003630245,-0.27858643692292717,-0.27858643692292717,-0.27858643692292717,-1.1671696041572588,-1.1671696041572588,-1.1671696041572588,0.8885831672343318,0.8885831672343318,0.8885831672343318,0.0,0.0,0.0,225.31784359937953
2024-10-15,225.77089936203754,216.93746250384118,233.12941985553704,225.77089936203754,225.77089936203754,-0.3378828900210837,-0.3378828900210837,-0.3378828900210837,-1.2204611969696768,-1.2204611969696768,-1.2204611969696768,0.8825783069485931,0.8825783069485931,0.8825783069485931,0.0,0.0,0.0,225.43301647201645
2024-10-16,225.94536868777257,216.66874567391733,234.21243892823907,225.94536868777257,225.94536868777257,-0.45754654660473093,-0.45754654660473093,-0.45754654660473093,-1.3175953777275247,-1.3175953777275247,-1.3175953777275247,0.8600488311227936,0.8600488311227936,0.8600488311227936,0.0,0.0,0.0,225.48782214116784
2024-10-17,226.11983801350766,217.45009799679306,233.898861072164,226.11983801350766,226.11983801350766,-0.592182379040659,-0.592182379040659,-0.592182379040659,-1.4144937712722638,-1.4144937712722638,-1.4144937712722638,0.8223113922316049,0.8223113922316049,0.8223113922316049,0.0,0.0,0.0,225.527655634467
2024-10-18,226.29430733924275,217.1030234250236,233.97628216132912,226.29430733924275,226.29430733924275,-0.5250067574096111,-0.5250067574096111,-0.5250067574096111,-1.2960651895531925,-1.2960651895531925,-1.2960651895531925,0.7710584321435814,0.7710584321435814,0.7710584321435814,0.0,0.0,0.0,225.76930058183314
2024-10-21,226.817715316448,217.85984946572057,235.05037570844956,226.817715316448,226.817715316448,-0.6095520147014079,-0.6095520147014079,-0.6095520147014079,-1.1671696041603186,-1.1671696041603186,-1.1671696041603186,0.5576175894589108,0.5576175894589108,0.5576175894589108,0.0,0.0,0.0,226.20816330174657
2024-10-22,226.99218464218308,217.9742093301828,234.82043668480068,226.99218464218308,226.99218464218308,-0.7456637032224493,-0.7456637032224493,-0.7456637032224493,-1.2204611969684889,-1.2204611969684889,-1.2204611969684889,0.47479749374603963,0.47479749374603963,0.47479749374603963,0.0,0.0,0.0,226.24652093896063
2024-10-23,227.1666539679181,218.2161572747415,234.66960462350957,227.1666539679181,227.1666539679181,-0.9270133237171724,-0.9270133237171724,-0.9270133237171724,-1.3175953777276004,-1.3175953777276004,-1.3175953777276004,0.390582054010428,0.390582054010428,0.390582054010428,0.0,0.0,0.0,226.23964064420093
2024-10-24,227.3411232936532,217.689380950416,234.66137880779564,227.3411232936532,227.3411232936532,-1.106783861100897,-1.106783861100897,-1.106783861100897,-1.4144937712734804,-1.4144937712734804,-1.4144937712734804,0.30770991017258326,0.30770991017258326,0.30770991017258326,0.0,0.0,0.0,226.2343394325523
2024-10-25,227.5155926193883,218.35709328348145,234.67288488564952,227.5155926193883,227.5155926193883,-1.0671747371375138,-1.0671747371375138,-1.0671747371375138,-1.2960651895531068,-1.2960651895531068,-1.2960651895531068,0.22889045241559308,0.22889045241559308,0.22889045241559308,0.0,0.0,0.0,226.44841788225077
2024-10-28,228.0390005965935,218.8334824413884,234.77657615897127,228.0390005965935,228.0390005965935,-1.1247977331392731,-1.1247977331392731,-1.1247977331392731,-1.1671696041602577,-1.1671696041602577,-1.1671696041602577,0.04237187102098457,0.04237187102098457,0.04237187102098457,0.0,0.0,0.0,226.91420286345422
2024-10-29,228.21346992232858,219.1965165741667,235.1362895079152,228.21346992232858,228.21346992232858,-1.2158566338570835,-1.2158566338570835,-1.2158566338570835,-1.2204611969673012,-1.2204611969673012,-1.2204611969673012,0.004604563110217576,0.004604563110217576,0.004604563110217576,0.0,0.0,0.0,226.9976132884715
2024-10-30,228.38793924806365,219.01078687516184,235.67419510189822,228.38793924806365,228.38793924806365,-1.3351838154202855,-1.3351838154202855,-1.3351838154202855,-1.3175953777277456,-1.3175953777277456,-1.3175953777277456,-0.017588437692539833,-0.017588437692539833,-0.017588437692539833,0.0,0.0,0.0,227.05275543264335
2024-10-31,228.56240857379873,219.1108888723761,235.5668872613766,228.56240857379873,228.56240857379873,-1.4370340754137143,-1.4370340754137143,-1.4370340754137143,-1.4144937712701138,-1.4144937712701138,-1.4144937712701138,-0.022540304143600805,-0.022540304143600805,-0.022540304143600805,0.0,0.0,0.0,227.125374498385
2024-11-01,228.73687789953382,219.5252616779056,235.66153983616263,228.73687789953382,228.73687789953382,-1.3049082910464185,-1.3049082910464185,-1.3049082910464185,-1.2960651895499427,-1.2960651895499427,-1.2960651895499427,-0.008843101496475889,-0.008843101496475889,-0.008843101496475889,0.0,0.0,0.0,227.4319696084874
2024-11-04,229.26028587673903,219.41034944601876,236.18942312315264,229.26028587673903,229.26028587673903,-1.0129251099973493,-1.0129251099973493,-1.0129251099973493,-1.1671696041633173,-1.1671696041633173,-1.1671696041633173,0.1542444941659682,0.1542444941659682,0.1542444941659682,0.0,0.0,0.0,228.24736076674168
2024-11-05,229.43475520247412,220.817357530705,236.34945422573867,229.43475520247412,229.43475520247412,-0.9691245298528881,-0.9691245298528881,-0.9691245298528881,-1.220461196972211,-1.220461196972211,-1.220461196972211,0.2513366671193229,0.2513366671193229,0.2513366671193229,0.0,0.0,0.0,228.46563067262124
2024-11-06,229.6092245282092,220.39169427600297,237.3301154895424,229.6092245282092,229.6092245282092,-0.9473859968547625,-0.9473859968547625,-0.9473859968547625,-1.3175953777278215,-1.3175953777278215,-1.3175953777278215,0.37020938087305905,0.37020938087305905,0.37020938087305905,0.0,0.0,0.0,228.66183853135445
2024-11-07,229.78369385394427,221.16998950749613,237.39487379557664,229.78369385394427,229.78369385394427,-0.9037191740269561,-0.9037191740269561,-0.9037191740269561,-1.4144937712713304,-1.4144937712713304,-1.4144937712713304,0.5107745972443741,0.5107745972443741,0.5107745972443741,0.0,0.0,0.0,228.87997467991732
2024-11-08,229.95816317967936,220.62140239095305,237.6516837701624,229.95816317967936,229.95816317967936,-0.623318697865549,-0.623318697865549,-0.623318697865549,-1.2960651895603448,-1.2960651895603448,-1.2960651895603448,0.6727464916947957,0.6727464916947957,0.6727464916947957,0.0,0.0,0.0,229.3348444818138
2024-11-11,230.48157115688457,221.9122183121955,238.63533624406682,230.48157115688457,230.48157115688457,0.11457283043234934,0.11457283043234934,0.11457283043234934,-1.167169604153438,-1.167169604153438,-1.167169604153438,1.2817424345857875,1.2817424345857875,1.2817424345857875,0.0,0.0,0.0,230.5961439873169
2024-11-12,230.65604048261966,222.679200639402,239.61378157380366,230.65604048261966,230.65604048261966,0.3028441486309229,0.3028441486309229,0.3028441486309229,-1.2204611969692718,-1.2204611969692718,-1.2204611969692718,1.5233053456001948,1.5233053456001948,1.5233053456001948,0.0,0.0,0.0,230.95888463125058
2024-11-13,230.83050980835475,222.6818964480724,239.58036572904123,230.83050980835475,230.83050980835475,0.4650616308497045,0.4650616308497045,0.4650616308497045,-1.3175953777278975,-1.3175953777278975,-1.3175953777278975,1.7826570085776021,1.7826570085776021,1.7826570085776021,0.0,0.0,0.0,231.29557143920445
2024-11-14,231.00497913408978,223.5320178038928,239.96008597494838,231.00497913408978,231.00497913408978,0.6442915149977487,0.6442915149977487,0.6442915149977487,-1.414493771270858,-1.414493771270858,-1.414493771270858,2.058785286268607,2.058785286268607,2.058785286268607,0.0,0.0,0.0,231.64927064908753
2024-11-15,231.17944845982487,223.6273170353599,240.23082501636506,231.17944845982487,231.17944845982487,1.0545587164243182,1.0545587164243182,1.0545587164243182,-1.2960651895571806,-1.2960651895571806,-1.2960651895571806,2.350623905981499,2.350623905981499,2.350623905981499,0.0,0.0,0.0,232.23400717624918
2024-11-18,231.7028564370301,225.84927000845047,242.2116572626199,231.7028564370301,231.7028564370301,2.1420081617842857,2.1420081617842857,2.1420081617842857,-1.167169604156498,-1.167169604156498,-1.167169604156498,3.3091777659407837,3.3091777659407837,3.3091777659407837,0.0,0.0,0.0,233.84486459881438
2024-11-19,231.8773257627652,225.77612645852443,242.9034420913796,231.8773257627652,231.8773257627652,2.432040197700674,2.432040197700674,2.432040197700674,-1.2204611969698353,-1.2204611969698353,-1.2204611969698353,3.652501394670509,3.652501394670509,3.652501394670509,0.0,0.0,0.0,234.30936596046587
2024-11-20,232.05179508850028,225.89725845515207,242.29255848226452,232.05179508850028,232.05179508850028,2.6881426307727643,2.6881426307727643,2.6881426307727643,-1.3175953777280085,-1.3175953777280085,-1.3175953777280085,4.0057380085007726,4.0057380085007726,4.0057380085007726,0.0,0.0,0.0,234.73993771927306
2024-11-21,232.22626441423532,226.2863945233399,243.66081665684783,232.22626441423532,232.22626441423532,2.9531680406813132,2.9531680406813132,2.9531680406813132,-1.4144937712737637,-1.4144937712737637,-1.4144937712737637,4.3676618119550765,4.3676618119550765,4.3676618119550765,0.0,0.0,0.0,235.17943245491662
2024-11-22,232.40073373997046,227.4794253405545,244.51062212631902,232.40073373997046,232.40073373997046,3.440955955473777,3.440955955473777,3.440955955473777,-1.2960651895540172,-1.2960651895540172,-1.2960651895540172,4.737021145027795,4.737021145027795,4.737021145027795,0.0,0.0,0.0,235.84168969544424
2024-11-25,232.9241417171757,229.00773612005042,246.1342272444534,232.9241417171757,232.9241417171757,4.709507706151554,4.709507706151554,4.709507706151554,-1.167169604159558,-1.167169604159558,-1.167169604159558,5.876677310311112,5.876677310311112,5.876677310311112,0.0,0.0,0.0,237.63364942332726
2024-11-26,233.09861104291073,229.87174092269842,246.5486663845284,233.09861104291073,233.09861104291073,5.0420577920145115,5.0420577920145115,5.0420577920145115,-1.2204611969686476,-1.2204611969686476,-1.2204611969686476,6.26251898898316,6.26251898898316,6.26251898898316,0.0,0.0,0.0,238.14066883492524
2024-11-27,233.27308036864582,230.72296916489316,247.13695832100126,233.27308036864582,233.27308036864582,5.331319505804273,5.331319505804273,5.331319505804273,-1.317595377727519,-1.317595377727519,-1.317595377727519,6.648914883531792,6.648914883531792,6.648914883531792,0.0,0.0,0.0,238.60439987445008
2024-11-29,233.622019020116,231.95831550403264,247.96579150036413,233.622019020116,233.622019020116,6.121023939793324,6.121023939793324,6.121023939793324,-1.296065189550853,-1.296065189550853,-1.296065189550853,7.417089129344177,7.417089129344177,7.417089129344177,0.0,0.0,0.0,239.74304295990933
2024-12-02,234.1454269973212,233.25064191199448,249.51026825175924,234.1454269973212,234.1454269973212,7.365167019785884,7.365167019785884,7.365167019785884,-1.1671696041496793,-1.1671696041496793,-1.1671696041496793,8.532336623935564,8.532336623935564,8.532336623935564,0.0,0.0,0.0,241.51059401710708
2024-12-03,234.31989632305624,233.6948586305753,249.5371872963183,234.31989632305624,234.31989632305624,7.666461969705972,7.666461969705972,7.666461969705972,-1.2204611969674592,-1.2204611969674592,-1.2204611969674592,8.886923166673432,8.886923166673432,8.886923166673432,0.0,0.0,0.0,241.98635829276222
2024-12-04,234.49436564879136,234.00091201748992,250.3854661223345,234.49436564879136,234.49436564879136,7.912112459136221,7.912112459136221,7.912112459136221,-1.3175953777276634,-1.3175953777276634,-1.3175953777276634,9.229707836863884,9.229707836863884,9.229707836863884,0.0,0.0,0.0,242.40647810792757
2024-12-05,234.66883497452645,234.7983108534563,250.28263724775587,234.66883497452645,234.66883497452645,8.14419646221855,8.14419646221855,8.14419646221855,-1.4144937712716137,-1.4144937712716137,-1.4144937712716137,9.558690233490163,9.558690233490163,9.558690233490163,0.0,0.0,0.0,242.813031436745
2024-12-06,234.84330430026148,235.6706009706771,251.93772405392562,234.84330430026148,234.84330430026148,8.575781515041621,8.575781515041621,8.575781515041621,-1.296065189550767,-1.296065189550767,-1.296065189550767,9.871846704592388,9.871846704592388,9.871846704592388,0.0,0.0,0.0,243.4190858153031
2024-12-09,235.36671227746675,237.20656536459344,253.19614092151647,235.36671227746675,235.36671227746675,9.529050010778338,9.529050010778338,9.529050010778338,-1.1671696041496178,-1.1671696041496178,-1.1671696041496178,10.696219614927955,10.696219614927955,10.696219614927955,0.0,0.0,0.0,244.8957622882451
2024-12-10,235.54118160320178,236.99615774798465,253.73169418413184,235.54118160320178,235.54118160320178,9.705675897855706,9.705675897855706,9.705675897855706,-1.2204611969662713,-1.2204611969662713,-1.2204611969662713,10.926137094821978,10.926137094821978,10.926137094821978,0.0,0.0,0.0,245.2468575010575
2024-12-11,235.71565092893692,237.95188664471402,253.90979473129897,235.71565092893692,235.71565092893692,9.812968435081311,9.812968435081311,9.812968435081311,-1.3175953777277398,-1.3175953777277398,-1.3175953777277398,11.130563812809052,11.130563812809052,11.130563812809052,0.0,0.0,0.0,245.52861936401823
2024-12-12,235.89012025467198,237.2670536031654,253.7759437563431,235.89012025467198,235.89012025467198,9.893356094775019,9.893356094775019,9.893356094775019,-1.4144937712711416,-1.4144937712711416,-1.4144937712711416,11.307849866046158,11.307849866046158,11.307849866046158,0.0,0.0,0.0,245.783476349447
2024-12-13,236.06458958040707,238.06051911028268,254.69628246855265,236.06458958040707,236.06458958040707,10.160444870381957,10.160444870381957,10.160444870381957,-1.2960651895611692,-1.2960651895611692,-1.2960651895611692,11.456510059943126,11.456510059943126,11.456510059943126,0.0,0.0,0.0,246.22503445078902
2024-12-16,236.58799755761228,238.8189536797554,255.5366720049257,236.58799755761228,236.58799755761228,10.551818593410522,10.551818593410522,10.551818593410522,-1.1671696041557986,-1.1671696041557986,-1.1671696041557986,11.71898819756632,11.71898819756632,11.71898819756632,0.0,0.0,0.0,247.1398161510228
2024-12-17,236.76246688334737,239.14731642313524,255.39067774000478,236.76246688334737,236.76246688334737,10.52216939134922,10.52216939134922,10.52216939134922,-1.2204611969668349,-1.2204611969668349,-1.2204611969668349,11.742630588316056,11.742630588316056,11.742630588316056,0.0,0.0,0.0,247.2846362746966
2024-12-18,236.93693620908246,239.15698508362578,255.52588448181822,236.93693620908246,236.93693620908246,10.416115716225264,10.416115716225264,10.416115716225264,-1.3175953777278504,-1.3175953777278504,-1.3175953777278504,11.733711093953113,11.733711093953113,11.733711093953113,0.0,0.0,0.0,247.35305192530774
2024-12-19,237.1114055348175,239.21696550969529,256.01809196663635,237.1114055348175,237.1114055348175,10.277820854433342,10.277820854433342,10.277820854433342,-1.414493771270669,-1.414493771270669,-1.414493771270669,11.692314625704011,11.692314625704011,11.692314625704011,0.0,0.0,0.0,247.38922638925084
2024-12-20,237.28587486055258,238.6638246349825,255.76451754775874,237.28587486055258,237.28587486055258,10.322794328937542,10.322794328937542,10.322794328937542,-1.2960651895610833,-1.2960651895610833,-1.2960651895610833,11.618859518498624,11.618859518498624,11.618859518498624,0.0,0.0,0.0,247.60866918949012
2024-12-23,237.80928283775782,239.43778724197924,256.31072912274493,237.80928283775782,237.80928283775782,10.048325709787957,10.048325709787957,10.048325709787957,-1.1671696041557376,-1.1671696041557376,-1.1671696041557376,11.215495313943695,11.215495313943695,11.215495313943695,0.0,0.0,0.0,247.85760854754577
2024-12-24,237.9837521634929,239.13603504508575,255.89575682911334,237.9837521634929,237.9837521634929,9.804427691516512,9.804427691516512,9.804427691516512,-1.2204611969699937,-1.2204611969699937,-1.2204611969699937,11.024888888486506,11.024888888486506,11.024888888486506,0.0,0.0,0.0,247.78817985500942
2024-12-26,238.33269081496303,239.14755063442186,255.73660719153182,238.33269081496303,238.33269081496303,9.157191763954417,9.157191763954417,9.157191763954417,-1.4144937712735748,-1.4144937712735748,-1.4144937712735748,10.571685535227992,10.571685535227992,10.571685535227992,0.0,0.0,0.0,247.48988257891745
2024-12-27,238.50716014069812,239.52168187608984,256.0878211232146,238.50716014069812,238.50716014069812,9.018184274373555,9.018184274373555,9.018184274373555,-1.2960651895548416,-1.2960651895548416,-1.2960651895548416,10.314249463928395,10.314249463928395,10.314249463928395,0.0,0.0,0.0,247.5253444150717
2024-12-30,239.0305681179034,238.67062904041728,255.6336122586984,239.0305681179034,239.0305681179034,8.287805536657185,8.287805536657185,8.287805536657185,-1.167169604155676,-1.167169604155676,-1.167169604155676,9.45497514081286,9.45497514081286,9.45497514081286,0.0,0.0,0.0,247.3183736545606
2024-12-31,239.20503744363845,237.9569931269661,255.66306598611718,239.20503744363845,239.20503744363845,7.930378428006699,7.930378428006699,7.930378428006699,-1.220461196970557,-1.220461196970557,-1.220461196970557,9.150839624977255,9.150839624977255,9.150839624977255,0.0,0.0,0.0,247.13541587164514
2025-01-01,239.37950676937353,239.31305016007764,255.8272083066305,239.37950676937353,239.37950676937353,7.526229854927338,7.526229854927338,7.526229854927338,-1.3175953777280711,-1.3175953777280711,-1.3175953777280711,8.843825232655409,8.843825232655409,8.843825232655409,0.0,0.0,0.0,246.90573662430089
2025-01-02,239.55397609510857,237.7688387935801,254.94590735329314,239.55397609510857,239.55397609510857,7.123128399811903,7.123128399811903,7.123128399811903,-1.4144937712731025,-1.4144937712731025,-1.4144937712731025,8.537622171085005,8.537622171085005,8.537622171085005,0.0,0.0,0.0,246.67710449492046
2025-01-03,239.72844542084366,238.51719110465723,255.23552484890203,239.72844542084366,239.72844542084366,6.93985470446005,6.93985470446005,6.93985470446005,-1.2960651895547555,-1.2960651895547555,-1.2960651895547555,8.235919894014804,8.235919894014804,8.235919894014804,0.0,0.0,0.0,246.66830012530372
2025-01-04,239.90291474657874,242.34548481731505,259.82178092193215,239.90291474657874,239.90291474657874,11.150247611715683,11.150247611715683,11.150247611715683,3.2078929282754856,3.2078929282754856,3.2078929282754856,7.942354683440197,7.942354683440197,7.942354683440197,0.0,0.0,0.0,251.05316235829443
2025-01-05,240.07738407231383,242.4712056655139,259.3482555889145,240.07738407231383,240.07738407231383,10.868348780666933,10.868348780666933,10.868348780666933,3.207892211406886,3.207892211406886,3.207892211406886,7.660456569260047,7.660456569260047,7.660456569260047,0.0,0.0,0.0,250.94573285298077
2025-01-06,240.25185339804887,238.41945731662753,253.9827057962249,240.25185339804887,240.25185339804887,6.22642678674639,6.22642678674639,6.22642678674639,-1.1671696041618569,-1.1671696041618569,-1.1671696041618569,7.393596390908247,7.393596390908247,7.393596390908247,0.0,0.0,0.0,246.47828018479527
2025-01-07,240.42632272378395,237.21486868498846,255.12489737041628,240.42632272378395,240.42632272378395,5.924472617667844,5.924472617667844,5.924472617667844,-1.220461196967618,-1.220461196967618,-1.220461196967618,7.144933814635461,7.144933814635461,7.144933814635461,0.0,0.0,0.0,246.3507953414518
2025-01-08,240.60079204951907,237.2743691527386,254.90032889111785,240.60079204951907,240.60079204951907,5.599771739741684,5.599771739741684,5.599771739741684,-1.3175953777276166,-1.3175953777276166,-1.3175953777276166,6.917367117469301,6.917367117469301,6.917367117469301,0.0,0.0,0.0,246.20056378926077
2025-01-09,240.7752613752541,237.5164602081382,254.67206092918593,240.7752613752541,240.7752613752541,5.298991762976747,5.298991762976747,5.298991762976747,-1.4144937712697359,-1.4144937712697359,-1.4144937712697359,6.713485534246482,6.713485534246482,6.713485534246482,0.0,0.0,0.0,246.07425313823086
2025-01-10,240.9497307009892,237.96424480241356,254.7039041072099,240.9497307009892,240.9497307009892,5.239459748229516,5.239459748229516,5.239459748229516,-1.2960651895546698,-1.2960651895546698,-1.2960651895546698,6.535524937784184,6.535524937784184,6.535524937784184,0.0,0.0,0.0,246.1891904492187
2025-01-11,241.12420002672428,242.23848626116072,259.1059768942644,241.12420002672428,241.12420002672428,9.593220513072724,9.593220513072724,9.593220513072724,3.2078929282807715,3.2078929282807715,3.2078929282807715,6.385327584791955,6.385327584791955,6.385327584791955,0.0,0.0,0.0,250.71742053979702
2025-01-12,241.29866935245937,241.9832676783419,258.9588158223694,241.29866935245937,241.29866935245937,9.47219882347051,9.47219882347051,9.47219882347051,3.207892211405492,3.207892211405492,3.207892211405492,6.264306612065017,6.264306612065017,6.264306612065017,0.0,0.0,0.0,250.77086817592988
2025-01-13,241.4731386781944,237.97330774733177,254.90216142194922,241.4731386781944,241.4731386781944,5.006246305381464,5.006246305381464,5.006246305381464,-1.1671696041617958,-1.1671696041617958,-1.1671696041617958,6.17341590954326,6.17341590954326,6.17341590954326,0.0,0.0,0.0,246.47938498357587
2025-01-14,241.6476080039295,238.76511543208395,255.10031616750703,241.6476080039295,241.6476080039295,4.8926647327446515,4.8926647327446515,4.8926647327446515,-1.2204611969681811,-1.2204611969681811,-1.2204611969681811,6.113125929712832,6.113125929712832,6.113125929712832,0.0,0.0,0.0,246.54027273667415
2025-01-15,241.82207732966458,238.18183989192292,255.47614428754997,241.82207732966458,241.82917197982218,4.765810539611951,4.765810539611951,4.765810539611951,-1.3175953777277272,-1.3175953777277272,-1.3175953777277272,6.083405917339678,6.083405917339678,6.083405917339678,0.0,0.0,0.0,246.58788786927653
2025-01-16,241.9965466553996,238.245192969156,255.23893397729736,241.9965466553996,242.02502925091508,4.669219189321646,4.669219189321646,4.669219189321646,-1.4144937712692633,-1.4144937712692633,-1.4144937712692633,6.08371296059091,6.08371296059091,6.08371296059091,0.0,0.0,0.0,246.66576584472125
2025-01-17,242.17101598113473,238.6605510684369,255.0295758949806,242.16464935126575,242.24365187503946,4.81692298548976,4.81692298548976,4.81692298548976,-1.2960651895484276,-1.2960651895484276,-1.2960651895484276,6.112988175038188,6.112988175038188,6.112988175038188,0.0,0.0,0.0,246.98793896662448
2025-01-18,242.34548530686982,242.97081156121803,259.7498309559765,242.32317305351006,242.43748544513,9.377553165157464,9.377553165157464,9.377553165157464,3.2078929282744846,3.2078929282744846,3.2078929282744846,6.16966023688298,6.16966023688298,6.16966023688298,0.0,0.0,0.0,251.72303847202727
2025-01-19,242.51995463260485,243.14220989173504,260.05822121001376,242.47171638483553,242.62399905008263,9.459548593375159,9.459548593375159,9.459548593375159,3.2078922114040993,3.2078922114040993,3.2078922114040993,6.251656381971058,6.251656381971058,6.251656381971058,0.0,0.0,0.0,251.97950322598
2025-01-20,242.69442395833994,239.483256994545,256.18295617328096,242.63477711914155,242.82469084953462,5.189251279606065,5.189251279606065,5.189251279606065,-1.167169604151917,-1.167169604151917,-1.167169604151917,6.3564208837579805,6.3564208837579805,6.3564208837579805,0.0,0.0,0.0,247.883675237946
2025-01-21,242.86889328407509,239.52039221015153,257.0031300172504,242.80375146013915,243.04483188714337,5.260479720652553,5.260479720652553,5.260479720652553,-1.2204611969687442,-1.2204611969687442,-1.2204611969687442,6.4809409176212975,6.4809409176212975,6.4809409176212975,0.0,0.0,0.0,248.12937300472763
2025-01-22,243.04336260981017,240.23854885208556,256.4723884451814,242.96411106387833,243.24189341695092,5.304184234008679,5.304184234008679,5.304184234008679,-1.3175953777278029,-1.3175953777278029,-1.3175953777278029,6.621779611736481,6.621779611736481,6.621779611736481,0.0,0.0,0.0,248.34754684381886
2025-01-23,243.21783193554515,239.88084996129183,256.69562008589156,243.11681024252914,243.4516242991009,5.360622206275565,5.360622206275565,5.360622206275565,-1.4144937712704804,-1.4144937712704804,-1.4144937712704804,6.775115977546045,6.775115977546045,6.775115977546045,0.0,0.0,0.0,248.5784541418207
2025-01-24,243.3923012612803,240.61861571611075,257.37768273707877,243.2667241409831,243.6570253602193,5.640726117267363,5.640726117267363,5.640726117267363,-1.2960651895483417,-1.2960651895483417,-1.2960651895483417,6.936791306815705,6.936791306815705,6.936791306815705,0.0,0.0,0.0,249.03302737854767
2025-01-25,243.5667705870154,245.3604170966632,262.5171772135678,243.4154619117738,243.86946263321974,10.310254447061249,10.310254447061249,10.310254447061249,3.2078929282670687,3.2078929282670687,3.2078929282670687,7.10236151879418,7.10236151879418,7.10236151879418,0.0,0.0,0.0,253.87702503407667
2025-01-26,243.74123991275044,245.69677208804833,262.1077109939998,243.56995312866727,244.0796511521219,10.475047052855178,10.475047052855178,10.475047052855178,3.2078922114027066,3.2078922114027066,3.2078922114027066,7.267154841452473,7.267154841452473,7.267154841452473,0.0,0.0,0.0,254.21628696560563
2025-01-27,243.91570923848553,242.2224436962298,258.42135693226703,243.72186927885917,244.33073505613686,6.2591645124482245,6.2591645124482245,6.2591645124482245,-1.1671696041518556,-1.1671696041518556,-1.1671696041518556,7.4263341166000805,7.4263341166000805,7.4263341166000805,0.0,0.0,0.0,250.17487375093376
2025-01-28,244.09017856422062,241.82435612050455,258.57327021525333,243.86307873114646,244.5285700242947,6.354501734425841,6.354501734425841,6.354501734425841,-1.2204611969658052,-1.2204611969658052,-1.2204611969658052,7.574962931391646,7.574962931391646,7.574962931391646,0.0,0.0,0.0,250.44468029864646
2025-01-29,244.2646478899557,242.62475146625354,258.91147142479565,243.98255254863926,244.73318634708028,6.390479322102564,6.390479322102564,6.390479322102564,-1.317595377727948,-1.317595377727948,-1.317595377727948,7.708074699830512,7.708074699830512,7.708074699830512,0.0,0.0,0.0,250.6551272120583
2025-01-30,244.43911721569074,242.3387258539209,259.1561752287365,244.1282097785539,244.97868493851203,6.406249977571013,6.406249977571013,6.406249977571013,-1.414493771271697,-1.414493771271697,-1.414493771271697,7.820743748842711,7.820743748842711,7.820743748842711,0.0,0.0,0.0,250.84536719326175
